time,x,y,psi,velocity_x,velocity_y,velocity,acceleration,distance_from_start,distance_from_last_waypoint
0.0,0.0,0.0,0.0,0.0,0.0,0.0,0.0,0.0,0.0
0.1,0.0008333298695360748,-2.4027033593177266e-06,-7.208148599323512e-05,6.944467518479953e-05,-5.005675390307286e-09,6.944467536520779e-05,0.0006944467536520779,0.0008333333333333334,0.0008333333333333334
0.2,0.0016666597390721496,-4.805406718635453e-06,-0.00014416297198647024,0.0001388893492871495,-2.0022701509212766e-08,0.00013888935073041558,0.0006944467536520779,0.0016666666666666668,0.0016666666666666668
0.30000000000000004,0.002499989608608225,-7.20811007795318e-06,-0.0002162444579797054,0.00020833402122460038,-4.50510782006673e-08,0.0002083340260956234,0.0006944467536520782,0.0025000000000000005,0.0025000000000000005
0.4,0.0033333194781442993,-9.610813437270906e-06,-0.0002883259439729405,0.0002777786899147026,-8.009080520458896e-08,0.00027777870146083116,0.0006944467536520776,0.0033333333333333335,0.0033333333333333335
0.5,0.004166649347680374,-1.2013516796588632e-05,-0.0003604074299661756,0.0003472233542750066,-1.2514188215686308e-07,0.0003472233768260389,0.0006944467536520776,0.004166666666666667,0.004166666666666667
0.6000000000000001,0.00499997921721645,-1.441622015590636e-05,-0.0004324889159594108,0.00041666801322306314,-1.802043085893423e-07,0.0004166680521912468,0.0006944467536520787,0.005000000000000001,0.005000000000000001
0.7000000000000001,0.005833309086752524,-1.6818923515224086e-05,-0.0005045704019526458,0.00048611266567642254,-2.452780839298463e-07,0.00048611272755645456,0.0006944467536520776,0.005833333333333334,0.005833333333333334
0.8,0.0066666389562885986,-1.9221626874541813e-05,-0.000576651887945881,0.0005555573105526355,-3.203632075021623e-07,0.0005555574029216623,0.0006944467536520776,0.006666666666666667,0.006666666666666667
0.9,0.007499968825824673,-2.1624330233859537e-05,-0.0006487333739391161,0.0006250019467692529,-4.0545967852604455e-07,0.0006250020782868701,0.0006944467536520776,0.0075,0.0075
1.0,0.008333298695360748,-2.4027033593177264e-05,-0.0007208148599323512,0.0006944465732438253,-5.005674961172147e-07,0.0006944467536520779,0.0006944467536520776,0.008333333333333333,0.008333333333333333
1.1,0.009166628564896823,-2.642973695249499e-05,-0.0007928963459255864,0.0007638911888939037,-6.056866592873616e-07,0.0007638914290172857,0.0006944467536520787,0.009166666666666667,0.009166666666666667
1.2000000000000002,0.0099999584344329,-2.883244031181272e-05,-0.0008649778319188215,0.000833335792637039,-7.208171669441413e-07,0.0008333361043824936,0.0006944467536520787,0.010000000000000002,0.010000000000000002
1.3,0.010833288303968971,-3.123514367113044e-05,-0.0009370593179120566,0.0009027803833907821,-8.459590178911771e-07,0.0009027807797477012,0.0006944467536520765,0.010833333333333334,0.010833333333333334
1.4000000000000001,0.011666618173505047,-3.363784703044817e-05,-0.0010091408039052917,0.0009722249600726846,-9.8111221082806e-07,0.0009722254551129091,0.0006944467536520787,0.011666666666666667,0.011666666666666667
1.5,0.012499948043041121,-3.6040550389765895e-05,-0.0010812222898985268,0.001041669521600297,-1.126276744350348e-06,0.0010416701304781168,0.0006944467536520765,0.0125,0.0125
1.6,0.013333277912577197,-3.8443253749083626e-05,-0.001153303775891762,0.001111114066891172,-1.2814526169495665e-06,0.0011111148058433246,0.0006944467536520787,0.013333333333333334,0.013333333333333334
1.7000000000000002,0.014166607782113273,-4.084595710840135e-05,-0.0012253852618849973,0.0011805585948628599,-1.446639827013208e-06,0.0011805594812085325,0.0006944467536520787,0.014166666666666668,0.014166666666666668
1.8,0.014999937651649345,-4.324866046771907e-05,-0.0012974667478782322,0.001250003104432913,-1.6218383728247318e-06,0.0012500041565737402,0.0006944467536520765,0.015,0.015
1.9000000000000001,0.015833267521185423,-4.5651363827036803e-05,-0.0013695482338714673,0.0013194475945188832,-1.8070482525635667e-06,0.001319448831938948,0.0006944467536520787,0.015833333333333335,0.015833333333333335
2.0,0.016666597390721495,-4.805406718635453e-05,-0.0014416297198647024,0.0013888920640383222,-2.002269464305106e-06,0.0013888935073041557,0.0006944467536520765,0.016666666666666666,0.016666666666666666
2.1,0.01749992726025757,-5.045677054567226e-05,-0.0015137112058579375,0.001458336511908783,-2.2075020060207132e-06,0.0014583381826693636,0.0006944467536520787,0.0175,0.0175
2.2,0.018333257129793647,-5.285947390498998e-05,-0.0015857926918511729,0.001527780937047817,-2.4227458755777173e-06,0.0015277828580345714,0.0006944467536520787,0.018333333333333333,0.018333333333333333
2.3000000000000003,0.019166586999329722,-5.526217726430771e-05,-0.001657874177844408,0.0015972253383729775,-2.648001070739415e-06,0.0015972275333997793,0.0006944467536520787,0.01916666666666667,0.01916666666666667
2.4000000000000004,0.0199999168688658,-5.766488062362544e-05,-0.001729955663837643,0.001666669714801817,-2.8832675891650703e-06,0.0016666722087649872,0.0006944467536520787,0.020000000000000004,0.020000000000000004
2.5,0.020833246738401867,-6.006758398294316e-05,-0.001802037149830878,0.0017361140652518883,-3.1285454284099146e-06,0.0017361168841301946,0.0006944467536520744,0.020833333333333332,0.020833333333333332
2.6,0.021666576607937943,-6.247028734226088e-05,-0.0018741186358241131,0.0018055583886407453,-3.3838345859251485e-06,0.0018055615594954025,0.0006944467536520787,0.021666666666666667,0.021666666666666667
2.7,0.02249990647747402,-6.487299070157862e-05,-0.0019462001218173485,0.0018750026838859413,-3.649135059057939e-06,0.0018750062348606104,0.0006944467536520787,0.022500000000000003,0.022500000000000003
2.8000000000000003,0.023333236347010095,-6.727569406089634e-05,-0.0020182816078105834,0.0019444469499050297,-3.924446845051419e-06,0.0019444509102258182,0.0006944467536520787,0.023333333333333334,0.023333333333333334
2.9000000000000004,0.02416656621654617,-6.967839742021407e-05,-0.002090363093803819,0.002013891185615565,-4.209769941044692e-06,0.002013895585591026,0.0006944467536520787,0.02416666666666667,0.02416666666666667
3.0,0.024999896086082243,-7.208110077953179e-05,-0.0021624445797970536,0.0020833353899351002,-4.505104344072824e-06,0.0020833402609562336,0.0006944467536520744,0.025,0.025
3.1,0.02583322595561832,-7.448380413884951e-05,-0.0022345260657902887,0.0021527795617811915,-4.810450051066855e-06,0.0021527849363214414,0.0006944467536520787,0.025833333333333333,0.025833333333333333
3.2,0.026666555825154394,-7.688650749816725e-05,-0.002306607551783524,0.002222223700071393,-5.125807058853788e-06,0.0022222296116866493,0.0006944467536520787,0.02666666666666667,0.02666666666666667
3.3000000000000003,0.02749988569469047,-7.928921085748498e-05,-0.002378689037776759,0.0022916678037232592,-5.451175364156597e-06,0.002291674287051857,0.0006944467536520787,0.0275,0.0275
3.4000000000000004,0.028333215564226546,-8.16919142168027e-05,-0.0024507705237699945,0.0023611118716543463,-5.786554963594222e-06,0.002361118962417065,0.0006944467536520787,0.028333333333333335,0.028333333333333335
3.5,0.029166545433762618,-8.409461757612042e-05,-0.002522852009763229,0.0024305559027822097,-6.131945853681567e-06,0.0024305636377822725,0.0006944467536520744,0.029166666666666667,0.029166666666666667
3.6,0.02999987530329869,-8.649732093543815e-05,-0.0025949334957564643,0.002499999896024405,-6.48734803082951e-06,0.0025000083131474803,0.0006944467536520787,0.03,0.03
3.7,0.030833205172834766,-8.890002429475588e-05,-0.0026670149817496994,0.00256944385029849,-6.852761491344893e-06,0.0025694529885126882,0.0006944467536520787,0.030833333333333334,0.030833333333333334
3.8000000000000003,0.031666535042370846,-9.130272765407361e-05,-0.0027390964677429346,0.0026388877645220194,-7.2281862314305284e-06,0.002638897663877896,0.0006944467536520787,0.03166666666666667,0.03166666666666667
3.9000000000000004,0.03249986491190692,-9.370543101339133e-05,-0.00281117795373617,0.0027083316376125518,-7.613622247185194e-06,0.002708342339243104,0.0006944467536520787,0.0325,0.0325
4.0,0.03333319478144299,-9.610813437270905e-05,-0.002883259439729405,0.0027777754684876433,-8.009069534603631e-06,0.0027777870146083114,0.0006944467536520744,0.03333333333333333,0.03333333333333333
4.1000000000000005,0.034166524650979066,-9.851083773202679e-05,-0.0029553409257226403,0.0028472192560648527,-8.414528089576564e-06,0.0028472316899735197,0.000694446753652083,0.03416666666666667,0.03416666666666667
4.2,0.03499985452051514,-0.00010091354109134452,-0.003027422411715875,0.0029166629992617376,-8.829997907890662e-06,0.002916676365338727,0.0006944467536520744,0.035,0.035
4.3,0.03583318439005121,-0.00010331624445066223,-0.00309950389770911,0.0029861066969958565,-9.255478985228585e-06,0.0029861210407039346,0.0006944467536520744,0.03583333333333333,0.03583333333333333
4.4,0.03666651425958729,-0.00010571894780997996,-0.0031715853837023457,0.0030555503481847694,-9.690971317168953e-06,0.003055565716069143,0.000694446753652083,0.03666666666666667,0.03666666666666667
4.5,0.03749984412912336,-0.00010812165116929769,-0.0032436668696955804,0.0031249939517460335,-1.0136474899186339e-05,0.0031250103914343503,0.0006944467536520744,0.0375,0.0375
4.6000000000000005,0.038333173998659445,-0.00011052435452861542,-0.003315748355688816,0.0031944375065972104,-1.059198972665131e-05,0.0031944550667995586,0.000694446753652083,0.03833333333333334,0.03833333333333334
4.7,0.039166503868195514,-0.00011292705788793315,-0.0033878298416820506,0.003263881011655859,-1.105751579483038e-05,0.003263899742164766,0.0006944467536520744,0.03916666666666667,0.03916666666666667
4.800000000000001,0.0399998337377316,-0.00011532976124725088,-0.003459911327675286,0.0033333244658395413,-1.1533053098886043e-05,0.0033333444175299744,0.000694446753652083,0.04000000000000001,0.04000000000000001
4.9,0.040833163607267665,-0.0001177324646065686,-0.0035319928136685213,0.0034027678680658164,-1.2018601633876755e-05,0.003402789092895182,0.0006944467536520744,0.04083333333333333,0.04083333333333333
5.0,0.041666493476803734,-0.00012013516796588632,-0.003604074299661756,0.003472211217252247,-1.251416139475694e-05,0.0034722337682603893,0.0006944467536520744,0.041666666666666664,0.041666666666666664
5.1000000000000005,0.04249982334633982,-0.00012253787132520405,-0.0036761557856549915,0.0035416545123163955,-1.3019732376377002e-05,0.0035416784436255976,0.000694446753652083,0.0425,0.0425
5.2,0.043333153215875886,-0.00012494057468452176,-0.0037482372716482262,0.0036110977521758222,-1.3535314573483292e-05,0.003611123118990805,0.0006944467536520744,0.043333333333333335,0.043333333333333335
5.300000000000001,0.04416648308541197,-0.0001273432780438395,-0.003820318757641462,0.0036805409357480927,-1.4060907980718154e-05,0.0036805677943560133,0.000694446753652083,0.044166666666666674,0.044166666666666674
5.4,0.04499981295494804,-0.00012974598140315724,-0.003892400243634697,0.0037499840619507683,-1.4596512592619874e-05,0.0037500124697212207,0.0006944467536520744,0.045000000000000005,0.045000000000000005
5.5,0.04583314282448411,-0.00013214868476247495,-0.003964481729627932,0.003819427129701413,-1.5142128403622724e-05,0.003819457145086428,0.0006944467536520744,0.04583333333333333,0.04583333333333333
5.6000000000000005,0.04666647269402019,-0.0001345513881217927,-0.004036563215621167,0.0038888701379175936,-1.5697755408056948e-05,0.0038889018204516365,0.000694446753652083,0.04666666666666667,0.04666666666666667
5.7,0.047499802563556265,-0.0001369540914811104,-0.004108644701614402,0.003958313085516871,-1.626339360014874e-05,0.003958346495816844,0.0006944467536520744,0.0475,0.0475
5.800000000000001,0.04833313243309234,-0.00013935679484042813,-0.004180726187607638,0.004027755971416814,-1.6839042974020287e-05,0.004027791171182052,0.000694446753652083,0.04833333333333334,0.04833333333333334
5.9,0.049166462302628416,-0.00014175949819974587,-0.004252807673600872,0.004097198794534987,-1.742470352368971e-05,0.00409723584654726,0.0006944467536520744,0.04916666666666667,0.04916666666666667
6.0,0.049999792172164485,-0.00014416220155906358,-0.004324889159594107,0.004166641553788956,-1.802037524307114e-05,0.004166680521912467,0.0006944467536520744,0.05,0.05
6.1000000000000005,0.05083312204170056,-0.00014656490491838132,-0.004396970645587342,0.00423608424809629,-1.862605812597465e-05,0.004236125197277675,0.000694446753652083,0.050833333333333335,0.050833333333333335
6.2,0.05166645191123664,-0.00014896760827769903,-0.004469052131580577,0.004305526876374554,-1.9241752166106276e-05,0.004305569872642883,0.0006944467536520744,0.051666666666666666,0.051666666666666666
6.300000000000001,0.05249978178077271,-0.00015137031163701677,-0.004541133617573813,0.004374969437541319,-1.986745735706805e-05,0.004375014548008091,0.000694446753652083,0.052500000000000005,0.052500000000000005
6.4,0.05333311165030879,-0.0001537730149963345,-0.004613215103567048,0.0044444119305141515,-2.0503173692357945e-05,0.004444459223373299,0.0006944467536520744,0.05333333333333334,0.05333333333333334
6.5,0.05416644151984486,-0.0001561757183556522,-0.004685296589560283,0.004513854354210621,-2.1148901165369925e-05,0.004513903898738506,0.0006944467536520744,0.05416666666666667,0.05416666666666667
6.6000000000000005,0.05499977138938094,-0.00015857842171496995,-0.004757378075553518,0.004583296707548299,-2.180463976939391e-05,0.004583348574103714,0.000694446753652083,0.055,0.055
6.7,0.05583310125891701,-0.00016098112507428766,-0.004829459561546753,0.0046527389894447544,-2.2470389497615784e-05,0.004652793249468922,0.0006944467536520744,0.05583333333333333,0.05583333333333333
6.800000000000001,0.05666643112845309,-0.0001633838284336054,-0.004901541047539989,0.00472218119881756,-2.314615034311743e-05,0.00472223792483413,0.000694446753652083,0.05666666666666667,0.05666666666666667
6.9,0.05749976099798916,-0.00016578653179292313,-0.004973622533533223,0.004791623334584285,-2.3831922298876648e-05,0.0047916826001993375,0.0006944467536520744,0.0575,0.0575
7.0,0.058333090867525236,-0.00016818923515224084,-0.005045704019526458,0.004861065395662504,-2.4527705357767255e-05,0.004861127275564545,0.0006944467536520744,0.058333333333333334,0.058333333333333334
7.1000000000000005,0.05916642073706131,-0.00017059193851155858,-0.0051177855055196935,0.00493050738096979,-2.5233499512559015e-05,0.004930571950929753,0.000694446753652083,0.05916666666666667,0.05916666666666667
7.2,0.05999975060659738,-0.0001729946418708763,-0.005189866991512929,0.004999949289423717,-2.5949304755917667e-05,0.005000016626294961,0.0006944467536520744,0.06,0.06
7.300000000000001,0.060833080476133464,-0.00017539734523019403,-0.005261948477506165,0.005069391119941858,-2.6675121080404927e-05,0.005069461301660169,0.000694446753652083,0.060833333333333336,0.060833333333333336
7.4,0.06166641034566953,-0.00017780004858951177,-0.005334029963499399,0.005138832871441787,-2.741094847847845e-05,0.0051389059770253764,0.0006944467536520744,0.06166666666666667,0.06166666666666667
7.5,0.06249974021520561,-0.00018020275194882948,-0.005406111449492634,0.005208274542841083,-2.8156786942491896e-05,0.005208350652390584,0.0006944467536520744,0.0625,0.0625
7.6000000000000005,0.06333307008474169,-0.00018260545530814721,-0.005478192935485869,0.005277716133057322,-2.891263646469488e-05,0.005277795327755792,0.000694446753652083,0.06333333333333334,0.06333333333333334
7.7,0.06416639995427775,-0.00018500815866746492,-0.005550274421479104,0.005347157641008079,-2.967849703723298e-05,0.005347240003121,0.0006944467536520744,0.06416666666666666,0.06416666666666666
7.800000000000001,0.06499972982381384,-0.00018741086202678266,-0.00562235590747234,0.005416599065610933,-3.0454368652147763e-05,0.005416684678486208,0.000694446753652083,0.065,0.065
7.9,0.0658330596933499,-0.0001898135653861004,-0.0056944373934655745,0.005486040405783463,-3.124025130137673e-05,0.005486129353851415,0.0006944467536520744,0.06583333333333334,0.06583333333333334
8.0,0.06666638956288598,-0.0001922162687454181,-0.00576651887945881,0.005555481660443246,-3.2036144976753384e-05,0.005555574029216623,0.0006944467536520744,0.06666666666666667,0.06666666666666667
8.1,0.06749971943242206,-0.00019461897210473582,-0.005838600365452045,0.005624922828507866,-3.28420496700072e-05,0.00562501870458183,0.0006944467536520744,0.06749999999999999,0.06749999999999999
8.200000000000001,0.06833304930195813,-0.00019702167546405358,-0.005910681851445281,0.005694363908894902,-3.365796537276362e-05,0.005694463379947039,0.0006944467536520917,0.06833333333333334,0.06833333333333334
8.3,0.06916637917149421,-0.0001994243788233713,-0.005982763337438516,0.005763804900521934,-3.448389207654401e-05,0.005763908055312247,0.0006944467536520744,0.06916666666666667,0.06916666666666667
8.4,0.06999970904103028,-0.00020182708218268903,-0.00605484482343175,0.005833245802306546,-3.531982977276576e-05,0.005833352730677454,0.0006944467536520744,0.07,0.07
8.5,0.07083303891056636,-0.00020422978554200674,-0.006126926309424985,0.00590268661316632,-3.616577845274222e-05,0.005902797406042662,0.0006944467536520744,0.07083333333333333,0.07083333333333333
8.6,0.07166636878010242,-0.00020663248890132445,-0.00619900779541822,0.005972127332018842,-3.70217381076827e-05,0.005972242081407869,0.0006944467536520744,0.07166666666666666,0.07166666666666666
8.700000000000001,0.07249969864963851,-0.00020903519226064221,-0.006271089281411456,0.006041567957781695,-3.788770872869249e-05,0.006041686756773078,0.0006944467536520917,0.07250000000000001,0.07250000000000001
8.8,0.07333302851917459,-0.00021143789561995992,-0.006343170767404691,0.0061110084893724655,-3.8763690306772825e-05,0.006111131432138286,0.0006944467536520744,0.07333333333333333,0.07333333333333333
8.9,0.07416635838871066,-0.00021384059897927766,-0.006415252253397926,0.006180448925708738,-3.964968283282093e-05,0.006180576107503493,0.0006944467536520744,0.07416666666666667,0.07416666666666667
9.0,0.07499968825824672,-0.00021624330233859537,-0.006487333739391161,0.0062498892657081,-4.054568629763002e-05,0.006250020782868701,0.0006944467536520744,0.075,0.075
9.1,0.0758330181277828,-0.00021864600569791308,-0.006559415225384396,0.006319329508288142,-4.145170069188924e-05,0.006319465458233908,0.0006944467536520744,0.07583333333333334,0.07583333333333334
9.200000000000001,0.07666634799731889,-0.00022104870905723085,-0.006631496711377632,0.0063887696523664515,-4.2367726006183756e-05,0.006388910133599117,0.0006944467536520917,0.07666666666666667,0.07666666666666667
9.3,0.07749967786685495,-0.00022345141241654856,-0.006703578197370867,0.006458209696860617,-4.3293762230994624e-05,0.006458354808964325,0.0006944467536520744,0.0775,0.0775
9.4,0.07833300773639103,-0.0002258541157758663,-0.006775659683364101,0.00652764964068823,-4.422980935669894e-05,0.006527799484329532,0.0006944467536520744,0.07833333333333334,0.07833333333333334
9.5,0.0791663376059271,-0.000228256819135184,-0.006847741169357336,0.006597089482766881,-4.517586737356978e-05,0.00659724415969474,0.0006944467536520744,0.07916666666666666,0.07916666666666666
9.600000000000001,0.0799996674754632,-0.00023065952249450177,-0.006919822655350572,0.006666529222014166,-4.613193627177614e-05,0.006666688835059949,0.0006944467536520917,0.08000000000000002,0.08000000000000002
9.700000000000001,0.08083299734499926,-0.00023306222585381948,-0.0069919041413438075,0.006735968857347672,-4.709801604138299e-05,0.006736133510425156,0.0006944467536520744,0.08083333333333334,0.08083333333333334
9.8,0.08166632721453533,-0.0002354649292131372,-0.007063985627337043,0.006805408387684997,-4.807410667235132e-05,0.006805578185790364,0.0006944467536520744,0.08166666666666667,0.08166666666666667
9.9,0.0824996570840714,-0.00023786763257245493,-0.007136067113330277,0.006874847811943735,-4.9060208154538034e-05,0.006875022861155571,0.0006944467536520744,0.0825,0.0825
10.0,0.08333298695360747,-0.00024027033593177264,-0.007208148599323512,0.006944287129041483,-5.005632047769606e-05,0.0069444675365207785,0.0006944467536520744,0.08333333333333333,0.08333333333333333
10.100000000000001,0.08416631682314356,-0.0002426730392910904,-0.007280230085316748,0.0070137263378958386,-5.106244363147427e-05,0.007013912211885988,0.0006944467536520917,0.08416666666666668,0.08416666666666668
10.200000000000001,0.08499964669267963,-0.0002450757426504081,-0.007352311571309983,0.007083165437424397,-5.207857760541748e-05,0.007083356887251195,0.0006944467536520744,0.085,0.085
10.3,0.08583297656221571,-0.0002474784460097258,-0.007424393057303218,0.007152604426544756,-5.310472238896652e-05,0.0071528015626164025,0.0006944467536520744,0.08583333333333334,0.08583333333333334
10.4,0.08666630643175177,-0.00024988114936904353,-0.0074964745432964525,0.007222043304174518,-5.414087797145819e-05,0.00722224623798161,0.0006944467536520744,0.08666666666666667,0.08666666666666667
10.5,0.08749963630128785,-0.0002522838527283613,-0.007568556029289688,0.007291482069231284,-5.518704434212523e-05,0.007291690913346817,0.0006944467536520744,0.0875,0.0875
10.600000000000001,0.08833296617082394,-0.000254686556087679,-0.007640637515282924,0.007360920720632655,-5.624322149009641e-05,0.007361135588712027,0.0006944467536520917,0.08833333333333335,0.08833333333333335
10.700000000000001,0.08916629604036001,-0.00025708925944699677,-0.007712719001276159,0.007430359257296232,-5.7309409404396374e-05,0.007430580264077234,0.0006944467536520744,0.08916666666666667,0.08916666666666667
10.8,0.08999962590989607,-0.0002594919628063145,-0.007784800487269394,0.00749979767813962,-5.8385608073945835e-05,0.0075000249394424415,0.0006944467536520744,0.09000000000000001,0.09000000000000001
10.9,0.09083295577943215,-0.0002618946661656322,-0.007856881973262628,0.007569235982080423,-5.947181748756141e-05,0.007569469614807649,0.0006944467536520744,0.09083333333333334,0.09083333333333334
11.0,0.09166628564896823,-0.0002642973695249499,-0.007928963459255863,0.007638674168036247,-6.056803763395574e-05,0.007638914290172856,0.0006944467536520744,0.09166666666666666,0.09166666666666666
11.100000000000001,0.09249961551850432,-0.00026670007288426766,-0.0080010449452491,0.0077081122349247,-6.167426850173744e-05,0.0077083589655380655,0.0006944467536520917,0.09250000000000001,0.09250000000000001
11.200000000000001,0.09333294538804038,-0.0002691027762435854,-0.008073126431242333,0.007777550181663387,-6.2790510079411e-05,0.007777803640903273,0.0006944467536520744,0.09333333333333334,0.09333333333333334
11.3,0.09416627525757645,-0.0002715054796029031,-0.008145207917235569,0.007846988007169917,-6.3916762355377e-05,0.00784724831626848,0.0006944467536520657,0.09416666666666668,0.09416666666666668
11.4,0.09499960512711253,-0.0002739081829622208,-0.008217289403228804,0.0079164257103619,-6.505302531793197e-05,0.007916692991633688,0.000694446753652083,0.095,0.095
11.5,0.09583293499664859,-0.0002763108863215385,-0.008289370889222039,0.00798586329015695,-6.619929895526833e-05,0.007986137666998894,0.0006944467536520657,0.09583333333333333,0.09583333333333333
11.600000000000001,0.09666626486618468,-0.00027871358968085627,-0.008361452375215276,0.008055300745472676,-6.73555832554746e-05,0.008055582342364104,0.0006944467536521004,0.09666666666666668,0.09666666666666668
11.700000000000001,0.09749959473572076,-0.00028111629304017403,-0.008433533861208509,0.00812473807522669,-6.852187820653513e-05,0.008125027017729311,0.0006944467536520657,0.0975,0.0975
11.8,0.09833292460525683,-0.00028351899639949174,-0.008505615347201744,0.008194175278336609,-6.969818379633036e-05,0.00819447169309452,0.000694446753652083,0.09833333333333334,0.09833333333333334
11.9,0.0991662544747929,-0.00028592169975880945,-0.00857769683319498,0.008263612353720045,-7.088450001263665e-05,0.008263916368459726,0.0006944467536520657,0.09916666666666667,0.09916666666666667
12.0,0.09999991673505766,-0.0002883368659748429,-0.008649922136779694,0.008333077000765122,-7.208226498476707e-05,0.008333388755698726,0.0006947238723900052,0.10000033252479347,0.10000033252479347
12.100000000000001,0.10166624396099568,-0.00032197247025913693,-0.00908242183894895,0.008471932131820736,-7.694777724107171e-05,0.008472281570309086,0.001388928146103599,0.10166699919146016,0.10166699919146016
12.200000000000001,0.10333257118693366,-0.00035560807454343034,-0.0095149215411182,0.00861078458698358,-8.193341234673884e-05,0.008611174384919444,0.0013889281461035817,0.10333366585812682,0.10333366585812682
12.3,0.10499889841287165,-0.00038924367882772374,-0.009947421243287449,0.008749634288321253,-8.703916888601001e-05,0.008750067199529803,0.0013889281461035817,0.10500033252479349,0.10500033252479349
12.4,0.10666522563880963,-0.00042287928311201715,-0.010379920945456696,0.008888481157902079,-9.226504539818491e-05,0.008888960014140159,0.0013889281461035644,0.10666699919146014,0.10666699919146014
12.5,0.10833155286474762,-0.0004565148873963105,-0.010812420647625946,0.009027325117795144,-9.761104037762197e-05,0.009027852828750517,0.0013889281461035817,0.1083336658581268,0.1083336658581268
12.600000000000001,0.10999788009068565,-0.0004901504916806045,-0.011244920349795202,0.009166166090070305,-0.00010307715227373858,0.009166745643360877,0.001388928146103599,0.11000033252479349,0.11000033252479349
12.700000000000001,0.11166420731662363,-0.000523786095964898,-0.011677420051964451,0.009305003996798221,-0.00010866337949101138,0.009305638457971235,0.0013889281461035817,0.11166699919146016,0.11166699919146016
12.8,0.11333053454256162,-0.0005574217002491913,-0.0121099197541337,0.009443838760050376,-0.00011436972038897703,0.009444531272581594,0.0013889281461035817,0.11333366585812682,0.11333366585812682
12.9,0.1149968617684996,-0.0005910573045334847,-0.01254241945630295,0.009582670301899111,-0.00012019617328223234,0.009583424087191952,0.0013889281461035817,0.11500033252479347,0.11500033252479347
13.0,0.11666318899443759,-0.000624692908817778,-0.012974919158472199,0.009721498544417635,-0.00012614273644043482,0.00972231690180231,0.0013889281461035817,0.11666699919146013,0.11666699919146013
13.100000000000001,0.1183295162203756,-0.000658328513102072,-0.013407418860641455,0.00986032340968006,-0.00013220940808830313,0.00986120971641267,0.001388928146103599,0.11833366585812682,0.11833366585812682
13.200000000000001,0.11999584344631359,-0.0006919641173863655,-0.013839918562810704,0.009999144819761416,-0.00013839618640561725,0.010000102531023028,0.0013889281461035817,0.12000033252479349,0.12000033252479349
13.3,0.12166217067225157,-0.0007255997216706589,-0.014272418264979953,0.010137962696737687,-0.00014470306952721944,0.010138995345633386,0.0013889281461035817,0.12166699919146015,0.12166699919146015
13.4,0.12332849789818956,-0.0007592353259549523,-0.0147049179671492,0.010276776962685823,-0.00015113005554301436,0.010277888160243743,0.0013889281461035644,0.1233336658581268,0.1233336658581268
13.5,0.12499482512412755,-0.0007928709302392456,-0.01513741766931845,0.01041558753968378,-0.00015767714249796978,0.0104167809748541,0.0013889281461035817,0.12500033252479348,0.12500033252479348
13.600000000000001,0.12666115235006556,-0.0008265065345235397,-0.015569917371487706,0.010554394349810526,-0.00016434432839211696,0.01055567378946446,0.001388928146103599,0.12666699919146016,0.12666699919146016
13.700000000000001,0.12832747957600354,-0.000860142138807833,-0.016002417073656953,0.010693197315146072,-0.00017113161118055095,0.010694566604074819,0.0013889281461035817,0.12833366585812683,0.12833366585812683
13.8,0.12999380680194156,-0.0008937777430921264,-0.016434916775826203,0.010831996357771503,-0.00017803898877343164,0.010833459418685177,0.0013889281461035817,0.13000033252479348,0.13000033252479348
13.9,0.13166013402787952,-0.0009274133473764199,-0.016867416477995452,0.010970791399768998,-0.000185066459035984,0.010972352233295535,0.0013889281461035817,0.13166699919146013,0.13166699919146013
14.0,0.13332646125381753,-0.0009610489516607133,-0.0172999161801647,0.01110958236322185,-0.00019221401978849854,0.011111245047905893,0.0013889281461035817,0.1333336658581268,0.1333336658581268
14.100000000000001,0.13499278847975554,-0.0009946845559450073,-0.017732415882333957,0.0112483691702145,-0.0001994816688063322,0.011250137862516253,0.001388928146103599,0.1350003325247935,0.1350003325247935
14.200000000000001,0.13665911570569353,-0.0010283201602293006,-0.018164915584503206,0.011387151742832544,-0.00020686940381990838,0.011389030677126611,0.0013889281461035817,0.13666699919146014,0.13666699919146014
14.3,0.13832544293163151,-0.001061955764513594,-0.018597415286672456,0.01152593000316278,-0.0002143772225147182,0.01152792349173697,0.0013889281461035817,0.13833366585812681,0.13833366585812681
14.4,0.1399917701575695,-0.0010955913687978873,-0.019029914988841705,0.011664703873293216,-0.00022200512253132076,0.011666816306347326,0.0013889281461035644,0.1400003325247935,0.1400003325247935
14.5,0.1416580973835075,-0.001129226973082181,-0.019462414691010954,0.011803473275313099,-0.00022975310146534372,0.011805709120957684,0.0013889281461035817,0.14166699919146014,0.14166699919146014
14.600000000000001,0.1433244246094455,-0.001162862577366475,-0.01989491439318021,0.011942238131312944,-0.0002376211568674842,0.011944601935568046,0.0013889281461036164,0.14333366585812682,0.14333366585812682
14.700000000000001,0.14499075183538349,-0.0011964981816507683,-0.02032741409534946,0.012080998363384542,-0.00024560928624350875,0.012083494750178402,0.0013889281461035644,0.1450003325247935,0.1450003325247935
14.8,0.14665707906132147,-0.0012301337859350616,-0.02075991379751871,0.012219753893621009,-0.00025371748705425504,0.01222238756478876,0.0013889281461035817,0.14666699919146015,0.14666699919146015
14.9,0.14832340628725946,-0.001263769390219355,-0.021192413499687958,0.01235850464411679,-0.0002619457567156317,0.012361280379399119,0.0013889281461035817,0.1483336658581268,0.1483336658581268
15.0,0.14998973351319744,-0.0012974049945036485,-0.021624913201857207,0.012497250536967696,-0.00027029409259861934,0.012500173194009475,0.0013889281461035644,0.15000033252479347,0.15000033252479347
15.100000000000001,0.15165606073913546,-0.0013310405987879425,-0.022057412904026463,0.012635991494270919,-0.00027876249202927144,0.012639066008619837,0.0013889281461036164,0.15166699919146015,0.15166699919146015
15.200000000000001,0.15332238796507347,-0.0013646762030722359,-0.02248991260619571,0.012774727438125057,-0.00028735095228871416,0.012777958823230195,0.0013889281461035817,0.15333366585812683,0.15333366585812683
15.3,0.15498871519101143,-0.0013983118073565292,-0.022922412308364958,0.012913458290630144,-0.0002960594706131484,0.012916851637840551,0.0013889281461035644,0.15500033252479348,0.15500033252479348
15.4,0.15665504241694944,-0.0014319474116408226,-0.023354912010534207,0.013052183973887679,-0.00030488804419384955,0.013055744452450911,0.001388928146103599,0.15666699919146015,0.15666699919146015
15.5,0.1583213696428874,-0.001465583015925116,-0.023787411712703457,0.013190904410000634,-0.0003138366701771684,0.013194637267061268,0.0013889281461035644,0.1583336658581268,0.1583336658581268
15.600000000000001,0.15998769686882544,-0.00149921862020941,-0.024219911414872713,0.01332961952107349,-0.0003229053456645325,0.013333530081671627,0.001388928146103599,0.1600003325247935,0.1600003325247935
15.700000000000001,0.16165402409476343,-0.0015328542244937033,-0.024652411117041962,0.013468329229212261,-0.0003320940677124459,0.013472422896281987,0.001388928146103599,0.16166699919146016,0.16166699919146016
15.8,0.16332035132070138,-0.0015664898287779969,-0.02508491081921121,0.013607033456524508,-0.00034140283333249067,0.013611315710892344,0.0013889281461035644,0.1633336658581268,0.1633336658581268
15.9,0.1649866785466394,-0.0016001254330622902,-0.02551741052138046,0.013745732125119384,-0.0003508316394913278,0.013750208525502702,0.0013889281461035817,0.16500033252479346,0.16500033252479346
16.0,0.16665300577257738,-0.0016337610373465836,-0.02594991022354971,0.013884425157107633,-0.0003603804831106973,0.01388910134011306,0.0013889281461035817,0.16666699919146014,0.16666699919146014
16.1,0.1683193329985154,-0.0016673966416308776,-0.026382409925718966,0.014023112474601637,-0.00037004936106742006,0.01402799415472342,0.001388928146103599,0.1683336658581268,0.1683336658581268
16.2,0.16998566022445336,-0.0017010322459151703,-0.026814909627888205,0.014161793999715419,-0.00037983827019339713,0.014166886969333777,0.0013889281461035644,0.17000033252479346,0.17000033252479346
16.3,0.17165198745039137,-0.0017346678501994643,-0.02724740933005746,0.014300469654564692,-0.00038974720727561266,0.014305779783944136,0.001388928146103599,0.17166699919146017,0.17166699919146017
16.400000000000002,0.17331831467632938,-0.0017683034544837583,-0.027679909032226717,0.014439139361266859,-0.00039977616905613277,0.014444672598554496,0.001388928146103599,0.17333366585812682,0.17333366585812682
16.5,0.17498464190226734,-0.0018019390587680512,-0.02811240873439596,0.014577803041941045,-0.0004099251522321072,0.014583565413164851,0.001388928146103547,0.17500033252479347,0.17500033252479347
16.6,0.17665096912820538,-0.0018355746630523452,-0.028544908436565215,0.014716460618708143,-0.0004201941534557713,0.014722458227775213,0.0013889281461036164,0.17666699919146017,0.17666699919146017
16.7,0.1783172963541433,-0.001869210267336638,-0.028977408138734458,0.014855112013690792,-0.0004305831693344443,0.014861351042385567,0.001388928146103547,0.1783336658581268,0.1783336658581268
16.8,0.17998362358008135,-0.001902845871620932,-0.029409907840903714,0.014993757149013456,-0.0004410921964305336,0.015000243856995927,0.001388928146103599,0.18000033252479347,0.18000033252479347
16.900000000000002,0.18164995080601937,-0.001936481475905226,-0.02984240754307297,0.015132395946802407,-0.00045172123126153253,0.015139136671606289,0.0013889281461036164,0.18166699919146018,0.18166699919146018
17.0,0.18331627803195732,-0.0019701170801895186,-0.030274907245242212,0.015271028329185752,-0.00046247027030002263,0.015278029486216642,0.0013889281461035297,0.1833336658581268,0.1833336658581268
17.1,0.18498260525789534,-0.002003752684473813,-0.03070740694741147,0.0154096542182935,-0.00047333930997367604,0.015416922300827004,0.0013889281461036164,0.18500033252479348,0.18500033252479348
17.2,0.1866489324838333,-0.0020373882887581053,-0.03113990664958071,0.015548273536257519,-0.0004843283466652532,0.015555815115437358,0.001388928146103547,0.18666699919146013,0.18666699919146013
17.3,0.1883152597097713,-0.0020710238930423995,-0.03157240635174997,0.015686886205211626,-0.0004954373767126074,0.015694707930047718,0.001388928146103599,0.18833366585812683,0.18833366585812683
17.400000000000002,0.18998158693570932,-0.0021046594973266933,-0.03200490605391922,0.01582549214729157,-0.000506666396408683,0.01583360074465808,0.0013889281461036337,0.1900003325247935,0.1900003325247935
17.5,0.19164791416164728,-0.0021382951016109862,-0.03243740575608846,0.01596409128463505,-0.0005180154020015166,0.015972493559268434,0.0013889281461035297,0.19166699919146013,0.19166699919146013
17.6,0.1933142413875853,-0.00217193070589528,-0.032869905458257714,0.016102683539381796,-0.0005294843896942416,0.016111386373878794,0.001388928146103599,0.19333366585812684,0.19333366585812684
17.7,0.19498056861352325,-0.002205566310179573,-0.03330240516042696,0.016241268833673512,-0.0005410733556450837,0.01625027918848915,0.0013889281461035644,0.19500033252479346,0.19500033252479346
17.8,0.19664689583946127,-0.002239201914463867,-0.03373490486259621,0.016379847089653978,-0.0005527822959673666,0.01638917200309951,0.001388928146103599,0.19666699919146013,0.19666699919146013
17.900000000000002,0.19831322306539928,-0.002272837518748161,-0.03416740456476547,0.016518418229469013,-0.0005646112067295105,0.01652806481770987,0.001388928146103599,0.19833366585812684,0.19833366585812684
18.0,0.1999812888904115,-0.0023066894211224535,-0.034601263441138175,0.016657126809109045,-0.0005765877573333254,0.016667103136917525,0.0013903831920765441,0.200002078269371,0.200002078269371
18.1,0.20247753853484204,-0.0024435751861984884,-0.03568256663043516,0.01686471059321807,-0.0006020316925301555,0.016875452751017157,0.002083496140996323,0.20250207826937106,0.20250207826937106
18.2,0.20497378817927253,-0.0025804609512745185,-0.036763869819732106,0.01707225858445759,-0.0006279252151203785,0.017083802365116783,0.0020834961409962535,0.205002078269371,0.205002078269371
18.3,0.2074700378237031,-0.0027173467163505534,-0.03784517300902909,0.017279770053267154,-0.0006542682771843532,0.017292151979216415,0.002083496140996323,0.20750207826937103,0.20750207826937103
18.400000000000002,0.20996628746813367,-0.0028542324814265878,-0.03892647619832608,0.01748724427014838,-0.0006810608297503585,0.017500501593316047,0.002083496140996323,0.21000207826937106,0.21000207826937106
18.5,0.21246253711256413,-0.002991118246502618,-0.040007779387623024,0.017694680505666346,-0.0007083028227946758,0.017708851207415673,0.0020834961409962535,0.212502078269371,0.212502078269371
18.6,0.2149587867569947,-0.0031280040115786527,-0.04108908257692001,0.017902078030451084,-0.0007359942052416718,0.017917200821515305,0.002083496140996323,0.21500207826937104,0.21500207826937104
18.7,0.2174550364014252,-0.003264889776654683,-0.042170385766216956,0.018109436115198923,-0.0007641349249638741,0.01812555043561493,0.0020834961409962535,0.21750207826937099,0.21750207826937099
18.8,0.21995128604585576,-0.0034017755417307177,-0.04325168895551394,0.01831675403067397,-0.0007927249287820628,0.018333900049714563,0.002083496140996323,0.22000207826937102,0.22000207826937102
18.900000000000002,0.2224475356902863,-0.003538661306806752,-0.04433299214481093,0.018524031047709492,-0.0008217641624653503,0.018542249663814195,0.002083496140996323,0.22250207826937107,0.22250207826937107
19.0,0.2249437853347168,-0.003675547071882782,-0.04541429533410788,0.018731266437209355,-0.0008512525707312706,0.01875059927791382,0.0020834961409962535,0.22500207826937102,0.22500207826937102
19.1,0.22744003497914736,-0.003812432836958817,-0.04649559852340487,0.018938459470149466,-0.0008811900972458728,0.018958948892013452,0.002083496140996323,0.22750207826937105,0.22750207826937105
19.200000000000003,0.22993628462357793,-0.003949318602034852,-0.047576901712701854,0.019145609417579142,-0.0009115766846238069,0.019167298506113085,0.002083496140996323,0.23000207826937108,0.23000207826937108
19.3,0.23243253426800842,-0.004086204367110882,-0.0486582049019988,0.01935271555062258,-0.0009424122744284186,0.01937564812021271,0.0020834961409962535,0.23250207826937103,0.23250207826937103
19.400000000000002,0.23492878391243896,-0.0042230901321869165,-0.049739508091295785,0.019559777140480263,-0.0009736968071718495,0.019583997734312342,0.002083496140996323,0.23500207826937106,0.23500207826937106
19.5,0.23742503355686945,-0.0043599758972629465,-0.05082081128059274,0.019766793458430368,-0.001005430222315125,0.019792347348411968,0.0020834961409962535,0.237502078269371,0.237502078269371
19.6,0.23992128320130002,-0.004496861662338982,-0.051902114469889724,0.019973763775830215,-0.0010376124582682624,0.0200006969625116,0.002083496140996323,0.24000207826937103,0.24000207826937103
19.700000000000003,0.2424175328457306,-0.004633747427415016,-0.05298341765918671,0.02018068736411765,-0.0010702434523903641,0.020209046576611232,0.002083496140996323,0.2425020782693711,0.2425020782693711
19.8,0.24491378249016105,-0.004770633192491046,-0.054064720848483655,0.020387563494812487,-0.001103323140989723,0.020417396190710858,0.0020834961409962535,0.24500207826937104,0.24500207826937104
19.900000000000002,0.24741003213459162,-0.004907518957567081,-0.05514602403778064,0.02059439143951796,-0.00113685145932393,0.02062574580481049,0.002083496140996323,0.24750207826937107,0.24750207826937107
20.0,0.24990628177902208,-0.005044404722643111,-0.056227327227077586,0.020801170469922064,-0.0011708283415999728,0.020834095418910115,0.0020834961409962535,0.25000207826937104,0.25000207826937104
20.1,0.25240253142345265,-0.005181290487719146,-0.05730863041637457,0.021007899857799068,-0.0012052537209743534,0.021042445033009748,0.002083496140996323,0.25250207826937104,0.25250207826937104
20.200000000000003,0.2548987810678832,-0.005318176252795181,-0.05838993360567156,0.02121457887501086,-0.0012401275295531888,0.02125079464710938,0.002083496140996323,0.2550020782693711,0.2550020782693711
20.3,0.25739503071231373,-0.005455062017871211,-0.059471236794968504,0.021421206793508396,-0.0012754496983923263,0.021459144261209005,0.0020834961409962535,0.25750207826937105,0.25750207826937105
20.400000000000002,0.25989128035674425,-0.005591947782947245,-0.06055253998426549,0.021627782885333152,-0.0013112201574974618,0.021667493875308638,0.002083496140996323,0.26000207826937105,0.26000207826937105
20.5,0.26238753000117476,-0.005728833548023275,-0.061633843173562436,0.021834306422618476,-0.0013474388358242456,0.021875843489408263,0.0020834961409962535,0.262502078269371,0.262502078269371
20.6,0.2648837796456053,-0.0058657193130993105,-0.06271514636285942,0.02204077667759108,-0.00138410566127841,0.022084193103507895,0.002083496140996323,0.26500207826937106,0.26500207826937106
20.700000000000003,0.2673800292900359,-0.006002605078175345,-0.06379644955215641,0.022247192922572386,-0.001421220560715879,0.022292542717607527,0.002083496140996323,0.2675020782693711,0.2675020782693711
20.8,0.26987627893446636,-0.006139490843251375,-0.06487775274145335,0.022453554429980007,-0.0014587834599428945,0.022500892331707153,0.0020834961409962535,0.27000207826937106,0.27000207826937106
20.900000000000002,0.27237252857889693,-0.0062763766083274095,-0.06595905593075035,0.02265986047232915,-0.0014967942837161414,0.022709241945806785,0.002083496140996323,0.27250207826937106,0.27250207826937106
21.0,0.2748687782233274,-0.0064132623734034395,-0.0670403591200473,0.022866110322234002,-0.0015352529557428626,0.02291759155990641,0.0020834961409962535,0.275002078269371,0.275002078269371
21.1,0.27736502786775796,-0.006550148138479475,-0.06812166230934427,0.023072303252409204,-0.0015741593986809976,0.023125941174006043,0.002083496140996323,0.27750207826937107,0.27750207826937107
21.200000000000003,0.27986127751218853,-0.006687033903555509,-0.06920296549864127,0.023278438535671218,-0.0016135135341393027,0.023334290788105675,0.002083496140996323,0.28000207826937107,0.28000207826937107
21.3,0.282357527156619,-0.006823919668631539,-0.07028426868793822,0.023484515444939767,-0.0016533152826774804,0.0235426404022053,0.0020834961409962535,0.282502078269371,0.282502078269371
21.400000000000002,0.28485377680104956,-0.006960805433707574,-0.0713655718772352,0.02369053325323928,-0.0016935645638063194,0.023750990016304933,0.002083496140996323,0.2850020782693711,0.2850020782693711
21.5,0.28735002644548,-0.007097691198783604,-0.07244687506653215,0.023896491233700256,-0.0017342612959878186,0.023959339630404558,0.0020834961409962535,0.287502078269371,0.287502078269371
21.6,0.2898462760899106,-0.007234576963859639,-0.07352817825582914,0.024102388659560728,-0.0017754053966353319,0.02416768924450419,0.002083496140996323,0.2900020782693711,0.2900020782693711
21.700000000000003,0.29234252573434116,-0.007371462728935674,-0.07460948144512612,0.024308224804167663,-0.0018169967821136978,0.024376038858603823,0.002083496140996323,0.2925020782693711,0.2925020782693711
21.8,0.2948387753787717,-0.007508348494011704,-0.07569078463442307,0.02451399894097836,-0.001859035367739381,0.024584388472703448,0.0020834961409962535,0.295002078269371,0.295002078269371
21.900000000000002,0.2973350250232022,-0.007645234259087738,-0.07677208782372005,0.024719710343561928,-0.0019015210677806203,0.02479273808680308,0.002083496140996323,0.2975020782693711,0.2975020782693711
22.0,0.29983557879459316,-0.007782918600597188,-0.0778572925775676,0.02492849090999567,-0.0019447960268738507,0.02500423745359736,0.002114993667942794,0.3000064287330032,0.3000064287330032
22.1,0.3031562859613222,-0.008072772053130698,-0.0796859422722137,0.025734003410738122,-0.002054989777832642,0.025815923662167853,0.008116862085704932,0.30333976206633656,0.30333976206633656
22.200000000000003,0.30647699312805127,-0.008362625505664209,-0.08151459196685981,0.026539193554380745,-0.0021681358147859573,0.026627609870738343,0.008116862085704897,0.30667309539966997,0.30667309539966997
22.3,0.30979770029478026,-0.008652478958197707,-0.08334324166150586,0.027344053237535974,-0.002284233322314096,0.027439296079308804,0.00811686208570462,0.3100064287330032,0.3100064287330032
22.400000000000002,0.3131184074615093,-0.008942332410731217,-0.08517189135615197,0.028148574358729656,-0.0024032814652339336,0.028250982287879294,0.008116862085704897,0.31333976206633657,0.31333976206633657
22.5,0.31643911462823826,-0.009232185863264717,-0.08700054105079802,0.028952748818446047,-0.00252527938860318,0.029062668496449756,0.00811686208570462,0.3166730953996698,0.3166730953996698
22.6,0.3197598217949673,-0.009522039315798227,-0.08882919074544413,0.0297565685191732,-0.0026502262177248016,0.02987435470502025,0.008116862085704932,0.3200064287330032,0.3200064287330032
22.700000000000003,0.3230805289616964,-0.009811892768331738,-0.09065784044009023,0.030560025365447916,-0.0027781210581514734,0.03068604091359074,0.008116862085704897,0.3233397620663366,0.3233397620663366
22.8,0.32640123612842536,-0.010101746220865236,-0.09248649013473628,0.03136311126390101,-0.0029089629956901802,0.0314977271221612,0.00811686208570462,0.3266730953996698,0.3266730953996698
22.900000000000002,0.3297219432951544,-0.010391599673398746,-0.09431513982938239,0.032165818123302534,-0.003042751096406912,0.032309413330731694,0.008116862085704932,0.33000642873300323,0.33000642873300323
23.0,0.33304265046188336,-0.010681453125932246,-0.09614378952402844,0.032968137854606665,-0.003179484406631416,0.03312109953930215,0.008116862085704585,0.3333397620663365,0.3333397620663365
23.1,0.33696708721981855,-0.011116425227466073,-0.09761274706765115,0.03342987911349976,-0.0032735861254449623,0.03358977796389719,0.004686784245950398,0.33728853480655907,0.33728853480655907
23.200000000000003,0.34110527208953506,-0.011602776021811884,-0.0989543570052865,0.033770996323838544,-0.0033527376734743645,0.03393701581771518,0.0034723785381798877,0.3414552014732258,0.3414552014732258
23.3,0.34524345695925146,-0.012089126816157677,-0.10029596694292181,0.03411196070229858,-0.003432810344145416,0.03428425367153315,0.0034723785381796796,0.3456218681398924,0.3456218681398924
23.400000000000002,0.34938164182896797,-0.012575477610503486,-0.10163757688055716,0.03445277039137213,-0.0035138038690085776,0.03463149152535114,0.0034723785381798877,0.3497885348065591,0.3497885348065591
23.5,0.35351982669868437,-0.013061828404849278,-0.10297918681819246,0.03479342353399771,-0.0035957179762882525,0.034978729379169106,0.0034723785381796796,0.3539552014732257,0.3539552014732257
23.6,0.3576580115684009,-0.013548179199195088,-0.10432079675582781,0.03513391827356583,-0.0036785523908835333,0.035325967232987095,0.0034723785381798877,0.3581218681398924,0.3581218681398924
23.700000000000003,0.3617961964381174,-0.014034529993540898,-0.10566240669346316,0.035474252753924455,-0.0037623068343688947,0.035673205086805077,0.0034723785381798183,0.3622885348065591,0.3622885348065591
23.8,0.3659343813078338,-0.01452088078788669,-0.10700401663109847,0.035814425119384645,-0.0038469810249949486,0.03602044294062305,0.003472378538179749,0.3664552014732257,0.3664552014732257
23.900000000000002,0.3700725661775503,-0.015007231582232501,-0.10834562656873382,0.03615443351472614,-0.003932574677689185,0.03636768079444103,0.0034723785381798183,0.3706218681398924,0.3706218681398924
24.0,0.3742107510472667,-0.015493582376578293,-0.10968723650636912,0.0364942760852029,-0.004019087504056712,0.03671491864825901,0.003472378538179749,0.374788534806559,0.374788534806559
24.1,0.3783489359169832,-0.015979933170924103,-0.11102884644400447,0.0368339509765487,-0.004106519212381035,0.03706215650207699,0.0034723785381798183,0.3789552014732257,0.3789552014732257
24.200000000000003,0.3824871207866998,-0.01646628396526991,-0.11237045638163982,0.037173456334982716,-0.004194869507624809,0.03740939435589498,0.0034723785381798877,0.3831218681398924,0.3831218681398924
24.3,0.3866253056564161,-0.016952634759615705,-0.11371206631927513,0.037512790307215035,-0.004284138091430622,0.03775663220971295,0.0034723785381796796,0.387288534806559,0.387288534806559
24.400000000000002,0.3907634905261327,-0.017438985553961516,-0.11505367625691049,0.03785195104045235,-0.004374324662121796,0.038103870063530935,0.0034723785381798877,0.3914552014732257,0.3914552014732257
24.5,0.39490167539584903,-0.017925336348307307,-0.11639528619454578,0.038190936682403386,-0.004465428914703161,0.0384511079173489,0.0034723785381796796,0.3956218681398923,0.3956218681398923
24.6,0.3990398602655656,-0.018411687142653118,-0.11773689613218113,0.0385297453812846,-0.004557450540861889,0.03879834577116689,0.0034723785381798877,0.399788534806559,0.399788534806559
24.700000000000003,0.4031780451352821,-0.01889803793699893,-0.11907850606981649,0.038868375285825624,-0.004650389228968276,0.039145583624984874,0.0034723785381798183,0.4039552014732257,0.4039552014732257
24.8,0.4073162300049985,-0.01938438873134472,-0.12042011600745178,0.039206824545274924,-0.00474424466407659,0.03949282147880285,0.003472378538179749,0.4081218681398923,0.4081218681398923
24.900000000000002,0.411454414874715,-0.01987073952569053,-0.12176172594508713,0.039545091309405374,-0.004839016527925899,0.03984005933262083,0.0034723785381798183,0.412288534806559,0.412288534806559
25.0,0.4155925997444314,-0.02035709032003632,-0.12310333588272244,0.03988317372851971,-0.004934704498940905,0.040187297186438806,0.003472378538179749,0.4164552014732256,0.4164552014732256
25.1,0.4197307846141479,-0.020843441114382133,-0.1244449458203578,0.04022106995345623,-0.005031308252232803,0.04053453504025679,0.0034723785381798183,0.42062186813989233,0.42062186813989233
25.200000000000003,0.42386896948386443,-0.02132979190872794,-0.12578655575799313,0.040558778135594255,-0.0051288274596001365,0.040881772894074776,0.0034723785381798877,0.4247885348065591,0.4247885348065591
25.3,0.42800715435358083,-0.021816142703073735,-0.12712816569562846,0.04089629642685971,-0.005227261789529659,0.041229010747892744,0.0034723785381796796,0.42895520147322563,0.42895520147322563
25.400000000000002,0.43214533922329734,-0.022302493497419543,-0.1284697756332638,0.041233622979730766,-0.005326610907197232,0.04157624860171073,0.0034723785381798877,0.4331218681398924,0.4331218681398924
25.5,0.4368927330900906,-0.02288492662150243,-0.12811477360443174,0.041630837835393876,-0.00536289864533529,0.0419748417597613,0.003985931580505683,0.4379048745528314,0.4379048745528314
25.6,0.4418546100343505,-0.02350118727254414,-0.12716244855906425,0.04204923557379611,-0.005376092698587439,0.04239151548416742,0.004166737244061178,0.4429048745528315,0.4429048745528315
25.700000000000003,0.4468164869786105,-0.024117447923585854,-0.12621012351369673,0.04246769582337068,-0.005388494666481209,0.04280818920857354,0.004166737244061178,0.44790487455283157,0.44790487455283157
25.8,0.45177836392287024,-0.024733708574627544,-0.12525779846832927,0.04288621745488135,-0.005400104442277694,0.04322486293297964,0.004166737244061039,0.45290487455283146,0.45290487455283146
25.900000000000002,0.45674024086713017,-0.025349969225669258,-0.12430547342296178,0.04330479933894571,-0.005410921920670463,0.04364153665738576,0.004166737244061178,0.4579048745528315,0.4579048745528315
26.0,0.4617021178113899,-0.025966229876710947,-0.12335314837759431,0.0437234403460367,-0.0054209469977857475,0.04405821038179186,0.004166737244061039,0.4629048745528314,0.4629048745528314
26.1,0.46666399475564985,-0.026582490527752658,-0.12240082333222681,0.04414213934648446,-0.0054301795711826275,0.04447488410619797,0.004166737244061108,0.4679048745528315,0.4679048745528315
26.200000000000003,0.47162587169990977,-0.027198751178794372,-0.12144849828685932,0.04456089521047797,-0.005438619539853202,0.04489155783060409,0.004166737244061178,0.47290487455283153,0.47290487455283153
26.3,0.47658774864416953,-0.02781501182983606,-0.12049617324149185,0.04497970680806671,-0.005446266804222764,0.045308231555010195,0.004166737244061039,0.4779048745528314,0.4779048745528314
26.400000000000002,0.4815496255884295,-0.028431272480877776,-0.11954384819612435,0.04539857300916249,-0.00545312126614998,0.04572490527941631,0.004166737244061178,0.4829048745528315,0.4829048745528315
26.5,0.48651150253268927,-0.029047533131919465,-0.11859152315075688,0.04581749268354101,-0.0054591828289270545,0.04614157900382242,0.004166737244061039,0.4879048745528314,0.4879048745528314
26.6,0.4914733794769492,-0.029663793782961176,-0.11763919810538938,0.0462364647008437,-0.005464451397279907,0.046558252728228534,0.004166737244061178,0.49290487455283144,0.49290487455283144
26.700000000000003,0.4964352564212091,-0.03028005443400289,-0.11668687306002189,0.046655487930579324,-0.005468926877368335,0.04697492645263465,0.004166737244061178,0.4979048745528315,0.4979048745528315
26.8,0.5013971333654689,-0.03089631508504458,-0.11573454801465442,0.04707456124212572,-0.005472609176786182,0.047391600177040756,0.004166737244061039,0.5029048745528314,0.5029048745528314
26.900000000000002,0.5063590103097289,-0.03151257573608629,-0.11478222296928692,0.04749368350473156,-0.005475498204561498,0.047808273901446874,0.004166737244061178,0.5079048745528315,0.5079048745528315
27.0,0.5113208872539886,-0.03212883638712798,-0.11382989792391945,0.04791285358751793,-0.005477593871156709,0.04822494762585298,0.004166737244061039,0.5129048745528314,0.5129048745528314
27.1,0.5162827641982485,-0.0327450970381697,-0.11287757287855195,0.04833207035948018,-0.0054788960884687675,0.048641621350259096,0.004166737244061178,0.5179048745528314,0.5179048745528314
27.200000000000003,0.5212446411425085,-0.033361357689211404,-0.11192524783318446,0.04875133268948956,-0.00547940476982932,0.04905829507466521,0.004166737244061178,0.5229048745528315,0.5229048745528315
27.3,0.5262065180867682,-0.0339776183402531,-0.11097292278781698,0.04917063944629486,-0.005479119830004852,0.04947496879907132,0.004166737244061039,0.5279048745528314,0.5279048745528314
27.400000000000002,0.5311683950310282,-0.03459387899129481,-0.11002059774244949,0.049589989498524285,-0.0054780411851968564,0.049891642523477435,0.004166737244061178,0.5329048745528315,0.5329048745528315
27.5,0.5367616753160465,-0.035094341726948974,-0.10673836619132943,0.05007316675399273,-0.005365118574740926,0.05035977090986607,0.004681283863886346,0.5385214966038998,0.5385214966038998
27.6,0.5425768617547049,-0.035554107386195084,-0.10263729103002026,0.05057840171203469,-0.005209536132355941,0.05084598299234931,0.004862120824832422,0.5443548299372332,0.5443548299372332
27.700000000000003,0.5483920481933633,-0.0360138730454412,-0.09853621586871109,0.05108319459887959,-0.005049899085492977,0.051332195074832554,0.004862120824832422,0.5501881632705666,0.5501881632705666
27.8,0.5542072346320215,-0.03647363870468729,-0.09443514070740207,0.05158752065222019,-0.004886208476734266,0.051818407157315775,0.004862120824832214,0.5560214966038999,0.5560214966038999
27.900000000000002,0.5600224210706799,-0.0369334043639334,-0.0903340655460929,0.05209135511100249,-0.004718465483585586,0.05230461923979902,0.004862120824832422,0.5618548299372332,0.5618548299372332
28.0,0.5658376075093381,-0.037393170023179496,-0.08623299038478388,0.052594673216115766,-0.004546671418483008,0.05279083132228224,0.004862120824832214,0.5676881632705665,0.5676881632705665
28.1,0.5716527939479965,-0.037852935682425606,-0.08213191522347471,0.053097450211083135,-0.004370827728796144,0.05327704340476548,0.004862120824832422,0.5735214966038998,0.5735214966038998
28.200000000000003,0.5774679803866549,-0.03831270134167172,-0.07803084006216554,0.05359966134275169,-0.004190935996828104,0.053763255487248716,0.004862120824832353,0.5793548299372333,0.5793548299372333
28.3,0.5832831668253132,-0.03877246700091781,-0.07392976490085651,0.05410128186198309,-0.0040069979398119895,0.054249467569731945,0.004862120824832283,0.5851881632705664,0.5851881632705664
28.400000000000002,0.5890983532639716,-0.03923223266016393,-0.06982868973954734,0.054602287024343936,-0.003819015409904,0.05473567965221518,0.004862120824832353,0.5910214966038999,0.5910214966038999
28.5,0.5949135397026298,-0.03969199831941002,-0.06572761457823831,0.055102652090796206,-0.003626990394173207,0.05522189173469841,0.004862120824832283,0.5968548299372332,0.5968548299372332
28.6,0.6007287261412882,-0.040151763978656135,-0.061626539416929145,0.05560235232838772,-0.003430925014587836,0.055708103817181644,0.004862120824832353,0.6026881632705665,0.6026881632705665
28.700000000000003,0.6065439125799467,-0.040611529637902245,-0.057525464255619975,0.056101363010942554,-0.0032308215279982506,0.056194315899664886,0.004862120824832422,0.6085214966039,0.6085214966039
28.8,0.6123590990186049,-0.04107129529714834,-0.05342438909431095,0.056599659419751355,-0.0030266823261164834,0.05668052798214811,0.004862120824832214,0.6143548299372331,0.6143548299372331
28.900000000000002,0.6181742854572633,-0.04153106095639445,-0.04932331393300178,0.05709721684426184,-0.0028185099354923644,0.05716674006463135,0.004862120824832422,0.6201881632705666,0.6201881632705666
29.0,0.6239894718959215,-0.04199082661564054,-0.04522223877169275,0.057594010582768806,-0.00260630701748633,0.05765295214711458,0.004862120824832283,0.6260214966038997,0.6260214966038997
29.1,0.6298046583345799,-0.04245059227488666,-0.04112116361038358,0.058090015943104485,-0.0023900763682387282,0.05813916422959781,0.004862120824832353,0.6318548299372332,0.6318548299372332
29.200000000000003,0.6361304424314451,-0.0427163814498778,-0.03526204503109639,0.059196382341286526,-0.0020882510902474442,0.05923320415874612,0.01094039929148305,0.6381887044083216,0.6381887044083216
29.3,0.6427957049505909,-0.042853202483758145,-0.028234065223709845,0.06070716266782867,-0.0017144655837113161,0.06073136744233528,0.014981632835891628,0.6448553710749881,0.6448553710749881
29.400000000000002,0.649460967469737,-0.04299002351763849,-0.021206085416323052,0.062215539000693786,-0.0013195458392689565,0.0622295307259245,0.014981632835892184,0.651522037741655,0.651522037741655
29.5,0.6561262299888828,-0.043126844551518835,-0.014178105608936509,0.06372128888838863,-0.0009035077048501242,0.06372769400951367,0.014981632835891698,0.6581887044083214,0.6581887044083214
29.6,0.6627914925080289,-0.04326366558539919,-0.007150125801549716,0.06522418998709155,-0.00046636911133693246,0.06522585729310289,0.014981632835892184,0.6648553710749882,0.6648553710749882
29.700000000000003,0.6694883291898155,-0.04338044400552005,-0.00010835018691084661,0.06669060272322797,-7.225939298535703e-06,0.0666906031146939,0.01464745821591007,0.6715539400887119,0.6715539400887119
29.8,0.6769783524124119,-0.0429937243073335,0.007279995145395666,0.06731407236560866,0.0004900547774305247,0.06731585617168723,0.006252530569933329,0.6790539400887118,0.6790539400887118
29.900000000000002,0.6844683756350085,-0.042607004609146945,0.01466834047770244,0.067933800247987,0.0009965475854702983,0.06794110922868057,0.006252530569933468,0.686553940088712,0.686553940088712
30.0,0.6919583988576048,-0.0422202849109604,0.022056685810008952,0.06854968428373082,0.0015122240875989049,0.0685663622856739,0.006252530569933329,0.6940539400887118,0.6940539400887118
30.1,0.6994484220802014,-0.04183356521277384,0.02944503114231573,0.0691616226034311,0.002037054880997103,0.06919161534266725,0.006252530569933468,0.7015539400887119,0.7015539400887119
30.200000000000003,0.7069384453027979,-0.041446845514587285,0.0368333764746225,0.06976951356418835,0.0025710095589216056,0.06981686839966061,0.0062525305699336065,0.709053940088712,0.709053940088712
30.3,0.7144284685253943,-0.04106012581640074,0.044221721806929015,0.07037325575888587,0.0031140567124609015,0.07044212145665395,0.006252530569933329,0.7165539400887119,0.7165539400887119
30.400000000000002,0.7219184917479908,-0.040673406118214184,0.05161006713923579,0.07097274802544967,0.003666163932373305,0.0710673745136473,0.006252530569933468,0.7240539400887119,0.7240539400887119
30.5,0.7294085149705872,-0.04028668642002764,0.058998412471542305,0.07156788945609362,0.0042272978110069305,0.07169262757064063,0.006252530569933329,0.7315539400887118,0.7315539400887118
30.6,0.7368985381931837,-0.03989996672184108,0.06638675780384908,0.07215857940654981,0.004797423944301962,0.07231788062763397,0.006252530569933468,0.739053940088712,0.739053940088712
30.700000000000003,0.7443885614157804,-0.039513247023654524,0.07377510313615586,0.07274471750528291,0.0053765069338745156,0.07294313368462733,0.0062525305699336065,0.746553940088712,0.746553940088712
30.8,0.7518785846383766,-0.03912652732546798,0.08116344846846237,0.07332620366268802,0.00596451038918245,0.07356838674162067,0.006252530569933329,0.7540539400887118,0.7540539400887118
30.900000000000002,0.7593686078609733,-0.03873980762728142,0.08855179380076914,0.07390293808027154,0.0065613969297728236,0.07419363979861401,0.006252530569933468,0.7615539400887119,0.7615539400887119
31.0,0.7668586310835697,-0.03835308792909488,0.09594013913307566,0.07447482125981378,0.007167128187610631,0.07481889285560735,0.006252530569933329,0.7690539400887118,0.7690539400887118
31.1,0.7748949352718144,-0.03745249362773967,0.10196322332088202,0.07510129095078359,0.007684217830305651,0.07549338451902814,0.006744916634207898,0.7771458949615336,0.7771458949615336
31.200000000000003,0.7831539937012167,-0.03634235926462675,0.10742960184008753,0.07574872949874885,0.00816910693602382,0.07618795396128457,0.006945694422564319,0.7854792282948672,0.7854792282948672
31.3,0.7914130521306189,-0.03523222490151387,0.11289598035929284,0.07639309038157518,0.008661301683263916,0.07688252340354097,0.006945694422564042,0.7938125616282002,0.7938125616282002
31.400000000000002,0.7996721105600212,-0.03412209053840095,0.11836235887849834,0.0770343130875831,0.009160782801141704,0.0775770928457974,0.006945694422564319,0.8021458949615338,0.8021458949615338
31.5,0.8079311689894233,-0.03301195617528807,0.12382873739770366,0.0776723372244277,0.009667530575588026,0.07827166228805382,0.00694569442256418,0.8104792282948668,0.8104792282948668
31.6,0.8161902274188256,-0.03190182181217515,0.12929511591690918,0.07830710252213549,0.010181524850081121,0.07896623173031025,0.006945694422564319,0.8188125616282004,0.8188125616282004
31.700000000000003,0.8244492858482281,-0.03079168744906223,0.13476149443611468,0.07893854883613646,0.010702745026398643,0.07966080117256669,0.006945694422564319,0.8271458949615338,0.8271458949615338
31.8,0.8327083442776301,-0.02968155308594935,0.14022787295531997,0.07956661615029174,0.01123117006538977,0.08035537061482309,0.006945694422564042,0.835479228294867,0.835479228294867
31.900000000000002,0.8409674027070325,-0.02857141872283643,0.14569425147452547,0.0801912445799166,0.011766778487767228,0.08104994005707952,0.006945694422564319,0.8438125616282004,0.8438125616282004
32.0,0.8492264611364345,-0.027461284359723552,0.1511606299937308,0.08081237437479827,0.012309548374918978,0.08174450949933593,0.006945694422564042,0.8521458949615336,0.8521458949615336
32.1,0.857485519565837,-0.02635114999661063,0.15662700851293632,0.08142994592220933,0.012859457369740042,0.08243907894159236,0.006945694422564319,0.860479228294867,0.860479228294867
32.2,0.8657445779952393,-0.02524101563349771,0.16209338703214182,0.08204389974991547,0.013416482677483863,0.08313364838384879,0.006945694422564319,0.8688125616282004,0.8688125616282004
32.300000000000004,0.8745415452334704,-0.023734866348501107,0.1658006471409463,0.0827273796474007,0.013843336602219135,0.08387763296378546,0.007439845799366712,0.8777396494789178,0.8777396494789178
32.4,0.8835555576507013,-0.022068925797408278,0.16879810632438563,0.08343857938080979,0.014219583343901514,0.08464155645758091,0.007639234937954487,0.886906316145584,0.886906316145584
32.5,0.8925695700679328,-0.020402985246315328,0.17179556550782518,0.08414826006820342,0.014600216889449397,0.08540547995137643,0.0076392349379551805,0.8960729828122508,0.8960729828122508
32.6,0.9015835824851643,-0.018737044695222378,0.1747930246912647,0.08485640180453179,0.01498523149252832,0.08616940344517193,0.007639234937955042,0.9052396494789177,0.9052396494789177
32.7,0.9105975949023959,-0.017071104144129427,0.17779048387470425,0.08556298470560643,0.015374621326899778,0.08693332693896744,0.007639234937955042,0.9144063161455844,0.9144063161455844
32.800000000000004,0.9196116073196274,-0.015405163593036479,0.1807879430581438,0.08626798890840025,0.015768380486494808,0.08769725043276294,0.007639234937955042,0.9235729828122512,0.9235729828122512
32.9,0.9286256197368583,-0.013739223041943647,0.18378540224158313,0.08697139457134744,0.016166502985488666,0.0884611739265584,0.007639234937954625,0.9327396494789174,0.9327396494789174
33.0,0.9376396321540899,-0.012073282490850698,0.18678286142502268,0.08767318187464318,0.016568982758376698,0.08922509742035391,0.007639234937955042,0.9419063161455842,0.9419063161455842
33.1,0.9466536445713215,-0.010407341939757748,0.1897803206084622,0.08837333102054287,0.016975813660051037,0.08998902091414941,0.007639234937955042,0.951072982812251,0.951072982812251
33.2,0.955667656988553,-0.008741401388664798,0.19277777979190175,0.08907182223366135,0.01738698946587866,0.09075294440794493,0.0076392349379551805,0.9602396494789178,0.9602396494789178
33.300000000000004,0.9646816694057846,-0.007075460837571847,0.1957752389753413,0.08976863576127163,0.017802503871780343,0.09151686790174043,0.007639234937955042,0.9694063161455846,0.9694063161455846
33.4,0.9743304621710329,-0.00516346485587962,0.19721735874344878,0.09180935553590606,0.01834485676350929,0.09362420378081769,0.021073358790772573,0.9792429067137246,0.9792429067137246
33.5,0.9841340920689724,-0.0031914504481664503,0.19828009642106997,0.09417712228063482,0.018922075041027477,0.0960592280050174,0.024350242241997083,0.9892429067137247,0.9892429067137247
33.6,0.9939377219669119,-0.0012194360404532804,0.19934283409869114,0.09654376315663171,0.019504346124616385,0.0984942522292171,0.024350242241996944,0.9992429067137247,0.9992429067137247
33.7,1.0052316126187046,0.0010843624116415105,0.20056802641432106,0.11864157449298322,0.024120006623804903,0.1210685670093872,0.22574314780170107,1.0107694236890905,0.005342809413779515
33.800000000000004,1.018940238734577,0.003925765236872079,0.2020564511707771,0.12134859209737843,0.024858487824679504,0.12386858044292619,0.028000134335389865,1.0247694236890905,0.019342809413779527
33.9,1.0326488648504482,0.006767168062102446,0.20354487592723305,0.124053668117683,0.02560507959738803,0.12666859387646495,0.028000134335387644,1.0387694236890896,0.03334280941377865
34.0,1.0463574909663205,0.009608570887333015,0.2050333006836891,0.1267567844089621,0.0263597777891224,0.12946860731000395,0.028000134335390003,1.0527694236890899,0.047342809413778886
34.1,1.0600661170821928,0.012449973712563582,0.20652172544014516,0.12945792283435464,0.027122578211030614,0.13226862074354293,0.028000134335389726,1.06676942368909,0.0613428094137789
34.2,1.073774743198065,0.015291376537794152,0.20801015019660118,0.13215706526514118,0.02789347663823188,0.1350686341770819,0.028000134335389726,1.0807694236890901,0.07534280941377913
34.300000000000004,1.0874833693139372,0.01813277936302472,0.20949857495305724,0.1348541935808108,0.02867246880983153,0.13786864761062087,0.028000134335389726,1.0947694236890901,0.08934280941377915
34.4,1.1016465619707547,0.021131858412788262,0.21146814478633913,0.13762850595359025,0.029545780483846172,0.14076419571544838,0.028955481048275056,1.1092470364291929,0.10382042215388188
34.5,1.117258682289263,0.024633529322571988,0.21497136117805035,0.14065056311318733,0.030710376566269734,0.14396425991508718,0.03200064199638808,1.125247036429193,0.11982042215388211
34.6,1.1328708026077714,0.02813520023235571,0.21847457756976157,0.14366611130400173,0.03189650066904363,0.14716432411472596,0.0320006419963878,1.1412470364291933,0.13582042215388235
34.7,1.1484829229262796,0.031636871142139436,0.2219777939614728,0.14667503680953303,0.03310412134576615,0.15036438831436477,0.03200064199638808,1.1572470364291934,0.15182042215388236
34.800000000000004,1.164095043244788,0.03513854205192316,0.225481010353184,0.1496772260541964,0.034333206617597534,0.15356445251400355,0.0320006419963878,1.1732470364291936,0.1678204221538826
34.9,1.1797071635632952,0.03864021296170664,0.22898422674489496,0.15267256560565723,0.03558372397386298,0.15676451671364214,0.03200064199638586,1.1892470364291927,0.18382042215388172
35.0,1.1953192838818034,0.04214188387149036,0.2324874431366062,0.15566094217716378,0.03685564037266578,0.15996458091328092,0.0320006419963878,1.205247036429193,0.19982042215388196
35.1,1.2127475170997788,0.04655299201842331,0.23842882776903906,0.15893323683677482,0.03862905339904893,0.16356031773606008,0.035957368227791664,1.2232248999441044,0.21779828566879345
35.2,1.230196076470603,0.0509742786957187,0.24439750067212238,0.1621930231949461,0.04044811855999278,0.16716048297417532,0.03600165238115238,1.2412248999441047,0.23579828566879368
35.300000000000004,1.2476446358414273,0.05539556537301409,0.2503661735752057,0.1654366324164976,0.04230744181075382,0.1707606482122906,0.03600165238115266,1.259224899944105,0.2537982856687939
35.4,1.2650931952122504,0.05981685205030916,0.2563348464782885,0.1686637002467192,0.04420689410230021,0.17436081345040558,0.036001652381149885,1.277224899944104,0.27179828566879305
35.5,1.2825417545830746,0.06423813872760456,0.26230351938137186,0.1718738633995124,0.04614634347271646,0.17796097868852084,0.03600165238115266,1.2952248999441043,0.2897982856687933
35.6,1.3007420739733841,0.06919686348548207,0.269536762517121,0.17517301975655145,0.048393207449747816,0.1817346675180701,0.0377368882954926,1.31409216231868,0.3086655480433691
35.7,1.3199242725323561,0.07485753998605939,0.2784216699294779,0.17858242032159927,0.051047117185596964,0.1857349967585011,0.040003292404310054,1.3340921623186806,0.32866554804336956
35.800000000000004,1.339106471091328,0.08051821648663672,0.2873065773418348,0.181958186737203,0.053765343960865845,0.18973532599893211,0.040003292404310054,1.354092162318681,0.34866554804337
35.9,1.3582886696502987,0.08617889298721364,0.296191484754191,0.18529944604132167,0.05654749691900228,0.19373565523936284,0.04000329240430728,1.37409216231868,0.36866554804336893
36.0,1.3774708682092707,0.09183956948779096,0.3050763921665479,0.1886053295860639,0.05939317477560435,0.19773598447979385,0.040003292404310054,1.3940921623186804,0.3886655480433694
36.1,1.3965197135325316,0.09791372607773703,0.3149393412174263,0.19016303405095716,0.06195175930136696,0.2,0.02264015520206164,1.4140921623186806,0.40866554804336963
36.2,1.4153946768022194,0.10452702794351831,0.32607757907310303,0.18946121916420183,0.06406595377276673,0.2,0.0,1.4340921623186809,0.42866554804336987
36.300000000000004,1.434269640071907,0.1111403298092996,0.3372158169287798,0.1887358998966992,0.06617220028216639,0.2,0.0,1.454092162318681,0.4486655480433701
36.4,1.4531446033415936,0.1177536316750804,0.34835405478445575,0.18798716623087586,0.06827023753060378,0.2,0.0,1.47409216231868,0.468665548043369
36.5,1.4720195666112814,0.12436693354086169,0.3594922926401325,0.18721511105392635,0.07035980523755042,0.2,0.0,1.4940921623186803,0.48866554804336926
36.6,1.4907029563093401,0.1314775959899305,0.37161018225601394,0.1863487740978808,0.0726232358974522,0.2,0.0,1.5140921623186803,0.5086655480433693
36.7,1.5091372055797867,0.13923507327543022,0.385002103860614,0.1853595285094115,0.07511221732027795,0.2,0.0,1.5340921623186805,0.5286655480433695
36.800000000000004,1.5275714548502333,0.14699255056092994,0.3983940254652141,0.18433704037925322,0.07758772805165501,0.2,0.0,1.5540921623186805,0.5486655480433695
36.9,1.5460057041206787,0.1547500278464291,0.4117859470698132,0.18328149308133104,0.08004932413130045,0.2,0.0,1.5740921623186794,0.5686655480433684
37.0,1.5644399533911253,0.16250750513192883,0.4251778686744132,0.18219307591843034,0.0824965640943978,0.2,0.0,1.5940921623186795,0.5886655480433685
37.1,1.5826080088988466,0.17083840863428965,0.4395517323142644,0.1809885014419334,0.08510677027007474,0.2,0.0,1.6140921623186797,0.6086655480433687
37.2,1.6004311939502305,0.179912221208072,0.4551977624929799,0.17963482029017655,0.08792798951025765,0.2,0.0,1.63409216231868,0.6286655480433689
37.300000000000004,1.6182543790016144,0.18898603378185436,0.47084379267169535,0.17823716574397563,0.09072768457066763,0.2,0.0,1.6540921623186802,0.6486655480433692
37.4,1.6360775640529972,0.19805984635563606,0.48648982285040965,0.17679587993975265,0.09350517010480527,0.2,0.0,1.6740921623186789,0.6686655480433679
37.5,1.6539007491043811,0.20713365892941843,0.5021358530291251,0.1753113156945674,0.09625976620291433,0.2,0.0,1.694092162318679,0.6886655480433681
37.6,1.6713645943822175,0.21684564975332496,0.5187669153845236,0.17368624300353153,0.09916193317658849,0.2,0.0,1.7140921623186793,0.7086655480433683
37.7,1.6883652994664753,0.22738016571933398,0.5366675505135852,0.17188344957935783,0.10225497425895896,0.2,0.0,1.7340921623186794,0.7286655480433684
37.800000000000004,1.705366004550733,0.237914681685343,0.5545681856426469,0.17002558054150715,0.1053152503748791,0.2,0.0,1.7540921623186796,0.7486655480433686
37.9,1.7223667096349897,0.24844919765135126,0.5724688207717072,0.16811323119614574,0.1083417809378785,0.2,0.0,1.7740921623186785,0.7686655480433675
38.0,1.7393674147192475,0.2589837136173603,0.5903694559007688,0.16614701430624745,0.1113335961743786,0.2,0.0,1.7940921623186785,0.7886655480433675
38.1,1.756012141889979,0.27004855850286935,0.6090385613198752,0.16403968317373668,0.11441583082886782,0.2,0.0,1.814092162318679,0.808665548043368
38.2,1.7722011608739052,0.2817923085146032,0.6286914305883198,0.16175955061739933,0.11761737875015339,0.2,0.0,1.8340921623186794,0.8286655480433684
38.300000000000004,1.7883901798578314,0.293536058526337,0.6483442998567642,0.15941694282815982,0.12077350015348248,0.2,0.0,1.85409216231868,0.8486655480433689
38.400000000000006,1.803959750823675,0.30606742591243846,0.6681293631597375,0.15699638661236115,0.12390373114100331,0.2,0.0,1.8740921623186804,0.8686655480433694
38.5,1.8191879713945907,0.3190328143849641,0.687987272746136,0.15450512553623716,0.12699671721360203,0.2,0.0,1.894092162318679,0.8886655480433681
38.6,1.834416191965507,0.3319982028574907,0.7078451823325359,0.151952939440496,0.13003962548159295,0.2,0.0,1.9140921623186793,0.9086655480433683
38.7,1.8496444125364235,0.3449635913300173,0.7277030919189359,0.14934083471238488,0.133031256054388,0.2,0.0,1.9340921623186795,0.9286655480433685
38.800000000000004,1.86487263310734,0.3579289798025439,0.7475610015053359,0.14666984136648265,0.1359704292614053,0.2,0.0,1.9540921623186798,0.9486655480433688
38.900000000000006,1.8792415028380458,0.371809710720268,0.766861942860322,0.14401832868132103,0.13877579401264106,0.2,0.0,1.97409216231868,0.968665548043369
39.0,1.8931410511192766,0.38619034205472935,0.7858587044490843,0.14135621090188913,0.1414864715775351,0.2,0.0,1.9940921623186787,0.9886655480433677
39.1,1.9070405994005082,0.4005709733891917,0.8048554660378481,0.13864308245815699,0.14414609147146754,0.2,0.0,2.0140921623186787,1.0086655480433677
39.2,1.9209401476817396,0.41495160472365406,0.8238522276266118,0.13587992242620053,0.14675369392778406,0.2,0.0,2.034092162318679,1.0286655480433682
39.300000000000004,1.9348396959629712,0.4293322360581164,0.8428489892153754,0.13306772793679952,0.14930833795116033,0.2,0.0,2.054092162318679,1.0486655480433682
39.400000000000006,1.9478360734074804,0.44450819433897126,0.8612872223357043,0.13029228320686156,0.1517363533789546,0.2,0.0,2.0740921623186797,1.0686655480433687
39.5,1.9603432407675465,0.4601149481534983,0.8794229238107475,0.12751916262759644,0.1540742131661123,0.2,0.0,2.0940921623186783,1.0886655480433673
39.6,1.9728504081276133,0.47572170196802643,0.8975586252857919,0.12470410167755108,0.15636139876835012,0.2,0.0,2.114092162318679,1.1086655480433678
39.7,1.9853575754876802,0.4913284557825546,0.9156943267608364,0.12184802621522076,0.1585971579425523,0.2,0.0,2.134092162318679,1.1286655480433678
39.800000000000004,1.997864742847747,0.5069352095970827,0.9338300282358809,0.11895187558855445,0.16078075535948033,0.2,0.0,2.1540921623186793,1.1486655480433683
39.900000000000006,2.009442998584762,0.5232211579214994,0.9514057818814236,0.11610780605884881,0.16284648406459612,0.2,0.0,2.1740921623186793,1.1686655480433683
40.0,2.02052187071264,0.5398722417413018,0.9686805071394571,0.11327749390870062,0.16482781735424484,0.2,0.0,2.1940921623186784,1.1886655480433674
40.1,2.031600742840518,0.5565233255611054,0.9859552323974918,0.11041337876751914,0.16675996458724845,0.2,0.0,2.2140921623186784,1.2086655480433675
40.2,2.0426796149683963,0.573174409380909,1.0032299576555266,0.10751631531221431,0.16864234919403998,0.2,0.0,2.2340921623186785,1.2286655480433675
40.300000000000004,2.053758487096275,0.5898254932007125,1.0205046829135613,0.10458716805175981,0.1704744094546538,0.2,0.0,2.254092162318679,1.248665548043368
40.400000000000006,2.06389889034574,0.6070455146957253,1.0372181751647929,0.10172347058638685,0.17219853521984585,0.2,0.0,2.2740921623186794,1.2686655480433684
40.5,2.0735382099499926,0.6245693133012512,1.0536320041162262,0.09888345765065426,0.17384493608687965,0.2,0.0,2.294092162318678,1.288665548043367
40.6,2.083177529554246,0.6420931119067783,1.0700458330676605,0.09601680474683853,0.1754445017839188,0.2,0.0,2.3140921623186785,1.3086655480433675
40.7,2.092816849158499,0.6596169105123055,1.086459662019095,0.09312428417339781,0.1769968013755962,0.2,0.0,2.334092162318679,1.328665548043368
40.800000000000004,2.1024561687627523,0.6771407091178326,1.1028734909705293,0.09020667519774031,0.17850141666039906,0.2,0.0,2.3540921623186795,1.3486655480433685
40.900000000000006,2.1111616741984225,0.695130599885452,1.118724929235348,0.08736595671147873,0.17990883693662196,0.2,0.0,2.37409216231868,1.368665548043369
41.0,2.1193716559987212,0.7133678200365253,1.1342779378051517,0.08455737930861441,0.18124582644700846,0.2,0.0,2.394092162318679,1.388665548043368
41.1,2.1275816377990213,0.7316050401875999,1.1498309463749563,0.08172834821984502,0.18253897418703702,0.2,0.0,2.4140921623186795,1.4086655480433685
41.2,2.135791619599321,0.7498422603386744,1.165383954944761,0.07887954776289406,0.1837879673556496,0.2,0.0,2.43409216231868,1.428665548043369
41.300000000000004,2.1440016013996206,0.7680794804897491,1.1809369635145657,0.07601166703752119,0.18499250383239052,0.2,0.0,2.45409216231868,1.448665548043369
41.400000000000006,2.151294662879448,0.7866884744835796,1.1959265445347809,0.07323027147630805,0.18611106184078965,0.2,0.0,2.4740921623186805,1.4686655480433695
41.5,2.158103865223368,0.8054936536488921,1.2106188046633066,0.0704880740245002,0.18716685449169834,0.2,0.0,2.4940921623186796,1.4886655480433686
41.6,2.1649130675672894,0.824298832814206,1.2253110647918335,0.06773066111397827,0.18818224556281454,0.2,0.0,2.51409216231868,1.508665548043369
41.7,2.17172226991121,0.8431040119795198,1.2400033249203604,0.06495862795610093,0.18915701587321807,0.2,0.0,2.53409216231868,1.528665548043369
41.800000000000004,2.1785314722551314,0.8619091911448337,1.2546955850488872,0.06217257291813316,0.1900909550103303,0.2,0.0,2.5540921623186805,1.5486655480433695
41.900000000000006,2.1844509733893025,0.8810010926006456,1.2688234949063733,0.05948086972738892,0.19095032374016388,0.2,0.0,2.574092162318681,1.56866554804337
42.0,2.1899033083623727,0.90024354679291,1.2826550745501315,0.056834119700733945,0.19175474658490896,0.2,0.0,2.5940921623186797,1.5886655480433687
42.1,2.1953556433354433,0.9194860009851757,1.2964866541938906,0.054176496764474585,0.19252248491625304,0.2,0.0,2.61409216231868,1.6086655480433691
42.2,2.2008079783085135,0.9387284551774415,1.31031823383765,0.051508509347246795,0.19325339185852494,0.2,0.0,2.63409216231868,1.6286655480433692
42.300000000000004,2.206260313281584,0.9579709093697072,1.3241498134814091,0.04883066786051062,0.19394732758224975,0.2,0.0,2.6540921623186806,1.6486655480433696
42.400000000000006,2.210858683083151,0.9774247113506974,1.3374162276039274,0.04625346078679976,0.19457804954630412,0.2,0.0,2.674092162318681,1.66866554804337
42.5,2.215010626402615,0.996988999394782,1.3503871907363199,0.04372577592814875,0.19516161640927587,0.2,0.0,2.6940921623186798,1.6886655480433688
42.6,2.2191625697220796,1.016553287438868,1.3633581538687132,0.04119073449079121,0.19571234859382058,0.2,0.0,2.7140921623186802,1.7086655480433692
42.7,2.223314513041544,1.0361175754829541,1.3763291170011065,0.03864876297903655,0.1962301534428138,0.2,0.0,2.7340921623186807,1.7286655480433697
42.800000000000004,2.2274664563610087,1.05568186352704,1.3893000801334998,0.03610028906313415,0.19671494383894214,0.2,0.0,2.754092162318681,1.7486655480433702
42.900000000000006,2.2308070188239735,1.075391930807965,1.4017051633001867,0.03365730878082938,0.19714762378895645,0.2,0.0,2.774092162318681,1.7686655480433702
43.0,2.2337250625023666,1.0951779112256987,1.413815569912197,0.03126736116080973,0.19754076066989185,0.2,0.0,2.7940921623186803,1.7886655480433693
43.1,2.23664310618076,1.1149638916434341,1.425925976524208,0.028872827864729403,0.19790492619208272,0.2,0.0,2.8140921623186808,1.8086655480433698
43.2,2.2395611498591537,1.1347498720611693,1.438036383136219,0.0264740600752149,0.1982400669469568,0.2,0.0,2.8340921623186808,1.8286655480433698
43.300000000000004,2.2424791935375468,1.1545358524789044,1.45014678974823,0.024071409595924062,0.19854613378271876,0.2,0.0,2.8540921623186812,1.8486655480433702
43.400000000000006,2.2446337830989425,1.174411743823272,1.461690696094754,0.02177785864612723,0.1988107765509438,0.2,0.0,2.8740921623186817,1.8686655480433707
43.5,2.2463921580217248,1.1943342968130592,1.472940602195595,0.01953992516276539,0.19904318959621184,0.2,0.0,2.8940921623186804,1.8886655480433694
43.6,2.2481505329445075,1.2142568498028479,1.4841905082964373,0.017299518724989024,0.1992504119240002,0.2,0.0,2.9140921623186804,1.9086655480433694
43.7,2.24990890786729,1.2341794027926367,1.4954404143972793,0.015056922876514351,0.19943241730844738,0.2,0.0,2.934092162318681,1.9286655480433699
43.800000000000004,2.2516672827900726,1.2541019557824253,1.5066903204981212,0.012812421438147023,0.1995891827151244,0.2,0.0,2.954092162318681,1.9486655480433699
43.900000000000006,2.2527141433217253,1.2740679554342818,1.517373193521506,0.01067954500364204,0.199714664755784,0.2,0.0,2.9740921623186813,1.9686655480433704
44.0,2.2533928255371403,1.2940564368786145,1.5277626511392255,0.008604078912258622,0.1998148388535537,0.2,0.0,2.99409216231868,1.988665548043369
44.1,2.2540715077525553,1.3140449183229488,1.5381521087569459,0.00652768409781335,0.19989344496585965,0.2,0.0,3.0140921623186805,2.0086655480433695
44.2,2.2547501899679703,1.3340333997672829,1.548541566374666,0.004450584686069236,0.1999504746079692,0.2,0.0,3.0340921623186805,2.0286655480433695
44.300000000000004,2.2554288721833857,1.354021881211617,1.5589310239923861,0.0023730048788431586,0.1999859216241108,0.2,0.0,3.054092162318681,2.04866554804337
44.400000000000006,2.2554508453605195,1.3740163027979204,1.568752996555504,0.00040866576350159865,0.19999958248029856,0.2,0.0,3.0740921623186814,2.0686655480433704
44.5,2.2551338489442796,1.394013790471927,1.5782820537375448,-0.0014971314062020707,0.19999439641538103,0.2,0.0,3.09409216231868,2.088665548043369
44.6,2.2548168525280397,1.414011278145935,1.587811110919586,-0.0034027926330150574,0.19997105041054494,0.2,0.0,3.1140921623186806,2.1086655480433696
44.7,2.2544998561117993,1.434008765819943,1.5973401681016275,-0.005308144878622223,0.19992954658565992,0.2,0.0,3.1340921623186806,2.1286655480433696
44.800000000000004,2.2541828596955593,1.454006253493951,1.6068692252836687,-0.007213015132764571,0.1998698887093664,0.2,0.0,3.154092162318681,2.14866554804337
44.900000000000006,2.2532658591432737,1.4739805720790846,1.6158304196194002,-0.009003774464570744,0.1997972273215801,0.2,0.0,3.1740921623186815,2.1686655480433705
45.0,2.252039809805504,1.4939429567818527,1.6244991204331187,-0.010735396861298634,0.19971167030053708,0.2,0.0,3.19409216231868,2.188665548043369
45.1,2.250813760467734,1.5139053414846222,1.6331678212468381,-0.01246621253693316,0.19961110576564625,0.2,0.0,3.2140921623186802,2.2086655480433692
45.2,2.2495877111299643,1.5338677261873916,1.6418365220605575,-0.014196091427766898,0.19949554127392044,0.2,0.0,3.2340921623186807,2.2286655480433697
45.300000000000004,2.2483616617921944,1.553830110890161,1.650505222874277,-0.015924903540488134,0.19936498550955772,0.2,0.0,3.254092162318681,2.24866554804337
45.400000000000006,2.246593422093604,1.573747971101057,1.6586057505893386,-0.017539324987496316,0.19922944581307,0.2,0.0,3.274092162318681,2.26866554804337
45.5,2.244546399014404,1.5936429377135741,1.6664141351224815,-0.01909443461122648,0.19908641984544703,0.2,0.0,3.2940921623186803,2.2886655480433693
45.6,2.2424993759352034,1.613537904326093,1.674222519655625,-0.020648380036600328,0.1989312554674708,0.2,0.0,3.3140921623186808,2.3086655480433698
45.7,2.240452352856003,1.6334328709386117,1.6820309041887689,-0.022201066518696178,0.19876396213960024,0.2,0.0,3.3340921623186808,2.32866554804337
45.800000000000004,2.238405329776803,1.6533278375511304,1.6898392887219125,-0.02375239938935082,0.1985845500618031,0.2,0.0,3.3540921623186812,2.3486655480433702
45.900000000000006,2.2358744139769997,1.6731639778629255,1.6970792508003543,-0.025189508928162203,0.1984073805077776,0.2,0.0,3.3740921623186817,2.3686655480433707
46.0,2.233095042431496,1.6929699136856025,1.7040273551614902,-0.02656744499822347,0.19822757342576328,0.2,0.0,3.3940921623186804,2.3886655480433694
46.1,2.2303156708859926,1.7127758495082808,1.7109754595226268,-0.027944098499372884,0.1980381967173438,0.2,0.0,3.4140921623186804,2.4086655480433694
46.2,2.227536299340489,1.732581785330959,1.7179235638837633,-0.029319402972340966,0.19783925952486148,0.2,0.0,3.434092162318681,2.42866554804337
46.300000000000004,2.2247569277949855,1.7523877211536376,1.7248716682449,-0.030693292022983987,0.19763077145220032,0.2,0.0,3.454092162318681,2.44866554804337
46.400000000000006,2.221551973174803,1.7721268468678584,1.73125115505127,-0.031953441796745655,0.19743094376855416,0.2,0.0,3.4740921623186813,2.4686655480433704
46.5,2.2181287470670745,1.7918317072585161,1.7373390113701794,-0.033154773463686796,0.19723275842661536,0.2,0.0,3.49409216231868,2.488665548043369
46.6,2.2147055209593463,1.8115365676491755,1.7434268676890894,-0.034354876352389374,0.19702726326783315,0.2,0.0,3.51409216231868,2.508665548043369
46.7,2.211282294851618,1.8312414280398348,1.7495147240079993,-0.03555370598478394,0.1968144659082445,0.2,0.0,3.5340921623186805,2.5286655480433695
46.800000000000004,2.2078590687438893,1.8509462884304941,1.7556025803269093,-0.03675121792999041,0.19659437423451964,0.2,0.0,3.5540921623186805,2.5486655480433695
46.900000000000006,2.204068248087657,1.8705819187909862,1.7611216716090876,-0.03783567499219748,0.19638854777681108,0.2,0.0,3.5740921623186805,2.5686655480433696
47.0,2.200089059285347,1.8901820732923038,1.7663493080371093,-0.03886180125359729,0.19618807405988242,0.2,0.0,3.5940921623186797,2.5886655480433687
47.1,2.196109870483037,1.909782227793623,1.7715769444651315,-0.03988686549501405,0.19598223889164718,0.2,0.0,3.6140921623186797,2.6086655480433687
47.2,2.1921306816807267,1.929382382294942,1.7768045808931539,-0.04091083970336872,0.1957710478971936,0.2,0.0,3.6340921623186797,2.6286655480433687
47.300000000000004,2.1881514928784167,1.948982536796261,1.782032217321176,-0.04193369589537076,0.19555450684797468,0.2,0.0,3.65409216231868,2.648665548043369
47.400000000000006,2.1838621669524176,1.9685158452098372,1.7866909822128763,-0.04284428000519499,0.19535702616193884,0.2,0.0,3.67409216231868,2.668665548043369
47.5,2.1794140170426175,1.9880149211464018,1.7910584229232118,-0.04369707890509376,0.19516804373452643,0.2,0.0,3.6940921623186793,2.6886655480433683
47.6,2.1749658671328174,2.0075139970829676,1.7954258636335476,-0.04454904430470974,0.19497533857269492,0.2,0.0,3.71409216231868,2.708665548043369
47.7,2.1705177172230172,2.0270130730195333,1.7997933043438834,-0.04540015995322203,0.19477891435220052,0.2,0.0,3.73409216231868,2.728665548043369
47.800000000000004,2.166069567313217,2.046512148956099,1.8041607450542192,-0.04625040961601834,0.19457877481973856,0.2,0.0,3.7540921623186803,2.7486655480433693
47.900000000000006,2.161368103557641,2.065950809501621,1.8079592420771604,-0.046989181072064914,0.19440168945298986,0.2,0.0,3.7740921623186807,2.7686655480433697
48.0,2.156536973092051,2.0853585445169287,1.8114665072651335,-0.04767070894761038,0.19423569061434676,0.2,0.0,3.7940921623186794,2.7886655480433684
48.1,2.1517058426264604,2.1047662795322375,1.814973772453107,-0.04835165043069958,0.1940673025025788,0.2,0.0,3.81409216231868,2.808665548043369
48.2,2.14687471216087,2.1241740145475467,1.8184810376410805,-0.04903199714514175,0.19389652718901085,0.2,0.0,3.83409216231868,2.828665548043369
48.300000000000004,2.142043581695279,2.143581749562856,1.821988302829054,-0.04971174072206236,0.19372336677433222,0.2,0.0,3.8540921623186803,2.8486655480433694
48.400000000000006,2.1370153139880625,2.162938797931343,1.8249265798947993,-0.050280738236398115,0.1935764638648067,0.2,0.0,3.8740921623186804,2.8686655480433694
48.5,2.131886164238655,2.182269908164542,1.8275736857780758,-0.05079297887159983,0.19344268737108988,0.2,0.0,3.8940921623186795,2.8886655480433685
48.6,2.1267570144892467,2.2016010183977426,1.8302207916613522,-0.0513048635919941,0.19330755539245456,0.2,0.0,3.9140921623186795,2.9086655480433685
48.7,2.1216278647398386,2.220932128630943,1.8328678975446286,-0.051816388810719996,0.19317106887579283,0.2,0.0,3.9340921623186795,2.9286655480433685
48.800000000000004,2.1164987149904304,2.2402632388641437,1.8355150034279053,-0.05232755094343571,0.19303322877748832,0.2,0.0,3.95409216231868,2.948665548043369
48.900000000000006,2.1112280195703104,2.2595559515919192,1.8375930978393713,-0.052728578941059846,0.1929240704600036,0.2,0.0,3.9740921623186805,2.9686655480433695
49.0,2.1058849020905677,2.278829018177121,1.839380056658132,-0.05307324193964178,0.19282953868641664,0.2,0.0,3.994092162318679,2.988665548043368
49.1,2.1005417846108245,2.2981020847623244,1.8411670154768927,-0.0534177354636346,0.1927343911655031,0.2,0.0,4.01409216231868,3.008665548043369
49.2,2.0951986671310814,2.3173751513475276,1.8429539742956536,-0.05376205841299439,0.19263862820109,0.2,0.0,4.0340921623186805,3.0286655480433695
49.300000000000004,2.0898555496513382,2.336648217932731,1.8447409331144142,-0.05410620968822181,0.19254225009896964,0.2,0.0,4.054092162318681,3.04866554804337
49.400000000000006,2.0844260127229166,2.355897010268543,1.845958871567048,-0.05434067411052826,0.19247620927588263,0.2,0.0,4.074092162318681,3.0686655480433704
49.5,2.0789522624478405,2.3751333835734587,1.846885691584122,-0.054519041549364836,0.19242576259050823,0.2,0.0,4.09409216231868,3.088665548043369
49.6,2.073478512172764,2.3943697568783753,1.8478125116011963,-0.05469736215660195,0.1923751506123115,0.2,0.0,4.11409216231868,3.1086655480433687
49.7,2.068004761897687,2.413606130183292,1.8487393316182705,-0.054875635779063014,0.19232437338476793,0.2,0.0,4.13409216231868,3.128665548043369
49.800000000000004,2.0625310116226103,2.4328425034882084,1.8496661516353448,-0.05505386226361181,0.19227343095149485,0.2,0.0,4.154092162318681,3.1486655480433696
49.900000000000006,2.0570256646710137,2.452069843461183,1.8500239502179703,-0.05512265389922205,0.19225372045062375,0.2,0.0,4.174092162318681,3.16866554804337
50.0,2.051504152764434,2.4712925619542956,1.8500906357189244,-0.05513547431230709,0.19225004414136537,0.2,0.0,4.19409216231868,3.1886655480433688
50.1,2.0459826408578543,2.4905152804474096,1.8501573212198785,-0.0551482944802071,0.19224636697717948,0.2,0.0,4.21409216231868,3.2086655480433692
50.2,2.040461128951274,2.5097379989405235,1.8502240067208326,-0.05516111440286506,0.19224268895808247,0.2,0.0,4.23409216231868,3.228665548043369
50.300000000000004,2.0349396170446945,2.5289607174336375,1.850290692221787,-0.05517393408022401,0.19223901008409064,0.2,0.0,4.25409216231868,3.2486655480433693
50.400000000000006,2.0294412163536713,2.548190051644362,1.8497883564171202,-0.05507735858513655,0.19226670167058124,0.2,0.0,4.274092162318681,3.2686655480433697
50.5,2.023954639425601,2.5674227704748427,1.848994907710304,-0.05492478749806576,0.19231034220314913,0.2,0.0,4.294092162318679,3.2886655480433684
50.6,2.018468062497531,2.586655489305325,1.8482014590034879,-0.05477218183250085,0.1923538616646608,0.2,0.0,4.31409216231868,3.308665548043369
50.7,2.012981485569461,2.605888208135807,1.8474080102966717,-0.054619541684516375,0.19239726002771812,0.2,0.0,4.33409216231868,3.3286655480433693
50.800000000000004,2.007494908641391,2.6251209269662894,1.8466145615898555,-0.0544668671502086,0.19244053726499916,0.2,0.0,4.354092162318681,3.34866554804337
50.900000000000006,2.002086235856999,2.644375612290994,1.845252086274689,-0.05420462119519168,0.1925145683866179,0.2,0.0,4.374092162318681,3.3686655480433703
51.0,1.996717418456764,2.6636415355681926,1.8435984996912393,-0.05388620772571628,0.19260393717923047,0.2,0.0,4.39409216231868,3.388665548043369
51.1,1.9913486010565284,2.682907458845392,1.8419449131077894,-0.05356764691259835,0.1926927793256592,0.2,0.0,4.41409216231868,3.4086655480433694
51.2,1.985979783656293,2.702173382122592,1.8402913265243397,-0.05324893962689409,0.19278109458297873,0.2,0.0,4.434092162318681,3.42866554804337
51.300000000000004,1.9806109662560574,2.7214393053997914,1.8386377399408897,-0.05293008674006003,0.19286888270970443,0.2,0.0,4.454092162318681,3.4486655480433703
51.400000000000006,1.9753751270168616,2.740741540164099,1.8364151093859458,-0.05250128008164922,0.19298605024661297,0.2,0.0,4.474092162318682,3.468665548043371
51.5,1.9702073144169079,2.760062350523184,1.8339013772797461,-0.052015999488244584,0.19311741453643932,0.2,0.0,4.4940921623186805,3.4886655480433695
51.6,1.9650395018169542,2.77938316088227,1.8313876451735465,-0.05153039021376137,0.19324755854710685,0.2,0.0,4.51409216231868,3.508665548043369
51.7,1.9598716892170003,2.7987039712413555,1.8288739130673468,-0.05104445532668971,0.19337648145625563,0.2,0.0,4.5340921623186805,3.5286655480433695
51.800000000000004,1.9547038766170464,2.8180247816004416,1.826360180961147,-0.05055819789757715,0.19350418244924172,0.2,0.0,4.554092162318681,3.54866554804337
51.900000000000006,1.9497245742564295,2.8373945298375487,1.8232773688305994,-0.04996142155594163,0.19365912412305675,0.2,0.0,4.5740921623186805,3.5686655480433696
52.0,1.9448416924615661,2.8567893091705896,1.8199034795781983,-0.04930775399965017,0.19382658588416088,0.2,0.0,4.594092162318679,3.5886655480433682
52.1,1.939958810666702,2.8761840885036314,1.8165295903257972,-0.04865352516738206,0.19399184129438773,0.2,0.0,4.61409216231868,3.6086655480433687
52.2,1.9350759288718382,2.8955788678366736,1.8131557010733959,-0.0479987425063012,0.19415488847261558,0.2,0.0,4.63409216231868,3.628665548043369
52.300000000000004,1.9301930470769741,2.9149736471697154,1.8097818118209947,-0.047343413469875875,0.19431572556285912,0.2,0.0,4.65409216231868,3.6486655480433687
52.400000000000006,1.9255548081960814,2.934427550328677,1.8058387811716603,-0.04657685455856486,0.194500891050479,0.2,0.0,4.67409216231868,3.668665548043369
52.5,1.9210416678547588,2.9539116865491897,1.8016047191721454,-0.04575291068994297,0.1946963563177239,0.2,0.0,4.69409216231868,3.6886655480433688
52.6,1.9165285275134358,2.9733958227697035,1.7973706571726302,-0.04492814659725916,0.1948883312138908,0.2,0.0,4.714092162318679,3.7086655480433683
52.7,1.912015387172113,2.992879958990217,1.7931365951731149,-0.04410257706626903,0.19507681229739685,0.2,0.0,4.73409216231868,3.728665548043369
52.800000000000004,1.9075022468307903,3.0123640952107307,1.7889025331735997,-0.04327621689716752,0.19526179618929382,0.2,0.0,4.75409216231868,3.7486655480433693
52.900000000000006,1.9032905751707718,3.031914367131752,1.7840992364537984,-0.042337820932403146,0.1954674113981555,0.2,0.0,4.774092162318681,3.7686655480433697
53.0,1.8992329956672582,3.0514984435351113,1.7790049821286282,-0.04134151517110527,0.19568055376903776,0.2,0.0,4.794092162318679,3.7886655480433684
53.1,1.8951754161637442,3.0710825199384724,1.7739107278034578,-0.04034413654080918,0.1958886179612704,0.2,0.0,4.81409216231868,3.808665548043369
53.2,1.8911178366602304,3.0906665963418334,1.7688164734782874,-0.03934571092485777,0.1960915985753024,0.2,0.0,4.83409216231868,3.8286655480433693
53.300000000000004,1.8870602571567165,3.1102506727451944,1.763722219153117,-0.03834626423376464,0.19628949034350848,0.2,0.0,4.854092162318681,3.84866554804337
53.400000000000006,1.8833616917226577,3.1299039758845373,1.7580585982012005,-0.037233945899624386,0.19650351974645097,0.2,0.0,4.874092162318681,3.8686655480433703
53.5,1.8798465212573852,3.149592642081109,1.7521041279939935,-0.036063218383829344,0.1967217432817233,0.2,0.0,4.89409216231868,3.888665548043369
53.6,1.8763313507921124,3.1692813082776823,1.746149657786786,-0.03489121222460298,0.19693299192745162,0.2,0.0,4.91409216231868,3.9086655480433694
53.7,1.8728161803268397,3.1889699744742552,1.7401951875795787,-0.0337179689761395,0.19713725819368622,0.2,0.0,4.93409216231868,3.928665548043369
53.800000000000004,1.8693010098615672,3.2086586406708286,1.7342407173723713,-0.03254353023649474,0.19733453483804186,0.2,0.0,4.95409216231868,3.9486655480433694
53.900000000000006,1.8662030627518005,3.22841494445556,1.7277167034149212,-0.03125543354080181,0.19754264824127607,0.2,0.0,4.974092162318681,3.96866554804337
54.0,1.863318069765671,3.2482057710039873,1.720901989791201,-0.02990852163078901,0.19775105646711633,0.2,0.0,4.99409216231868,3.9886655480433686
54.1,1.8604330767795416,3.2679965975524166,1.7140872761674804,-0.02856022076478313,0.19795028110580407,0.2,0.0,5.01409216231868,4.0086655480433695
54.2,1.8575480837934122,3.2877874241008453,1.7072725625437597,-0.027210593558068003,0.19814031290531875,0.2,0.0,5.0340921623186805,4.028665548043369
54.300000000000004,1.8546630908072828,3.307578250649274,1.700457848920039,-0.025859702687522825,0.19832114304055665,0.2,0.0,5.054092162318681,4.04866554804337
54.400000000000006,1.8522540397934362,3.3274296764884475,1.6930733625697334,-0.024394511153897,0.19850669466182344,0.2,0.0,5.074092162318681,4.06866554804337
54.5,1.8500876507830524,3.347311999256566,1.6853983740166323,-0.022870271020751273,0.19868807388325396,0.2,0.0,5.09409216231868,4.08866554804337
54.6,1.8479212617726686,3.367194322024686,1.6777233854635305,-0.021344683710628573,0.19885774935187522,0.2,0.0,5.114092162318681,4.108665548043369
54.7,1.8457548727622846,3.3870766447928062,1.6700483969104287,-0.01981783908849384,0.19901571107292654,0.2,0.0,5.134092162318681,4.1286655480433705
54.800000000000004,1.8435884837519008,3.406958967560926,1.662373408357327,-0.018289827093374036,0.1991619497416474,0.2,0.0,5.1540921623186815,4.14866554804337
54.900000000000006,1.8419569944790304,3.426888629445816,1.6541283596104752,-0.016647124039111828,0.19930597899016084,0.2,0.0,5.174092162318682,4.168665548043371
55.0,1.8405978532354756,3.446842394380785,1.6455930606363938,-0.01494540219716764,0.19944080563707345,0.2,0.0,5.194092162318681,4.188665548043369
55.1,1.8392387119919205,3.466796159315756,1.6370577616623119,-0.013242591569427168,0.19956110284453066,0.2,0.0,5.214092162318681,4.208665548043371
55.2,1.8378795707483655,3.486749924250727,1.6285224626882298,-0.011538816207153885,0.19966686184877433,0.2,0.0,5.234092162318681,4.22866554804337
55.300000000000004,1.8365204295048105,3.5067036891856977,1.6199871637141476,-0.009834200231893039,0.1997580749451672,0.2,0.0,5.254092162318681,4.24866554804337
55.400000000000006,1.8357549824089034,3.5266845439755503,1.6108814519478951,-0.008014878220719975,0.19983933978850868,0.2,0.0,5.274092162318682,4.268665548043371
55.5,1.8352913061735663,3.5466791683618384,1.601485803082119,-0.006136931812892445,0.19990582299653983,0.2,0.0,5.29409216231868,4.288665548043369
55.6,1.8348276299382291,3.566673792748128,1.5920901542163426,-0.0042584436516482325,0.1999546590046497,0.2,0.0,5.314092162318681,4.30866554804337
55.7,1.834363953702892,3.586668417134417,1.5826945053505659,-0.0023795795653541317,0.19998584350171428,0.2,0.0,5.334092162318681,4.32866554804337
55.800000000000004,1.8339002774675548,3.6066630415207066,1.5732988564847892,-0.0005005054155626852,0.19999937373484197,0.2,0.0,5.354092162318682,4.348665548043371
55.900000000000006,1.8340883753402784,3.62665676890944,1.5633323704539885,0.0014927774074930096,0.19999442896143804,0.2,0.0,5.374092162318682,4.368665548043371
56.0,1.8346070845160358,3.6466500412976948,1.5530763282462638,0.0035438142442956763,0.19996860098675973,0.2,0.0,5.394092162318681,4.38866554804337
56.1,1.835125793691793,3.6666433136859506,1.5428202860385383,0.005594478323297072,0.19992173921885073,0.2,0.0,5.414092162318681,4.40866554804337
56.2,1.8356445028675505,3.6866365860742065,1.5325642438308127,0.007644553944412053,0.19985384858688857,0.2,0.0,5.434092162318682,4.428665548043371
56.300000000000004,1.8361632120433078,3.7066298584624624,1.522308201623087,0.009693825469452877,0.19976493623198188,0.2,0.0,5.454092162318682,4.448665548043371
56.400000000000006,1.837390345839197,3.726585797202798,1.5114808194568403,0.011856146308118378,0.19964827020217454,0.2,0.0,5.474092162318683,4.468665548043372
56.5,1.838975945958095,3.746522844934669,1.5003643364769026,0.014074754634346,0.1995041385084103,0.2,0.0,5.494092162318681,4.48866554804337
56.6,1.840561546076993,3.766459892666542,1.489247853496964,0.016291623673878118,0.19933535310643904,0.2,0.0,5.514092162318682,4.508665548043371
56.7,1.8421471461958911,3.786396940398414,1.4781313705170254,0.018506479477297562,0.19914193485390355,0.2,0.0,5.534092162318682,4.528665548043371
56.800000000000004,1.8437327463147895,3.8063339881302864,1.4670148875370868,0.020719048343972816,0.19892390765244916,0.2,0.0,5.554092162318683,4.548665548043372
56.900000000000006,1.8460810995460604,3.8261881622606726,1.4553264767349539,0.02304268446195224,0.19866815218546457,0.2,0.0,5.574092162318683,4.568665548043372
57.0,1.8488142974304176,3.8460005227794216,1.4433495015720184,0.0254204184060581,0.1983779280264338,0.2,0.0,5.594092162318682,4.588665548043371
57.1,1.851547495314775,3.8658128832981724,1.4313725264090817,0.02779450588725116,0.19805924730363783,0.2,0.0,5.614092162318682,4.608665548043371
57.2,1.8542806931991325,3.885625243816923,1.4193955512461454,0.030164606351657727,0.1977121557306215,0.2,0.0,5.634092162318682,4.6286655480433705
57.300000000000004,1.85701389108349,3.905437604335674,1.407418576083209,0.0325303798173269,0.19733670309635876,0.2,0.0,5.654092162318682,4.648665548043372
57.400000000000006,1.8605607672523525,3.9251118807651446,1.3948689935110854,0.035004246459162704,0.19691293185016112,0.2,0.0,5.674092162318683,4.668665548043371
57.5,1.8645168079836807,3.944716720517921,1.3820314707732904,0.03752916692148387,0.1964473507843244,0.2,0.0,5.6940921623186815,4.688665548043371
57.6,1.868472848715009,3.9643215602706983,1.3691939480354944,0.040047902587351476,0.19594939524875807,0.2,0.0,5.714092162318682,4.708665548043371
57.7,1.8724288894463375,3.9839264000234755,1.3563564252976985,0.04256003836981586,0.1954191473063983,0.2,0.0,5.7340921623186825,4.728665548043372
57.800000000000004,1.8763849301776658,4.003531239776253,1.3435189025599026,0.04506516026958651,0.19485669434196118,0.2,0.0,5.754092162318683,4.7486655480433715
57.900000000000006,1.881200893434524,4.02293266642088,1.330107994445565,0.047674234682528585,0.19423482526940217,0.2,0.0,5.7740921623186825,4.768665548043371
58.0,1.8864476111360526,4.042232198885694,1.3164098647593754,0.0503303326053334,0.1935635751370503,0.2,0.0,5.794092162318682,4.788665548043371
58.1,1.8916943288375818,4.0615317313505095,1.3027117350731847,0.05297698675476356,0.19285600554399548,0.2,0.0,5.814092162318682,4.80866554804337
58.2,1.896941046539111,4.080831263815326,1.289013605386994,0.05561370052368961,0.19211224925564058,0.2,0.0,5.834092162318682,4.828665548043372
58.300000000000004,1.90218776424064,4.100130796280141,1.2753154757008036,0.058239979170153736,0.19133244582730882,0.2,0.0,5.854092162318683,4.848665548043371
58.400000000000006,1.9083344911047888,4.119151177722603,1.2610430776291235,0.0609647276112201,0.19048176287322036,0.2,0.0,5.874092162318682,4.868665548043371
58.5,1.9149300749103677,4.138032339611204,1.2464842776386893,0.063731354646184,0.18957403417916263,0.2,0.0,5.894092162318682,4.88866554804337
58.6,1.9215256587159473,4.1569135014998055,1.2319254776482544,0.06648447350739854,0.18862612433712364,0.2,0.0,5.914092162318681,4.90866554804337
58.7,1.9281212425215266,4.175794663388407,1.2173666776578194,0.06922350065779406,0.18763823426125176,0.2,0.0,5.934092162318682,4.928665548043371
58.800000000000004,1.9347168263271062,4.1946758252770096,1.2028078776673843,0.07194785554710828,0.1866105733397024,0.2,0.0,5.954092162318681,4.948665548043371
58.900000000000006,1.9422446761201861,4.2131916002599485,1.1876738145752084,0.07476368462445461,0.1855003812971151,0.2,0.0,5.974092162318682,4.96866554804337
59.0,1.9502351632776205,4.231526051846697,1.1722542769416815,0.07761501357912255,0.18432555348380925,0.2,0.0,5.9940921623186805,4.98866554804337
59.1,1.9582256504350553,4.249860503433447,1.1568347393081535,0.08044788898763534,0.18310690090062992,0.2,0.0,6.014092162318681,5.0086655480433695
59.2,1.9662161375924903,4.268194955020197,1.1414152016746255,0.08326163731281622,0.18184471329128338,0.2,0.0,6.034092162318681,5.028665548043371
59.300000000000004,1.974206624749925,4.286529406606947,1.1259956640410975,0.08605558956509485,0.18053929075025177,0.2,0.0,6.054092162318682,5.04866554804337
59.400000000000006,1.9831519485856102,4.304401898094936,1.1099997502117973,0.08893234809533157,0.17913971492176373,0.2,0.0,6.074092162318681,5.06866554804337
59.5,1.992568469606716,4.3220464193936,1.0937194036126034,0.09183689042619972,0.17766818949053934,0.2,0.0,6.09409216231868,5.08866554804337
59.6,2.0019849906278226,4.3396909406922655,1.0774390570134085,0.09471709195578736,0.17614957420169636,0.2,0.0,6.114092162318681,5.108665548043369
59.7,2.011401511648929,4.357335461990932,1.0611587104142135,0.09757218930444633,0.1745842715548491,0.2,0.0,6.134092162318681,5.1286655480433705
59.800000000000004,2.020818032670036,4.374979983289597,1.0448783638150185,0.10040142574623706,0.17297269642380805,0.2,0.0,6.154092162318681,5.14866554804337
59.900000000000006,2.0312002555619935,4.392056096763495,1.0280204028727062,0.1033029883481599,0.17125563523090254,0.2,0.0,6.174092162318681,5.16866554804337
60.0,2.042056071785294,4.408853455309584,1.0108791720007764,0.10622320101480132,0.16945982286715963,0.2,0.0,6.19409216231868,5.188665548043369
60.1,2.052911888008595,4.425650813855675,0.9937379411288452,0.10911220375395561,0.16761422073307286,0.2,0.0,6.214092162318679,5.208665548043369
60.2,2.0637677042318963,4.4424481724017655,0.976596710256914,0.11196914773443377,0.16571937109349816,0.2,0.0,6.23409216231868,5.228665548043368
60.300000000000004,2.0746235204551975,4.459245530947856,0.9594554793849828,0.11479319354437828,0.16377583068292745,0.2,0.0,6.25409216231868,5.24866554804337
60.400000000000006,2.086442048394865,4.475358979343597,0.941735264288395,0.11767716220687169,0.16171606443064837,0.2,0.0,6.27409216231868,5.268665548043369
60.5,2.0987294402573653,4.491139346931753,0.9237330698513513,0.12056918116555451,0.15957152801508076,0.2,0.0,6.294092162318679,5.288665548043369
60.6,2.111016832119867,4.50691971451991,0.9057308754143062,0.12342212723926833,0.15737527921415695,0.2,0.0,6.314092162318679,5.308665548043368
60.7,2.1233042239823683,4.5227000821080665,0.8877286809772611,0.12623507587305882,0.15512802976678033,0.2,0.0,6.334092162318679,5.328665548043368
60.800000000000004,2.13559161584487,4.538480449696223,0.869726486540216,0.12900711547395233,0.15283050793964648,0.2,0.0,6.35409216231868,5.348665548043369
60.900000000000006,2.148822639469677,4.553453583183266,0.8511437995762642,0.13182468002856082,0.1504069603953473,0.2,0.0,6.37409216231868,5.368665548043369
61.0,2.162509724029062,4.568036577260759,0.8322805582955644,0.13463822220492414,0.1478937088638238,0.2,0.0,6.394092162318679,5.3886655480433685
61.1,2.1761968085884478,4.582619571338254,0.8134173170148631,0.13740385857759163,0.14532783507638583,0.2,0.0,6.4140921623186795,5.408665548043368
61.2,2.1898838931478335,4.597202565415748,0.7945540757341619,0.14012060510183197,0.14271025199997536,0.2,0.0,6.43409216231868,5.428665548043369
61.300000000000004,2.203570977707219,4.611785559493243,0.7756908344534608,0.14278749512847558,0.1400418910002845,0.2,0.0,6.45409216231868,5.448665548043369
61.400000000000006,2.2181220891209468,4.625479672464452,0.7562740997366781,0.14547956523882766,0.13724320055260184,0.2,0.0,6.47409216231868,5.468665548043369
61.5,2.2330872775740693,4.638747797221269,0.7365921083068836,0.14815243325460195,0.13435347602775569,0.2,0.0,6.494092162318679,5.488665548043368
61.6,2.248052466027193,4.652015921978087,0.7169101168770877,0.15076791171690931,0.13141170722778944,0.2,0.0,6.514092162318679,5.508665548043368
61.7,2.2630176544803176,4.6652840467349055,0.6972281254472918,0.15332498747235238,0.12841903370062785,0.2,0.0,6.53409216231868,5.528665548043369
61.800000000000004,2.278161026638575,4.67833136621258,0.6776883374583071,0.1558048394294319,0.125398771965155,0.2,0.0,6.554092162318679,5.548665548043369
61.900000000000006,2.2942909604469097,4.690156138317731,0.6589358967809541,0.15812884074596634,0.1224551743469292,0.2,0.0,6.57409216231868,5.568665548043368
62.0,2.3104208942552438,4.70198091042288,0.6401834561036023,0.1603972370476843,0.11946851613487536,0.2,0.0,6.594092162318678,5.588665548043368
62.1,2.326550828063579,4.71380568252803,0.6214310154262491,0.16260923066725763,0.11643984756861635,0.2,0.0,6.614092162318679,5.608665548043367
62.2,2.342680761871914,4.72563045463318,0.6026785747488961,0.16476404377100684,0.11337023366045317,0.2,0.0,6.634092162318679,5.628665548043369
62.300000000000004,2.3589605262781888,4.737230979180543,0.5843349424367531,0.16681582917190643,0.11032895874469828,0.2,0.0,6.65409216231868,5.648665548043368
62.400000000000006,2.376058286618167,4.747607230495767,0.5682231878919337,0.16857169408994369,0.10762705956982405,0.2,0.0,6.67409216231868,5.66866554804337
62.5,2.3931560469581443,4.75798348181099,0.5521114333471153,0.17028380065870435,0.10489722223789649,0.2,0.0,6.694092162318679,5.688665548043367
62.6,2.4102538072981226,4.768359733126213,0.5359996788022959,0.1719517044443966,0.10214015536833139,0.2,0.0,6.714092162318679,5.708665548043369
62.7,2.427351567638101,4.778735984441438,0.5198879242574765,0.1735749724875202,0.09935657464887063,0.2,0.0,6.73409216231868,5.728665548043368
62.800000000000004,2.444561737128773,4.78891056112665,0.504188438235727,0.17511336515875586,0.09661940458715443,0.2,0.0,6.75409216231868,5.74866554804337
62.900000000000006,2.4623793158803,4.797995377439219,0.4907166687061489,0.1763990698406756,0.09425162152103513,0.2,0.0,6.77409216231868,5.768665548043369
63.0,2.480196894631826,4.807080193751788,0.4772448991765717,0.17765276059109408,0.09186673312120887,0.2,0.0,6.7940921623186785,5.788665548043367
63.1,2.4980144733833534,4.816165010064358,0.4637731296469935,0.17887420988290575,0.08946517221112466,0.2,0.0,6.814092162318679,5.808665548043368
63.2,2.5158320521348805,4.825249826376927,0.4503013601174154,0.18006319604037269,0.08704737464005635,0.2,0.0,6.834092162318679,5.828665548043368
63.300000000000004,2.53373112313809,4.834162055242387,0.4372442629813272,0.18118440070138073,0.08468891865221516,0.2,0.0,6.854092162318679,5.848665548043368
63.400000000000006,2.5520674018517115,4.842148348684052,0.42641189229452076,0.18209113451250528,0.08272133178297308,0.2,0.0,6.8740921623186795,5.868665548043369
63.5,2.570403680565332,4.850134642125718,0.41557952160771505,0.1829765019124577,0.08074403846650456,0.2,0.0,6.894092162318678,5.888665548043367
63.6,2.5887399592789535,4.858120935567383,0.4047471509209086,0.18384039901301774,0.07875727071664193,0.2,0.0,6.914092162318679,5.908665548043368
63.7,2.607076237992575,4.866107229009049,0.3939147802341022,0.18468272444527079,0.07676126165893954,0.2,0.0,6.934092162318678,5.928665548043368
63.800000000000004,2.6254691302678834,4.873954607061719,0.3834986218109952,0.18547224883861366,0.0748334478074302,0.2,0.0,6.954092162318679,5.948665548043367
63.900000000000006,2.6441643582508685,4.881060129608599,0.375305178679793,0.1860791600032436,0.07331129662260293,0.2,0.0,6.974092162318679,5.968665548043369
64.0,2.6628595862338527,4.888165652155479,0.36711173554859144,0.1866735792766243,0.07178422389392995,0.2,0.0,6.994092162318679,5.988665548043368
64.10000000000001,2.681554814216839,4.895271174702359,0.35891829241738876,0.1872554667541211,0.07025233213706321,0.2,0.0,7.01409216231868,6.0086655480433695
64.2,2.7002500421998232,4.902376697249239,0.3507248492861872,0.1878247833723853,0.06871572419116699,0.2,0.0,7.03409216231868,6.028665548043369
64.3,2.718982119613277,4.909380010841165,0.3429484862171391,0.18835345738179032,0.06725306753097658,0.2,0.0,7.054092162318678,6.048665548043367
64.4,2.737910467928136,4.9158389294868385,0.33739361419182695,0.18872413167751417,0.06620575596251659,0.2,0.0,7.07409216231868,6.068665548043368
64.5,2.7568388162429924,4.922297848132511,0.33183874216651554,0.18908898260256335,0.06515640151456728,0.2,0.0,7.094092162318678,6.088665548043368
64.60000000000001,2.775767164557852,4.928756766778185,0.3262838701412034,0.18944799889890665,0.064105036566559,0.2,0.0,7.11409216231868,6.108665548043369
64.7,2.7946955128727082,4.935215685423858,0.320728998115892,0.1898011694885491,0.06305169355995963,0.2,0.0,7.134092162318678,6.128665548043367
64.8,2.8136448319925744,4.94161095009891,0.3155915935275387,0.19012258542488167,0.062075780392666674,0.2,0.0,7.154092162318677,6.1486655480433665
64.9,2.8327057125427784,4.947667585522223,0.3126750509596702,0.19030282321241176,0.0615210165503266,0.2,0.0,7.174092162318679,6.168665548043368
65.0,2.8517665930929796,4.953724220945535,0.3097585083918021,0.19048144224330374,0.06096572939702231,0.2,0.0,7.194092162318678,6.188665548043367
65.10000000000001,2.8708274736431836,4.959780856368847,0.3068419658239336,0.19065844099818582,0.06040992365614528,0.2,0.0,7.214092162318679,6.208665548043369
65.2,2.889888354193385,4.9658374917921595,0.30392542325606553,0.1908338179714686,0.059853604055498555,0.2,0.0,7.234092162318679,6.228665548043368
65.3,2.9089568004248907,4.971869983306466,0.30142322176988134,0.19098298618608198,0.059375912518855926,0.2,0.0,7.254092162318678,6.248665548043366
65.4,2.928065481341756,4.977774076261145,0.30112450763415766,0.19100071408949032,0.05931886055298751,0.2,0.0,7.274092162318679,6.2686655480433675
65.5,2.947174162258619,4.983678169215824,0.30082579349843397,0.1910184249498793,0.05926180329408923,0.2,0.0,7.294092162318678,6.288665548043367
65.60000000000001,2.966282843175484,4.989582262170503,0.3005270793627103,0.19103611876566862,0.059204740747252266,0.2,0.0,7.31409216231868,6.308665548043368
65.7,2.985391524092347,4.9954863551251805,0.3002283652269866,0.19105379553527943,0.05914767291756834,0.2,0.0,7.3340921623186786,6.328665548043368
65.8,3.0045013635098203,5.001386693023044,0.29971768347025285,0.1910839762584602,0.059050097521140765,0.2,0.0,7.354092162318677,0.004710115814681615
65.9,3.0236149636289125,5.007274841330237,0.2985189166421961,0.1911546262417835,0.05882099001516431,0.2,0.0,7.3740921623186795,0.024710115814683853
66.0,3.0427285637480024,5.013162989637429,0.29732014981413946,0.1912250015279309,0.05859179798097028,0.2,0.0,7.394092162318678,0.04471011581468254
66.10000000000001,3.061842163867095,5.019051137944622,0.29612138298608265,0.19129510201577016,0.05836252174791712,0.2,0.0,7.41409216231868,0.06471011581468478
66.2,3.080955763986185,5.024939286251814,0.29492261615802606,0.19136492760456392,0.058133161645484446,0.2,0.0,7.434092162318679,0.08471011581468346
66.3,3.1000922709978607,5.030750767704676,0.2926881225040839,0.19149434793855177,0.05770541315672977,0.2,0.0,7.454092162318678,0.10471011581468215
66.4,3.119303134123827,5.036313387407249,0.287091644157221,0.19181429449974166,0.056632821098426434,0.2,0.0,7.47409216231868,0.12471011581468439
66.5,3.1385139972497904,5.041876007109822,0.28149516581035894,0.1921282333435958,0.05555845527252179,0.2,0.0,7.494092162318679,0.14471011581468307
66.60000000000001,3.157724860375757,5.047438626812395,0.27589868746349605,0.1924361546373964,0.054482349328677605,0.2,0.0,7.51409216231868,0.16471011581468442
66.7,3.1769357235017206,5.0530012465149685,0.27030220911663394,0.19273804873689818,0.05340453697105765,0.2,0.0,7.53409216231868,0.184710115814684
66.8,3.196194231665315,5.058386450528128,0.2636691197988944,0.19308804318635675,0.05212492281494168,0.2,0.0,7.554092162318678,0.20471011581468268
66.9,3.2156072548750494,5.063196287308974,0.2536742534744484,0.1935993717360911,0.05019246221685898,0.2,0.0,7.57409216231868,0.22471011581468403
67.0,3.2350202780847805,5.068006124089821,0.24367938715000384,0.19409136038207797,0.048254987566409495,0.2,0.0,7.594092162318678,0.24471011581468272
67.10000000000001,3.254433301294515,5.072815960870668,0.23368452082555788,0.19456395997636333,0.04631269241057019,0.2,0.0,7.61409216231868,0.26471011581468407
67.2,3.2738463245042464,5.077625797651514,0.2236896545011133,0.19501712330789167,0.04436577077787088,0.2,0.0,7.634092162318679,0.28471011581468364
67.3,3.2933200460958254,5.082154158777494,0.2126555965143132,0.19549477627242484,0.042211283446426585,0.2,0.0,7.654092162318678,0.3047101158146823
67.4,3.312990046318996,5.085772320081326,0.19826113399552922,0.19608211106427575,0.039392965369175165,0.2,0.0,7.674092162318679,0.3247101158146837
67.5,3.3326600465421636,5.089390481385157,0.1838666714767473,0.19662881823614542,0.03656648518872021,0.2,0.0,7.694092162318679,0.34471011581468325
67.60000000000001,3.352330046765334,5.093008642688989,0.16947220895796333,0.19713478451196254,0.03373242854320014,0.2,0.0,7.71409216231868,0.3647101158146846
67.7,3.372000046988502,5.096626803992821,0.15507774643918143,0.1975999050570459,0.0308913826405756,0.2,0.0,7.73409216231868,0.3847101158146842
67.8,3.3917251323115245,5.099855299498334,0.1396389263781091,0.1980532634000136,0.02783711293587812,0.2,0.0,7.7540921623186785,0.40471011581468286
67.9,3.4116272829729546,5.101831254722978,0.12084312734942168,0.19854147007079936,0.024109845750769257,0.2,0.0,7.77409216231868,0.4247101158146842
68.0,3.4315294336343825,5.10380720994762,0.10204732832073693,0.1989595376667622,0.020374061240416595,0.2,0.0,7.7940921623186785,0.4447101158146829
68.10000000000001,3.4514315842958125,5.105783165172263,0.08325152929204953,0.19930731849646832,0.016631079151616556,0.2,0.0,7.814092162318681,0.46471011581468513
68.2,3.47133373495724,5.1077591203969055,0.06445573026336479,0.1995846896988065,0.012882221773868172,0.2,0.0,7.834092162318679,0.4847101158146838
68.3,3.4912592593474376,5.1092473654683825,0.04463192044606064,0.19980083223301037,0.008923420812471564,0.2,0.0,7.854092162318678,0.5047101158146825
68.4,3.5112591581228854,5.109183733936106,0.02153701635091851,0.19995361748556228,0.004307070284711316,0.2,0.0,7.8740921623186795,0.5247101158146839
68.5,3.5312590568983304,5.10912010240383,-0.001557887744220339,0.19999975729862673,-0.000311577422810226,0.2,0.0,7.894092162318678,0.5447101158146825
68.60000000000001,3.5512589556737786,5.109056470871555,-0.024652791839362476,0.19993922706349343,-0.004930058950237222,0.2,0.0,7.9140921623186795,0.5647101158146839
68.7,3.5712588544492236,5.108992839339279,-0.047747695934501316,0.1997720590640171,-0.009545911026343504,0.2,0.0,7.934092162318678,0.5847101158146826
68.8,3.591187896609265,5.107799637251883,-0.07164736519961046,0.19948688506200946,-0.014317216498210723,0.2,0.0,7.954092162318677,0.6047101158146813
68.9,3.611038968722076,5.10536346484993,-0.09643259155713169,0.19907079593815205,-0.019256640531271903,0.2,0.0,7.974092162318678,0.6247101158146826
69.0,3.6308900408348843,5.102927292447977,-0.12121781791464939,0.19853242240236074,-0.024184235672243544,0.2,0.0,7.994092162318677,0.6447101158146813
69.10000000000001,3.650741112947695,5.100491120046024,-0.14600304427217062,0.19787209516457654,-0.029096975017701948,0.2,0.0,8.014092162318677,0.6647101158146818
69.2,3.6705921850605034,5.098054947644071,-0.17078827062968832,0.19709021984797293,-0.03399184078977924,0.2,0.0,8.034092162318677,0.6847101158146813
69.3,3.6902309018267427,5.094471420901402,-0.1951802482462871,0.1962025455069621,-0.03878867278714852,0.2,0.0,8.054092162318675,0.7047101158146791
69.4,3.7096389176107896,5.089641418486675,-0.21914500388688082,0.19521673561758454,-0.04347903097832453,0.2,0.0,8.074092162318678,0.7247101158146823
69.5,3.7290469333948333,5.084811416071949,-0.24310975952747116,0.19411881626547708,-0.04814441994343641,0.2,0.0,8.094092162318676,0.74471011581468
69.60000000000001,3.7484549491788797,5.0799814136572214,-0.2670745151680649,0.19290941796599093,-0.05278216043345161,0.2,0.0,8.114092162318677,0.7647101158146814
69.7,3.767862964962924,5.075151411242494,-0.2910392708086552,0.19158923525483387,-0.05738958907735723,0.2,0.0,8.134092162318677,0.784710115814681
69.8,3.7869326631329048,5.069238332038271,-0.3146083753294204,0.1901835275545346,-0.06188881843203656,0.2,0.0,8.154092162318676,0.8047101158146805
69.9,3.8056391879597244,5.06216260388467,-0.3377527607875657,0.1887003419347416,-0.06627353132066825,0.2,0.0,8.174092162318678,0.8247101158146819
70.0,3.824345712786541,5.055086875731071,-0.3608971462457078,0.18711608111524528,-0.07062274554329472,0.2,0.0,8.194092162318675,0.8447101158146797
70.10000000000001,3.8430522376133607,5.04801114757747,-0.3840415317038532,0.18543159368739937,-0.07493413149260646,0.2,0.0,8.214092162318678,0.8647101158146828
70.2,3.8617587624401772,5.040935419423871,-0.40718591716199526,0.1836477819278056,-0.07920537982357745,0.2,0.0,8.234092162318676,0.8847101158146806
70.3,3.8800176933854855,5.032853139203284,-0.4299324127210631,0.1817987845523944,-0.08336187339108977,0.2,0.0,8.254092162318676,0.9047101158146802
70.4,3.8978014774762153,5.0237023456084975,-0.45225652508450725,0.17989266001044685,-0.08739926129187697,0.2,0.0,8.274092162318677,0.9247101158146815
70.5,3.9155852615669424,5.014551552013714,-0.4745806374479482,0.17789688680763963,-0.09139309418194491,0.2,0.0,8.294092162318677,0.9447101158146811
70.60000000000001,3.933369045657672,5.0054007584189275,-0.49690474981139243,0.17581245952815927,-0.09534138175346193,0.2,0.0,8.314092162318678,0.9647101158146825
70.7,3.9511528297483998,4.996249964824143,-0.5192288621748334,0.17364041693653542,-0.09924215639588926,0.2,0.0,8.334092162318676,0.9847101158146803
70.8,3.9683969228699696,4.986178032536164,-0.5411530036485553,0.17142306213891517,-0.10302491818447433,0.2,0.0,8.354092162318675,1.0047101158146798
70.9,3.9850740178112973,4.97513835390325,-0.5626569365592656,0.16916815882552141,-0.10668708468968101,0.2,0.0,8.374092162318677,1.0247101158146812
71.0,4.001751112752623,4.964098675270339,-0.5841608694699728,0.16683503193360352,-0.11029991894699423,0.2,0.0,8.394092162318675,1.044710115814679
71.10000000000001,4.018428207693951,4.953058996637425,-0.6056648023806831,0.1644247603040958,-0.11386175037711584,0.2,0.0,8.414092162318676,1.0647101158146803
71.2,4.035105302635277,4.942019318004514,-0.6271687352913903,0.16193845844976185,-0.11737093198451974,0.2,0.0,8.434092162318676,1.08471011581468
71.3,4.051167734529217,4.930149676080963,-0.6482707683055446,0.15942582305998945,-0.12076177765189174,0.2,0.0,8.454092162318673,1.1047101158146777
71.4,4.0665905903793735,4.917416431505232,-0.6689546119606213,0.1568940817583583,-0.12403325001466979,0.2,0.0,8.474092162318675,1.124710115814679
71.5,4.082013446229527,4.904683186929503,-0.6896384556156951,0.1542952202058539,-0.1272516601920268,0.2,0.0,8.494092162318674,1.1447101158146786
71.60000000000001,4.097436302079683,4.891949942353772,-0.7103222992707717,0.15163035021139423,-0.13041563132834172,0.2,0.0,8.514092162318676,1.16471011581468
71.7,4.112859157929837,4.879216697778044,-0.7310061429258455,0.14890061182271516,-0.13352380985734755,0.2,0.0,8.534092162318675,1.1847101158146796
71.8,4.127608995817866,4.865747595641443,-0.7512863038625873,0.14616229384555368,-0.13651587401399892,0.2,0.0,8.554092162318673,1.2047101158146774
71.9,4.141664747285993,4.851519600327053,-0.7711501450151476,0.1434219076949561,-0.1393920958775622,0.2,0.0,8.574092162318676,1.2247101158146805
72.0,4.155720498754118,4.837291605012664,-0.7910139861677049,0.14062493310953686,-0.14221331930567646,0.2,0.0,8.594092162318674,1.2447101158146783
72.10000000000001,4.169776250222245,4.823063609698274,-0.8108778273202653,0.13777247366138232,-0.14497843115865103,0.2,0.0,8.614092162318675,1.2647101158146796
72.2,4.18383200169037,4.808835614383886,-0.8307416684728226,0.13486565481464424,-0.14768634043613252,0.2,0.0,8.634092162318675,1.2847101158146792
72.3,4.197172129334788,4.7939663012794425,-0.8502001844773751,0.1319665475973394,-0.1502825016934412,0.2,0.0,8.654092162318673,1.304710115814677
72.4,4.2097802684093155,4.778441004854658,-0.8692441064374047,0.12908082285785694,-0.15276825969532598,0.2,0.0,8.674092162318676,1.3247101158146801
72.5,4.222388407483842,4.762915708429875,-0.8882880283974316,0.12614828566678296,-0.1551986147597063,0.2,0.0,8.694092162318674,1.344710115814678
72.60000000000001,4.23499654655837,4.747390412005091,-0.9073319503574612,0.12316999953806283,-0.15757268549400816,0.2,0.0,8.714092162318677,1.364710115814681
72.7,4.247604685632896,4.731865115580308,-0.9263758723174881,0.1201470445769535,-0.15988961091773146,0.2,0.0,8.734092162318674,1.3847101158146788
72.8,4.2594692050460115,4.715791335118945,-0.9450129613045708,0.11714647477428233,-0.16210090514231695,0.2,0.0,8.754092162318674,1.4047101158146784
72.9,4.270578820938524,4.699160747795554,-0.9632370439397373,0.11417304536064754,-0.1642087565054785,0.2,0.0,8.774092162318675,1.4247101158146798
73.0,4.2816884368310335,4.682530160472166,-0.9814611265749013,0.11116169816570112,-0.1662620728275621,0.2,0.0,8.794092162318675,1.4447101158146793
73.10000000000001,4.292798052723546,4.665899573148775,-0.9996852092100679,0.1081134332819249,-0.16826017218579914,0.2,0.0,8.814092162318676,1.4647101158146807
73.2,4.303907668616056,4.649268985825387,-1.0179092918452317,0.10502926306246214,-0.170202390995415,0.2,0.0,8.834092162318676,1.4847101158146803
73.3,4.314258951566151,4.632179262636507,-1.0357251625052268,0.10198045170871269,-0.1720464689242035,0.2,0.0,8.854092162318674,1.504710115814678
73.4,4.32384569882939,4.614626648104454,-1.0531294822416613,0.09897080604471119,-0.17379522303809206,0.2,0.0,8.874092162318675,1.5247101158146794
73.5,4.333432446092629,4.597074033572404,-1.0705338019780934,0.09593118185640308,-0.17549133410978937,0.2,0.0,8.894092162318675,1.544710115814679
73.60000000000001,4.343019193355868,4.5795214190403515,-1.0879381217145279,0.09286249985415919,-0.17713428838267392,0.2,0.0,8.914092162318676,1.5647101158146803
73.7,4.352605940619107,4.561968804508301,-1.10534244145096,0.08976568955004222,-0.1787235882014611,0.2,0.0,8.934092162318674,1.5847101158146781
73.8,4.361431482041369,4.544041488548896,-1.1223372932558187,0.08671549188924049,-0.18022326005931386,0.2,0.0,8.954092162318673,1.6047101158146777
73.9,4.369494415834135,4.5257387811356855,-1.1389219230788665,0.0837147675791973,-0.18163655383529215,0.2,0.0,8.974092162318675,1.624710115814679
74.0,4.377557349626899,4.507436073722479,-1.1555065529019122,0.08069101805458595,-0.18299988963197353,0.2,0.0,8.994092162318672,1.6447101158146769
74.10000000000001,4.385620283419665,4.48913336630927,-1.1720911827249598,0.07764507497848756,-0.18431289247251548,0.2,0.0,9.014092162318676,1.66471011581468
74.2,4.39368321721243,4.470830658896063,-1.1886758125480055,0.07457777611818002,-0.1855752012238344,0.2,0.0,9.034092162318673,1.6847101158146778
74.3,4.400992419656457,4.452231674699564,-1.2048498357568938,0.07156665484551426,-0.1867570986983441,0.2,0.0,9.054092162318673,1.7047101158146774
74.4,4.407550814690681,4.4333375630619365,-1.220614845211826,0.06861365613095399,-0.18786209354828132,0.2,0.0,9.074092162318674,1.7247101158146787
74.5,4.414109209724904,4.414443451424312,-1.2363798546667557,0.06564360483866026,-0.1889203989615357,0.2,0.0,9.094092162318674,1.7447101158146783
74.60000000000001,4.420667604759128,4.395549339786685,-1.252144864121688,0.06265723911659553,-0.18993175191706566,0.2,0.0,9.114092162318675,1.7647101158146796
74.7,4.427225999793351,4.37665522814906,-1.2679098735766177,0.05965530116735551,-0.19089590106294088,0.2,0.0,9.134092162318673,1.7847101158146774
74.8,4.433046995174081,4.3575364639051655,-1.2832632492412994,0.05671748881333784,-0.19178927619319308,0.2,0.0,9.154092162318673,1.804710115814677
74.9,4.438137242929557,4.338195073629699,-1.298208704433994,0.05384488320794049,-0.1926154940608965,0.2,0.0,9.174092162318674,1.8247101158146783
75.0,4.443227490685032,4.318853683354234,-1.3131541596266862,0.05096025067625968,-0.19339868885546452,0.2,0.0,9.194092162318672,1.8447101158146761
75.10000000000001,4.448317738440509,4.2995122930787675,-1.3280996148193807,0.04806423553695113,-0.1941386856405711,0.2,0.0,9.214092162318673,1.8647101158146775
75.2,4.453407986195985,4.280170902803304,-1.343045070012073,0.04515748465111969,-0.1948353191287039,0.2,0.0,9.234092162318673,1.884710115814677
75.3,4.457784579267477,4.260669166828634,-1.3575779699820347,0.042321293455140636,-0.19547099048268998,0.2,0.0,9.25409216231867,1.9047101158146749
75.4,4.461457237369233,4.241009269004187,-1.371703933579625,0.039555946802943484,-0.1960492975568204,0.2,0.0,9.274092162318672,1.9247101158146762
75.5,4.465129895470989,4.221349371179744,-1.3858298971772134,0.03678270717573392,-0.19658848504636334,0.2,0.0,9.294092162318671,1.9447101158146758
75.60000000000001,4.468802553572745,4.201689473355297,-1.3999558607748037,0.03400212794444147,-0.1970884453621009,0.2,0.0,9.314092162318673,1.9647101158146771
75.7,4.4724752116745,4.182029575530854,-1.4140818243723923,0.031214763944538357,-0.19754907874218688,0.2,0.0,9.33409216231867,1.984710115814675
75.8,4.475464009459116,4.162266044579183,-1.4277944112997054,0.02850300523533207,-0.19795852770859515,0.2,0.0,9.35409216231867,2.0047101158146745
75.9,4.477781058214592,4.1424007158614184,-1.4411009425311914,0.025866418250721175,-0.1983202672620193,0.2,0.0,9.374092162318671,2.024710115814676
76.0,4.480098106970067,4.122535387143658,-1.4544074737626755,0.02322525132806947,-0.19864689199871216,0.2,0.0,9.394092162318671,2.0447101158146754
76.10000000000001,4.482415155725544,4.102670058425893,-1.4677140049941615,0.020579972115457434,-0.1989383440861188,0.2,0.0,9.414092162318672,2.064710115814677
76.2,4.484732204481019,4.0828047297081325,-1.4810205362256454,0.017931048989093833,-0.19919457191939424,0.2,0.0,9.434092162318672,2.0847101158146764
76.3,4.4863999777762205,4.0628848138552955,-1.4939129635695703,0.015361528404255746,-0.19940918595963741,0.2,0.0,9.45409216231867,2.104710115814674
76.4,4.487432322092468,4.042911474995386,-1.506400118226399,0.012870342132054985,-0.19958545611693215,0.2,0.0,9.474092162318671,2.1247101158146755
76.5,4.488464666408716,4.02293813613548,-1.5188872728832263,0.01037714902594897,-0.1997306055117574,0.2,0.0,9.49409216231867,2.144710115814675
76.60000000000001,4.489497010724965,4.00296479727557,-1.5313744275400551,0.007882337842071697,-0.19984461151140265,0.2,0.0,9.514092162318672,2.1647101158146764
76.7,4.490529355041213,3.9829914584156634,-1.5438615821968824,0.005386297588860423,-0.1999274563392538,0.2,0.0,9.53409216231867,2.1847101158146742
76.80000000000001,4.490950662317817,3.9630050101670253,-1.5559339942282122,0.0029723570837212145,-0.19997791151366406,0.2,0.0,9.554092162318673,2.2047101158146774
76.9,4.490775902721302,3.9430057737045154,-1.5676018246648231,0.0006388993393687399,-0.19999897951648193,0.2,0.0,9.57409216231867,2.224710115814675
77.0,4.490601143124787,3.9230065372420055,-1.579269655101434,-0.0016946453826458905,-0.19999282031369797,0.2,0.0,9.59409216231867,2.2447101158146747
77.10000000000001,4.4904263835282725,3.903007300779493,-1.5909374855380467,-0.004027959401192454,-0.19995943474380584,0.2,0.0,9.614092162318672,2.264710115814676
77.2,4.490251623931758,3.883008064316983,-1.6026053159746576,-0.006360725066546873,-0.19989882735180764,0.2,0.0,9.63409216231867,2.284710115814674
77.30000000000001,4.489506714502993,3.863029864428358,-1.6138578477797967,-0.008609642818894966,-0.19981459919267924,0.2,0.0,9.654092162318673,2.304710115814677
77.4,4.4882071987894205,3.8430721276100175,-1.6247064029141365,-0.010776793360881613,-0.19970944075044839,0.2,0.0,9.67409216231867,2.324710115814675
77.5,4.486907683075847,3.823114390791677,-1.6355549580484763,-0.012942675582119686,-0.19958077850528594,0.2,0.0,9.69409216231867,2.3447101158146744
77.60000000000001,4.485608167362273,3.8031566539733337,-1.6464035131828176,-0.015107034579943363,-0.19942862759945074,0.2,0.0,9.714092162318671,2.3647101158146757
77.7,4.484308651648701,3.7831989171549933,-1.6572520683171574,-0.017269615630954027,-0.19925300593958203,0.2,0.0,9.734092162318671,2.3847101158146753
77.80000000000001,4.4824816538820516,3.7632893758223585,-1.6676848458019489,-0.019347400367035847,-0.19906199561703794,0.2,0.0,9.754092162318674,2.4047101158146784
77.9,4.480142810951052,3.7434266012492015,-1.6777141711159467,-0.02134285136530021,-0.19885794602076806,0.2,0.0,9.774092162318672,2.424710115814676
78.0,4.477803968020052,3.723563826676044,-1.6877434964299445,-0.02333615556035258,-0.1986338939951161,0.2,0.0,9.794092162318671,2.444710115814676
78.10000000000001,4.475465125089053,3.703701052102884,-1.6977728217439438,-0.025327112452654805,-0.1983898620766963,0.2,0.0,9.814092162318673,2.464710115814677
78.2,4.473126282158053,3.6838382775297265,-1.7078021470579416,-0.02731552177877481,-0.1981258748118309,0.2,0.0,9.834092162318672,2.4847101158146767
78.30000000000001,4.470303673587713,3.6640442965731834,-1.717415286951229,-0.029218842057437584,-0.1978541363449916,0.2,0.0,9.854092162318674,2.504710115814678
78.4,4.4670126231129155,3.6443169301302882,-1.7266254244912431,-0.031039840844151123,-0.19757663900463984,0.2,0.0,9.874092162318671,2.524710115814676
78.5,4.463721572638118,3.6245895636873926,-1.735835562031257,-0.03285820664427361,-0.19728238202161444,0.2,0.0,9.894092162318671,2.5447101158146754
78.60000000000001,4.46043052216332,3.6048621972444943,-1.7450456995712726,-0.034673785213046426,-0.19697139035656808,0.2,0.0,9.914092162318672,2.564710115814677
78.7,4.457139471688523,3.5851348308015987,-1.7542558371112866,-0.03648642254213979,-0.19664369038969046,0.2,0.0,9.93409216231867,2.5847101158146746
78.80000000000001,4.45340882097156,3.5654907798209132,-1.7630494469682179,-0.03821419745624659,-0.1963152442190239,0.2,0.0,9.954092162318672,2.604710115814676
78.9,4.449253246516834,3.5459272627303897,-1.7714404353454463,-0.03986011176055143,-0.19598768198648697,0.2,0.0,9.974092162318671,2.6247101158146755
79.0,4.445097672062109,3.5263637456398667,-1.7798314237226749,-0.04150321958323235,-0.19564632059976494,0.2,0.0,9.994092162318669,2.6447101158146733
79.10000000000001,4.440942097607383,3.5068002285493405,-1.7882224120999046,-0.04314340523590564,-0.19529118409352336,0.2,0.0,10.014092162318672,2.6647101158146764
79.2,4.436786523152658,3.4872367114588174,-1.7966134004771332,-0.04478055323593194,-0.1949222974723104,0.2,0.0,10.03409216231867,2.6847101158146742
79.30000000000001,4.432235488666169,3.4677654783348433,-1.8045875786822034,-0.04633345816477115,-0.19455901586534974,0.2,0.0,10.054092162318671,2.7047101158146756
79.4,4.427302757451115,3.4483833173934006,-1.812159453073062,-0.04780529229928573,-0.19420261076561215,0.2,0.0,10.07409216231867,2.724710115814675
79.5,4.422370026236061,3.4290011564519585,-1.8197313274639206,-0.04927438561260086,-0.19383507144606393,0.2,0.0,10.094092162318669,2.744710115814673
79.60000000000001,4.417437295021007,3.409618995510513,-1.8273032018547801,-0.05074065387717826,-0.19345641897883978,0.2,0.0,10.11409216231867,2.7647101158146743
79.7,4.412504563805953,3.3902368345690705,-1.8348750762456387,-0.05220401302744762,-0.19306667507322461,0.2,0.0,10.13409216231867,2.784710115814674
79.80000000000001,4.407220130057031,3.370950917869635,-1.8420299120154762,-0.053584025394832285,-0.192688225438105,0.2,0.0,10.15409216231867,2.804710115814675
79.9,4.40159663955428,3.351757784864171,-1.8487827041619431,-0.05488397732472893,-0.19232199310796114,0.2,0.0,10.17409216231867,2.824710115814675
80.0,4.39597314905153,3.3325646518587067,-1.85553549630841,-0.0561814265436958,-0.19194699088945189,0.2,0.0,10.194092162318668,2.8447101158146726
80.10000000000001,4.39034965854878,3.31337151885324,-1.8622882884548781,-0.057476313888011776,-0.191563235882689,0.2,0.0,10.214092162318671,2.8647101158146757
80.2,4.384726168046029,3.294178385847776,-1.869041080601345,-0.05876858031077662,-0.19117074558691194,0.2,0.0,10.234092162318671,2.8847101158146753
80.30000000000001,4.378794098709032,3.2750810034798334,-1.8753766539872347,-0.059978569029548214,-0.19079457868914337,0.2,0.0,10.254092162318672,2.9047101158146766
80.4,4.372564828378518,3.2560758412561284,-1.8813103921971601,-0.061109631570736615,-0.19043532479371794,0.2,0.0,10.27409216231867,2.9247101158146744
80.5,4.366335558048005,3.2370706790324237,-1.8872441304070853,-0.06223854249399498,-0.1900693658331694,0.2,0.0,10.29409216231867,2.944710115814674
80.60000000000001,4.360106287717491,3.218065516808716,-1.8931778686170113,-0.06336526205133418,-0.1896967146926002,0.2,0.0,10.314092162318671,2.9647101158146754
80.7,4.353877017386978,3.1990603545850114,-1.8991116068269365,-0.06448975057192069,-0.18931738449273872,0.2,0.0,10.33409216231867,2.984710115814675
80.80000000000001,4.347381502448829,3.1801465492875445,-1.9046279887170865,-0.06553311104237895,-0.1889587557037441,0.2,0.0,10.354092162318672,3.0047101158146763
80.9,4.340629747945763,3.1613206678704557,-1.9097426978644696,-0.06649871872541081,-0.1886211027639238,0.2,0.0,10.374092162318671,3.024710115814676
81.0,4.333877993442697,3.142494786453367,-1.9148574070118527,-0.067462586789151,-0.18827851545972066,0.2,0.0,10.394092162318671,3.0447101158146754
81.10000000000001,4.3271262389396306,3.1236689050362756,-1.9199721161592365,-0.06842469001862542,-0.1879310027532845,0.2,0.0,10.414092162318672,3.064710115814677
81.2,4.320374484436565,3.1048430236191864,-1.9250868253066198,-0.06938500324502804,-0.18757857373561473,0.2,0.0,10.434092162318672,3.0847101158146764
81.30000000000001,4.313397958390887,3.086100751532125,-1.9297840774281674,-0.07026533839822342,-0.18725058670077152,0.2,0.0,10.454092162318673,3.1047101158146777
81.4,4.306205225307399,3.0674389029958826,-1.9340797789534008,-0.07106906025130169,-0.18694702103803862,0.2,0.0,10.474092162318673,3.1247101158146773
81.5,4.299012492223911,3.04877705445964,-1.938375480478634,-0.07187147066536102,-0.18664000563758606,0.2,0.0,10.49409216231867,3.144710115814675
81.60000000000001,4.291819759140421,3.030115205923395,-1.9426711820038678,-0.07267255483350364,-0.18632954616477604,0.2,0.0,10.514092162318674,3.164710115814678
81.7,4.284627026056933,3.0114533573871527,-1.9469668835291012,-0.07347229797330451,-0.18601564834852458,0.2,0.0,10.534092162318673,3.1847101158146778
81.80000000000001,4.2772501341326326,2.9928645509172744,-1.9508450584498607,-0.07419314486742737,-0.1857293117810997,0.2,0.0,10.554092162318675,3.204710115814679
81.9,4.269696168551509,2.974345976350123,-1.9543217703599387,-0.07483842247155265,-0.18547024160756737,0.2,0.0,10.574092162318673,3.224710115814677
82.0,4.262142202970386,2.9558274017829715,-1.9577984822700165,-0.07548279546523369,-0.18520892955998017,0.2,0.0,10.594092162318672,3.2447101158146765
82.10000000000001,4.254588237389262,2.9373088272158174,-1.961275194180095,-0.0761262560596034,-0.18494537879695103,0.2,0.0,10.614092162318673,3.264710115814678
82.2,4.247034271808139,2.9187902526486655,-1.9647519060901728,-0.07676879647682289,-0.1846795925041534,0.2,0.0,10.634092162318671,3.2847101158146756
82.30000000000001,4.239335961661441,2.9003318531694204,-1.967811047220123,-0.0773333973187918,-0.18444388214070395,0.2,0.0,10.654092162318674,3.3047101158146788
82.4,4.231498895341019,2.881931299061208,-1.9704687840888184,-0.07782332692287679,-0.1842376991461168,0.2,0.0,10.674092162318672,3.3247101158146766
82.5,4.223661829020597,2.863530744952995,-1.9731265209575142,-0.07831270681713666,-0.1840302147772838,0.2,0.0,10.694092162318672,3.344710115814676
82.60000000000001,4.215824762700174,2.84513019084478,-1.9757842578262101,-0.07880153354480665,-0.18382143049978344,0.2,0.0,10.714092162318673,3.3647101158146775
82.7,4.207987696379751,2.8267296367365677,-1.978441994694906,-0.07928980365302922,-0.1836113477883763,0.2,0.0,10.734092162318671,3.3847101158146753
82.80000000000001,4.200045413359406,2.8083745963105438,-1.9806821362874183,-0.07970091977872931,-0.18343326684771374,0.2,0.0,10.754092162318672,3.4047101158146766
82.9,4.192002002082753,2.7900633010249942,-1.9825209092554255,-0.08003807698337805,-0.18328640493174297,0.2,0.0,10.774092162318672,3.424710115814676
83.0,4.1839585908061006,2.771752005739445,-1.9843596822234326,-0.08037496357247922,-0.183138923308844,0.2,0.0,10.794092162318671,3.444710115814676
83.10000000000001,4.175915179529446,2.7534407104538934,-1.9861984551914402,-0.08071157840699074,-0.18299082247766468,0.2,0.0,10.814092162318673,3.464710115814677
83.2,4.167871768252794,2.7351294151683443,-1.9880372281594474,-0.08104792034878902,-0.18284210293894665,0.2,0.0,10.834092162318672,3.4847101158146767
83.30000000000001,4.159761733129709,2.716847669487081,-1.9894583953122573,-0.08130768760528623,-0.1827267356909798,0.2,0.0,10.854092162318674,3.504710115814678
83.4,4.151587667514329,2.6985943231824874,-1.9904782120873004,-0.0814939930822304,-0.18264372174129992,0.2,0.0,10.874092162318673,3.5247101158146776
83.5,4.14341360189895,2.680340976877894,-1.9914980288623432,-0.08168021380328949,-0.18256051783737062,0.2,0.0,10.894092162318671,3.5447101158146754
83.60000000000001,4.135239536283569,2.6620876305732972,-1.9925178456373862,-0.08186634957478912,-0.1824771240657262,0.2,0.0,10.914092162318672,3.564710115814677
83.7,4.127065470668189,2.6438342842687037,-1.993537662412429,-0.08205240020314317,-0.1823935405130983,0.2,0.0,10.934092162318672,3.5847101158146764
83.80000000000001,4.118863019491086,2.625593701389657,-1.9941398710683462,-0.08216222428701757,-0.18234409477745592,0.2,0.0,10.954092162318673,3.6047101158146777
83.9,4.110633288266839,2.6073653848470744,-1.994340735925254,-0.08219884914978981,-0.18232758759565185,0.2,0.0,10.974092162318673,3.6247101158146773
84.0,4.1024035570425905,2.589137068304492,-1.994541600782162,-0.08223547069611054,-0.18231107305753302,0.2,0.0,10.99409216231867,3.644710115814675
84.10000000000001,4.094173825818341,2.5709087517619067,-1.99474246563907,-0.08227208892450219,-0.18229455116376575,0.2,0.0,11.014092162318672,3.6647101158146764
84.2,4.085944094594094,2.552680435219324,-1.9949433304959778,-0.0823087038334873,-0.18227802191501663,0.2,0.0,11.034092162318672,3.684710115814676
84.30000000000001,4.077724061003194,2.5344477464704984,-1.9947265874433369,-0.08226919440556675,-0.18229585747311722,0.2,0.0,11.054092162318673,3.7047101158146774
84.4,4.069513347348025,2.516210855801506,-1.9941085012240862,-0.08215650414073704,-0.182346672103916,0.2,0.0,11.074092162318673,3.724710115814677
84.5,4.061302633692856,2.497973965132514,-1.9934904150048356,-0.08204378248961185,-0.18239741707271315,0.2,0.0,11.094092162318672,3.7447101158146765
84.60000000000001,4.053091920037685,2.479737074463519,-1.992872328785585,-0.0819310294952543,-0.18244809236012247,0.2,0.0,11.114092162318673,3.764710115814678
84.7,4.044881206382517,2.4615001837945267,-1.9922542425663343,-0.08181824520073948,-0.18249869794678447,0.2,0.0,11.134092162318673,3.7847101158146774
84.80000000000001,4.036718327217521,2.443241904437493,-1.991218545439189,-0.08162918797543484,-0.18258333897284038,0.2,0.0,11.154092162318674,3.8047101158146788
84.9,4.028601419136867,2.4249630695946984,-1.989781505552912,-0.08136672423953156,-0.18270045480657138,0.2,0.0,11.174092162318672,3.8247101158146766
85.0,4.020484511056212,2.406684234751904,-1.988344465666635,-0.08110409247456657,-0.18281719334864804,0.2,0.0,11.194092162318672,3.844710115814676
85.10000000000001,4.012367602975556,2.3884053999091073,-1.9869074257803576,-0.08084129322289625,-0.18293355435799555,0.2,0.0,11.214092162318673,3.8647101158146775
85.2,4.0042506948949015,2.370126565066313,-1.9854703858940805,-0.08057832702722308,-0.1830495375943187,0.2,0.0,11.234092162318671,3.8847101158146753
85.30000000000001,3.9962200202264127,2.3518099129763956,-1.9836157231721365,-0.08023869348263901,-0.18319866830356357,0.2,0.0,11.254092162318674,3.9047101158146784
85.4,3.988272216137518,2.3334569183933715,-1.981359723595095,-0.07982519352631595,-0.18337922041083665,0.2,0.0,11.274092162318674,3.924710115814678
85.5,3.980324412048623,2.3151039238103475,-1.9791037240180533,-0.07941128729712131,-0.18355883920371163,0.2,0.0,11.294092162318671,3.944710115814676
85.60000000000001,3.972376607959727,2.2967509292273207,-1.9768477244410114,-0.07899697690164409,-0.18373752376801292,0.2,0.0,11.314092162318675,3.964710115814679
85.7,3.9644288038708324,2.2783979346442966,-1.9745917248639697,-0.07858226444853038,-0.18391527319431966,0.2,0.0,11.334092162318674,3.9847101158146785
85.80000000000001,3.9566060926413815,2.2599917553934494,-1.9719180758722592,-0.07809025928111468,-0.1841247169866346,0.2,0.0,11.354092162318675,4.00471011581468
85.9,3.9489035832634363,2.2415344709430594,-1.9688431071477863,-0.07752371323891755,-0.1843639712244507,0.2,0.0,11.374092162318675,4.024710115814679
86.0,3.941201073885491,2.2230771864926693,-1.9657681384233137,-0.07695643417704823,-0.18460148222252618,0.2,0.0,11.394092162318673,4.044710115814677
86.10000000000001,3.9334985645075444,2.204619902042276,-1.9626931696988403,-0.0763884274593713,-0.1848372477350936,0.2,0.0,11.414092162318674,4.064710115814679
86.2,3.925796055129599,2.186162617591886,-1.9596182009743675,-0.07581969845663201,-0.18507126553288977,0.2,0.0,11.434092162318674,4.084710115814678
86.30000000000001,3.918258137406832,2.1676383239072847,-1.9561255358826657,-0.07517284537145304,-0.18533494899440747,0.2,0.0,11.454092162318675,4.1047101158146795
86.4,3.9108783447667546,2.1490496536861685,-1.9522315851210732,-0.0744505921128018,-0.18562626251167483,0.2,0.0,11.474092162318675,4.124710115814679
86.5,3.9034985521266776,2.130460983465052,-1.9483376343594807,-0.07372720997222774,-0.18591476140885382,0.2,0.0,11.494092162318672,4.144710115814677
86.60000000000001,3.8961187594865994,2.1118723132439325,-1.9444436835978878,-0.07300270991825365,-0.18620044131148378,0.2,0.0,11.514092162318676,4.16471011581468
86.7,3.8887389668465224,2.0932836430228163,-1.9405497328362955,-0.0722771029363533,-0.18648329788784784,0.2,0.0,11.534092162318673,4.184710115814678
86.80000000000001,3.8815640532820996,2.074616175635704,-1.936238012658276,-0.07147236978109468,-0.18679320211901307,0.2,0.0,11.554092162318677,4.204710115814681
86.9,3.87458590714929,2.055873030847566,-1.9315250635367287,-0.07059123241556318,-0.18712797200325756,0.2,0.0,11.574092162318674,4.224710115814679
87.0,3.8676077610164805,2.0371298860594274,-1.9268121144151813,-0.06970852708828534,-0.1874585854293737,0.2,0.0,11.594092162318674,4.244710115814678
87.10000000000001,3.8606296148836696,2.0183867412712866,-1.9220991652936332,-0.06882427340577792,-0.1877850350538262,0.2,0.0,11.614092162318675,4.26471011581468
87.2,3.85365146875086,1.9996435964831485,-1.9173862161720858,-0.06793849100894979,-0.1881073136255655,0.2,0.0,11.634092162318675,4.284710115814679
87.30000000000001,3.8469193872396215,1.980812411862965,-1.9122553927642199,-0.06697245558535894,-0.1884534165062208,0.2,0.0,11.654092162318676,4.3047101158146805
87.4,3.840423518646724,1.9618967122664983,-1.9067234255265748,-0.06592891801163972,-0.1888210204659812,0.2,0.0,11.674092162318676,4.32471011581468
87.5,3.8339276500538264,1.9429810126700318,-1.9011914582889295,-0.06488336284270359,-0.18918284601470103,0.2,0.0,11.694092162318674,4.344710115814678
87.60000000000001,3.827431781460928,1.9240653130735625,-1.8956594910512836,-0.06383582207523981,-0.1895388820795837,0.2,0.0,11.714092162318675,4.364710115814679
87.7,3.820935912868031,1.905149613477096,-1.8901275238136386,-0.06278632776670247,-0.18988911776500572,0.2,0.0,11.734092162318674,4.384710115814679
87.80000000000001,3.8147282516691208,1.8861397018438153,-1.8841775398738312,-0.06165538584491312,-0.19025933195592507,0.2,0.0,11.754092162318676,4.40471011581468
87.9,3.808797082426933,1.8670394078298354,-1.8778265313304454,-0.06044581188494844,-0.19064706613417745,0.2,0.0,11.774092162318675,4.42471011581468
88.0,3.8028659131847453,1.8479391138158554,-1.8714755227870596,-0.05923379983264743,-0.1910271105298561,0.2,0.0,11.794092162318675,4.444710115814679
88.10000000000001,3.7969347439425563,1.8288388198018728,-1.865124514243673,-0.058019398574726856,-0.1913994498138043,0.2,0.0,11.814092162318676,4.464710115814681
88.2,3.7910035747003685,1.8097385257878926,-1.8587735057002872,-0.056802657094273026,-0.1917640689676521,0.2,0.0,11.834092162318676,4.48471011581468
88.30000000000001,3.785403710493404,1.790541460085099,-1.8520042947662585,-0.055503274168550866,-0.1921441816880508,0.2,0.0,11.854092162318677,4.504710115814682
88.4,3.780121416855893,1.7712516344268132,-1.844834218293762,-0.05412417079110879,-0.19253720195373902,0.2,0.0,11.874092162318675,4.524710115814679
88.5,3.7748391232183818,1.7519618087685276,-1.8376641418212658,-0.05274228490215001,-0.19292032392493136,0.2,0.0,11.894092162318675,4.544710115814679
88.60000000000001,3.76955682958087,1.7326719831102393,-1.8304940653487685,-0.05135768754411879,-0.193293527905413,0.2,0.0,11.914092162318676,4.56471011581468
88.7,3.764274535943359,1.7133821574519534,-1.823323988876272,-0.0499704498988561,-0.19365679470885064,0.2,0.0,11.934092162318674,4.584710115814678
88.80000000000001,3.7593675245491958,1.6939971706182715,-1.8157354753236763,-0.048499458011203415,-0.19403041661713638,0.2,0.0,11.954092162318677,4.604710115814681
88.9,3.754819852541805,1.6745210652757463,-1.8077463008647117,-0.046947783875585784,-0.19441169097863248,0.2,0.0,11.974092162318675,4.624710115814679
89.0,3.750272180534414,1.655044959933221,-1.799757126405747,-0.04539311322399902,-0.19478055670891078,0.2,0.0,11.994092162318674,4.644710115814679
89.10000000000001,3.745724508527022,1.6355688545906932,-1.7917679519467813,-0.04383554528573659,-0.19513699026453735,0.2,0.0,12.014092162318676,4.66471011581468
89.2,3.741176836519631,1.616092749248168,-1.7837787774878167,-0.04227517947501648,-0.19548096889558111,0.2,0.0,12.034092162318673,4.684710115814678
89.30000000000001,3.7370491434417534,1.5965278331230897,-1.7753708765281033,-0.040630119947327736,-0.19582950072209693,0.2,0.0,12.054092162318675,4.704710115814679
89.4,3.7333230529695483,1.576877992162082,-1.7665625705910308,-0.038903639939267924,-0.19617978183155316,0.2,0.0,12.074092162318674,4.724710115814679
89.5,3.7295969624973435,1.5572281512010742,-1.7577542646539586,-0.03717414156305388,-0.19651484218513887,0.2,0.0,12.094092162318674,4.744710115814678
89.60000000000001,3.725870872025138,1.5375783102400638,-1.7489459587168847,-0.03544175900311711,-0.19683465578694462,0.2,0.0,12.114092162318675,4.76471011581468
89.7,3.7221447815529327,1.517928469279056,-1.7401376527798122,-0.03370662666766157,-0.19713919782399159,0.2,0.0,12.134092162318673,4.784710115814677
89.80000000000001,3.7188838292415287,1.498201483808528,-1.7309102704578279,-0.03188613877451786,-0.19744182473339378,0.2,0.0,12.154092162318676,4.8047101158146805
89.9,3.7160669441044565,1.478400848512546,-1.7212827961163997,-0.029983824313517333,-0.19773965277489525,0.2,0.0,12.174092162318674,4.824710115814678
90.0,3.7132500589673842,1.4586002132165639,-1.7116553217749715,-0.028078730725413364,-0.1980191528131805,0.2,0.0,12.194092162318674,4.844710115814678
90.10000000000001,3.710433173830311,1.4387995779205789,-1.7020278474335417,-0.026171034588655752,-0.1982802989420769,0.2,0.0,12.214092162318675,4.864710115814679
90.2,3.707616288693239,1.4189989426245968,-1.6924003730921136,-0.024260912722919054,-0.1985230669565905,0.2,0.0,12.234092162318673,4.884710115814677
90.30000000000001,3.7053097976741207,1.399138718696123,-1.6823534062834435,-0.02226516715718103,-0.1987567919127867,0.2,0.0,12.254092162318676,4.90471011581468
90.4,3.7034896392198338,1.3792217153271107,-1.6719067231764404,-0.020187640779645633,-0.19897853944521754,0.2,0.0,12.274092162318674,4.924710115814678
90.5,3.701669480765547,1.359304711958098,-1.6614600400694375,-0.0181079112805513,-0.1991785720127938,0.2,0.0,12.294092162318673,4.944710115814678
90.60000000000001,3.69984932231126,1.3393877085890828,-1.6510133569624328,-0.016026205625343775,-0.19935686778552225,0.2,0.0,12.314092162318676,4.964710115814681
90.7,3.6980291638569733,1.3194707052200705,-1.6405666738554299,-0.013942750995132184,-0.19951340730559375,0.2,0.0,12.334092162318674,4.9847101158146785
90.80000000000001,3.696764265800218,1.2995181184851847,-1.629700010263481,-0.011773925381879763,-0.19965313591602296,0.2,0.0,12.354092162318677,5.004710115814682
90.9,3.696027249348123,1.279531702929881,-1.6184340745943193,-0.00952394640335454,-0.19977310741164844,0.2,0.0,12.374092162318675,5.024710115814679
91.0,3.6952902328960278,1.2595452873745774,-1.6071681389251573,-0.00727275864589377,-0.1998677237116553,0.2,0.0,12.394092162318673,5.044710115814677
91.10000000000001,3.694553216443932,1.2395588718192707,-1.5959022032559937,-0.005020647830166523,-0.1999369728073461,0.2,0.0,12.414092162318674,5.064710115814679
91.2,3.693816199991837,1.2195724562639672,-1.584636267586832,-0.0027678997939973218,-0.19998084590962806,0.2,0.0,12.434092162318674,5.084710115814678
91.30000000000001,3.693678302640868,1.1995814427599105,-1.5729497857396568,-0.00043069145607148074,-0.19999953626163655,0.2,0.0,12.454092162318675,5.1047101158146795
91.4,3.6941084782407296,1.1795860695712643,-1.5608645502759582,0.0019863226482063684,-0.1999901360625999,0.2,0.0,12.474092162318673,5.124710115814677
91.5,3.694538653840591,1.1595906963826184,-1.5487793148122597,0.004403046647799775,-0.19995152707648248,0.2,0.0,12.494092162318672,5.144710115814677
91.60000000000001,3.6949688294404526,1.1395953231939693,-1.5366940793485595,0.006819127577417313,-0.1998837149421706,0.2,0.0,12.514092162318674,5.164710115814678
91.7,3.695399005040314,1.1195999500053233,-1.524608843884861,0.009234212565687553,-0.1997867095637037,0.2,0.0,12.534092162318672,5.184710115814676
91.80000000000001,3.6964703919194046,1.0996384273731137,-1.51210241313172,0.011732043923670539,-0.19965560133733556,0.2,0.0,12.554092162318673,5.204710115814677
91.9,3.6981479147042826,1.079708903612969,-1.4991978272048512,0.014307468432882154,-0.19948758444334846,0.2,0.0,12.574092162318673,5.224710115814677
92.0,3.6998254374891606,1.0597793798528243,-1.4862932412779823,0.01688051037621946,-0.1992863476744916,0.2,0.0,12.594092162318672,5.2447101158146765
92.10000000000001,3.701502960274039,1.039849856092677,-1.4733886553511115,0.019450741275230773,-0.19905192454192458,0.2,0.0,12.614092162318673,5.264710115814678
92.2,3.703180483058917,1.0199203323325323,-1.4604840694242427,0.02201773311957525,-0.19878435408320033,0.2,0.0,12.634092162318673,5.284710115814677
92.30000000000001,3.705538635275608,1.0000709831046917,-1.447157549931908,0.02466480317490804,-0.19847329161462268,0.2,0.0,12.654092162318674,5.304710115814679
92.4,3.7085379558778926,0.9802971601074898,-1.4334335594364833,0.02738624049265235,-0.19811611199415008,0.2,0.0,12.674092162318674,5.324710115814678
92.5,3.7115372764801773,0.960523337110288,-1.4197095689410588,0.030102519750056813,-0.19772161820270803,0.2,0.0,12.694092162318672,5.344710115814676
92.60000000000001,3.7145365970824624,0.9407495141130835,-1.4059855784456323,0.03281312934961679,-0.19728988454121343,0.2,0.0,12.714092162318675,5.364710115814679
92.7,3.717535917684747,0.9209756911158817,-1.3922615879502076,0.035517558761677934,-0.19682099232452507,0.2,0.0,12.734092162318673,5.384710115814677
92.80000000000001,3.7212515511951483,0.9013365571376535,-1.3781148306990085,0.03829829067126492,-0.19629885616492856,0.2,0.0,12.754092162318674,5.404710115814678
92.9,3.725639323656443,0.8818238061058833,-1.3635713780923622,0.04114900294116048,-0.19572112700714853,0.2,0.0,12.774092162318674,5.424710115814678
93.0,3.7300270961177384,0.8623110550741131,-1.349027925485716,0.04399101185598824,-0.1951020012093323,0.2,0.0,12.794092162318671,5.444710115814676
93.10000000000001,3.734414868579034,0.8427983040423401,-1.3344844728790677,0.04682371630731533,-0.19444160972171584,0.2,0.0,12.814092162318673,5.464710115814677
93.2,3.738802641040329,0.82328555301057,-1.3199410202724216,0.049646517154678674,-0.19374009222257071,0.2,0.0,12.834092162318672,5.484710115814677
93.30000000000001,3.7439374606908435,0.8039703828619404,-1.304973867052027,0.05254058584144118,-0.19297535293253942,0.2,0.0,12.854092162318674,5.504710115814678
93.4,3.749770174231561,0.7848397934107005,-1.2896108913536488,0.055498944659901184,-0.1921454322684701,0.2,0.0,12.874092162318671,5.524710115814676
93.5,3.7556028877722785,0.7657092039594606,-1.2742479156552704,0.05844420481833849,-0.1912701621350076,0.2,0.0,12.894092162318671,5.544710115814675
93.60000000000001,3.7614356013129973,0.7465786145082179,-1.25888493995689,0.06137567118711215,-0.1903497491102405,0.2,0.0,12.914092162318672,5.564710115814677
93.7,3.7672683148537147,0.727448025056978,-1.2435219642585116,0.06429265189214041,-0.18938441042671927,0.2,0.0,12.934092162318672,5.584710115814676
93.80000000000001,3.773872496565982,0.7085863097411433,-1.2277342476634552,0.06727446271517856,-0.18834581669467484,0.2,0.0,12.954092162318673,5.604710115814678
93.9,3.7811938486702075,0.689974544554415,-1.2115516844543948,0.07031343920206944,-0.18723252993958311,0.2,0.0,12.974092162318673,5.624710115814677
94.0,3.788515200774433,0.6713627793676866,-1.1953691212453341,0.07333400273414808,-0.18607021266980905,0.2,0.0,12.99409216231867,5.644710115814675
94.10000000000001,3.7958365528786593,0.6527510141809557,-1.1791865580362713,0.07633536231753868,-0.18485916926095416,0.2,0.0,13.014092162318672,5.664710115814676
94.2,3.8031579049828848,0.6341392489942274,-1.1630039948272108,0.07931673198729522,-0.18359971684851692,0.2,0.0,13.034092162318672,5.684710115814676
94.30000000000001,3.811267329774895,0.6158758756233951,-1.1463955382521538,0.08235496058130296,-0.182257127343904,0.2,0.0,13.054092162318673,5.704710115814677
94.4,3.8201053714099937,0.5979346097801997,-1.1293933196743884,0.08544168369192384,-0.18083063536881477,0.2,0.0,13.07409216231867,5.724710115814675
94.5,3.8289434130450926,0.5799933439370045,-1.112391101096623,0.08850370830551653,-0.17935187095810304,0.2,0.0,13.09409216231867,5.744710115814675
94.60000000000001,3.8377814546801927,0.5620520780938068,-1.0953888825188551,0.09154014928730239,-0.17782126157593867,0.2,0.0,13.114092162318672,5.764710115814676
94.7,3.846619496315292,0.5441108122506115,-1.0783866639410897,0.09455012889792286,-0.17623924967323873,0.2,0.0,13.13409216231867,5.784710115814674
94.80000000000001,3.8562527745421264,0.5266052615573523,-1.0609572815758241,0.09760735363180252,-0.17456461416047714,0.2,0.0,13.15409216231867,5.804710115814675
94.9,3.8666168740020463,0.509500132432296,-1.0431353363315963,0.10070276924032402,-0.1727974313099881,0.2,0.0,13.17409216231867,5.824710115814675
95.0,3.8769809734619667,0.49239500330723973,-1.0253133910873686,0.10376620030742872,-0.1709753656927178,0.2,0.0,13.19409216231867,5.844710115814674
95.10000000000001,3.887345072921888,0.475289874182181,-1.0074914458431383,0.10679667384658871,-0.16909899602098577,0.2,0.0,13.214092162318671,5.864710115814676
95.2,3.8977091723818083,0.4581847450571247,-0.9896695005989107,0.10979322733902473,-0.1671689182548037,0.2,0.0,13.234092162318671,5.884710115814675
95.30000000000001,3.9088645136224467,0.441609756944958,-0.9714189974231028,0.11282569034424102,-0.1651374082343109,0.2,0.0,13.254092162318672,5.904710115814677
95.4,3.920742203370762,0.4255187505673971,-0.9527772507742233,0.1158843580465343,-0.16300556910775363,0.2,0.0,13.274092162318672,5.924710115814676
95.5,3.932619893119078,0.40942774418983613,-0.9341355041253437,0.11890275539503842,-0.16081708478724413,0.2,0.0,13.29409216231867,5.944710115814674
95.60000000000001,3.9444975828673954,0.39333673781227285,-0.9154937574764616,0.12187983348262642,-0.15857271578126944,0.2,0.0,13.314092162318673,5.964710115814677
95.7,3.9563752726157113,0.3772457314347119,-0.896852010827582,0.12481455776080563,-0.1562732420185059,0.2,0.0,13.33409216231867,5.984710115814675
95.80000000000001,3.9690272758791023,0.3617853641930773,-0.8777801826052547,0.12777209451094806,-0.15386452438520504,0.2,0.0,13.354092162318672,6.004710115814676
95.9,3.982381066632035,0.3468965673133141,-0.8583185563723684,0.13074216296183253,-0.15134889105659688,0.2,0.0,13.374092162318671,6.024710115814676
96.0,3.9957348573849676,0.33200777043355084,-0.8388569301394821,0.13366271374138142,-0.1487759354038466,0.2,0.0,13.394092162318671,6.044710115814675
96.10000000000001,4.009088648137903,0.3171189735537855,-0.8193953039065931,0.13653264071160306,-0.14614663191574523,0.2,0.0,13.414092162318672,6.064710115814677
96.2,4.022442438890835,0.30223017667402224,-0.7999336776737069,0.13935085690791493,-0.14346197642242983,0.2,0.0,13.434092162318672,6.084710115814676
96.30000000000001,4.036538898943474,0.28807719072209326,-0.7800403109474606,0.142177037514992,-0.14066161524545548,0.2,0.0,13.454092162318673,6.104710115814678
96.4,4.051303166646071,0.2745858453775403,-0.759758723509284,0.14500044203800422,-0.13774930783413536,0.2,0.0,13.474092162318671,6.1247101158146755
96.5,4.0660674343486685,0.26109450003298734,-0.7394771360711073,0.14776420371929358,-0.134780340180618,0.2,0.0,13.49409216231867,6.144710115814675
96.60000000000001,4.080831702051268,0.24760315468843247,-0.7191955486329278,0.15046718574439155,-0.13175593350647544,0.2,0.0,13.514092162318672,6.164710115814676
96.7,4.095595969753865,0.23411180934387954,-0.698913961194751,0.15310827629924464,-0.12867733183694072,0.2,0.0,13.53409216231867,6.184710115814674
96.80000000000001,4.111054817850755,0.22146431627192564,-0.6781988332797237,0.15574080358127712,-0.12547829334135072,0.2,0.0,13.554092162318671,6.204710115814676
96.9,4.127132891510323,0.20956912617687146,-0.6570971995722423,0.1583537313048569,-0.12216421645403859,0.2,0.0,13.57409216231867,6.224710115814675
97.0,4.143210965169891,0.19767393608181727,-0.6359955658647609,0.16089615006240943,-0.1187957444317541,0.2,0.0,13.59409216231867,6.244710115814675
97.10000000000001,4.159289038829462,0.18577874598676136,-0.6148939321572765,0.16336692781039983,-0.11537437712850984,0.2,0.0,13.614092162318672,6.264710115814676
97.2,4.175367112489029,0.17388355589170718,-0.5937922984497951,0.16576496440434166,-0.11190163795060082,0.2,0.0,13.634092162318671,6.284710115814676
97.30000000000001,4.1920736328424155,0.16294088896913664,-0.5722551774273625,0.16813637385974517,-0.10830586219266253,0.2,0.0,13.654092162318673,6.304710115814677
97.4,4.209335233487319,0.15283954533693436,-0.550333408943004,0.17047004121645062,-0.1045942878347648,0.2,0.0,13.67409216231867,6.324710115814675
97.5,4.226596834132222,0.14273820170473211,-0.5284116404586454,0.17272179010027577,-0.10083245124738503,0.2,0.0,13.69409216231867,6.344710115814674
97.60000000000001,4.243858434777127,0.13263685807252842,-0.5064898719742836,0.1748905384452546,-0.09702216016111434,0.2,0.0,13.714092162318671,6.364710115814676
97.7,4.26112003542203,0.12253551444032615,-0.4845681034899251,0.1769752440708883,-0.09316524559109754,0.2,0.0,13.734092162318671,6.384710115814675
97.80000000000001,4.2788749627052,0.11338336082215887,-0.46225441730558975,0.17900987540634153,-0.08919341067032971,0.2,0.0,13.754092162318672,6.404710115814677
97.9,4.297061270609741,0.10506120936948864,-0.4395980257252211,0.18098456136530708,-0.08511514875395212,0.2,0.0,13.774092162318672,6.424710115814676
98.0,4.315247578514282,0.0967390579168184,-0.41694163414485247,0.18286634973662097,-0.08099319807245442,0.2,0.0,13.79409216231867,6.444710115814674
98.10000000000001,4.333433886418826,0.08841690646414697,-0.3942852425644806,0.18465427461689998,-0.07682967438240573,0.2,0.0,13.814092162318673,6.464710115814677
98.2,4.352009904196982,0.08107312223534471,-0.37235968625903254,0.18629429035566783,-0.0727628846382421,0.2,0.0,13.83409216231867,6.484710115814675
98.30000000000001,4.370937443782546,0.0746118340327509,-0.351093349937854,0.18779944883119426,-0.06878493307912459,0.2,0.0,13.854092162318672,6.504710115814676
98.4,4.389864983368107,0.068150545830158,-0.32982701361667854,0.18921967688096158,-0.06477587422076601,0.2,0.0,13.874092162318671,6.524710115814676
98.5,4.408792522953669,0.06168925762756511,-0.308560677295503,0.19055433222101392,-0.06073752112000833,0.2,0.0,13.89409216231867,6.544710115814674
98.60000000000001,4.427720062539233,0.055227969424971296,-0.2872943409743245,0.19180281126679902,-0.056671700081722225,0.2,0.0,13.914092162318672,6.564710115814677
98.7,4.44693273228936,0.049757778853392116,-0.26784753656802085,0.19286855859282942,-0.05293126775663252,0.2,0.0,13.93409216231867,6.584710115814675
98.80000000000001,4.466400174704446,0.04517316482215973,-0.25002654048553824,0.19378117102963865,-0.04948593491470016,0.2,0.0,13.954092162318672,6.604710115814676
98.9,4.4858676171195295,0.040588550790928005,-0.2322055444030582,0.19463224253976208,-0.046024886354484755,0.2,0.0,13.974092162318671,6.6247101158146755
99.0,4.505335059534612,0.03600393675969628,-0.21438454832057816,0.19542150284033835,-0.04254922123404418,0.2,0.0,13.994092162318669,6.644710115814673
99.10000000000001,4.524802501949699,0.03141932272846389,-0.19656355223809557,0.1961487012784789,-0.039060043353356166,0.2,0.0,14.014092162318672,6.664710115814676
99.2,4.544431808054065,0.027671602768974703,-0.18056708715571518,0.19674840184517983,-0.03591749394609314,0.2,0.0,14.03409216231867,6.684710115814674
99.30000000000001,4.5642047875578555,0.024666726474892195,-0.16619011173340512,0.1972444356403089,-0.03308523249028236,0.2,0.0,14.054092162318671,6.704710115814676
99.4,4.583977767061643,0.021661850180810113,-0.1518131363110971,0.19769970022127753,-0.03024613251999342,0.2,0.0,14.07409216231867,6.724710115814675
99.5,4.603750746565431,0.01865697388672803,-0.13743616088878913,0.19811410148769126,-0.027400780859763375,0.2,0.0,14.094092162318669,6.744710115814673
99.60000000000001,4.623523726069221,0.015652097592645523,-0.12305918546647907,0.198487553785352,-0.02454976562631521,0.2,0.0,14.114092162318672,6.764710115814676
99.7,4.642318932891032,0.013406867523574601,-0.11109031206431448,0.19686766487556326,-0.021960503349840604,0.1980887204788184,-0.019112795211816136,14.133030472775886,6.78364842627189
99.80000000000001,4.660249994126679,0.011833005088813955,-0.10124969482035984,0.19349222451374126,-0.01965825015875459,0.19448827148848907,-0.036004489903293246,14.151030472775886,6.801648426271891
99.9,4.678181055362323,0.010259142654053532,-0.0914090775764066,0.1900908846367002,-0.017424590558342102,0.19088782249816025,-0.03600448990328825,14.169030472775885,6.81964842627189
100.0,4.696112116597967,0.008685280219293108,-0.08156846033245335,0.18666466869178253,-0.015259807916517895,0.18728737350783142,-0.03600448990328825,14.187030472775884,6.837648426271889
100.10000000000001,4.714043177833614,0.007111417784532461,-0.07172784308849872,0.1832146031616186,-0.01316417209812801,0.1836869245175021,-0.036004489903293246,14.205030472775887,6.855648426271891
100.2,4.731974239069258,0.005537555349772037,-0.061887225844545486,0.17974171739745434,-0.011137939432984856,0.18008647552717327,-0.03600448990328825,14.223030472775886,6.87364842627189
100.30000000000001,4.7480071816212845,0.004852069032038885,-0.05580132795235581,0.1766013675188467,-0.0098648319509679,0.1768766743212558,-0.03209801205917462,14.239078508744404,6.889696462240408
100.4,4.76399341328732,0.004188444801158099,-0.04980783011347871,0.17346110107149007,-0.008646872681066653,0.17367648658380982,-0.032001877374459864,14.255078508744404,6.9056964622404085
100.5,4.779979644953356,0.0035248205702773138,-0.0438143322746016,0.1703126937115457,-0.007466915633110375,0.17047629884636387,-0.032001877374459586,14.271078508744402,6.921696462240407
100.60000000000001,4.795965876619393,0.0028611963393964336,-0.03782083443572365,0.1671564881966317,-0.006325013951938972,0.16727611110891744,-0.032001877374464305,14.287078508744404,6.9376964622404085
100.7,4.811952108285429,0.002197572108515648,-0.03182733659684654,0.1639928276248482,-0.00522121803871482,0.16407592337147148,-0.032001877374459586,14.303078508744402,6.953696462240407
100.80000000000001,4.827938339951467,0.0015339478776347677,-0.02583383875796859,0.16082205541419728,-0.00415557554877412,0.16087573563402502,-0.03200187737446458,14.319078508744404,6.9696964622404085
100.9,4.84248106329073,0.0012238726125668156,-0.022134369265362254,0.1579274939244254,-0.0034961964505213885,0.15796618855587438,-0.029095470781506372,14.333625811406543,6.984243764902548
101.0,4.856479945921078,0.0010469966624166997,-0.01929917327847203,0.15513724458890724,-0.0029943923363800664,0.15516614013405952,-0.028000484218148602,14.347625811406543,6.998243764902547
101.10000000000001,4.870478828551427,0.0008701207122665587,-0.016463977291581406,0.1523454418081581,-0.002508438546416121,0.15236609171224427,-0.028000484218152488,14.361625811406544,7.012243764902548
101.2,4.884477711181774,0.0006932447621164428,-0.013628781304691183,0.14955215303180291,-0.0020383397917901756,0.14956604329042938,-0.02800048421814888,14.375625811406543,7.0262437649025475
101.30000000000001,4.8984765938121235,0.0005163688119663018,-0.01079358531780056,0.14675744572351124,-0.0015841005286044638,0.14676599486861414,-0.028000484218152488,14.389625811406544,7.040243764902549
101.4,4.91247547644247,0.00033949286181618596,-0.007958389330910337,0.143961387360096,-0.0011457249578620899,0.14396594644679928,-0.028000484218148602,14.403625811406544,7.054243764902548
101.5,4.9264743590728175,0.00016261691166607009,-0.005123193344020116,0.14116404543060682,-0.0007232170254283932,0.14116589802498442,-0.028000484218148602,14.417625811406543,7.068243764902547
101.60000000000001,4.938139428580986,8.129844456413683e-05,-0.0036027629795382632,0.13655070699966945,-0.0004919619605492229,0.13655159321179744,-0.04614304813186976,14.429291351210642,7.079909304706646
101.7,4.948139419945116,6.815624873714018e-05,-0.003020362949018707,0.1306422963717995,-0.00039458835142639186,0.13064289227227088,-0.059087009395265566,14.439291351210642,7.089909304706646
101.80000000000001,4.958139411309248,5.501405291014168e-05,-0.002437962918499068,0.1247338206439162,-0.00030409703189626506,0.1247341913327435,-0.05908700939527389,14.449291351210643,7.099909304706648
101.9,4.968139402673378,4.187185708314505e-05,-0.0018555628879795118,0.11882528582844278,-0.00022048804359200378,0.11882549039321694,-0.059087009395265566,14.459291351210641,7.109909304706646
102.0,4.978139394037509,2.872966125614841e-05,-0.001273162857459956,0.11291669793782567,-0.00014376142347786262,0.11291678945369038,-0.059087009395265566,14.469291351210641,7.1199093047066455
102.10000000000001,4.988139385401641,1.5587465429149904e-05,-0.0006907628269403172,0.10700806298453364,-7.391720384921651e-05,0.10700808851416299,-0.05908700939527389,14.479291351210643,7.129909304706647
102.2,4.998139376765771,2.445269602153273e-06,-0.0001083627964207608,0.10109938698105687,-1.0955412332573275e-05,0.10109938757463643,-0.059087009395265566,14.489291351210642,7.139909304706647
102.21860624841041,5.0,0.0,0.0,0.1,0.0,0.1,-0.01099387574636429,14.491151976051682,3.552713678800501e-15
