time,x,y,psi,velocity_x,velocity_y,velocity,acceleration,distance_from_start,distance_from_last_waypoint
0.0,0.0,0.0,0.0,0.12,0.0,0.12,0.0,0.0,0.0
0.1,0.011999998622242158,5.7503205420568994e-06,0.00017250964172704726,0.11999999821442542,2.0701156904569392e-05,0.12,0.0,0.012,0.012
0.2,0.023999997244484317,1.1500641084113799e-05,0.0003450192834540945,0.11999999285770171,4.1402313193081124e-05,0.12,0.0,0.024,0.024
0.30000000000000004,0.035999995866726475,1.72509616261707e-05,0.0005175289251811418,0.11999998392982905,6.210346824947756e-05,0.12,0.0,0.036000000000000004,0.036000000000000004
0.4,0.047999994488968634,2.3001282168227598e-05,0.000690038566908189,0.1199999714308077,8.280462145770107e-05,0.12,0.0,0.048,0.048
0.5,0.059999993111210785,2.8751602710284496e-05,0.0008625482086352362,0.11999995536063802,0.00010350577220169413,0.12,0.0,0.06,0.06
0.6000000000000001,0.07199999173345295,3.45019232523414e-05,0.0010350578503622837,0.11999993571932052,0.00012420691986539926,0.12,0.0,0.07200000000000001,0.07200000000000001
0.7000000000000001,0.08399999035569511,4.02522437943983e-05,0.0012075674920893308,0.11999991250685575,0.00014490806383275905,0.12,0.0,0.084,0.084
0.8,0.09599998897793727,4.6002564336455196e-05,0.001380077133816378,0.11999988572324442,0.00016560920348771625,0.12,0.0,0.096,0.096
0.9,0.10799994351191958,7.475414403359023e-05,0.0017826001329414266,0.11999980934025645,0.00021391190266293112,0.12,0.0,0.108,0.108
1.0,0.1199998760018479,0.00011500631369560248,0.0023001294146375384,0.1199996825644205,0.00027601528637549044,0.12,0.0,0.12,0.12
1.1,0.13199980849177623,0.00015525848335761478,0.002817658696333651,0.11999952364828341,0.0003381185961610675,0.12,0.0,0.132,0.132
1.2000000000000002,0.1439997409817046,0.0001955106530196271,0.003335187978029764,0.11999933259188772,0.00040022181538612573,0.12,0.0,0.14400000000000002,0.14400000000000002
1.3,0.1559996734716329,0.0002357628226816393,0.0038527172597258748,0.11999910939528463,0.00046232492741715285,0.12,0.0,0.156,0.156
1.4000000000000001,0.16799960596156122,0.0002760149923436516,0.0043702465414219875,0.11999885405853389,0.000524427915620666,0.12,0.0,0.168,0.168
1.5,0.17999953845148955,0.00031626716200566383,0.0048877758231180984,0.11999856658170391,0.0005865307633632147,0.12,0.0,0.18,0.18
1.6,0.1919994709414179,0.0003565193316676761,0.005405305104814211,0.11999824696487169,0.0006486334540113865,0.12,0.0,0.192,0.192
1.7000000000000002,0.20399926014252776,0.0004197728080116499,0.006037843798499806,0.11999781267318092,0.0007245368535687373,0.12,0.0,0.20400000000000001,0.20400000000000001
1.8,0.2159987627753778,0.0005290273924666717,0.0069003937897116115,0.11999714308526895,0.0008280406834760742,0.12,0.0,0.216,0.216
1.9000000000000001,0.22799826540822787,0.0006382819769216938,0.007762943780923419,0.11999638422038954,0.000931543897327402,0.12,0.0,0.228,0.228
2.0,0.23999776804107792,0.0007475365613767155,0.008625493772135225,0.11999553607910729,0.0010350464181171114,0.12,0.0,0.24,0.24
2.1,0.251997270673928,0.0008567911458317376,0.009488043763347031,0.11999459866205325,0.0011385481688401093,0.12,0.0,0.252,0.252
2.2,0.26399677330677807,0.0009660457302867597,0.010350593754558839,0.1199935719699248,0.0012420490724918758,0.12,0.0,0.264,0.264
2.3000000000000003,0.27599627593962817,0.0010753003147417816,0.011213143745770647,0.1199924560034858,0.0013455490520685206,0.12,0.0,0.276,0.276
2.4000000000000004,0.2879957785724782,0.0011845548991968038,0.012075693736982453,0.11999125076356654,0.0014490480305668415,0.12,0.0,0.28800000000000003,0.28800000000000003
2.5,0.29999528117025037,0.001293812097848482,0.012938252443076611,0.11998995623753345,0.0015525469766827327,0.12,0.0,0.3,0.3
2.6,0.31199339506915724,0.0015065628178433182,0.014145824926387558,0.11998799393843657,0.0016974423789072508,0.12,0.0,0.31200000000000006,0.31200000000000006
2.7,0.3239915089680641,0.0017193135378381543,0.015353397409698509,0.11998585666911225,0.001842335305868459,0.12,0.0,0.32400000000000007,0.32400000000000007
2.8000000000000003,0.3359896228669709,0.0019320642578329905,0.016560969893009456,0.11998354443267716,0.001987225546278981,0.12,0.0,0.3360000000000001,0.3360000000000001
2.9000000000000004,0.3479877367658778,0.0021448149778278266,0.017768542376320407,0.11998105723250306,0.0021321128888553585,0.12,0.0,0.3480000000000001,0.3480000000000001
3.0,0.3599858506647846,0.0023575656978226623,0.01897611485963135,0.11997839507221687,0.0022769971223183584,0.12,0.0,0.36000000000000004,0.36000000000000004
3.1,0.3719839645636915,0.002570316417817498,0.0201836873429423,0.11997555795570063,0.0024218780353932826,0.12,0.0,0.37200000000000005,0.37200000000000005
3.2,0.38398207846259835,0.0027830671378123346,0.02139125982625325,0.11997254588709148,0.0025667554168102747,0.12,0.0,0.38400000000000006,0.38400000000000006
3.3000000000000003,0.39598019236150517,0.002995817857807171,0.0225988323095642,0.11996935887078178,0.002711629055304627,0.12,0.0,0.3960000000000001,0.3960000000000001
3.4000000000000004,0.4079761459505774,0.0033005561837652917,0.024036442314402516,0.11996533663539838,0.0028840953443917184,0.12,0.0,0.4080000000000001,0.4080000000000001
3.5,0.4199710196786232,0.0036512757986077184,0.02558903978544146,0.11996071420633311,0.0030703496716930887,0.12,0.0,0.42000000000000004,0.42000000000000004
3.6,0.4319658934066691,0.004001995413450147,0.02714163725648041,0.11995580260495782,0.0032565965977371975,0.12,0.0,0.43200000000000005,0.43200000000000005
3.7,0.44396076713471494,0.004352715028292575,0.028694234727519356,0.11995060184311218,0.0034428356735649477,0.12,0.0,0.44400000000000006,0.44400000000000006
3.8000000000000003,0.4559556408627608,0.004703434643135003,0.030246832198558306,0.11994511193333295,0.003629066450236167,0.12,0.0,0.45600000000000007,0.45600000000000007
3.9000000000000004,0.4679505145908067,0.005054154257977431,0.03179942966959726,0.11993933288885386,0.003815288478830688,0.12,0.0,0.4680000000000001,0.4680000000000001
4.0,0.4799453883188525,0.005404873872819857,0.033352027140636197,0.11993326472360565,0.0040015013104494285,0.12,0.0,0.48000000000000004,0.48000000000000004
4.1000000000000005,0.49194026204689845,0.005755593487662287,0.03490462461167515,0.11992690745221597,0.004187704496215484,0.12,0.0,0.4920000000000001,0.4920000000000001
4.2,0.5039330413187382,0.0061637981381335765,0.03657227241569336,0.11991975707796969,0.004387694424266399,0.12,0.0,0.504,0.504
4.3,0.5159216339137485,0.006686911501435766,0.0384698980831466,0.1199112149669574,0.004615249196752836,0.12,0.0,0.516,0.516
4.4,0.5279102265087587,0.007210024864737961,0.04036752375059986,0.11990224105780727,0.004842787349809563,0.12,0.0,0.528,0.528
4.5,0.5398988191037689,0.007733138228040151,0.04226514941805311,0.11989283538283414,0.005070308064075759,0.12,0.0,0.54,0.54
4.6000000000000005,0.5518874116987793,0.008256251591342346,0.044162775085506374,0.1198829979759077,0.005297810520253413,0.12,0.0,0.552,0.552
4.7,0.5638760042937895,0.008779364954644535,0.04606040075295962,0.11987272887245229,0.005525293899110247,0.12,0.0,0.5640000000000001,0.5640000000000001
4.800000000000001,0.5758645968887999,0.00930247831794673,0.047958026420412886,0.11986202810944671,0.005752757381482693,0.12,0.0,0.5760000000000001,0.5760000000000001
4.9,0.58785318948381,0.00982559168124892,0.04985565208786613,0.11985089572542429,0.00598020014827882,0.12,0.0,0.5880000000000001,0.5880000000000001
5.0,0.5998417798576965,0.010348747530002797,0.05175334866463087,0.11983933132029403,0.006207629878205789,0.12,0.0,0.6,0.6
5.1000000000000005,0.611819564858899,0.011078587556974013,0.05399600645025768,0.11982510837581957,0.006476372651654113,0.12,0.0,0.6120000000000001,0.6120000000000001
5.2,0.6237973498601015,0.011808427583945222,0.056238664235884465,0.11981028276954436,0.006745082852109533,0.12,0.0,0.624,0.624
5.300000000000001,0.635775134861304,0.012538267610916436,0.058481322021511274,0.11979485457603395,0.0070137591280909194,0.12,0.0,0.6360000000000001,0.6360000000000001
5.4,0.6477529198625064,0.013268107637887645,0.06072397980713806,0.11977882387288462,0.0072824001282877585,0.12,0.0,0.6480000000000001,0.6480000000000001
5.5,0.6597307048637088,0.013997947664858854,0.06296663759276486,0.11976219074072299,0.007551004501566963,0.12,0.0,0.66,0.66
5.6000000000000005,0.6717084898649114,0.01472778769183007,0.06520929537839167,0.11974495526320558,0.007819570896979659,0.12,0.0,0.6720000000000002,0.6720000000000002
5.7,0.6836862748661138,0.015457627718801279,0.06745195316401845,0.11972711752701845,0.008088097963767976,0.12,0.0,0.684,0.684
5.800000000000001,0.6956640598673163,0.016187467745772493,0.06969461094964526,0.1197086776218767,0.008356584351371862,0.12,0.0,0.6960000000000002,0.6960000000000002
5.9,0.7076304301805604,0.017077988031089418,0.07216740600696567,0.11968764753039524,0.008652573526984614,0.12,0.0,0.7080000000000001,0.7080000000000001
6.0,0.7195911015398004,0.018048730343061047,0.07475510054561706,0.11966485661434588,0.008962259283687433,0.12,0.0,0.7200000000000001,0.7200000000000001
6.1000000000000005,0.7315517728990407,0.019019472655032687,0.07734279508426845,0.11964126440335535,0.009271885027674499,0.12,0.0,0.7320000000000001,0.7320000000000001
6.2,0.7435124442582808,0.019990214967004316,0.07993048962291983,0.11961687105540088,0.009581448685642514,0.12,0.0,0.7440000000000001,0.7440000000000001
6.300000000000001,0.7554731156175211,0.020960957278975956,0.08251818416157124,0.11959167673382418,0.009890948184703914,0.12,0.0,0.7560000000000001,0.7560000000000001
6.4,0.7674337869767611,0.021931699590947585,0.08510587870022261,0.11956568160733044,0.010200381452400748,0.12,0.0,0.7680000000000001,0.7680000000000001
6.5,0.7793944583360013,0.022902441902919214,0.08769357323887399,0.1195388858499872,0.010509746416718571,0.12,0.0,0.78,0.78
6.6000000000000005,0.7913551296952415,0.023873184214890854,0.09028126777752539,0.1195112896412231,0.010819041006100304,0.12,0.0,0.7920000000000001,0.7920000000000001
6.7,0.8033072918864329,0.024935670652836577,0.0929841448465668,0.11948161059173049,0.011142025417583417,0.12,0.0,0.804,0.804
6.800000000000001,0.8152424730848714,0.026181242714357792,0.09591688148620804,0.11944842018542577,0.011492385096487513,0.12,0.0,0.8160000000000002,0.8160000000000002
6.9,0.8271776542833098,0.027426814775878997,0.09884961812584925,0.11941420241066092,0.01184264593009954,0.12,0.0,0.8280000000000001,0.8280000000000001
7.0,0.8391128354817482,0.0286723868374002,0.10178235476549047,0.1193789575617409,0.012192804905847779,0.12,0.0,0.8400000000000001,0.8400000000000001
7.1000000000000005,0.8510480166801866,0.029917958898921414,0.10471509140513172,0.11934268594180447,0.012542859012036578,0.12,0.0,0.8520000000000001,0.8520000000000001
7.2,0.862983197878625,0.031163530960442616,0.10764782804477292,0.11930538786282156,0.012892805237872259,0.12,0.0,0.8640000000000001,0.8640000000000001
7.300000000000001,0.8749183790770635,0.032409103021963835,0.11058056468441417,0.1192670636455907,0.01324264057348902,0.12,0.0,0.8760000000000001,0.8760000000000001
7.4,0.8868535602755019,0.03365467508348503,0.11351330132405539,0.11922771361973604,0.013592362009974818,0.12,0.0,0.8880000000000001,0.8880000000000001
7.5,0.8987887162712738,0.034900461710767515,0.11644627803588108,0.11918733477662297,0.01394199515296147,0.12,0.0,0.9000000000000001,0.9000000000000001
7.6000000000000005,0.9106876744737826,0.03645442235857947,0.11972406283761737,0.11914099573240204,0.01433258999245282,0.12,0.0,0.9120000000000001,0.9120000000000001
7.7,0.9225866326762914,0.038008383006391415,0.12300184763935365,0.1190933766535753,0.014723030844552433,0.12,0.0,0.9240000000000002,0.9240000000000002
7.800000000000001,0.9344855908788003,0.03956234365420337,0.12627963244108995,0.11904447805175566,0.015113313514417068,0.12,0.0,0.9360000000000002,0.9360000000000002
7.9,0.9463845490813091,0.041116304302015315,0.1295574172428262,0.11899430045230303,0.015503433808902947,0.12,0.0,0.9480000000000002,0.9480000000000002
8.0,0.9582835072838178,0.04267026494982726,0.13283520204456248,0.11894284439431865,0.015893387536610848,0.12,0.0,0.9600000000000002,0.9600000000000002
8.1,0.9701824654863267,0.044224225597639194,0.13611298684629874,0.11889011043063945,0.016283170507931117,0.12,0.0,0.9720000000000001,0.9720000000000001
8.200000000000001,0.9820814236888357,0.045778186245451165,0.13939077164803507,0.11883609912783188,0.016672778535088684,0.12,0.0,0.9840000000000003,0.9840000000000003
8.3,0.9939803818913444,0.04733214689326311,0.14266855644977133,0.11878081106618604,0.01706220743218805,0.12,0.0,0.9960000000000003,0.9960000000000003
8.4,1.0058462323877446,0.04911405005073362,0.14617670735383662,0.11872022346627252,0.017478802593951195,0.12,0.0,1.0080000000000002,1.0080000000000002
8.5,1.017695600058881,0.05100943544537659,0.14979954709194238,0.11865612160547799,0.0179087912921564,0.12,0.0,1.0200000000000002,1.0200000000000002
8.6,1.0295449677300175,0.052904820840019566,0.1534223868300481,0.11859046238861529,0.01833854493831022,0.12,0.0,1.032,1.032
8.700000000000001,1.041394335401154,0.05480020623466257,0.15704522656815392,0.11852324667745853,0.01876805789191608,0.12,0.0,1.0440000000000003,1.0440000000000003
8.8,1.0532437030722903,0.05669559162930554,0.16066806630625965,0.11845447535421084,0.019197324515636452,0.12,0.0,1.0560000000000003,1.0560000000000003
8.9,1.0650930707434267,0.05859097702394852,0.1642909060443654,0.1183841493214926,0.01962633917536691,0.12,0.0,1.068,1.068
9.0,1.0769424384145632,0.06048636241859149,0.16791374578247112,0.11831226950232973,0.020055096240310034,0.12,0.0,1.08,1.08
9.1,1.0887918060856996,0.06238174781323447,0.17153658552057688,0.11823883684014151,0.020483590083049317,0.12,0.0,1.092,1.092
9.200000000000001,1.1006191364920226,0.06440219064949014,0.17527488476343134,0.11816143704330598,0.020925458080071707,0.12,0.0,1.104,1.104
9.3,1.1124026435652976,0.0666713228743898,0.1792427869253828,0.11807747691058623,0.021394145143706324,0.12,0.0,1.116,1.116
9.4,1.1241861506385726,0.06894045509928946,0.18321068908733432,0.11799165773927706,0.02186249537306526,0.12,0.0,1.1280000000000001,1.1280000000000001
9.5,1.1359696577118474,0.07120958732418912,0.18717859124928582,0.11790398088053494,0.022330501394336216,0.12,0.0,1.1400000000000001,1.1400000000000001
9.600000000000001,1.1477531647851227,0.07347871954908883,0.19114649341123738,0.11781444771476424,0.02279815583912621,0.12,0.0,1.1520000000000001,1.1520000000000001
9.700000000000001,1.1595366718583977,0.07574785177398849,0.19511439557318888,0.11772305965159542,0.023265451344577536,0.12,0.0,1.1640000000000001,1.1640000000000001
9.8,1.1713201789316725,0.07801698399888815,0.19908229773514036,0.11762981812986292,0.02373238055348373,0.12,0.0,1.1760000000000002,1.1760000000000002
9.9,1.1831036860049475,0.08028611622378781,0.20305019989709186,0.11753472461758238,0.024198936114405375,0.12,0.0,1.1880000000000002,1.1880000000000002
10.0,1.1948870522700983,0.08255591730548167,0.20701867177014346,0.11743776655992126,0.024665177587389033,0.12,0.0,1.2,1.2
10.100000000000001,1.2065852727001112,0.08523017211212078,0.21133164455665504,0.1173302943786521,0.025171452501173638,0.12,0.0,1.2120000000000002,1.2120000000000002
10.200000000000001,1.2182834931301239,0.08790442691875983,0.21564461734316656,0.11722063965380984,0.02567725918301377,0.12,0.0,1.2240000000000002,1.2240000000000002
10.3,1.2299817135601365,0.09057868172539889,0.21995759012967805,0.11710880442515938,0.02618258822404254,0.12,0.0,1.236,1.236
10.4,1.2416799339901494,0.09325293653203794,0.22427056291618958,0.1169947907730267,0.026687430224277987,0.12,0.0,1.248,1.248
10.5,1.253378154420162,0.095927191338677,0.22858353570270107,0.11687860081826018,0.02719177579279793,0.12,0.0,1.26,1.26
10.600000000000001,1.265076374850175,0.0986014461453161,0.23289650848921267,0.1167602367221911,0.027695615547914696,0.12,0.0,1.272,1.272
10.700000000000001,1.2767745952801877,0.10127570095195515,0.23720948127572417,0.11663970068659356,0.02819894011734955,0.12,0.0,1.284,1.284
10.8,1.2884728157102003,0.1039499557585942,0.2415224540622357,0.11651699495364334,0.028701740138407136,0.12,0.0,1.296,1.296
10.9,1.3000987404388418,0.106915308281048,0.24606620437861812,0.11638537907808819,0.029230866166600544,0.12,0.0,1.3079999999999998,1.3079999999999998
11.0,1.311688857765045,0.1100248388508995,0.2507242567036815,0.11624795803558645,0.029772676274673907,0.12,0.0,1.3199999999999998,1.3199999999999998
11.100000000000001,1.3232789750912486,0.11313436942075106,0.2553823090287449,0.11610801471321815,0.03031384039271692,0.12,0.0,1.332,1.332
11.200000000000001,1.3348690924174518,0.11624389999060256,0.26004036135380826,0.11596555214739125,0.0308543467788686,0.12,0.0,1.344,1.344
11.3,1.3464592097436552,0.11935343056045405,0.2646984136788716,0.11582057342917476,0.03139418370553908,0.12,0.0,1.3559999999999999,1.3559999999999999
11.4,1.3580493270698584,0.12246296113030555,0.2693564660039349,0.1156730817042317,0.031933339459664034,0.12,0.0,1.3679999999999999,1.3679999999999999
11.5,1.3696394443960618,0.12557249170015705,0.2740145183289983,0.11552308017275081,0.03247180234295882,0.12,0.0,1.38,1.38
11.600000000000001,1.3812295617222652,0.1286820222700086,0.2786725706540617,0.11537057208937718,0.03300956067217226,0.12,0.0,1.3920000000000001,1.3920000000000001
11.700000000000001,1.3927744862697584,0.13194739729761532,0.2834465577607374,0.1152116707707843,0.033559960044737894,0.12,0.0,1.404,1.404
11.8,1.4042300836694026,0.13552081138183017,0.2884496992516649,0.11504232428960685,0.03413595790431156,0.12,0.0,1.416,1.416
11.9,1.4156856810690468,0.13909422546604502,0.29345284074259237,0.1148700981411495,0.03471110129400508,0.12,0.0,1.428,1.428
12.0,1.427141278468691,0.1426676395502599,0.2984559822335198,0.11469499663646912,0.03528537581719,0.12,0.0,1.44,1.44
12.100000000000001,1.4385968758683352,0.14624105363447482,0.3034591237244474,0.1145170241585967,0.0358587670989868,0.12,0.0,1.452,1.452
12.200000000000001,1.4500524732679794,0.1498144677186897,0.30846226521537484,0.11433618516242766,0.036431260786624654,0.12,0.0,1.464,1.464
12.3,1.4615080706676236,0.15338788180290455,0.3134654067063023,0.11415248417461028,0.037002842549800775,0.12,0.0,1.476,1.476
12.4,1.4729636680672678,0.15696129588711943,0.3184685481972298,0.11396592579343244,0.03757349808103912,0.12,0.0,1.488,1.488
12.5,1.4844187340586743,0.1605362926646751,0.32347280304987036,0.11377647222144287,0.03814333977044013,0.12,0.0,1.5,1.5
12.600000000000001,1.4957096152494218,0.16460028109187677,0.3288210440473413,0.11357084621130153,0.03875129534414167,0.12,0.0,1.512,1.512
12.700000000000001,1.507000496440169,0.16866426951907837,0.33416928504481214,0.11336197166456052,0.03935814249076521,0.12,0.0,1.524,1.524
12.8,1.5182913776309164,0.17272825794627997,0.339517526042283,0.11314985455578662,0.03996386385228949,0.12,0.0,1.536,1.536
12.9,1.5295822588216637,0.17679224637348157,0.34486576703975386,0.1129345009522957,0.04056844210289472,0.12,0.0,1.548,1.548
13.0,1.540873140012411,0.18085623480068316,0.3502140080372247,0.11271591701397898,0.04117185994945824,0.12,0.0,1.56,1.56
13.100000000000001,1.5521640212031584,0.18492022322788484,0.35556224903469563,0.11249410899312698,0.041774100132049144,0.12,0.0,1.572,1.572
13.200000000000001,1.5634549023939057,0.18898421165508644,0.36091049003216646,0.1122690832342506,0.04237514542442196,0.12,0.0,1.584,1.584
13.3,1.5747457835846528,0.19304820008228804,0.3662587310296373,0.11204084617389973,0.04297497863450939,0.12,0.0,1.596,1.596
13.4,1.5859033308852057,0.19745748948002367,0.3718383971292254,0.11179931732564465,0.043599456940652516,0.12,0.0,1.608,1.608
13.5,1.59699537913529,0.202036404812043,0.37753174868733574,0.11154927968982604,0.044235259699485906,0.12,0.0,1.6199999999999999,1.6199999999999999
13.600000000000001,1.6080874273853745,0.2066153201440624,0.38322510024544615,0.11129562627731605,0.0448696286093388,0.12,0.0,1.6320000000000001,1.6320000000000001
13.700000000000001,1.6191794756354587,0.2111942354760817,0.38891845180355644,0.1110383653100781,0.045502543107673044,0.12,0.0,1.6440000000000001,1.6440000000000001
13.8,1.630271523885543,0.21577315080810103,0.39461180336166674,0.11077750512701146,0.04613398267909404,0.12,0.0,1.6560000000000001,1.6560000000000001
13.9,1.6413635721356272,0.22035206614012035,0.4003051549197771,0.11051305418368099,0.04676392685601572,0.12,0.0,1.668,1.668
14.0,1.6524556203857115,0.22493098147213966,0.4059985064778874,0.11024502105204305,0.04739235521932395,0.12,0.0,1.68,1.68
14.100000000000001,1.663547668635796,0.22950989680415906,0.4116918580359978,0.10997341442016766,0.04801924739903846,0.12,0.0,1.6920000000000002,1.6920000000000002
14.200000000000001,1.6745596155032914,0.23427015534946613,0.4175018715150334,0.10969256737496877,0.04865738035167878,0.12,0.0,1.704,1.704
14.3,1.6854146988942997,0.23938554043509308,0.4235403454013494,0.10939675297679645,0.04931886493152265,0.12,0.0,1.716,1.716
14.4,1.696269782285308,0.24450092552072003,0.42957881928766545,0.10909694963868549,0.049978551194828774,0.12,0.0,1.728,1.728
14.5,1.7071248656763163,0.24961631060634698,0.43561729317398146,0.1087931682923818,0.05063641508741993,0.12,0.0,1.7399999999999998,1.7399999999999998
14.600000000000001,1.7179799490673247,0.254731695691974,0.4416557670602976,0.10848542001468167,0.05129243262156813,0.12,0.0,1.752,1.752
14.700000000000001,1.728835032458333,0.259847080777601,0.4476942409466136,0.10817371602702777,0.0519465798768692,0.12,0.0,1.764,1.764
14.8,1.7396901158493412,0.2649624658632279,0.45373271483292965,0.10785806769510013,0.052598833001115126,0.12,0.0,1.776,1.776
14.9,1.7505451992403496,0.2700778509488549,0.45977118871924566,0.10753848652840153,0.053249168211163635,0.12,0.0,1.7879999999999998,1.7879999999999998
15.0,1.7613994432130033,0.275194953278361,0.4658107385994505,0.10721492618632884,0.053897677156442066,0.12,0.0,1.7999999999999998,1.7999999999999998
15.100000000000001,1.7721039951006181,0.2806182888650056,0.472042168687951,0.10687698714309925,0.05456472871016402,0.12,0.0,1.812,1.812
15.200000000000001,1.782652216344062,0.286339618080596,0.477999185705354,0.10655004973249461,0.055200424835348164,0.12,0.0,1.8239999999999998,1.8239999999999998
15.3,1.7931984763961044,0.2920646856709999,0.48395276016958183,0.10621952350393554,0.055833796455165806,0.12,0.0,1.8359999999999999,1.8359999999999999
15.4,1.8037447364481467,0.29778975326140383,0.48990633463380967,0.10588523233029234,0.05646518904918332,0.12,0.0,1.8479999999999999,1.8479999999999999
15.5,1.8142909965001892,0.30351482085180775,0.4958599090980375,0.10554718806049704,0.05709458023772545,0.12,0.0,1.8599999999999999,1.8599999999999999
15.600000000000001,1.824837256552232,0.3092398884422118,0.5018134835622654,0.10520540267650991,0.05772194771205664,0.12,0.0,1.8719999999999999,1.8719999999999999
15.700000000000001,1.8353835166042742,0.3149649560326157,0.5077670580264932,0.10485988829289482,0.05834726923517174,0.12,0.0,1.884,1.884
15.8,1.8459297766563167,0.3206900236230196,0.5137206324907211,0.10451065715638981,0.05897052264258428,0.12,0.0,1.896,1.896
15.9,1.856476036708359,0.32641509121342355,0.5196742069549489,0.10415772164547304,0.059591685843112,0.12,0.0,1.908,1.908
16.0,1.8668379944250775,0.3324613821485778,0.5252352108069246,0.10382472323665362,0.06016998292198756,0.12,0.0,1.9199999999999997,1.9199999999999997
16.1,1.8771029333725056,0.3386767685730551,0.5305895611859898,0.10350106532970722,0.06072503170534927,0.12,0.0,1.932,1.932
16.2,1.8873678723199332,0.34489215499753223,0.5359439115650547,0.1031744401507718,0.06127833956280805,0.12,0.0,1.9439999999999995,1.9439999999999995
16.3,1.8976328112673613,0.3511075414220095,0.5412982619441199,0.10284485706386443,0.06182989063158124,0.12,0.0,1.9559999999999997,1.9559999999999997
16.400000000000002,1.9078977502147896,0.35732292784648684,0.5466526123231851,0.10251232551780243,0.062379669099251495,0.12,0.0,1.9679999999999997,1.9679999999999997
16.5,1.9181626891622172,0.36353831427096395,0.5520069627022501,0.10217685504593256,0.06292765920422022,0.12,0.0,1.9799999999999995,1.9799999999999995
16.6,1.9284276281096453,0.3697537006954413,0.5573613130813153,0.10183845526585761,0.0634738452361594,0.12,0.0,1.9919999999999995,1.9919999999999995
16.7,1.9386925670570732,0.37596908711991833,0.5627156634603803,0.1014971358791607,0.06401821153646192,0.12,0.0,2.003999999999999,2.003999999999999
16.8,1.9488701701824365,0.3823220852957387,0.5678767811048616,0.10116538003140069,0.06454119524073192,0.12,0.0,2.0159999999999996,2.0159999999999996
16.900000000000002,1.958864291587628,0.3889641886778232,0.5726319407621531,0.10085733374961789,0.06502152127502236,0.12,0.0,2.0279999999999996,2.0279999999999996
17.0,1.968858412992819,0.3956062920599075,0.5773871004194444,0.10054700693215644,0.06550037707513508,0.12,0.0,2.0399999999999996,2.0399999999999996
17.1,1.9788525343980103,0.402248395441992,0.5821422600767359,0.10023440659597137,0.06597775181342184,0.12,0.0,2.0519999999999996,2.0519999999999996
17.2,1.9888466558032014,0.40889049882407624,0.5868974197340273,0.09991953980942542,0.06645363469572337,0.12,0.0,2.063999999999999,2.063999999999999
17.3,1.998840777208393,0.4155326022061608,0.5916525793913188,0.09960241369212917,0.06692801496161348,0.12,0.0,2.0759999999999996,2.0759999999999996
17.400000000000002,2.008834898613584,0.42217470558824527,0.5964077390486103,0.09928303541478006,0.06740088188464247,0.12,0.0,2.0879999999999996,2.0879999999999996
17.5,2.0188290200187753,0.42881680897032953,0.6011628987059017,0.09896141219900029,0.06787222477257952,0.12,0.0,2.099999999999999,2.099999999999999
17.6,2.028823141423967,0.4354589123524141,0.6059180583631931,0.09863755131717339,0.06834203296765456,0.12,0.0,2.1119999999999997,2.1119999999999997
17.7,2.0385664362647002,0.44246363809218775,0.61008022739807,0.09835224666503523,0.06875198597815242,0.12,0.0,2.123999999999999,2.123999999999999
17.8,2.048307121084634,0.4494721371639372,0.6142362259626789,0.09806566494782516,0.06916014284500066,0.12,0.0,2.1359999999999997,2.1359999999999997
17.900000000000002,2.058047805904568,0.4564806362356866,0.6183922245272878,0.09777738941110808,0.06956710515716842,0.12,0.0,2.1479999999999997,2.1479999999999997
18.0,2.0677884907245017,0.46348913530743574,0.6225482230918965,0.09748742503406535,0.06997286588548084,0.12,0.0,2.1599999999999993,2.1599999999999993
18.1,2.0775291755444356,0.4704976343791851,0.6267042216565054,0.09719577682504839,0.07037741802151727,0.12,0.0,2.1719999999999997,2.1719999999999997
18.2,2.087269860364369,0.4775061334509343,0.6308602202211141,0.09690244982149239,0.07078075457773214,0.12,0.0,2.1839999999999993,2.1839999999999993
18.3,2.097010545184303,0.4845146325226837,0.635016218785723,0.09660744908982906,0.0711828685875758,0.12,0.0,2.1959999999999993,2.1959999999999993
18.400000000000002,2.106751230004237,0.4915231315944331,0.6391722173503319,0.09631077972539934,0.07158375310561473,0.12,0.0,2.2079999999999997,2.2079999999999997
18.5,2.1163407150418245,0.4987348067230086,0.6429347130670664,0.09604076509150998,0.07194561446424233,0.12,0.0,2.2199999999999993,2.2199999999999993
18.6,2.1258511877757695,0.5060526553397057,0.6464915764342165,0.0957842573920518,0.0722867625215929,0.12,0.0,2.2319999999999998,2.2319999999999998
18.7,2.135361660509714,0.5133705039564024,0.6500484398013666,0.0955265379006975,0.07262699606005059,0.12,0.0,2.2439999999999993,2.2439999999999993
18.8,2.1448721332436587,0.5206883525730995,0.6536053031685168,0.09526760987792425,0.07296631077523126,0.12,0.0,2.2559999999999993,2.2559999999999993
18.900000000000002,2.1543826059776037,0.5280062011897966,0.657162166535667,0.09500747659949879,0.07330470237437492,0.12,0.0,2.268,2.268
19.0,2.1638930787115482,0.5353240498064933,0.6607190299028171,0.09474614135643582,0.07364216657640024,0.12,0.0,2.2799999999999994,2.2799999999999994
19.1,2.1734035514454932,0.5426418984231904,0.6642758932699672,0.09448360745495638,0.07397869911195865,0.12,0.0,2.292,2.292
19.200000000000003,2.1829140241794383,0.5499597470398875,0.6678327566371174,0.09421987821644608,0.07431429572348827,0.12,0.0,2.304,2.304
19.3,2.192359062497477,0.5573602892233824,0.6711956532231672,0.09396943462684736,0.07463072662054591,0.12,0.0,2.3159999999999994,2.3159999999999994
19.400000000000002,2.201667425306559,0.5649335568018128,0.6741534035545919,0.09374828485680584,0.07490833789643973,0.12,0.0,2.328,2.328
19.5,2.21097578811564,0.572506824380243,0.6771111538860165,0.09352631495045838,0.07518529385317095,0.12,0.0,2.3399999999999994,2.3399999999999994
19.6,2.2202841509247224,0.5800800919586735,0.6800689042174412,0.09330352684965999,0.07546159206785115,0.12,0.0,2.3519999999999994,2.3519999999999994
19.700000000000003,2.229592513733804,0.587653359537104,0.6830266545488658,0.09307992250342353,0.07573723012334597,0.12,0.0,2.364,2.364
19.8,2.2389008765428855,0.5952266271155341,0.6859844048802904,0.09285550386790259,0.07601220560829641,0.12,0.0,2.3759999999999994,2.3759999999999994
19.900000000000002,2.2482092393519673,0.6027998946939646,0.6889421552117151,0.09263027290637431,0.0762865161171397,0.12,0.0,2.3879999999999995,2.3879999999999995
20.0,2.257517602161049,0.6103731622723948,0.6918999055431397,0.09240423158922242,0.07656015925013053,0.12,0.0,2.3999999999999995,2.3999999999999995
20.1,2.266825964970131,0.6179464298508253,0.6948576558745644,0.09217738189391976,0.07683313261336201,0.12,0.0,2.4119999999999995,2.4119999999999995
20.200000000000003,2.275965893198408,0.6257221006547624,0.6972219225317814,0.0919954704250912,0.07705084958172861,0.12,0.0,2.4239999999999995,2.4239999999999995
20.3,2.2851042290069086,0.6334996850259585,0.6995805782560452,0.09181347826907779,0.07726762069672896,0.12,0.0,2.4359999999999995,2.4359999999999995
20.400000000000002,2.2942425648154092,0.6412772693971548,0.7019392339803092,0.09163097533134154,0.07748396195231035,0.12,0.0,2.4479999999999995,2.4479999999999995
20.5,2.3033809006239094,0.6490548537683509,0.7042978897045731,0.09144796262719265,0.07769987214491136,0.12,0.0,2.4599999999999995,2.4599999999999995
20.6,2.3125192364324105,0.6568324381395472,0.706656545428837,0.09126444117477736,0.07791535007336874,0.12,0.0,2.4719999999999995,2.4719999999999995
20.700000000000003,2.321657572240911,0.6646100225107435,0.7090152011531009,0.09108041199507215,0.07813039453892394,0.12,0.0,2.484,2.484
20.8,2.3307959080494114,0.6723876068819397,0.7113738568773649,0.09089587611187813,0.07834500434522995,0.12,0.0,2.4959999999999996,2.4959999999999996
20.900000000000002,2.339934243857912,0.6801651912531359,0.7137325126016287,0.09071083455181536,0.07855917829835785,0.12,0.0,2.5079999999999996,2.5079999999999996
21.0,2.348983960764794,0.6880451072048519,0.715697312066618,0.09055630652796458,0.07873725514655257,0.12,0.0,2.5199999999999996,2.5199999999999996
21.1,2.357987501702099,0.6959783442862885,0.7174568878793856,0.0904176222437633,0.07889647386153655,0.12,0.0,2.5319999999999996,2.5319999999999996
21.200000000000003,2.3669910426394036,0.703911581367725,0.719216463692153,0.09027865801699742,0.07905544830465532,0.12,0.0,2.544,2.544
21.3,2.3759945835767082,0.7118448184491613,0.7209760395049204,0.09013941427791491,0.0792141779837071,0.12,0.0,2.5559999999999996,2.5559999999999996
21.400000000000002,2.3849981245140133,0.7197780555305978,0.7227356153176878,0.08999989145762921,0.079372662407248,0.12,0.0,2.568,2.568
21.5,2.394001665451318,0.727711292612034,0.7244951911304552,0.08986008998811779,0.07953090108459336,0.12,0.0,2.5799999999999996,2.5799999999999996
21.6,2.4030052063886225,0.7356445296934706,0.7262547669432227,0.08972001030222083,0.07968889352581943,0.12,0.0,2.592,2.592
21.700000000000003,2.4120087473259275,0.7435777667749072,0.7280143427559901,0.08957965283363996,0.07984663924176484,0.12,0.0,2.604,2.604
21.8,2.4209807824571277,0.7515463247010568,0.7295797143572553,0.08945455347071798,0.0799867668014807,0.12,0.0,2.6159999999999997,2.6159999999999997
21.900000000000002,2.4298871362634786,0.7595885173048248,0.7307402212215035,0.08936166806200742,0.08009052553938951,0.12,0.0,2.628,2.628
22.0,2.4387934900698296,0.7676307099085925,0.7319007280857517,0.08926866230314422,0.08019417641329823,0.12,0.0,2.6399999999999997,2.6399999999999997
22.1,2.4476998438761806,0.7756729025123605,0.73306123495,0.08917553631938632,0.08029771928361235,0.12,0.0,2.652,2.652
22.200000000000003,2.4566061976825315,0.7837150951161286,0.7342217418142482,0.08908229023615358,0.0804011540108828,0.12,0.0,2.664,2.664
22.3,2.465512551488882,0.7917572877198963,0.7353822486784964,0.08898892417902757,0.0805044804558062,0.12,0.0,2.6759999999999997,2.6759999999999997
22.400000000000002,2.474418905295233,0.7997994803236643,0.7365427555427446,0.08889543827375149,0.08060769847922493,0.12,0.0,2.688,2.688
22.5,2.4833252591015835,0.8078416729274321,0.7377032624069928,0.08880183264622987,0.08071080794212744,0.12,0.0,2.6999999999999997,2.6999999999999997
22.6,2.4922316129079345,0.8158838655312002,0.7388637692712411,0.08870810742252856,0.0808138087056484,0.12,0.0,2.712,2.712
22.700000000000003,2.5010805655717654,0.8239891705678297,0.7394306802488564,0.0886622789348217,0.08086408531655985,0.12,0.0,2.724,2.724
22.8,2.5099289896858257,0.8320950567437954,0.7399921253950352,0.08861686421491541,0.08091385157508721,0.12,0.0,2.7359999999999998,2.7359999999999998
22.900000000000002,2.5187774137998864,0.8402009429197612,0.7405535705412141,0.08857142156114413,0.08096359232789818,0.12,0.0,2.748,2.748
23.0,2.5276258379139467,0.8483068290957267,0.7411150156873929,0.08852595098783231,0.08101330755931344,0.12,0.0,2.76,2.76
23.1,2.5364742620280074,0.8564127152716926,0.7416764608335717,0.0884804525093132,0.08106299725366174,0.12,0.0,2.7720000000000002,2.7720000000000002
23.200000000000003,2.545322686142068,0.8645186014476585,0.7422379059797506,0.08843492613992888,0.08111266139527984,0.12,0.0,2.7840000000000003,2.7840000000000003
23.3,2.5541711102561284,0.872624487623624,0.7427993511259293,0.08838937189403023,0.08116229996851257,0.12,0.0,2.796,2.796
23.400000000000002,2.563019534370189,0.8807303737995898,0.7433607962721082,0.08834378978597685,0.08121191295771286,0.12,0.0,2.8080000000000003,2.8080000000000003
23.5,2.571856311146721,0.8888489464407678,0.7435283304313998,0.08833018277667541,0.08122671242047848,0.12,0.0,2.82,2.82
23.6,2.5806870220374396,0.8969741261412145,0.7434907173575366,0.08833323790052636,0.08122338999333266,0.12,0.0,2.8320000000000003,2.8320000000000003
23.700000000000003,2.5895177329281585,0.9050993058416612,0.7434531042836733,0.08833629289940845,0.08122006745127658,0.12,0.0,2.8440000000000003,2.8440000000000003
23.8,2.5983484438188764,0.9132244855421077,0.7434154912098101,0.08833934777331737,0.08121674479431497,0.12,0.0,2.856,2.856
23.900000000000002,2.607179154709595,0.9213496652425543,0.7433778781359469,0.08834240252224876,0.0812134220224525,0.12,0.0,2.8680000000000003,2.8680000000000003
24.0,2.616009865600313,0.9294748449430007,0.7433402650620836,0.08834545714619836,0.08121009913569388,0.12,0.0,2.88,2.88
24.1,2.624840576491031,0.9376000246434474,0.7433026519882204,0.08834851164516179,0.08120677613404383,0.12,0.0,2.8920000000000003,2.8920000000000003
24.200000000000003,2.63367128738175,0.9457252043438941,0.7432650389143572,0.08835156601913476,0.08120345301750703,0.12,0.0,2.9040000000000004,2.9040000000000004
24.3,2.6425093881368587,0.9538423298204987,0.7430332007441426,0.08837038970452743,0.08118296756998941,0.12,0.0,2.916,2.916
24.400000000000002,2.651362891966405,0.9619426674640918,0.7423965292158932,0.08842205867456997,0.08112668820894209,0.12,0.0,2.9280000000000004,2.9280000000000004
24.5,2.660216395795951,0.9700430051076847,0.7417598576876437,0.0884736918026761,0.08107037596314132,0.12,0.0,2.94,2.94
24.6,2.6690698996254976,0.9781433427512778,0.7411231861593943,0.0885252890679163,0.0810140308554133,0.12,0.0,2.952,2.952
24.700000000000003,2.677923403455044,0.9862436803948709,0.7404865146311449,0.08857685044937558,0.08095765290859754,0.12,0.0,2.9640000000000004,2.9640000000000004
24.8,2.6867769072845897,0.9943440180384637,0.7398498431028955,0.08862837592615352,0.08090124214554688,0.12,0.0,2.976,2.976
24.900000000000002,2.695630411114136,1.0024443556820568,0.739213171574646,0.08867986547736421,0.08084479858912746,0.12,0.0,2.9880000000000004,2.9880000000000004
25.0,2.7044839149436823,1.0105446933256497,0.7385765000463966,0.08873131908213636,0.08078832226221871,0.12,0.0,3.0,3.0
25.1,2.7133374187732286,1.0186450309692427,0.7379398285181472,0.08878273671961318,0.08073181318771336,0.12,0.0,3.012,3.012
25.200000000000003,2.722253275615175,1.026676681963186,0.7367095497183983,0.08888199214264589,0.08062252459923736,0.12,0.0,3.0240000000000005,3.0240000000000005
25.3,2.731169705470673,1.0347077017385307,0.7354738157690435,0.0889815522449213,0.08051262857517659,0.12,0.0,3.036,3.036
25.400000000000002,2.7400861353261714,1.0427387215138757,0.7342380818196886,0.08908097646896738,0.08040260960525646,0.12,0.0,3.048,3.048
25.5,2.7490025651816694,1.0507697412892205,0.7330023478703339,0.08918026466295957,0.08029246785748016,0.12,0.0,3.06,3.06
25.6,2.757918995037168,1.0588007610645656,0.7317666139209791,0.089279416675281,0.08018220350003831,0.12,0.0,3.072,3.072
25.700000000000003,2.766835424892666,1.0668317808399106,0.7305308799716242,0.08937843235452275,0.0800718167013088,0.12,0.0,3.0840000000000005,3.0840000000000005
25.8,2.775751854748164,1.0748628006152554,0.7292951460222694,0.08947731154948413,0.07996130762985654,0.12,0.0,3.096,3.096
25.900000000000002,2.7846682846036623,1.0828938203906004,0.7280594120729146,0.08957605410917278,0.07985067645443304,0.12,0.0,3.108,3.108
26.0,2.793651799149079,1.0908493944967785,0.7264297311186001,0.08970606622747425,0.07970459009362009,0.12,0.0,3.12,3.12
26.1,2.802670243825736,1.0987656850178547,0.7245949270489882,0.08985215745372896,0.0795398629676359,0.12,0.0,3.132,3.132
26.200000000000003,2.8116886885023935,1.1066819755389306,0.7227601229793762,0.0899979461922437,0.079374868070303,0.12,0.0,3.144,3.144
26.3,2.82070713317905,1.1145982660600064,0.7209253189097643,0.09014343195221995,0.07920960595707752,0.12,0.0,3.156,3.156
26.400000000000002,2.8297255778557076,1.1225145565810826,0.7190905148401524,0.09028861424387916,0.0790440771843152,0.12,0.0,3.168,3.168
26.5,2.838744022532364,1.1304308471021582,0.7172557107705405,0.09043349257846442,0.07887828230926952,0.12,0.0,3.18,3.18
26.6,2.847762467209021,1.1383471376232344,0.7154209067009286,0.09057806646824207,0.07871222189008972,0.12,0.0,3.192,3.192
26.700000000000003,2.8567809118856786,1.1462634281443103,0.7135861026313166,0.09072233542650342,0.07854589648581904,0.12,0.0,3.204,3.204
26.8,2.865844558959161,1.1541272897438228,0.7115569891739518,0.09088152708717907,0.0783616490019342,0.12,0.0,3.216,3.216
26.900000000000002,2.8750023686060615,1.161881934962731,0.7091231035523864,0.09107198100783931,0.07814022187905378,0.12,0.0,3.228,3.228
27.0,2.8841601782529622,1.1696365801816386,0.7066892179308211,0.0912618954366359,0.07791833186941655,0.12,0.0,3.2399999999999998,3.2399999999999998
27.1,2.893317987899863,1.1773912254005467,0.7042553323092556,0.09145126924855448,0.0776959802874537,0.12,0.0,3.2520000000000002,3.2520000000000002
27.200000000000003,2.9024757975467637,1.1851458706194549,0.7018214466876902,0.09164010132178316,0.0774731684503307,0.12,0.0,3.2640000000000002,3.2640000000000002
27.3,2.9116336071936644,1.1929005158383625,0.6993875610661249,0.09182839053771917,0.07724989767793952,0.12,0.0,3.276,3.276
27.400000000000002,2.920791416840565,1.2006551610572707,0.6969536754445594,0.0920161357809756,0.07702616929289072,0.12,0.0,3.2880000000000003,3.2880000000000003
27.5,2.929949226487466,1.2084098062761786,0.694519789822994,0.09220333593938783,0.07680198462050568,0.12,0.0,3.3,3.3
27.6,2.9391070361343665,1.2161644514950867,0.6920859042014286,0.0923899899040203,0.07657734498880872,0.12,0.0,3.312,3.312
27.700000000000003,2.9484375498206377,1.2237103682315342,0.6890582208055823,0.09262141804267551,0.07629726679091423,0.12,0.0,3.324,3.324
27.8,2.957769604685978,1.2312544223134099,0.6860252384676565,0.09285239993945205,0.07601599716825427,0.12,0.0,3.336,3.336
27.900000000000002,2.9671016595513193,1.2387984763952857,0.6829922561297305,0.0930825276893405,0.07573402827635117,0.12,0.0,3.348,3.348
28.0,2.97643371441666,1.2463425304771614,0.6799592737918047,0.0933117991754014,0.07545136270902969,0.12,0.0,3.36,3.36
28.1,2.985765769282001,1.2538865845590372,0.6769262914538786,0.0935402122885722,0.07516800306652321,0.12,0.0,3.372,3.372
28.200000000000003,2.9950978241473423,1.261430638640913,0.6738933091159527,0.0937677649276864,0.07488395195544999,0.12,0.0,3.384,3.384
28.3,3.004429879012683,1.2689746927227887,0.6708603267780268,0.093994454999493,0.07459921198878902,0.12,0.0,3.396,3.396
28.400000000000002,3.013761933878024,1.2765187468046646,0.6678273444401008,0.09422028041867575,0.07431378578585611,0.12,0.0,3.408,3.408
28.5,3.0232294636297747,1.2838903743785322,0.6644001178330501,0.09447441675438205,0.07399043572597294,0.12,0.0,3.4199999999999995,3.4199999999999995
28.6,3.032767393700081,1.2911723995071591,0.6607680198814252,0.09474253351457579,0.07364680809946539,0.12,0.0,3.432,3.432
28.700000000000003,3.042305323770387,1.2984544246357859,0.6571359219298004,0.09500940041980095,0.0733022089153521,0.12,0.0,3.444,3.444
28.8,3.051843253840693,1.3057364497644126,0.6535038239781757,0.09527501394951701,0.07295664271962722,0.12,0.0,3.4559999999999995,3.4559999999999995
28.900000000000002,3.0613811839109992,1.3130184748930394,0.6498717260265509,0.09553937059971819,0.0726101140710418,0.12,0.0,3.468,3.468
29.0,3.0709191139813052,1.3203005000216659,0.6462396280749262,0.09580246688297948,0.07226262754104378,0.12,0.0,3.4799999999999995,3.4799999999999995
29.1,3.0804570440516112,1.3275825251502928,0.6426075301233013,0.09606429932850295,0.07191418771371742,0.12,0.0,3.492,3.492
29.200000000000003,3.0899949741219173,1.3348645502789198,0.6389754321716765,0.09632486448216325,0.07156479918572317,0.12,0.0,3.504,3.504
29.3,3.099608770907263,1.3420437567077008,0.6351485971531338,0.09659802517144932,0.07119565670022324,0.12,0.0,3.5159999999999996,3.5159999999999996
29.400000000000002,3.1093801164806605,1.3490094444472747,0.6309173609572658,0.0968984051988763,0.07078629153949499,0.12,0.0,3.528,3.528
29.5,3.1191514620540577,1.355975132186848,0.6266861247613981,0.09719705042188449,0.07037565906821508,0.12,0.0,3.5399999999999996,3.5399999999999996
29.6,3.1289228076274553,1.362940819926422,0.6224548885655301,0.09749395549372904,0.06996376663807331,0.12,0.0,3.5519999999999996,3.5519999999999996
29.700000000000003,3.1386941532008525,1.3699065076659955,0.6182236523696621,0.09778911509881953,0.0695506216233171,0.12,0.0,3.564,3.564
29.8,3.1484654987742497,1.376872195405569,0.6139924161737944,0.09808252395281526,0.06913623142061923,0.12,0.0,3.5759999999999996,3.5759999999999996
29.900000000000002,3.1582368443476474,1.3838378831451428,0.6097611799779264,0.09837417680271983,0.06872060344894548,0.12,0.0,3.588,3.588
30.0,3.1680081899210446,1.3908035708847162,0.6055299437820587,0.0986640684269751,0.06830374514942188,0.12,0.0,3.5999999999999996,3.5999999999999996
30.1,3.1777795354944423,1.3977692586242898,0.6012987075861908,0.09895219363555481,0.06788566398520135,0.12,0.0,3.612,3.612
30.200000000000003,3.1878048265701113,1.4043641002276934,0.596473023968649,0.09927863494202067,0.06740736342603076,0.12,0.0,3.624,3.624
30.3,3.1978321328085837,1.4109559990133158,0.5916426231644588,0.09960308003769279,0.06692702329406981,0.12,0.0,3.6359999999999997,3.6359999999999997
30.400000000000002,3.207859439047056,1.4175478977989386,0.5868122223602685,0.09992520112193376,0.06644512157217478,0.12,0.0,3.6479999999999997,3.6479999999999997
30.5,3.217886745285528,1.424139796584561,0.5819818215560784,0.1002449906787804,0.06596166950442682,0.12,0.0,3.6599999999999997,3.6599999999999997
30.6,3.227914051524001,1.4307316953701839,0.5771514207518881,0.10056244124667042,0.06547667837108079,0.12,0.0,3.6719999999999997,3.6719999999999997
30.700000000000003,3.237941357762473,1.4373235941558065,0.5723210199476978,0.10087754541861654,0.0649901594883022,0.12,0.0,3.6839999999999997,3.6839999999999997
30.8,3.247968664000945,1.443915492941429,0.5674906191435076,0.10119029584237925,0.06450212420790313,0.12,0.0,3.6959999999999997,3.6959999999999997
30.900000000000002,3.257995970239418,1.4505073917270517,0.5626602183393173,0.10150068522063846,0.0640125839170773,0.12,0.0,3.7079999999999997,3.7079999999999997
31.0,3.268130547949264,1.4569315534559593,0.5575901560592491,0.1018239270556251,0.06349714858929288,0.12,0.0,3.7199999999999993,3.7199999999999993
31.1,3.278320545368876,1.4632690571118396,0.5523962773602857,0.1021523486431638,0.06296743338175305,0.12,0.0,3.7319999999999998,3.7319999999999998
31.200000000000003,3.2886517942181217,1.469372687619661,0.5472869554750008,0.10247273477952067,0.06244468453604371,0.12,0.0,3.7439999999999998,3.7439999999999998
31.3,3.299003842019252,1.47544188083813,0.5421900843882943,0.1027896748883022,0.061921585383104785,0.12,0.0,3.756,3.756
31.400000000000002,3.3093558898203828,1.481511074056599,0.5370932133015878,0.10310394472293809,0.06139687762882836,0.12,0.0,3.768,3.768
31.5,3.3197079376215126,1.487580267275068,0.5319963422148812,0.10341553611931444,0.06087057490409277,0.12,0.0,3.7799999999999994,3.7799999999999994
31.6,3.3300599854226434,1.493649460493537,0.5268994711281746,0.10372444098289792,0.0603426908812105,0.12,0.0,3.792,3.792
31.700000000000003,3.3404120332237737,1.4997186537120062,0.5218026000414681,0.10403065128894604,0.05981323927357312,0.12,0.0,3.804,3.804
31.8,3.350764081024904,1.505787846930475,0.5167057289547615,0.10433415908271562,0.05928223383529494,0.12,0.0,3.8159999999999994,3.8159999999999994
31.900000000000002,3.3611161288260347,1.5118570401489442,0.511608857868055,0.10463495647966949,0.05874968836085576,0.12,0.0,3.828,3.828
32.0,3.3715979359965638,1.51769409541901,0.5066862412350981,0.1049228897421219,0.05823390084961278,0.12,0.0,3.8399999999999994,3.8399999999999994
32.1,3.382190749612066,1.5233325614965207,0.5019126956674593,0.10519967544280032,0.057732385077437054,0.12,0.0,3.8519999999999994,3.8519999999999994
32.2,3.392783563227568,1.5289710275740316,0.4971391500998206,0.10547406399066375,0.05722955377506772,0.12,0.0,3.864,3.864
32.300000000000004,3.40337637684307,1.5346094936515424,0.49236560453218187,0.10574604913330433,0.056725418400367794,0.12,0.0,3.876,3.876
32.4,3.413969190458571,1.5402479597290528,0.48759205896454344,0.10601562467307982,0.05621999044091583,0.12,0.0,3.887999999999999,3.887999999999999
32.5,3.4245620040740725,1.5458864258065637,0.4828185133969047,0.10628278446725492,0.05571328141374404,0.12,0.0,3.899999999999999,3.899999999999999
32.6,3.4351548176895745,1.5515248918840745,0.4780449678292659,0.1065475224281411,0.055205302865076,0.12,0.0,3.9119999999999995,3.9119999999999995
32.7,3.4457476313050766,1.5571633579615853,0.47327142226162716,0.10680983252323548,0.05469606637006348,0.12,0.0,3.9239999999999995,3.9239999999999995
32.800000000000004,3.456383493665229,1.562717062233143,0.4685645318266531,0.1070660967902516,0.05419272015778943,0.12,0.0,3.9359999999999995,3.9359999999999995
32.9,3.4671851191804373,1.5679443833663038,0.4641143031173783,0.10730620579787785,0.05371571648282729,0.12,0.0,3.947999999999999,3.947999999999999
33.0,3.477986744695646,1.5731717044994649,0.4596640744081032,0.10754418965944237,0.05323764899480335,0.12,0.0,3.959999999999999,3.959999999999999
33.1,3.488788370210855,1.5783990256326261,0.45521384569882806,0.10778004366179307,0.05275852716160656,0.12,0.0,3.9719999999999995,3.9719999999999995
33.2,3.4995899957260637,1.5836263467657872,0.4507636169895529,0.10801376313395868,0.052278360472006666,0.12,0.0,3.9839999999999995,3.9839999999999995
33.300000000000004,3.510391621241273,1.5888536678989484,0.44631338828027783,0.10824534344724121,0.05179715843546625,0.12,0.0,3.9959999999999996,3.9959999999999996
33.4,3.521193246756481,1.5940809890321093,0.44186315957100303,0.1084747800153077,0.05131493058195245,0.12,0.0,4.007999999999999,4.007999999999999
33.5,3.5319948722716896,1.5993083101652703,0.43741293086172794,0.10870206829428099,0.05083168646174814,0.12,0.0,4.02,4.02
33.6,3.542796497786899,1.6045356312984316,0.4329627021524528,0.1089272037828297,0.050347435645262895,0.12,0.0,4.031999999999999,4.031999999999999
33.7,3.553755203168202,1.6094230059785912,0.4287948204869473,0.10913609923042682,0.04989300396615172,0.12,0.0,4.044,4.044
33.800000000000004,3.564736697046383,1.614261062634261,0.42466790056202264,0.10934107370545834,0.049442184427243165,0.12,0.0,4.056,4.056
33.9,3.5757181909245634,1.6190991192899307,0.4205409806370982,0.10954418594412771,0.048990522816544556,0.12,0.0,4.067999999999999,4.067999999999999
34.0,3.5866996848027446,1.6239371759456007,0.4164140607121736,0.10974543248714025,0.04853802682650523,0.12,0.0,4.079999999999999,4.079999999999999
34.1,3.5976811786809257,1.6287752326012706,0.41228714078724893,0.10994480990697673,0.048084704163785276,0.12,0.0,4.091999999999999,4.091999999999999
34.2,3.608662672559107,1.6336132892569406,0.40816022086232423,0.11014231480795185,0.04763056254912418,0.12,0.0,4.103999999999999,4.103999999999999
34.300000000000004,3.619644166437288,1.6384513459126107,0.4040333009373996,0.11033794382627192,0.04717560971720939,0.12,0.0,4.116,4.116
34.4,3.6306256603154687,1.6432894025682803,0.3999063810124752,0.11053169363009231,0.04671985341654455,0.12,0.0,4.127999999999998,4.127999999999998
34.5,3.6416902852829645,1.6479299876018305,0.3959541672635118,0.1107154767453727,0.04628264479310616,0.12,0.0,4.139999999999999,4.139999999999999
34.6,3.6528256168194195,1.6524026145226935,0.39215054863558063,0.11089071696285116,0.04586119156176421,0.12,0.0,4.151999999999999,4.151999999999999
34.7,3.663960948355875,1.6568752414435566,0.38834693000764947,0.11106435286918975,0.04543907483376064,0.12,0.0,4.163999999999999,4.163999999999999
34.800000000000004,3.6750962798923306,1.6613478683644196,0.3845433113797183,0.1112363819523115,0.04501630071606803,0.12,0.0,4.175999999999999,4.175999999999999
34.9,3.6862316114287847,1.6658204952852822,0.38073969275178743,0.11140680172338609,0.04459287532516979,0.12,0.0,4.187999999999999,4.187999999999999
35.0,3.6973669429652403,1.6702931222061452,0.37693607412385627,0.11157560971686599,0.04416880478697153,0.12,0.0,4.199999999999999,4.199999999999999
35.1,3.7085022745016953,1.6747657491270083,0.3731324554959251,0.111742803490522,0.04374409523671261,0.12,0.0,4.212,4.212
35.2,3.719637606038151,1.6792383760478713,0.36932883686799395,0.11190838062547867,0.043318752818877274,0.12,0.0,4.223999999999999,4.223999999999999
35.300000000000004,3.730800021493277,1.6836404983516502,0.36559226867226474,0.11206946249464166,0.04290029808943178,0.12,0.0,4.236,4.236
35.4,3.7420659424807976,1.687773175970691,0.3621119444405954,0.11221809041143004,0.04251000099285006,0.12,0.0,4.247999999999999,4.247999999999999
35.5,3.7533318634683193,1.6919058535897324,0.35863162020892586,0.1123653590703793,0.04211918898773727,0.12,0.0,4.259999999999999,4.259999999999999
35.6,3.764597784455841,1.6960385312087738,0.35515129597725636,0.11251126668767651,0.041727866807860337,0.12,0.0,4.271999999999999,4.271999999999999
35.7,3.7758637054433626,1.7001712088278151,0.3516709717455868,0.1126558114959946,0.041336039193165704,0.12,0.0,4.284,4.284
35.800000000000004,3.7871296264308842,1.7043038864468565,0.34819064751391726,0.11279899174451365,0.040943710889722,0.12,0.0,4.296,4.296
35.9,3.798395547418405,1.7084365640658974,0.344710323282248,0.11294080569894221,0.04055088664966253,0.12,0.0,4.307999999999999,4.307999999999999
36.0,3.8096614684059267,1.7125692416849387,0.34122999905057844,0.1130812516415383,0.04015757123112763,0.12,0.0,4.319999999999999,4.319999999999999
36.1,3.820927389393448,1.71670191930398,0.3377496748189089,0.11322032787113011,0.03976376939820716,0.12,0.0,4.332,4.332
36.2,3.8322894598205717,1.72056083856419,0.33455201952615526,0.11334689964372262,0.03940152714243285,0.12,0.0,4.343999999999999,4.343999999999999
36.300000000000004,3.8436653467917825,1.7243804191194654,0.33139498337661105,0.11347072662577673,0.0390434911223144,0.12,0.0,4.356,4.356
36.4,3.8550412337629925,1.7281999996747406,0.32823794722706706,0.11359342265996647,0.038685065960835784,0.12,0.0,4.367999999999999,4.367999999999999
36.5,3.8664171207342033,1.732019580230016,0.32508091107752285,0.11371498652339657,0.03832625523037356,0.12,0.0,4.379999999999999,4.379999999999999
36.6,3.877793007705414,1.7358391607852914,0.32192387492797864,0.11383541700445592,0.03796706250714729,0.12,0.0,4.3919999999999995,4.3919999999999995
36.7,3.889168894676625,1.7396587413405669,0.3187668387784344,0.11395471290282967,0.03760749137118379,0.12,0.0,4.404,4.404
36.800000000000004,3.900544781647836,1.7434783218958423,0.3156098026288902,0.11407287302951127,0.03724754540628145,0.12,0.0,4.4159999999999995,4.4159999999999995
36.9,3.9119206686190457,1.7472979024511175,0.31245276647934617,0.1141898962068142,0.03688722819997457,0.12,0.0,4.427999999999999,4.427999999999999
37.0,3.9233462364351843,1.750963161540795,0.3094707111781111,0.11429938807295217,0.03654654410677811,0.12,0.0,4.439999999999999,4.439999999999999
37.1,3.9348139102543835,1.7544976285694225,0.3066369573831248,0.11440249292149006,0.03622250147834097,0.12,0.0,4.451999999999999,4.451999999999999
37.2,3.946281584073583,1.75803209559805,0.3038032035881385,0.11450467910025489,0.035898167977595326,0.12,0.0,4.4639999999999995,4.4639999999999995
37.300000000000004,3.9577492578927824,1.7615665626266772,0.3009694497931522,0.11460594578867575,0.03557354620898955,0.12,0.0,4.476,4.476
37.4,3.969216931711981,1.7651010296553045,0.2981356959981661,0.11470629217356543,0.03524863877928682,0.12,0.0,4.487999999999999,4.487999999999999
37.5,3.9806846055311804,1.768635496683932,0.2953019422031798,0.11480571744912688,0.034923448297544187,0.12,0.0,4.499999999999999,4.499999999999999
37.6,3.9921522793503796,1.7721699637125592,0.2924681884081935,0.11490422081695972,0.03459797737509172,0.12,0.0,4.512,4.512
37.7,4.003619953169579,1.7757044307411867,0.2896344346132072,0.11500180148606662,0.03427222862551142,0.12,0.0,4.523999999999999,4.523999999999999
37.800000000000004,4.015103413819977,1.7791855749265462,0.28686796241861223,0.1150961744573697,0.03395394859627849,0.12,0.0,4.536,4.536
37.9,4.026646940811078,1.7824638343131263,0.2843574858371614,0.1151810522644232,0.03366489565200238,0.12,0.0,4.547999999999999,4.547999999999999
38.0,4.03819046780218,1.7857420936997068,0.2818470092557104,0.11526520414412084,0.033375630535079734,0.12,0.0,4.56,4.56
38.1,4.049733994793282,1.7890203530862872,0.27933653267425934,0.11534862956609625,0.0330861550686009,0.12,0.0,4.571999999999999,4.571999999999999
38.2,4.061277521784384,1.7922986124728677,0.27682605609280836,0.1154313280045616,0.03279647107698192,0.12,0.0,4.584,4.584
38.300000000000004,4.072821048775486,1.795576871859448,0.2743155795113573,0.11551329893831087,0.03250658038595306,0.12,0.0,4.596,4.596
38.400000000000006,4.084364575766588,1.7988551312460284,0.2718051029299063,0.1155945418507231,0.032216484822547325,0.12,0.0,4.6080000000000005,4.6080000000000005
38.5,4.09590810275769,1.8021333906326087,0.26929462634845547,0.11567505622976573,0.03192618621508893,0.12,0.0,4.619999999999999,4.619999999999999
38.6,4.107451629748792,1.805411650019189,0.26678414976700443,0.11575484156799774,0.03163568639318172,0.12,0.0,4.632,4.632
38.7,4.1190493604961125,1.8084916833366182,0.26455651808327396,0.11582502695956845,0.03137774896029414,0.12,0.0,4.644,4.644
38.800000000000004,4.1306548387281365,1.8115433836833112,0.2623693141608583,0.11589337939514788,0.031124341155634352,0.12,0.0,4.656000000000001,4.656000000000001
38.900000000000006,4.1422603169601615,1.8145950840300042,0.2601821102384427,0.11596117741313067,0.030870784456512177,0.12,0.0,4.668,4.668
39.0,4.153865795192186,1.817646784376697,0.2579949063160272,0.11602842068918068,0.030617080075907143,0.12,0.0,4.68,4.68
39.1,4.16547127342421,1.82069848472339,0.25580770239361156,0.11609510890161553,0.03036322922750523,0.12,0.0,4.692,4.692
39.2,4.177076751656235,1.823750185070083,0.25362049847119594,0.11616124173140825,0.030109233125693136,0.12,0.0,4.704000000000001,4.704000000000001
39.300000000000004,4.18868222988826,1.826801885416776,0.25143329454878033,0.11622681886218866,0.029855092985552435,0.12,0.0,4.716,4.716
39.400000000000006,4.200287708120284,1.829853585763469,0.24924609062636469,0.11629183998024505,0.029600810022853734,0.12,0.0,4.728000000000001,4.728000000000001
39.5,4.211920194333868,1.8327989344826998,0.24723400920150002,0.11635116377803584,0.029366761610648818,0.12,0.0,4.74,4.74
39.6,4.223575528152517,1.8356543142430581,0.2453700739701237,0.11640569937121653,0.029149839689061055,0.12,0.0,4.752000000000001,4.752000000000001
39.7,4.235230861971165,1.8385096940034165,0.24350613873874735,0.11645983054148398,0.02893281649353953,0.12,0.0,4.764,4.764
39.800000000000004,4.2468861957898145,1.841365073763775,0.241642203507371,0.11651355710077281,0.028715692778077853,0.12,0.0,4.776000000000001,4.776000000000001
39.900000000000006,4.258541529608463,1.8442204535241333,0.2397782682759947,0.11656687886242331,0.02849846929701887,0.12,0.0,4.788,4.788
40.0,4.2701968634271115,1.8470758332844914,0.23791433304461848,0.11661979564118218,0.02828114680505203,0.12,0.0,4.8,4.8
40.1,4.28185219724576,1.84993121304485,0.23605039781324214,0.11667230725320311,0.02806372605721075,0.12,0.0,4.812,4.812
40.2,4.293507531064408,1.8527865928052083,0.23418646258186582,0.11672441351604743,0.027846207808869844,0.12,0.0,4.824,4.824
40.300000000000004,4.305171064525323,1.8556074447270685,0.23238992000703265,0.11677425201923466,0.027636462605555547,0.12,0.0,4.836,4.836
40.400000000000006,4.316865729927427,1.8582972032911118,0.2308492500851862,0.11681669207769224,0.02745651929916888,0.12,0.0,4.848000000000001,4.848000000000001
40.5,4.3285603953295295,1.860986961855155,0.22930858016333985,0.11685885485265052,0.027276510820248956,0.12,0.0,4.859999999999999,4.859999999999999
40.6,4.340255060731633,1.8636767204191984,0.2277679102414934,0.11690074024402924,0.027096437596075284,0.12,0.0,4.872,4.872
40.7,4.3519497261337365,1.866366478983242,0.22622724031964694,0.1169423481524066,0.026916300054081084,0.12,0.0,4.884,4.884
40.800000000000004,4.36364439153584,1.8690562375472852,0.2246865703978005,0.11698367847901942,0.026736098621852236,0.12,0.0,4.896,4.896
40.900000000000006,4.375339056937944,1.8717459961113287,0.22314590047595403,0.11702473112576342,0.026555833727126273,0.12,0.0,4.908,4.908
41.0,4.387033722340046,1.8744357546753718,0.2216052305541077,0.11706550599519344,0.02637550579779138,0.12,0.0,4.92,4.92
41.1,4.39872838774215,1.8771255132394153,0.22006456063226124,0.11710600299052368,0.026195115261885324,0.12,0.0,4.932,4.932
41.2,4.410449429534245,1.8796974973282208,0.2188068096425796,0.11713885728680284,0.026047804390044785,0.12,0.0,4.944,4.944
41.300000000000004,4.422174232538264,1.8822526870505216,0.21758940223522621,0.11717048126436491,0.02590517941024751,0.12,0.0,4.956,4.956
41.400000000000006,4.433899035542283,1.8848078767728225,0.21637199482787287,0.11720193158582834,0.02576251603688607,0.12,0.0,4.968000000000001,4.968000000000001
41.5,4.445623838546301,1.887363066495123,0.2151545874205196,0.11723320820458123,0.025619814481399095,0.12,0.0,4.9799999999999995,4.9799999999999995
41.6,4.45734864155032,1.889918256217424,0.21393718001316625,0.1172643110742691,0.025477074955281773,0.12,0.0,4.992,4.992
41.7,4.46907344455434,1.8924734459397248,0.21271977260581287,0.11729524014879501,0.025334297670085597,0.12,0.0,5.0040000000000004,5.0040000000000004
41.800000000000004,4.480798247558359,1.8950286356620254,0.21150236519845952,0.11732599538231957,0.025191482837418015,0.12,0.0,5.016,5.016
41.900000000000006,4.492523050562378,1.8975838253843262,0.21028495779110618,0.11735657672926102,0.025048630668942123,0.12,0.0,5.0280000000000005,5.0280000000000005
42.0,4.504259789899128,1.9000830618046132,0.20924272551345185,0.1173826194767542,0.024926304274310786,0.12,0.0,5.04,5.04
42.1,4.516006619674738,1.902534997819855,0.20834857841201543,0.11740486033285814,0.024821336995054684,0.12,0.0,5.0520000000000005,5.0520000000000005
42.2,4.527753449450348,1.9049869338350964,0.20745443131057903,0.11742700732389534,0.024716349871164833,0.12,0.0,5.064,5.064
42.300000000000004,4.539500279225958,1.907438869850338,0.2065602842091426,0.11744906043215926,0.024611342986578327,0.12,0.0,5.0760000000000005,5.0760000000000005
42.400000000000006,4.551247109001569,1.9098908058655795,0.2056661371077062,0.11747101964001852,0.02450631642524807,0.12,0.0,5.088000000000001,5.088000000000001
42.5,4.562993938777178,1.912342741880821,0.20477199000626986,0.11749288492991669,0.02440127027114269,0.12,0.0,5.1000000000000005,5.1000000000000005
42.6,4.574740768552789,1.9147946778960625,0.20387784290483343,0.11751465628437256,0.02429620460824647,0.12,0.0,5.112,5.112
42.7,4.586487598328399,1.917246613911304,0.20298369580339704,0.1175363336859799,0.02419111952055931,0.12,0.0,5.1240000000000006,5.1240000000000006
42.800000000000004,4.598237504432835,1.9196835834968153,0.20215697630336776,0.11755629278794634,0.024093941685714958,0.12,0.0,5.136000000000001,5.136000000000001
42.900000000000006,4.609999082619875,1.9220637680590205,0.2015860878857235,0.11757002858284704,0.024026826237115193,0.12,0.0,5.1480000000000015,5.1480000000000015
43.0,4.621760660806914,1.9244439526212256,0.20101519946807925,0.11758372606007923,0.023959702957846562,0.12,0.0,5.16,5.16
43.1,4.633522238993954,1.926824137183431,0.20044431105043498,0.11759738521517873,0.02389257186978544,0.12,0.0,5.172000000000001,5.172000000000001
43.2,4.645283817180993,1.9292043217456363,0.1998734226327907,0.11761100604369382,0.023825432994810766,0.12,0.0,5.184000000000001,5.184000000000001
43.300000000000004,4.657045395368033,1.9315845063078414,0.19930253421514643,0.11762458854118527,0.023758286354804016,0.12,0.0,5.1960000000000015,5.1960000000000015
43.400000000000006,4.668806973555072,1.9339646908700467,0.19873164579750216,0.11763813270322639,0.023691131971649182,0.12,0.0,5.208000000000001,5.208000000000001
43.5,4.680568551742111,1.9363448754322519,0.19816075737985792,0.11765163852540293,0.023623969867232805,0.12,0.0,5.220000000000001,5.220000000000001
43.6,4.69233012992915,1.938725059994457,0.19758986896221364,0.11766510600331319,0.02355680006344391,0.12,0.0,5.232000000000001,5.232000000000001
43.7,4.704098753261724,1.9410701233175613,0.19730191558262353,0.11767188438518252,0.023522917022347316,0.12,0.0,5.2440000000000015,5.2440000000000015
43.800000000000004,4.71586838063628,1.9434101813219933,0.19705428481309106,0.1176777057752882,0.023493777122138113,0.12,0.0,5.256000000000001,5.256000000000001
43.900000000000006,4.727638008010836,1.9457502393264254,0.1968066540435586,0.11768351994927956,0.02346463578126706,0.12,0.0,5.268000000000002,5.268000000000002
44.0,4.739407635385392,1.9480902973308571,0.19655902327402613,0.11768932690680006,0.02343549300152113,0.12,0.0,5.280000000000001,5.280000000000001
44.1,4.751177262759947,1.950430355335289,0.19631139250449367,0.11769512664749361,0.02340634878468739,0.12,0.0,5.292000000000001,5.292000000000001
44.2,4.762946890134503,1.9527704133397212,0.1960637617349612,0.11770091917100459,0.023377203132552985,0.12,0.0,5.304000000000001,5.304000000000001
44.300000000000004,4.774716517509059,1.9551104713441532,0.19581613096542871,0.11770670447697774,0.023348056046905156,0.12,0.0,5.316000000000002,5.316000000000002
44.400000000000006,4.786486144883615,1.957450529348585,0.19556850019589625,0.11771248256505835,0.02331890752953124,0.12,0.0,5.328000000000002,5.328000000000002
44.5,4.798256679481656,1.9597860157894438,0.19549605216313806,0.11771417166511369,0.023310379430548603,0.12,0.0,5.340000000000001,5.340000000000001
44.6,4.810027980916841,1.9621176380834717,0.19557167859247712,0.11771240844772783,0.023319281666365568,0.12,0.0,5.352000000000001,5.352000000000001
44.7,4.821799282352027,1.9644492603775,0.1956473050218162,0.1177106445571027,0.02332818376881124,0.12,0.0,5.364000000000002,5.364000000000002
44.800000000000004,4.833570583787211,1.966780882671528,0.19572293145115527,0.11770887999324839,0.023337085737834704,0.12,0.0,5.376000000000001,5.376000000000001
44.900000000000006,4.845341885222397,1.9691125049655562,0.19579855788049433,0.117707114756175,0.023345987573385046,0.12,0.0,5.388000000000002,5.388000000000002
45.0,4.857113186657582,1.9714441272595842,0.19587418430983342,0.11770534884589262,0.02335488927541136,0.12,0.0,5.400000000000001,5.400000000000001
45.1,4.868884488092767,1.9737757495536123,0.19594981073917248,0.11770358226241134,0.023363790843862725,0.12,0.0,5.412000000000001,5.412000000000001
45.2,4.880655789527952,1.9761073718476405,0.19602543716851156,0.1177018150057413,0.023372692278688236,0.12,0.0,5.424000000000001,5.424000000000001
45.300000000000004,4.892426124552658,1.9784438479293611,0.19616849402177505,0.1176984701775437,0.02338953009074478,0.12,0.0,5.436000000000002,5.436000000000002
45.400000000000006,4.904192793075001,1.9807987389852921,0.19656737778718358,0.1176891311105582,0.02343647623773338,0.12,0.0,5.448000000000001,5.448000000000001
45.5,4.915959461597343,1.9831536300412231,0.19696626155259211,0.11767977331826027,0.023483418655785113,0.12,0.0,5.460000000000001,5.460000000000001
45.6,4.927726130119686,1.9855085210971544,0.19736514531800065,0.11767039680213882,0.023530357337431054,0.12,0.0,5.472000000000001,5.472000000000001
45.7,4.939492798642029,1.9878634121530856,0.1977640290834092,0.11766100156368574,0.023577292275202878,0.12,0.0,5.484000000000001,5.484000000000001
45.800000000000004,4.951259467164372,1.9902183032090166,0.19816291284881773,0.11765158760439587,0.023624223461632836,0.12,0.0,5.496000000000001,5.496000000000001
45.900000000000006,4.963026135686715,1.9925731942649478,0.1985617966142263,0.11764215492576706,0.0236711508892538,0.12,0.0,5.508000000000002,5.508000000000002
46.0,4.974792804209058,1.9949280853208788,0.1989606803796348,0.11763270352930011,0.023718074550599214,0.12,0.0,5.5200000000000005,5.5200000000000005
46.1,4.986559472731401,1.99728297637681,0.19935956414504336,0.11762323341649884,0.023764994438203155,0.12,0.0,5.532000000000001,5.532000000000001
46.2,4.998321626603665,1.9996602987520042,0.19991719716795414,0.11760996298375605,0.023830581339101525,0.12,0.0,5.544000000000001,5.544000000000001
46.300000000000004,5.010071095193393,2.0020994362566786,0.2014459195177088,0.117573395228899,0.024010346402105674,0.12,0.0,5.556000000000001,0.010287594033116854
46.400000000000006,5.02181855936545,2.0045483310127357,0.20313251739051072,0.11753273222360267,0.024208611196326595,0.12,0.0,5.568000000000001,0.02228759403311731
46.5,5.033566023537506,2.0069972257687922,0.2048191152633125,0.11749173488331993,0.024406807126448597,0.12,0.0,5.580000000000001,0.034287594033116875
46.6,5.045313487709563,2.0094461205248493,0.20650571313611443,0.11745040332467228,0.02460493362868126,0.12,0.0,5.5920000000000005,0.04628759403311644
46.7,5.05706095188162,2.0118950152809063,0.20819231100891633,0.11740873766523197,0.02480299013943159,0.12,0.0,5.604000000000001,0.058287594033116896
46.800000000000004,5.068808416053676,2.0143439100369633,0.20987890888171826,0.1173667380235216,0.025000976095305723,0.12,0.0,5.616000000000001,0.07028759403311735
46.900000000000006,5.080555880225733,2.01679280479302,0.21156550675452016,0.11732440451901387,0.025198890933110486,0.12,0.0,5.628000000000001,0.08228759403311692
47.0,5.092303344397789,2.019241699549077,0.21325210462732197,0.11728173727213115,0.025396734089855006,0.12,0.0,5.640000000000001,0.09428759403311648
47.1,5.104019510492613,2.0218325046784877,0.21607760195917708,0.1172095108079404,0.02572801150814616,0.12,0.0,5.652000000000001,0.10628759403311694
47.2,5.11570724968779,2.0245522018133784,0.21993752004441033,0.11710932988835134,0.026180237835079,0.12,0.0,5.664000000000001,0.1182875940331165
47.300000000000004,5.127394988882966,2.0272718989482685,0.2237974381296436,0.11700740416281402,0.026632074103980222,0.12,0.0,5.676000000000001,0.13028759403311696
47.400000000000006,5.139082728078144,2.029991596083159,0.22765735621487684,0.11690373514991464,0.027083513582964232,0.12,0.0,5.6880000000000015,0.14228759403311741
47.5,5.150770467273319,2.0327112932180493,0.23151727430010982,0.11679832439421262,0.027534549546057177,0.12,0.0,5.700000000000001,0.15428759403311698
47.6,5.1624582064684965,2.03543099035294,0.23537719238534308,0.11669117346621737,0.027985175273297247,0.12,0.0,5.712000000000001,0.16628759403311655
47.7,5.174145945663673,2.03815068748783,0.23923711047057633,0.11658228396236514,0.028435384050834622,0.12,0.0,5.724000000000001,0.178287594033117
47.800000000000004,5.18583368485885,2.0408703846227207,0.24309702855580959,0.11647165750499511,0.028885169171031636,0.12,0.0,5.7360000000000015,0.19028759403311746
47.900000000000006,5.197498114163882,2.0436816618597047,0.24737225132118024,0.1163471029428888,0.029382845961493143,0.12,0.0,5.748000000000001,0.20228759403311702
48.0,5.209063853209758,2.0468806742577237,0.2534058061188504,0.11616770327634687,0.030084293501736505,0.12,0.0,5.760000000000001,0.2142875940331166
48.1,5.220629592255635,2.050079686655743,0.259439360916521,0.1159840746787147,0.030784645863195032,0.12,0.0,5.772000000000001,0.22628759403311705
48.2,5.232195331301512,2.0532786990537626,0.2654729157141915,0.1157962238347477,0.031483877550470274,0.12,0.0,5.784000000000001,0.2382875940331166
48.300000000000004,5.243761070347389,2.0564777114517816,0.2715064705118621,0.11560415758290661,0.0321819631089605,0.12,0.0,5.796000000000001,0.25028759403311707
48.400000000000006,5.255326809393266,2.059676723849801,0.2775400253095327,0.11540788291510845,0.03287887712578726,0.12,0.0,5.808000000000001,0.26228759403311663
48.5,5.2668925484391425,2.0628757362478205,0.2835735801072028,0.11520740697647208,0.0335745942307205,0.12,0.0,5.82,0.2742875940331162
48.6,5.2784582874850186,2.0660747486458395,0.2896071349048734,0.115002737065058,0.03426908909710228,0.12,0.0,5.832000000000001,0.28628759403311665
48.7,5.2900240265308955,2.069273761043859,0.295640689702544,0.11479388063160274,0.03496233644276849,0.12,0.0,5.844,0.2982875940331162
48.800000000000004,5.30140942927827,2.073056761022541,0.3035409768005957,0.11451408862457825,0.035868140549549524,0.12,0.0,5.856000000000001,0.3102875940331167
48.900000000000006,5.312765135624632,2.0769359276050943,0.3117486630824806,0.11421584032186345,0.036806817569175816,0.12,0.0,5.868000000000001,0.32228759403311713
49.0,5.324120841970994,2.0808150941876473,0.31995634936436496,0.11390989778501169,0.03774301507044963,0.12,0.0,5.88,0.3342875940331158
49.1,5.335476548317356,2.0846942607702004,0.32816403564624985,0.11359628162406706,0.03867666998573745,0.12,0.0,5.892,0.34628759403311626
49.2,5.346832254663718,2.0885734273527534,0.3363717219281348,0.11327501296601304,0.03960771941868875,0.12,0.0,5.904000000000001,0.3582875940331167
49.300000000000004,5.3581879610100795,2.092452593935307,0.3445794082100197,0.11294611345334926,0.040536100648473294,0.12,0.0,5.916,0.3702875940331163
49.400000000000006,5.369543667356441,2.09633176051786,0.3527870944919046,0.11260960524263337,0.04146175113400634,0.12,0.0,5.928000000000001,0.38228759403311674
49.5,5.380899373702803,2.100210927100413,0.36099478077378894,0.11226551100298872,0.04238460851816164,0.12,0.0,5.94,0.3942875940331163
49.6,5.392079026130668,2.1045468491813804,0.37034837768742523,0.11186415723405184,0.04343282544706623,0.12,0.0,5.952,0.4062875940331159
49.7,5.403100602689649,2.109292884385057,0.38073086859175265,0.11140719521371698,0.0445918922519863,0.12,0.0,5.964,0.41828759403311633
49.800000000000004,5.414122179248629,2.114038919588734,0.39111335949608006,0.11093822403816898,0.045746152267234726,0.12,0.0,5.976000000000001,0.4302875940331168
49.900000000000006,5.42514375580761,2.1187849547924102,0.4014958504004075,0.11045729426022564,0.04689548106918111,0.12,0.0,5.988000000000001,0.44228759403311724
50.0,5.436165332366589,2.1235309899960866,0.4118783413047341,0.10996445772178406,0.048039754765755865,0.12,0.0,6.0,0.4542875940331159
50.1,5.44718690892557,2.1282770251997634,0.4222608322090615,0.10945976754823232,0.049178850009805486,0.12,0.0,6.0120000000000005,0.46628759403311637
50.2,5.458208485484549,2.13302306040344,0.43264332311338893,0.10894327814272292,0.05031264401238827,0.12,0.0,6.024000000000001,0.4782875940331168
50.300000000000004,5.46923006204353,2.137769095607117,0.44302581401771635,0.10841504518030831,0.05144101455601073,0.12,0.0,6.036000000000001,0.4902875940331173
50.400000000000006,5.480152954014832,2.142717154393745,0.45383510067702854,0.10785268175386352,0.05260987586470654,0.12,0.0,6.048000000000001,0.5022875940331168
50.5,5.490671470882984,2.1484930355295018,0.46639324783731473,0.10718351210333761,0.053960121693651476,0.12,0.0,6.0600000000000005,0.5142875940331164
50.6,5.501189987751136,2.154268916665259,0.4789513949976018,0.10649743907837693,0.05530185774228017,0.12,0.0,6.072,0.526287594033116
50.7,5.511708504619289,2.160044797801016,0.4915095421578889,0.1057945708761193,0.05663487241212578,0.12,0.0,6.0840000000000005,0.5382875940331164
50.800000000000004,5.522227021487441,2.1658206789367735,0.504067689318176,0.1050750183423858,0.0579589554801265,0.12,0.0,6.096000000000001,0.5502875940331169
50.900000000000006,5.532745538355594,2.1715965600725307,0.5166258364784632,0.10433889495419973,0.05927389813177864,0.12,0.0,6.1080000000000005,0.5622875940331165
51.0,5.543264055223745,2.1773724412082873,0.5291839836387493,0.1035863168018909,0.06057949299406768,0.12,0.0,6.12,0.574287594033116
51.1,5.553782572091898,2.1831483223440444,0.5417421307990364,0.10281740257078724,0.06187553416817241,0.12,0.0,6.132000000000001,0.5862875940331165
51.2,5.56430108896005,2.1889242034798015,0.5543002779593236,0.10203227352249804,0.0631618172619356,0.12,0.0,6.144,0.598287594033116
51.300000000000004,5.574201328928211,2.1956899726411976,0.568723844079215,0.10111067328725838,0.06462686552353668,0.12,0.0,6.156000000000001,0.6102875940331165
51.400000000000006,5.584006424174837,2.2026080726118975,0.5834344737582641,0.10014906557962268,0.06610722096358637,0.12,0.0,6.168000000000001,0.622287594033117
51.5,5.593811519421462,2.209526172582597,0.5981451034373123,0.09916578574207854,0.06757327088543347,0.12,0.0,6.18,0.6342875940331156
51.6,5.603616614668088,2.2164442725532973,0.6128557331163614,0.09816104655512711,0.0690246980377471,0.12,0.0,6.192,0.6462875940331161
51.7,5.6134217099147135,2.2233623725239973,0.6275663627954107,0.0971350654430455,0.07046118833354478,0.12,0.0,6.204000000000001,0.6582875940331165
51.800000000000004,5.623226805161339,2.230280472494697,0.6422769924744598,0.09608806442683629,0.0718824309181608,0.12,0.0,6.216000000000001,0.670287594033117
51.900000000000006,5.633031900407965,2.2371985724653976,0.656987622153509,0.09502027007618244,0.07328811823651463,0.12,0.0,6.228000000000001,0.6822875940331166
52.0,5.64283699565459,2.244116672436097,0.6716982518325572,0.093931913460418,0.07467794609966548,0.12,0.0,6.24,0.6942875940331161
52.1,5.651963110232526,2.2518792954642515,0.686755683726759,0.09279684964893144,0.07608380047837787,0.12,0.0,6.252000000000001,0.7062875940331166
52.2,5.6608257145871645,2.259969675186683,0.7019477084501361,0.09163031869255359,0.07748473847346368,0.12,0.0,6.264000000000001,0.718287594033117
52.300000000000004,5.669688318941804,2.2680600549091143,0.7171397331735131,0.09044264008388223,0.07886779351964486,0.12,0.0,6.276000000000001,0.7302875940331166
52.400000000000006,5.678550923296443,2.2761504346315458,0.7323317578968901,0.08923408793103582,0.0802326464172544,0.12,0.0,6.288000000000001,0.7422875940331171
52.5,5.687413527651082,2.2842408143539767,0.7475237826202661,0.08800494115960451,0.08157898216755678,0.12,0.0,6.300000000000001,0.7542875940331166
52.6,5.696276132005722,2.2923311940764086,0.7627158073436431,0.08675548344827558,0.08290649004544808,0.12,0.0,6.312,0.7662875940331162
52.7,5.705138736360361,2.30042157379884,0.7779078320670201,0.08548600316336294,0.08421486367116854,0.12,0.0,6.324000000000001,0.7782875940331166
52.800000000000004,5.714001340715001,2.3085119535212715,0.7930998567903971,0.08419679329225373,0.08550380108101333,0.12,0.0,6.336000000000001,0.7902875940331171
52.900000000000006,5.722452718377717,2.317001156901856,0.8078334143171444,0.08292792523942771,0.08673499418045688,0.12,0.0,6.348000000000001,0.8022875940331167
53.0,5.730267970791084,2.326107299318672,0.8218577704094943,0.0817034075643645,0.08788943731968787,0.12,0.0,6.36,0.8142875940331162
53.1,5.738083223204452,2.3352134417354886,0.8358821265018452,0.08046282051701288,0.08902659442238016,0.12,0.0,6.372000000000001,0.8262875940331167
53.2,5.74589847561782,2.3443195841523057,0.8499064825941962,0.0792064080952148,0.09014624183322503,0.12,0.0,6.384,0.8382875940331163
53.300000000000004,5.753713728031188,2.3534257265691223,0.8639308386865472,0.07793441740933636,0.09124815934070851,0.12,0.0,6.396000000000001,0.8502875940331167
53.400000000000006,5.761528980444556,2.3625318689859394,0.8779551947788982,0.07664709863366631,0.09233213022042233,0.12,0.0,6.408000000000001,0.8622875940331172
53.5,5.769344232857923,2.3716380114027555,0.891979550871248,0.07534470495721217,0.09339794127768902,0.12,0.0,6.42,0.8742875940331158
53.6,5.777159485271291,2.380744153819572,0.906003906963599,0.07402749253390262,0.09444538288949329,0.12,0.0,6.432,0.8862875940331163
53.7,5.784906460376529,2.3899025557180003,0.9199535088192473,0.07270285733369458,0.09546881446585817,0.12,0.0,6.444000000000001,0.8982875940331168
53.800000000000004,5.791655516746876,2.3998247650541247,0.9328105272769665,0.07146943792571828,0.09639564016376415,0.12,0.0,6.456,0.9102875940331163
53.900000000000006,5.798404573117224,2.4097469743902495,0.9456675457346856,0.07022420457344455,0.09730653160002678,0.12,0.0,6.468000000000001,0.9222875940331168
54.0,5.80515362948757,2.4196691837263735,0.9585245641924038,0.06896736311475168,0.09820133820370265,0.12,0.0,6.48,0.9342875940331163
54.1,5.811902685857918,2.429591393062498,0.9713815826501231,0.06769912130634523,0.09907991206268177,0.12,0.0,6.492,0.9462875940331159
54.2,5.818651742228265,2.4395136023986224,0.9842386011078422,0.06641968878941622,0.09994210794813714,0.12,0.0,6.5040000000000004,0.9582875940331164
54.300000000000004,5.825400798598612,2.4494358117347472,0.9970956195655614,0.06512927705498689,0.10078778333853146,0.12,0.0,6.516000000000001,0.9702875940331168
54.400000000000006,5.832149854968959,2.4593580210708716,1.0099526380232806,0.06382809940895123,0.1016167984431759,0.12,0.0,6.5280000000000005,0.9822875940331164
54.5,5.838898911339307,2.4692802304069956,1.0228096564809988,0.06251637093681556,0.10242901622533764,0.12,0.0,6.54,0.994287594033116
54.6,5.844878116110767,2.47967041784684,1.0348092701158977,0.06128279097874825,0.10317179619380022,0.12,0.0,6.5520000000000005,1.0062875940331164
54.7,5.8505793090438845,2.4902296033807425,1.0464992543477514,0.060072554502806276,0.10388112530920797,0.12,0.0,6.564,1.018287594033116
54.800000000000004,5.856280501977001,2.500788788914645,1.0581892385796052,0.0588541088614816,0.1045762586351265,0.12,0.0,6.5760000000000005,1.0302875940331164
54.900000000000006,5.861981694910119,2.5113479744485474,1.069879222811459,0.05762762056045829,0.10525710117868459,0.12,0.0,6.588000000000001,1.0422875940331169
55.0,5.867682887843236,2.521907159982449,1.0815692070433118,0.05639325720448353,0.10592355989990596,0.12,0.0,6.6000000000000005,1.0542875940331164
55.1,5.873384080776353,2.532466345516352,1.0932591912751657,0.055151187474463285,0.10657554372442396,0.12,0.0,6.612,1.066287594033116
55.2,5.879085273709471,2.543025531050254,1.1049491755070195,0.05390158110441207,0.10721296355592679,0.12,0.0,6.6240000000000006,1.0782875940331165
55.300000000000004,5.884786466642588,2.5535847165841568,1.1166391597388732,0.052644608858257634,0.10783573228833317,0.12,0.0,6.636000000000001,1.090287594033117
55.400000000000006,5.89008303538206,2.5643387674278353,1.1278570194980262,0.05143163573349634,0.10841949476813172,0.12,0.0,6.648000000000001,1.1022875940331165
55.5,5.894784282963416,2.575379522437289,1.1383802453418657,0.05028788626214977,0.10895470845853834,0.12,0.0,6.66,1.114287594033116
55.6,5.899485530544772,2.5864202774467433,1.1489034711857056,0.0491385680480547,0.10947785680303894,0.12,0.0,6.672000000000001,1.1262875940331165
55.7,5.904186778126128,2.5974610324561977,1.1594266970295457,0.04798380836356134,0.10998888186961908,0.12,0.0,6.684000000000001,1.138287594033117
55.800000000000004,5.908888025707485,2.608501787465652,1.1699499228733856,0.04682373508359344,0.11048772706876298,0.12,0.0,6.6960000000000015,1.1502875940331174
55.900000000000006,5.913589273288841,2.619542542475107,1.1804731487172258,0.04565847667148769,0.11097433715972001,0.12,0.0,6.708000000000001,1.162287594033117
56.0,5.9182905208701975,2.6305832974845607,1.190996374561065,0.044488162164768225,0.11144865825662184,0.12,0.0,6.720000000000001,1.1742875940331166
56.1,5.922991768451554,2.641624052494015,1.201519600404905,0.043312921160856985,0.1119106378344498,0.12,0.0,6.732000000000001,1.186287594033117
56.2,5.927624261772183,2.6526907771668005,1.2119565257935196,0.042142580384356754,0.11235658822938702,0.12,0.0,6.7440000000000015,1.1982875940331175
56.300000000000004,5.931396168485626,2.6640825601591636,1.2213132415314742,0.04108946232808501,0.1127459803522453,0.12,0.0,6.756000000000001,1.210287594033117
56.400000000000006,5.935168075199068,2.6754743431515267,1.2306699572694288,0.040032746992493054,0.1131255018474395,0.12,0.0,6.768000000000002,1.2222875940331175
56.5,5.938939981912511,2.686866126143889,1.2400266730073828,0.03897252689035696,0.11349511948881504,0.12,0.0,6.780000000000001,1.234287594033117
56.6,5.942711888625953,2.698257909136252,1.2493833887453376,0.03790889484128606,0.11385480091727496,0.12,0.0,6.792000000000002,1.2462875940331175
56.7,5.946483795339396,2.7096496921286146,1.2587401044832922,0.036841943963597384,0.11420451464361271,0.12,0.0,6.804000000000001,1.258287594033117
56.800000000000004,5.950255702052838,2.7210414751209777,1.2680968202212468,0.03577176766616293,0.1145442300512691,0.12,0.0,6.816000000000002,1.2702875940331175
56.900000000000006,5.954027608766281,2.732433258113341,1.2774535359592014,0.03469845964023213,0.11487391739901265,0.12,0.0,6.828000000000002,1.282287594033118
57.0,5.957799515479723,2.743825041105703,1.2868102516971553,0.033622113851229436,0.11519354782354332,0.12,0.0,6.840000000000001,1.2942875940331167
57.1,5.960945996027127,2.7553988354818038,1.2953006958064557,0.03264286936029864,0.11547485908164805,0.12,0.0,6.852000000000001,1.3062875940331171
57.2,5.963875871370245,2.76703566625628,1.303491122178602,0.031695996717465154,0.11573834192732517,0.12,0.0,6.864000000000002,1.3182875940331176
57.300000000000004,5.966805746713363,2.778672497030756,1.3116815485507485,0.030746997821302746,0.11599406073147367,0.12,0.0,6.876000000000001,1.3302875940331171
57.400000000000006,5.96973562205648,2.790309327805232,1.3198719749228949,0.029795936333228367,0.11624199833978338,0.12,0.0,6.888000000000002,1.3422875940331176
57.5,5.972665497399598,2.801946158579707,1.3280624012950406,0.028842876053023263,0.1164821381199278,0.12,0.0,6.9,1.3542875940331163
57.6,5.975595372742716,2.8135829893541833,1.336252827667187,0.027887880914552864,0.11671446396267995,0.12,0.0,6.912000000000001,1.3662875940331167
57.7,5.978525248085834,2.8252198201286594,1.3444432540393334,0.026931014981478357,0.11693896028299289,0.12,0.0,6.924000000000001,1.3782875940331172
57.800000000000004,5.981455123428951,2.8368566509031354,1.3526336804114798,0.025972342442958818,0.11715561202104524,0.12,0.0,6.936000000000001,1.3902875940331167
57.900000000000006,5.984079602791788,2.848560159005939,1.3603447913672648,0.02506817930250795,0.11735240255937375,0.12,0.0,6.948000000000001,1.4022875940331172
58.0,5.986266499573412,2.860359204834586,1.367369121583782,0.024243245609384966,0.11752559313750786,0.12,0.0,6.960000000000001,1.4142875940331168
58.1,5.988453396355035,2.872158250663234,1.3743934518002996,0.023417115729986705,0.1176929848839276,0.12,0.0,6.972,1.4262875940331163
58.2,5.990640293136658,2.8839572964918814,1.3814177820168172,0.022589830426397596,0.11785456953935473,0.12,0.0,6.984000000000001,1.4382875940331168
58.300000000000004,5.992827189918282,2.8957563423205293,1.388442112233335,0.0217614305177118,0.11801033913103885,0.12,0.0,6.996000000000001,1.4502875940331172
58.400000000000006,5.995014086699905,2.907555388149177,1.3954664424498526,0.02093195687801929,0.11816028597315063,0.12,0.0,7.008000000000001,1.4622875940331168
58.5,5.9972009834815285,2.9193544339778237,1.4024907726663698,0.020101450434389,0.11830440266716113,0.12,0.0,7.0200000000000005,1.4742875940331164
58.6,5.999387880263152,2.9311534798064716,1.4095151028828874,0.019269952164849318,0.11844268210220679,0.12,0.0,7.032000000000001,1.4862875940331168
58.7,6.001524587849439,2.942960441395123,1.4164474419334292,0.018448410881649016,0.1185734208663217,0.12,0.0,7.044000000000001,1.4982875940331173
58.800000000000004,6.0030753679863755,2.9548598145284815,1.4223058416852363,0.017753447774122813,0.11867946364949368,0.12,0.0,7.056000000000001,1.5102875940331169
58.900000000000006,6.004626148123311,2.9667591876618395,1.4281642414370435,0.01705787535496293,0.11878143326452391,0.12,0.0,7.068000000000001,1.5222875940331173
59.0,6.006176928260247,2.978658560795197,1.4340226411888501,0.01636171749673618,0.11887932621173875,0.12,0.0,7.080000000000001,1.5342875940331169
59.1,6.007727708397184,2.9905579339285553,1.4398810409406573,0.01566499809210191,0.11897313913137891,0.12,0.0,7.0920000000000005,1.5462875940331164
59.2,6.009278488534119,3.002457307061914,1.4457394406924644,0.01496774105299233,0.11906286880371464,0.12,0.0,7.104000000000001,1.558287594033117
59.300000000000004,6.010829268671055,3.014356680195272,1.4515978404442715,0.014269970309791607,0.11914851214915638,0.12,0.0,7.116000000000001,1.5702875940331174
59.400000000000006,6.012380048807991,3.0262560533286305,1.4574562401960787,0.013571709810514624,0.11923006622836028,0.12,0.0,7.128000000000001,1.582287594033117
59.5,6.013930828944927,3.038155426461988,1.4633146399478854,0.012872983519985108,0.11930752824232925,0.12,0.0,7.140000000000001,1.5942875940331165
59.6,6.015090190858855,3.0500970853112648,1.4683028993933194,0.012277688926251943,0.11937025741209654,0.12,0.0,7.152000000000001,1.606287594033117
59.7,6.016116558621336,3.0620531117923386,1.4729955068611933,0.011717398040132837,0.11942655727755486,0.12,0.0,7.164000000000001,1.6182875940331165
59.800000000000004,6.017142926383817,3.0740091382734125,1.4776881143290672,0.011156849130763825,0.11948022730758999,0.12,0.0,7.176000000000001,1.630287594033117
59.900000000000006,6.018169294146299,3.085965164754487,1.4823807217969411,0.010596054541725873,0.11953126632035975,0.12,0.0,7.1880000000000015,1.6422875940331174
60.0,6.019195661908779,3.0979211912355598,1.4870733292648148,0.010035026622009953,0.1195796731919583,0.12,0.0,7.2,1.654287594033116
60.1,6.0202220296712605,3.1098772177166336,1.4917659367326888,0.009473777725745034,0.11962544685644094,0.12,0.0,7.212000000000001,1.6662875940331165
60.2,6.021248397433742,3.121833244197708,1.4964585442005627,0.00891232021192618,0.11966858630584759,0.12,0.0,7.224000000000001,1.678287594033117
60.300000000000004,6.022274765196223,3.1337892706787818,1.5011511516684366,0.008350666444142289,0.11970909059022491,0.12,0.0,7.236000000000001,1.6902875940331166
60.400000000000006,6.023131572173691,3.1457569323426258,1.5053616424822707,0.007846559885980084,0.11974318977693774,0.12,0.0,7.248000000000001,1.702287594033117
60.5,6.023747968850374,3.157741090850296,1.5088885683444537,0.007424186606263345,0.11977011920022197,0.12,0.0,7.26,1.7142875940331157
60.6,6.024364365527059,3.1697252493579664,1.5124154942066368,0.007001720975655483,0.11979555877986073,0.12,0.0,7.272,1.7262875940331162
60.7,6.024980762203743,3.181709407865637,1.51594242006882,0.006579168249288046,0.11981950819940615,0.12,0.0,7.284000000000001,1.7382875940331166
60.800000000000004,6.025597158880427,3.193693566373308,1.5194693459310031,0.006156533683376062,0.11984196716094682,0.12,0.0,7.296,1.7502875940331162
60.900000000000006,6.026213555557112,3.2056777248809785,1.5229962717931862,0.005733822535152502,0.11986293538511134,0.12,0.0,7.308000000000001,1.7622875940331166
61.0,6.026829952233796,3.217661883388648,1.5265231976553693,0.0053110400628029785,0.11988241261107195,0.12,0.0,7.32,1.7742875940331162
61.1,6.02744634891048,3.229646041896319,1.5300501235175523,0.004888191525400325,0.11990039859654764,0.12,0.0,7.332,1.7862875940331158
61.2,6.028039047356464,3.241631128003218,1.5334831497174506,0.004476542318903101,0.11991647330065652,0.12,0.0,7.344,1.7982875940331162
61.300000000000004,6.028361272364351,3.2536268010166136,1.5358444771557413,0.004193368043043699,0.11992670955402544,0.12,0.0,7.356000000000001,1.8102875940331167
61.400000000000006,6.028683497372238,3.2656224740300086,1.5382058045940321,0.003910170385531536,0.11993627711229038,0.12,0.0,7.368,1.8222875940331162
61.5,6.029005722380124,3.2776181470434027,1.5405671320323227,0.0036269509254384553,0.11994517592210394,0.12,0.0,7.38,1.8342875940331158
61.6,6.029327947388011,3.289613820056798,1.5429284594706134,0.003343711241957786,0.11995340593384751,0.12,0.0,7.392,1.8462875940331163
61.7,6.029650172395899,3.301609493070193,1.5452897869089042,0.0030604529143957028,0.1199609671016317,0.12,0.0,7.404,1.8582875940331158
61.800000000000004,6.029972397403785,3.313605166083588,1.547651114347195,0.0027771775221623095,0.11996785938329647,0.12,0.0,7.416,1.8702875940331163
61.900000000000006,6.030294622411672,3.3256008390969836,1.5500124417854857,0.00249388664476286,0.11997408274041137,0.12,0.0,7.428,1.8822875940331159
62.0,6.030616847419559,3.3375965121103777,1.5523737692237762,0.0022105818617889797,0.1199796371382758,0.12,0.0,7.4399999999999995,1.8942875940331154
62.1,6.030806178106835,3.3495947695468384,1.5538640156603662,0.0020317802465931608,0.11998279822136819,0.12,0.0,7.452,1.9062875940331159
62.2,6.0309505849675356,3.3615939006261533,1.555059800364697,0.0018883052332672355,0.11998514201077572,0.12,0.0,7.464,1.9182875940331163
62.300000000000004,6.031094991828235,3.3735930317054685,1.5562555850690276,0.0017448275198519794,0.11998731423332204,0.12,0.0,7.476,1.930287594033116
62.400000000000006,6.031239398688935,3.385592162784784,1.5574513697733583,0.0016013473115063016,0.11998931488590112,0.12,0.0,7.488,1.9422875940331163
62.5,6.031383805549636,3.397591293864098,1.5586471544776888,0.0014578648133927068,0.11999114396565219,0.12,0.0,7.5,1.954287594033116
62.6,6.031528212410336,3.409590424943413,1.5598429391820194,0.001314380230676893,0.11999280146995987,0.12,0.0,7.512,1.9662875940331155
62.7,6.031672619271036,3.4215895560227283,1.5610387238863501,0.0011708937685276193,0.1199942873964541,0.12,0.0,7.524,1.978287594033116
62.800000000000004,6.031817026131736,3.4335886871020436,1.5622345085906808,0.0010274056321163052,0.11999560174301013,0.12,0.0,7.5360000000000005,1.9902875940331164
62.900000000000006,6.031936051101835,3.4455880588070036,1.56294769739269,0.0009418258586287837,0.11999630395996377,0.12,0.0,7.548000000000001,2.002287594033117
63.0,6.032019158307431,3.457587771019901,1.5629779675641913,0.0009381935494974504,0.11999633241421874,0.12,0.0,7.56,2.0142875940331155
63.1,6.032102265513027,3.4695874832327993,1.5630082377356929,0.0009345612395064394,0.11999636075852305,0.12,0.0,7.572,2.026287594033116
63.2,6.032185372718623,3.4815871954456976,1.5630385079071942,0.0009309289286591322,0.11999638899287672,0.12,0.0,7.5840000000000005,2.0382875940331164
63.300000000000004,6.032268479924219,3.493586907658596,1.5630687780786958,0.0009272966169588037,0.1199964171172797,0.12,0.0,7.596,2.050287594033116
63.400000000000006,6.032351587129815,3.5055866198714947,1.5630990482501972,0.0009236643044088355,0.11999644513173197,0.12,0.0,7.6080000000000005,2.0622875940331165
63.5,6.032434694335411,3.517586332084392,1.5631293184216988,0.0009200319910125026,0.1199964730362335,0.12,0.0,7.62,2.074287594033116
63.6,6.032517801541007,3.5295860442972904,1.5631595885932001,0.0009163996767731864,0.11999650083078427,0.12,0.0,7.632000000000001,2.0862875940331165
63.7,6.032605368746948,3.5415857153535897,1.5630957671022647,0.00092405803049171,0.1199964421004068,0.12,0.0,7.644,2.098287594033116
63.800000000000004,6.032743721995599,3.5535849177595247,1.5619605234548182,0.0010602826043888795,0.11999531574523577,0.12,0.0,7.656000000000001,2.1102875940331165
63.900000000000006,6.03288207524425,3.5655841201654592,1.5608252798073718,0.0011965058118171272,0.11999403474274165,0.12,0.0,7.668000000000001,2.122287594033117
64.0,6.033020428492901,3.5775833225713933,1.5596900361599253,0.001332727477215034,0.11999259909457531,0.12,0.0,7.68,2.1342875940331156
64.10000000000001,6.033158781741553,3.5895825249773288,1.5585547925124787,0.0014689474250230868,0.11999100880258702,0.12,0.0,7.692000000000001,2.146287594033117
64.2,6.033297134990204,3.601581727383263,1.5574195488650324,0.0016051654796839878,0.11998926386882633,0.12,0.0,7.704,2.1582875940331157
64.3,6.0334354882388554,3.6135809297891965,1.556284305217586,0.001741381465642931,0.11998736429554203,0.12,0.0,7.715999999999999,2.170287594033115
64.4,6.033573841487506,3.6255801321951324,1.5551490615701395,0.0018775952073477773,0.11998531008518228,0.12,0.0,7.728000000000001,2.1822875940331166
64.5,6.033712194736157,3.637579334601066,1.5540138179226932,0.0020138065292491995,0.11998310124039449,0.12,0.0,7.739999999999999,2.1942875940331152
64.60000000000001,6.03397893213171,3.649576137484761,1.5520074165337412,0.002254536575274947,0.11997881923419126,0.12,0.0,7.752000000000001,2.2062875940331166
64.7,6.0342890532789735,3.66157212951852,1.549706632294018,0.002530575740809696,0.11997331447626186,0.12,0.0,7.764,2.218287594033116
64.8,6.034599174426237,3.673568121552279,1.547405848054295,0.0028066015104740694,0.11996717462690118,0.12,0.0,7.775999999999999,2.230287594033115
64.9,6.034909295573501,3.685564113586039,1.5451050638145716,0.0030826124230964847,0.11996039971861118,0.12,0.0,7.788,2.242287594033116
65.0,6.035219416720763,3.697560105619798,1.5428042795748484,0.003358607017583925,0.11995298978725556,0.12,0.0,7.8,2.2542875940331157
65.10000000000001,6.035529537868027,3.7095560976535586,1.5405034953351249,0.003634583832929889,0.11994494487205955,0.12,0.0,7.812,2.266287594033116
65.2,6.0358396590152905,3.7215520896873175,1.5382027110954017,0.0039105414082218045,0.11993626501560978,0.12,0.0,7.824,2.2782875940331158
65.3,6.036149780162554,3.733548081721076,1.5359019268556786,0.0041864782826491085,0.11992695026385398,0.12,0.0,7.835999999999999,2.2902875940331153
65.4,6.036579254135914,3.74553955278882,1.5331183265245982,0.004520290330692937,0.11991483217403193,0.12,0.0,7.848,2.302287594033116
65.5,6.037177511992854,3.757524630491388,1.5296519474305856,0.004935932608180528,0.11989844273086911,0.12,0.0,7.859999999999999,2.3142875940331153
65.60000000000001,6.0377757698497945,3.769509708193958,1.5261855683365728,0.005351515576627361,0.11988061261535625,0.12,0.0,7.872000000000001,2.3262875940331167
65.7,6.038374027706736,3.781494785896526,1.5227191892425602,0.005767034242483185,0.11986134204173599,0.12,0.0,7.8839999999999995,2.3382875940331154
65.8,6.038972285563676,3.793479863599094,1.5192528101485478,0.006182483612970458,0.11984063124155911,0.12,0.0,7.895999999999999,2.350287594033115
65.9,6.039570543420616,3.805464941301664,1.5157864310545348,0.006597858696144374,0.11981848046368186,0.12,0.0,7.908,2.3622875940331163
66.0,6.040168801277557,3.817450019004232,1.5123200519605224,0.0070131545009524815,0.11979488997426296,0.12,0.0,7.92,2.374287594033116
66.10000000000001,6.040767059134497,3.829435096706802,1.5088536728665094,0.007428366037295244,0.11976986005676034,0.12,0.0,7.932,2.3862875940331163
66.2,6.041398112055387,3.841417982201099,1.505292664342603,0.007854819529775316,0.11974264825096637,0.12,0.0,7.944,2.398287594033116
66.3,6.042400350354201,3.853376055557304,1.500660608640619,0.008409387896821939,0.11970497982624108,0.12,0.0,7.9559999999999995,2.4102875940331154
66.4,6.0434025886530165,3.8653341289135104,1.4960285529386343,0.008963775832868852,0.11966474302324004,0.12,0.0,7.968000000000001,2.4222875940331168
66.5,6.044404826951831,3.877292202269715,1.4913964972366505,0.009517971443022886,0.11962193870528014,0.12,0.0,7.98,2.4342875940331163
66.60000000000001,6.045407065250646,3.8892502756259213,1.486764441534666,0.010071962836517684,0.11957656779076661,0.12,0.0,7.992000000000001,2.446287594033117
66.7,6.04640930354946,3.9012083489821263,1.482132385832682,0.010625738126968225,0.11952863125317337,0.12,0.0,8.004000000000001,2.4582875940331173
66.8,6.047411541848274,3.913166422338331,1.477500330130698,0.011179285432626444,0.119478130121022,0.12,0.0,8.016,2.470287594033116
66.9,6.048413780147089,3.9251244956945373,1.4728682744287134,0.011732592876635809,0.11942506547785986,0.12,0.0,8.028,2.4822875940331164
67.0,6.049416018445903,3.9370825690507423,1.4682362187267295,0.012285648587286077,0.1193694384622367,0.12,0.0,8.040000000000001,2.494287594033117
67.10000000000001,6.050806299071082,3.948999612418472,1.4627317304733303,0.012942526817631559,0.11930000418933306,0.12,0.0,8.052000000000001,2.5062875940331173
67.2,6.0523270579771085,3.9609028595531712,1.4569338889135237,0.013633987934169608,0.11922296076264385,0.12,0.0,8.064,2.518287594033116
67.3,6.053847816883136,3.97280610668787,1.4511360473537174,0.014324990745940345,0.11914190967131894,0.12,0.0,8.076,2.5302875940331164
67.4,6.055368575789163,3.984709353822571,1.4453382057939101,0.015015512024972429,0.11905685363988042,0.12,0.0,8.088000000000001,2.542287594033117
67.5,6.056889334695189,3.99661260095727,1.4395403642341038,0.015705528559480826,0.11896779552747597,0.12,0.0,8.1,2.5542875940331156
67.60000000000001,6.058410093601216,4.008515848091971,1.4337425226742966,0.016395017154647865,0.11887473832778267,0.12,0.0,8.112,2.566287594033116
67.7,6.059930852507243,4.02041909522667,1.4279446811144902,0.017083954633402048,0.11877768516890645,0.12,0.0,8.124,2.5782875940331165
67.8,6.06145161141327,4.032322342361368,1.4221468395546837,0.017772317837197946,0.11867663931327688,0.12,0.0,8.136,2.590287594033115
67.9,6.063234522050806,4.044184988521811,1.4158641585141563,0.018517569649830198,0.11856264004425546,0.12,0.0,8.148,2.6022875940331156
68.0,6.065385692965618,4.055990600055961,1.4089003943444947,0.019342756247526998,0.11843081432105731,0.12,0.0,8.16,2.614287594033116
68.10000000000001,6.067536863880431,4.067796211590112,1.4019366301748322,0.020167004841172367,0.11829324543580724,0.12,0.0,8.172,2.6262875940331165
68.2,6.069688034795242,4.079601823124262,1.3949728660051706,0.02099027545980691,0.11814994005974538,0.12,0.0,8.184,2.638287594033115
68.3,6.071839205710055,4.091407434658412,1.388009101835509,0.0218125281798973,0.11800090514229619,0.12,0.0,8.196,2.6502875940331156
68.4,6.0739903766248675,4.103213046192564,1.3810453376658465,0.022633723127271993,0.11784614791073145,0.12,0.0,8.208,2.662287594033116
68.5,6.07614154753968,4.115018657726713,1.3740815734961849,0.023453820479054557,0.11768567586981976,0.12,0.0,8.219999999999999,2.674287594033115
68.60000000000001,6.078292718454493,4.126824269260864,1.3671178093265224,0.024272780465595587,0.1175194968014627,0.12,0.0,8.232000000000001,2.686287594033117
68.7,6.080505609516701,4.138616617283814,1.360056469268771,0.0251020135510541,0.11734516997168096,0.12,0.0,8.244,2.6982875940331157
68.8,6.083394370987961,4.15026372238174,1.3519266182275138,0.02605517224668981,0.11713721867619754,0.12,0.0,8.255999999999998,2.7102875940331144
68.9,6.086283132459223,4.161910827479668,1.3437967671862552,0.027006608848803158,0.11692152530003937,0.12,0.0,8.268,2.7222875940331166
69.0,6.089171893930484,4.173557932577594,1.3356669161449977,0.027956260473034695,0.11669810409926906,0.12,0.0,8.28,2.7342875940331153
69.10000000000001,6.092060655401745,4.185205037675522,1.327537065103739,0.028904064353002055,0.11646696984071285,0.12,0.0,8.292,2.7462875940331157
69.2,6.094949416873006,4.196852142773449,1.3194072140624817,0.02984995784444734,0.11622813780098482,0.12,0.0,8.304,2.758287594033116
69.3,6.097838178344267,4.208499247871375,1.3112773630212242,0.030793878429378547,0.11598162376547697,0.12,0.0,8.315999999999999,2.770287594033115
69.4,6.100726939815528,4.220146352969303,1.3031475119799656,0.031735763720201135,0.11572744402731602,0.12,0.0,8.328,2.7822875940331153
69.5,6.103615701286789,4.231793458067229,1.295017660938708,0.03267555146384112,0.11546561538628662,0.12,0.0,8.34,2.7942875940331158
69.60000000000001,6.107133938242302,4.243259954030724,1.2860108403272132,0.03371419013004649,0.11516663311860374,0.12,0.0,8.352,2.8062875940331162
69.7,6.110859836877964,4.254666867695548,1.2767147106338688,0.0347833219216055,0.11484824994791151,0.12,0.0,8.363999999999999,2.818287594033115
69.8,6.114585735513626,4.266073781360372,1.2674185809405245,0.03584944782874891,0.11451994188949717,0.12,0.0,8.376,2.8302875940331154
69.9,6.118311634149289,4.277480695025198,1.2581224512471787,0.036912475719642686,0.11418173731489106,0.12,0.0,8.388,2.842287594033116
70.0,6.122037532784951,4.288887608690023,1.2488263215538342,0.037972313730174796,0.11383366545085499,0.12,0.0,8.4,2.8542875940331163
70.10000000000001,6.125763431420614,4.300294522354848,1.2395301918604884,0.03902887027189502,0.11347575637685606,0.12,0.0,8.412,2.8662875940331167
70.2,6.129489330056276,4.311701436019673,1.2302340621671441,0.04008205403992852,0.11310804102246776,0.12,0.0,8.424,2.8782875940331154
70.3,6.133215228691938,4.323108349684497,1.2209379324737997,0.041131774020867345,0.11273055116469671,0.12,0.0,8.436,2.890287594033116
70.4,6.137330335240857,4.334370156924184,1.2111510710062687,0.04223306485628507,0.11232260784385668,0.12,0.0,8.448,2.9022875940331163
70.5,6.141981403717653,4.345432144178928,1.2006884433510383,0.0434059215054267,0.1118745993434825,0.12,0.0,8.46,2.9142875940331168
70.60000000000001,6.14663247219445,4.356494131433674,1.1902258156958065,0.04457402670024416,0.11141434442532935,0.12,0.0,8.472000000000001,2.9262875940331172
70.7,6.151283540671247,4.367556118688419,1.1797631880405763,0.045737252573425764,0.11094189347146846,0.12,0.0,8.484,2.938287594033116
70.8,6.155934609148043,4.378618105943163,1.169300560385346,0.04689547179177816,0.11045729819901688,0.12,0.0,8.495999999999999,2.9502875940331146
70.9,6.160585677624841,4.389680093197909,1.1588379327301142,0.04804855757016426,0.10996061165447657,0.12,0.0,8.508,2.962287594033115
71.0,6.1652367461016375,4.400742080452654,1.1483753050748837,0.049196383685381546,0.1094518882079278,0.12,0.0,8.52,2.9742875940331155
71.10000000000001,6.169887814578434,4.4118040677074,1.137912677419652,0.05033882448998015,0.10893118354707697,0.12,0.0,8.532,2.986287594033116
71.2,6.17462858623472,4.422823382714707,1.1273450510281695,0.05148713635349361,0.1083931491844238,0.12,0.0,8.543999999999999,2.9982875940331146
71.3,6.180276435464502,4.433411196420928,1.1157156785598714,0.0527441706651753,0.1077870700076909,0.12,0.0,8.556,3.010287594033115
71.4,6.185924284694285,4.44399901012715,1.1040863060915718,0.05399407181408615,0.10716641362355701,0.12,0.0,8.568,3.0222875940331155
71.5,6.191572133924067,4.45458682383337,1.092456933623274,0.05523667076261974,0.1065312639700757,0.12,0.0,8.58,3.034287594033116
71.60000000000001,6.19721998315385,4.465174637539593,1.0808275611549742,0.05647179946072566,0.1058817069453812,0.12,0.0,8.592,3.0462875940331164
71.7,6.202867832383633,4.475762451245813,1.0691981886866762,0.05769929086863527,0.10521783039607223,0.12,0.0,8.604,3.058287594033115
71.8,6.208515681613416,4.4863502649520335,1.0575688162183783,0.0589189789794535,0.10453972410533097,0.12,0.0,8.616,3.0702875940331156
71.9,6.214163530843199,4.496938078658256,1.0459394437500786,0.06013069884160933,0.10384747978078082,0.12,0.0,8.628,3.082287594033116
72.0,6.219811380072981,4.507525892364477,1.0343100712817808,0.06133428658116332,0.10314119104208429,0.12,0.0,8.64,3.0942875940331165
72.10000000000001,6.226254134083534,4.517636246974055,1.0217938596458451,0.06262038573588811,0.10236545945917783,0.12,0.0,8.652000000000001,3.106287594033117
72.2,6.232948023216001,4.527595757417958,1.0089974679583225,0.06392513160138572,0.10155578540755576,0.12,0.0,8.664000000000001,3.1182875940331174
72.3,6.239641912348469,4.537555267861861,0.9962010762707998,0.06521941002026897,0.10072948206264161,0.12,0.0,8.676,3.130287594033116
72.4,6.246335801480938,4.547514778305765,0.9834046845832752,0.06650300906039311,0.0998866847278118,0.12,0.0,8.688,3.1422875940331165
72.5,6.253029690613406,4.557474288749669,0.9706082928957525,0.06777571853831212,0.09902753140725813,0.12,0.0,8.700000000000001,3.154287594033117
72.60000000000001,6.259723579745875,4.567433799193573,0.957811901208228,0.06903733005369637,0.0981521627833895,0.12,0.0,8.712000000000002,3.1662875940331174
72.7,6.266417468878342,4.5773933096374755,0.9450155095207052,0.07028763702345606,0.09726072219379665,0.12,0.0,8.724000000000002,3.178287594033118
72.8,6.27311135801081,4.587352820081379,0.9322191178331826,0.07152643471556915,0.09635335560778059,0.12,0.0,8.736,3.1902875940331166
72.9,6.280264231018261,4.5969652284083935,0.9189201599057837,0.07280147109542075,0.09539363608932525,0.12,0.0,8.748000000000001,3.202287594033117
73.0,6.288024211668893,4.606118517451235,0.904956447022791,0.07412637966052907,0.09436779025929928,0.12,0.0,8.760000000000002,3.2142875940331175
73.10000000000001,6.295784192319527,4.615271806494078,0.8909927341397963,0.07543683490778195,0.09332354439848525,0.12,0.0,8.772000000000002,3.226287594033118
73.2,6.303544172970159,4.624425095536919,0.8770290212568036,0.07673258132185087,0.09226110211614395,0.12,0.0,8.784,3.2382875940331166
73.3,6.311304153620791,4.633578384579761,0.8630653083738109,0.07801336625536717,0.09118067056951237,0.12,0.0,8.796000000000001,3.250287594033117
73.4,6.319064134271424,4.642731673622603,0.8491015954908162,0.07927893997818322,0.09008246042341218,0.12,0.0,8.808000000000002,3.2622875940331175
73.5,6.326824114922056,4.651884962665445,0.8351378826078235,0.0805290557260648,0.08896668580917437,0.12,0.0,8.82,3.274287594033116
73.60000000000001,6.334584095572689,4.661038251708288,0.8211741697248289,0.08176346974880697,0.08783356428288634,0.12,0.0,8.832000000000003,3.2862875940331184
73.7,6.342438309209501,4.6701026557645,0.8071061207982131,0.0829909851003933,0.08667465830371814,0.12,0.0,8.844000000000001,3.298287594033117
73.8,6.351123119554981,4.678383601921976,0.7921184239017988,0.08428066897164825,0.08542112641315056,0.12,0.0,8.856,3.310287594033116
73.9,6.359807929900462,4.686664548079454,0.7771307270053823,0.08555142114143285,0.08414840664374576,0.12,0.0,8.868000000000002,3.322287594033118
74.0,6.368492740245942,4.694945494236931,0.762143030108968,0.08680295616468542,0.08285678488254114,0.12,0.0,8.88,3.3342875940331167
74.10000000000001,6.377177550591423,4.703226440394409,0.7471553332125516,0.08803499291303218,0.0815465512624683,0.12,0.0,8.892000000000001,3.346287594033117
74.2,6.385862360936903,4.711507386551886,0.7321676363161372,0.08924725463793477,0.08021800009718286,0.12,0.0,8.904000000000002,3.3582875940331176
74.3,6.394547171282382,4.719788332709363,0.7171799394197229,0.09043946903285664,0.0788714298149524,0.12,0.0,8.916,3.3702875940331163
74.4,6.403879410486773,4.727311664553604,0.7027647413904567,0.09156698053231285,0.07755957759164911,0.12,0.0,8.928,3.3822875940331167
74.5,6.413412949049778,4.7345994380453975,0.6885275453967513,0.09266189408216771,0.07624810414105476,0.12,0.0,8.940000000000001,3.394287594033117
74.60000000000001,6.422946487612785,4.7418872115371915,0.6742903494030438,0.09373802559186313,0.07492117563238855,0.12,0.0,8.952000000000002,3.4062875940331176
74.7,6.43248002617579,4.749174985028985,0.6600531534093382,0.09479515693564784,0.07357906102653047,0.12,0.0,8.964000000000002,3.418287594033118
74.8,6.4420135647387955,4.756462758520778,0.6458159574156328,0.09583307383899686,0.07222203236249568,0.12,0.0,8.976,3.430287594033117
74.9,6.451547103301802,4.763750532012572,0.6315787614219253,0.09685156592204325,0.0708503647022943,0.12,0.0,8.988000000000003,3.442287594033119
75.0,6.4610806418648075,4.771038305504365,0.6173415654282197,0.09785042674222048,0.06946433607517848,0.12,0.0,9.000000000000002,3.4542875940331177
75.10000000000001,6.4706141804278134,4.778326078996159,0.6031043694345122,0.0988294538361082,0.06806422742128612,0.12,0.0,9.012000000000002,3.466287594033118
75.2,6.480466436349933,4.785146356443852,0.5899083111520301,0.09971900252502523,0.06675417990968066,0.12,0.0,9.024000000000003,3.4782875940331186
75.3,6.490733717246195,4.791357873408106,0.5780679937456699,0.10050238485840116,0.06556882367233544,0.12,0.0,9.036000000000001,3.4902875940331173
75.4,6.501000998142461,4.797569390372361,0.5662276763393078,0.10127167761385632,0.06437427524465929,0.12,0.0,9.048000000000004,3.5022875940331195
75.5,6.511268279038723,4.803780907336615,0.5543873589329475,0.1020267729431017,0.0631707020921627,0.12,0.0,9.060000000000002,3.514287594033118
75.60000000000001,6.521535559934987,4.80999242430087,0.5425470415265855,0.10276756498820698,0.06195827294554501,0.12,0.0,9.072000000000005,3.5262875940331204
75.7,6.531802840831251,4.816203941265125,0.5307067241202252,0.10349394989643987,0.060737157777041154,0.12,0.0,9.084000000000003,3.538287594033119
75.8,6.542070121727514,4.822415458229379,0.5188664067138649,0.10420582583482633,0.059507527776591754,0.12,0.0,9.096000000000002,3.5502875940331178
75.9,6.552337402623778,4.828626975193634,0.5070260893075029,0.10490309300442614,0.05826955532784438,0.12,0.0,9.108000000000004,3.56228759403312
76.0,6.56265790031449,4.834741020628592,0.4954359274999632,0.10557138562454037,0.05704982504192794,0.12,0.0,9.120000000000003,3.5742875940331187
76.10000000000001,6.573434830003766,4.840019068229025,0.4859913105547804,0.10610548286799235,0.05605021414187623,0.12,0.0,9.132000000000005,3.586287594033121
76.2,6.58421175969304,4.8452971158294575,0.47654669360959895,0.10663011548898423,0.055045603555650885,0.12,0.0,9.144000000000004,3.5982875940331196
76.3,6.594988689382314,4.850575163429889,0.4671020766644175,0.1071452366902201,0.054036082894642824,0.12,0.0,9.156000000000002,3.6102875940331183
76.4,6.6057656190715885,4.855853211030323,0.45765745971923477,0.1076508005228239,0.05302174220822226,0.12,0.0,9.168000000000005,3.6222875940331205
76.5,6.616542548760863,4.8611312586307545,0.4482128427740533,0.1081467618904378,0.05200267197570667,0.12,0.0,9.180000000000003,3.634287594033119
76.60000000000001,6.627319478450138,4.866409306231188,0.43876822582887054,0.1086330765532454,0.050978963098289115,0.12,0.0,9.192000000000004,3.6462875940331196
76.7,6.638096408139412,4.87168735383162,0.4293236088836891,0.10910970113191726,0.049950706890930896,0.12,0.0,9.204000000000004,3.65828759403312
76.80000000000001,6.648873337828688,4.876965401432053,0.4198789919385063,0.10957659311148096,0.04891799507421518,0.12,0.0,9.216000000000005,3.6702875940331205
76.9,6.659910810854069,4.881661679156741,0.41228609301349367,0.10994486028880744,0.04808458896647253,0.12,0.0,9.228000000000003,3.6822875940331192
77.0,6.671024691950584,4.886187344519151,0.40523623696310684,0.11028111476696338,0.047308305039980555,0.12,0.0,9.240000000000004,3.6942875940331197
77.10000000000001,6.6821385730471,4.890713009881561,0.39818638091271896,0.11061188824454757,0.04652966987821554,0.12,0.0,9.252000000000004,3.70628759403312
77.2,6.6932524541436145,4.895238675243971,0.3911365248623321,0.11093716428203057,0.04574872217955121,0.12,0.0,9.264000000000003,3.718287594033119
77.30000000000001,6.704366335240131,4.8997643406063816,0.38408666881194425,0.11125692671310737,0.04496550075729452,0.12,0.0,9.276000000000005,3.730287594033121
77.4,6.715480216336646,4.904290005968791,0.37703681276155737,0.11157115964550052,0.04418004453775752,0.12,0.0,9.288000000000004,3.7422875940331197
77.5,6.726594097433161,4.908815671331201,0.36998695671117054,0.11187984746175017,0.04339239255832196,0.12,0.0,9.300000000000004,3.75428759403312
77.60000000000001,6.737707978529676,4.913341336693612,0.36293710066078266,0.11218297481999026,0.042602583965499416,0.12,0.0,9.312000000000005,3.7662875940331206
77.7,6.748913347616845,4.917625643955845,0.3569432741528961,0.11243631065381884,0.041929417436424546,0.12,0.0,9.324000000000003,3.7782875940331193
77.80000000000001,6.760234635513932,4.921604141203715,0.352287477772555,0.11263030617122355,0.041405484320032306,0.12,0.0,9.336000000000006,3.7902875940331215
77.9,6.771555923411017,4.9255826384515835,0.34763168139221456,0.11282186026897173,0.04088065368176757,0.12,0.0,9.348000000000004,3.80228759403312
78.0,6.782877211308102,4.929561135699452,0.3429758850118741,0.11301096879486003,0.04035493689806948,0.12,0.0,9.360000000000003,3.814287594033119
78.10000000000001,6.794198499205189,4.933539632947322,0.33832008863153296,0.11319762764969629,0.03982834536458568,0.12,0.0,9.372000000000005,3.826287594033121
78.2,6.8055197871022735,4.9375181301951905,0.3336642922511925,0.11338183278738828,0.03930089049592546,0.12,0.0,9.384000000000004,3.83828759403312
78.30000000000001,6.816841074999361,4.941496627443059,0.3290084958708514,0.11356358021503167,0.03877258372541177,0.12,0.0,9.396000000000006,3.850287594033122
78.4,6.828162362896445,4.945475124690928,0.32435269949051093,0.11374286599299635,0.03824343650483407,0.12,0.0,9.408000000000005,3.8622875940331207
78.5,6.839495558569157,4.949418108809112,0.319956119264891,0.11390990646965658,0.037742988859841065,0.12,0.0,9.420000000000003,3.8742875940331194
78.60000000000001,6.850926802620671,4.953068678550226,0.3176939195087148,0.1139949971074604,0.03748520554125443,0.12,0.0,9.432000000000006,3.8862875940331216
78.7,6.862358046672184,4.956719248291339,0.3154317197525389,0.11407950437067355,0.037227230390420855,0.12,0.0,9.444000000000004,3.8982875940331203
78.80000000000001,6.873789290723698,4.9603698180324525,0.3131695199963628,0.11416342782682626,0.036969064727539865,0.12,0.0,9.456000000000005,3.9102875940331208
78.9,6.885220534775211,4.964020387773567,0.3109073202401869,0.1142467670464364,0.03671070987378606,0.12,0.0,9.468000000000005,3.922287594033121
79.0,6.896651778826724,4.96767095751468,0.30864512048401105,0.11432952160301174,0.03645216715130214,0.12,0.0,9.480000000000004,3.93428759403312
79.10000000000001,6.908083022878238,4.971321527255793,0.30638292072783485,0.11441169107305209,0.03619343788319223,0.12,0.0,9.492000000000004,3.9462875940331203
79.2,6.919514266929752,4.974972096996907,0.30412072097165904,0.11449327503605139,0.03593452339351522,0.12,0.0,9.504000000000005,3.958287594033121
79.30000000000001,6.930945510981266,4.978622666738021,0.30185852121548284,0.11457427307450002,0.03567542500727774,0.12,0.0,9.516000000000005,3.9702875940331213
79.4,6.942402530375205,4.982191218520582,0.3011693248598944,0.11459883323454413,0.03559645236931825,0.12,0.0,9.528000000000006,3.9822875940331217
79.5,6.953867029155599,4.985735970657804,0.30093657638122906,0.11460711515058852,0.035569778701304,0.12,0.0,9.540000000000004,3.9942875940331204
79.60000000000001,6.9653315279359935,4.989280722795027,0.3007038279025637,0.11461539085815302,0.03554310310640888,0.12,0.0,9.552000000000005,4.006287594033121
79.7,6.976796026716387,4.992825474932249,0.3004710794238984,0.11462366035678927,0.03551642558607797,0.12,0.0,9.564000000000005,4.018287594033121
79.80000000000001,6.9882605254967824,4.996370227069471,0.30023833094523306,0.11463192364604934,0.035489746141756436,0.12,0.0,9.576000000000006,4.030287594033122
79.9,6.999725024277176,4.999914979206694,0.3000055824665677,0.11464018072548555,0.03546306477488955,0.12,0.0,9.588000000000005,4.04228759403312
80.0,7.01119005008569,5.00345802636018,0.2996079805831257,0.11465427184488537,0.035417480821186634,0.12,0.0,9.600000000000005,0.011712180293525165
80.10000000000001,7.022655088845601,5.007001031614728,0.2992063275275375,0.11466848813558572,0.03537142672693645,0.12,0.0,9.612000000000005,0.02371218029352562
80.2,7.034120127605511,5.010544036869276,0.29880467447194936,0.11468268592737216,0.03532536692638468,0.12,0.0,9.624000000000004,0.0357121802935243
80.30000000000001,7.045585166365422,5.014087042123824,0.29840302141636116,0.11469686521795425,0.0352793014269619,0.12,0.0,9.636000000000006,0.04771218029352653
80.4,7.057050205125332,5.017630047378372,0.298001368360773,0.11471102600504449,0.03523323023609965,0.12,0.0,9.648000000000005,0.05971218029352521
80.5,7.068515243885241,5.0211730526329195,0.2975997153051849,0.1147251682863584,0.03518715336123039,0.12,0.0,9.660000000000004,0.07171218029352389
80.60000000000001,7.079980282645153,5.024716057887468,0.2971980622495967,0.11473929205961444,0.035141070809787435,0.12,0.0,9.672000000000006,0.08371218029352612
80.7,7.091445321405062,5.028259063142015,0.29679640919400857,0.11475339732253416,0.03509498258920509,0.12,0.0,9.684000000000005,0.0957121802935248
80.80000000000001,7.102936483949459,5.031715746697959,0.29510723130002653,0.11481251524896671,0.03490109371073901,0.12,0.0,9.696000000000005,0.10771218029352525
80.9,7.114442170453297,5.035124438246834,0.2927022322145798,0.11489612022768982,0.034624869048477946,0.12,0.0,9.708000000000006,0.1197121802935257
81.0,7.1259478569571355,5.038533129795709,0.2902972331291331,0.11497906064520687,0.034348444115357535,0.12,0.0,9.720000000000004,0.13171218029352438
81.10000000000001,7.137453543460976,5.041941821344586,0.287892234043686,0.11506133602178903,0.034071820510224476,0.12,0.0,9.732000000000005,0.14371218029352484
81.2,7.148959229964814,5.045350512893461,0.2854872349582393,0.11514294588155402,0.033794999833074685,0.12,0.0,9.744000000000005,0.1557121802935253
81.30000000000001,7.160464916468654,5.048759204442336,0.28308223587279224,0.11522388975246901,0.033517983685043835,0.12,0.0,9.756000000000006,0.16771218029352575
81.4,7.171970602972493,5.052167895991212,0.28067723678734546,0.11530416716635317,0.033240773668398324,0.12,0.0,9.768000000000006,0.1797121802935262
81.5,7.1834762894763315,5.055576587540087,0.27827223770189874,0.1153837776588805,0.032963371386525796,0.12,0.0,9.780000000000005,0.19171218029352488
81.60000000000001,7.195010486159547,5.058883777855916,0.2752471613022683,0.11548296628052397,0.03261417635095759,0.12,0.0,9.792000000000005,0.20371218029352534
81.7,7.206608291066808,5.061964511751127,0.2708386486146128,0.11562562362204779,0.03210475295049853,0.12,0.0,9.804000000000006,0.2157121802935258
81.80000000000001,7.218206095974071,5.065045245646338,0.26643013592695675,0.11576603378505247,0.03159470559568626,0.12,0.0,9.816000000000006,0.22771218029352625
81.9,7.229803900881332,5.0681259795415485,0.2620216232393013,0.11590419404067312,0.031084044199267104,0.12,0.0,9.828000000000005,0.23971218029352492
82.0,7.241401705788592,5.0712067134367596,0.2576131105516458,0.11604010170377174,0.030572778685921058,0.12,0.0,9.840000000000005,0.2517121802935254
82.10000000000001,7.2529995106958545,5.074287447331971,0.25320459786398974,0.11617375413298935,0.03006091899206909,0.12,0.0,9.852000000000006,0.26371218029352583
82.2,7.264597315603115,5.077368181227182,0.24879608517633428,0.11630514873079727,0.029548475065680247,0.12,0.0,9.864000000000004,0.2757121802935245
82.30000000000001,7.276195120510378,5.080448915122393,0.24438757248867818,0.11643428294354774,0.02903545686607782,0.12,0.0,9.876000000000007,0.28771218029352674
82.4,7.287792925417639,5.083529649017604,0.23997905980102271,0.11656115426152344,0.028521874363746376,0.12,0.0,9.888000000000005,0.2997121802935254
82.5,7.2995148177740115,5.086096857876493,0.2336135520421434,0.11674034774509817,0.02777933059585046,0.12,0.0,9.900000000000004,0.3117121802935241
82.60000000000001,7.311239679214951,5.088651779439044,0.2272012185655772,0.11691607679812052,0.027030186572348798,0.12,0.0,9.912000000000004,0.32371218029352455
82.7,7.32296454065589,5.091206701001593,0.22078888508901193,0.11708699850995925,0.026279931124886843,0.12,0.0,9.924000000000005,0.335712180293525
82.80000000000001,7.334689402096829,5.093761622564144,0.21437655161244576,0.11725310585267608,0.02552859510237764,0.12,0.0,9.936000000000005,0.34771218029352546
82.9,7.346414263537767,5.096316544126695,0.20796421813588048,0.11741439199628916,0.024776209398165598,0.12,0.0,9.948000000000004,0.35971218029352414
83.0,7.358139124978705,5.098871465689244,0.2015518846593152,0.11757085030905427,0.02402280494875551,0.12,0.0,9.960000000000004,0.3717121802935246
83.10000000000001,7.369863986419645,5.101426387251795,0.195139551182749,0.11772247435773736,0.0232684127325408,0.12,0.0,9.972000000000005,0.38371218029352505
83.2,7.381588847860583,5.103981308814345,0.18872721770618373,0.117869257907879,0.022513063768530097,0.12,0.0,9.984000000000004,0.39571218029352373
83.30000000000001,7.393400925981617,5.106066711134657,0.18102355211477478,0.11803919176264316,0.02160437937136715,0.12,0.0,9.996000000000006,0.40771218029352596
83.4,7.405261155828223,5.107892895130227,0.17260695099829962,0.11821684418458109,0.02061013709412135,0.12,0.0,10.008000000000004,0.41971218029352464
83.5,7.417121385674828,5.109719079125797,0.16419034988182446,0.11838612227231833,0.01961443482039926,0.12,0.0,10.020000000000003,0.4317121802935233
83.60000000000001,7.428981615521435,5.111545263121368,0.15577374876534814,0.11854701403440576,0.018617343084511323,0.12,0.0,10.032000000000005,0.44371218029352555
83.7,7.44084184536804,5.113371447116937,0.14735714764887298,0.11869950807347102,0.01761893251919619,0.12,0.0,10.044000000000004,0.4557121802935242
83.80000000000001,7.452702075214647,5.115197631112507,0.13894054653239662,0.11884359358702608,0.016619273850616165,0.12,0.0,10.056000000000006,0.46771218029352646
83.9,7.4645623050612535,5.117023815108078,0.1305239454159215,0.11897926036823234,0.015618437893348217,0.12,0.0,10.068000000000005,0.47971218029352514
84.0,7.476422534907859,5.118849999103648,0.12210734429944634,0.1191064988066238,0.014616495545366544,0.12,0.0,10.080000000000004,0.4917121802935238
84.10000000000001,7.488316113282693,5.120383730484391,0.11306389172696363,0.11923381011731485,0.01353877856042069,0.12,0.0,10.092000000000006,0.503712180293526
84.2,7.500283001472623,5.121274565513834,0.10264243638261308,0.11936842660095764,0.012295476030304169,0.12,0.0,10.104000000000005,0.5157121802935247
84.30000000000001,7.512249889662556,5.122165400543277,0.09222098103826107,0.11949007898727672,0.011050838140809467,0.12,0.0,10.116000000000007,0.527712180293527
84.4,7.524216777852486,5.12305623557272,0.08179952569391052,0.11959875406412353,0.009805000066766599,0.12,0.0,10.128000000000005,0.5397121802935256
84.5,7.536183666042417,5.123947070602163,0.07137807034956,0.11969444002876005,0.008558097113351988,0.12,0.0,10.140000000000004,0.5517121802935243
84.60000000000001,7.5481505542323495,5.124837905631606,0.06095661500520797,0.11977712648914046,0.007310264701394073,0.12,0.0,10.152000000000006,0.5637121802935265
84.7,7.56011744242228,5.1257287406610486,0.050535159660857434,0.1198468044650398,0.006061638352666372,0.12,0.0,10.164000000000005,0.5757121802935252
84.80000000000001,7.5720843306122125,5.1266195756904915,0.04011370431650542,0.11990346638902938,0.004812353675167787,0.12,0.0,10.176000000000007,0.5877121802935275
84.9,7.584051218802143,5.1275104107199345,0.029692248972154875,0.11994710610729852,0.0035625463483962183,0.12,0.0,10.188000000000006,0.5997121802935261
85.0,7.596048888000547,5.127324391781702,0.017371117553295453,0.11998189511177498,0.002084429271293752,0.12,0.0,10.200000000000005,0.6117121802935248
85.10000000000001,7.608047122944124,5.127118580609144,0.005015070690803553,0.11999849094712083,0.0006018059602253564,0.12,0.0,10.212000000000007,0.623712180293527
85.2,7.620045357887699,5.126912769436587,-0.007340976171686588,0.1199967666186514,-0.0008809092285296998,0.12,0.0,10.224000000000006,0.6357121802935257
85.30000000000001,7.632043592831276,5.12670695826403,-0.019697023034178487,0.11997672238961987,-0.002363489928915608,0.12,0.0,10.236000000000006,0.6477121802935262
85.4,7.644041827774852,5.1265011470914725,-0.03205306989666863,0.11993836132017771,-0.0038457097954080477,0.12,0.0,10.248000000000006,0.6597121802935266
85.5,7.656040062718427,5.126295335918916,-0.044409116759158776,0.11988168926690755,-0.005327342537571826,0.12,0.0,10.260000000000005,0.6717121802935253
85.60000000000001,7.668038297662004,5.126089524746359,-0.05676516362165067,0.11980671488192901,-0.00680816195460799,0.12,0.0,10.272000000000006,0.6837121802935258
85.7,7.680016318930754,5.1255914712410044,-0.06929026848253945,0.11971204675796271,-0.008308180367526384,0.12,0.0,10.284000000000006,0.6957121802935262
85.80000000000001,7.691928633242274,5.1241434492302655,-0.0823649165000482,0.11959319129165415,-0.009872618531971052,0.12,0.0,10.296000000000006,0.7077121802935267
85.9,7.7038409475537915,5.122695427219527,-0.09543956451755506,0.1194538920885789,-0.0114353690316556,0.12,0.0,10.308000000000005,0.7197121802935253
86.0,7.71575326186531,5.121247405208787,-0.10851421253506194,0.11929417296109789,-0.01299616472378139,0.12,0.0,10.320000000000006,0.7317121802935258
86.10000000000001,7.72766557617683,5.119799383198048,-0.12158886055257068,0.11911406121223533,-0.014554738799712365,0.12,0.0,10.332000000000006,0.7437121802935263
86.2,7.739577890488348,5.118351361187309,-0.13466350857007753,0.11891358763101148,-0.016110824830583726,0.12,0.0,10.344000000000005,0.7557121802935249
86.30000000000001,7.751490204799868,5.116903339176569,-0.14773815658758627,0.11869278648717924,-0.01766415681284791,0.12,0.0,10.356000000000007,0.7677121802935272
86.4,7.763402519111386,5.11545531716583,-0.16081280460509315,0.11845169552536622,-0.019214469213744517,0.12,0.0,10.368000000000006,0.7797121802935258
86.5,7.775314833422904,5.1140072951550914,-0.17388745262260002,0.11819035595862229,-0.020761497016693067,0.12,0.0,10.380000000000006,0.7917121802935263
86.60000000000001,7.787025030891342,5.111412923196338,-0.18657260352639485,0.11791749124098239,-0.022259048933699784,0.12,0.0,10.392000000000007,0.8037121802935268
86.7,7.798714268983243,5.108699675542543,-0.199217363849467,0.11762661161649571,-0.02374826813942598,0.12,0.0,10.404000000000005,0.8157121802935254
86.80000000000001,7.810403507075147,5.105986427888748,-0.21186212417254097,0.11731692492794635,-0.02523369028601639,0.12,0.0,10.416000000000007,0.8277121802935277
86.9,7.8220927451670486,5.103273180234953,-0.22450688449561312,0.11698848069046802,-0.02671507787254213,0.12,0.0,10.428000000000006,0.8397121802935263
87.0,7.83378198325895,5.100559932581159,-0.23715164481868528,0.11664133141829813,-0.028192194043152007,0.12,0.0,10.440000000000005,0.851712180293525
87.10000000000001,7.845471221350853,5.097846684927363,-0.24979640514175921,0.11627553261638159,-0.029664802624942276,0.12,0.0,10.452000000000005,0.8637121802935255
87.2,7.857160459442754,5.095133437273569,-0.2624411654648314,0.11589114277149631,-0.03113266816571716,0.12,0.0,10.464000000000006,0.8757121802935259
87.30000000000001,7.868849697534658,5.092420189619774,-0.27508592578790536,0.11548822334290161,-0.032595555971636284,0.12,0.0,10.476000000000006,0.8877121802935264
87.4,7.880341167678922,5.089018779334775,-0.28748285258620454,0.11507527475119161,-0.03402471367899753,0.12,0.0,10.488000000000005,0.8997121802935251
87.5,7.891687393251256,5.085111969221434,-0.29969776569297524,0.11465109142034852,-0.035427774924808475,0.12,0.0,10.500000000000005,0.9117121802935255
87.60000000000001,7.903033618823591,5.081205159108094,-0.31191267879974766,0.11420980188903757,-0.03682555026699251,0.12,0.0,10.512000000000006,0.923712180293526
87.7,7.914379844395925,5.077298348994753,-0.32412759190651835,0.11375147199864856,-0.038217831154327295,0.12,0.0,10.524000000000006,0.9357121802935264
87.80000000000001,7.925726069968261,5.073391538881412,-0.33634250501329077,0.11327617013303094,-0.039604409855376305,0.12,0.0,10.536000000000007,0.9477121802935269
87.9,7.937072295540595,5.069484728768073,-0.34855741812006147,0.1127839672082912,-0.040985079489481206,0.12,0.0,10.548000000000005,0.9597121802935256
88.0,7.948418521112929,5.065577918654732,-0.36077233122683217,0.11227493666221167,-0.04235963405763036,0.12,0.0,10.560000000000006,0.971712180293526
88.10000000000001,7.959764746685265,5.0616711085413915,-0.37298724433360453,0.11174915444329354,-0.04372786847319366,0.12,0.0,10.572000000000006,0.9837121802935265
88.2,7.971000764589622,5.0574896435964645,-0.3850960710094533,0.11121148176610271,-0.04507778081702559,0.12,0.0,10.584000000000005,0.9957121802935252
88.30000000000001,7.981900484895379,5.0524700721748905,-0.3968811760004299,0.11067252476402352,-0.04638525910627861,0.12,0.0,10.596000000000007,1.0077121802935274
88.4,7.992800205201135,5.047450500753317,-0.4086662809914048,0.110118196776799,-0.04768629508177555,0.12,0.0,10.608000000000006,1.019712180293526
88.5,8.003699925506892,5.0424309293317435,-0.42045138598237963,0.1095485747934314,-0.04898070804641318,0.12,0.0,10.620000000000005,1.0317121802935247
88.60000000000001,8.014599645812648,5.037411357910169,-0.4322364909733562,0.10896373792706149,-0.05026831822293899,0.12,0.0,10.632000000000005,1.0437121802935252
88.7,8.025499366118405,5.032391786488596,-0.4440215959643311,0.1083637674039812,-0.05154894677891937,0.12,0.0,10.644000000000005,1.0557121802935256
88.80000000000001,8.036399086424161,5.027372215067021,-0.4558067009553076,0.10774874655235167,-0.052822415851578416,0.12,0.0,10.656000000000006,1.067712180293526
88.9,8.047298806729918,5.022352643645448,-0.4675918059462825,0.10711876079063079,-0.054088548572499326,0.12,0.0,10.668000000000005,1.0797121802935248
89.0,8.058198527035673,5.017333072223874,-0.4793769109372574,0.106473897615709,-0.05534716909219041,0.12,0.0,10.680000000000005,1.0917121802935252
89.10000000000001,8.068608996753,5.011373189275922,-0.49076798721976955,0.10583653965316411,-0.05655640436099363,0.12,0.0,10.692000000000005,1.1037121802935257
89.2,8.078975087368924,5.005328012244403,-0.5021233218181199,0.10518751315934657,-0.05775454159936075,0.12,0.0,10.704000000000004,1.1157121802935244
89.30000000000001,8.089341177984851,4.999282835212883,-0.5134786564164718,0.10452492355214008,-0.058945231837861746,0.12,0.0,10.716000000000006,1.1277121802935266
89.4,8.099707268600778,4.993237658181364,-0.5248339910148222,0.10384885626733187,-0.06012832154623181,0.12,0.0,10.728000000000005,1.1397121802935253
89.5,8.110073359216702,4.987192481149845,-0.5361893256131726,0.1031593984785508,-0.06130365817423597,0.12,0.0,10.740000000000006,1.1517121802935257
89.60000000000001,8.120439449832629,4.981147304118325,-0.5475446602115245,0.10245663908602727,-0.06247109017133883,0.12,0.0,10.752000000000006,1.1637121802935262
89.7,8.130805540448554,4.975102127086806,-0.5588999948098748,0.10174066870513054,-0.06363046700624529,0.12,0.0,10.764000000000005,1.1757121802935249
89.80000000000001,8.141171631064482,4.969056950055285,-0.5702553294082269,0.10101157965468388,-0.06478163918631152,0.12,0.0,10.776000000000007,1.187712180293527
89.9,8.151182930111911,4.96246351711756,-0.5813585782996942,0.10028608137262912,-0.0658991796832283,0.12,0.0,10.788000000000006,1.1997121802935258
90.0,8.16094420255595,4.955483720539346,-0.5922841788515382,0.09956012213022525,-0.066990910438765,0.12,0.0,10.800000000000006,1.2117121802935262
90.10000000000001,8.17070547499999,4.94850392396113,-0.6032097794033836,0.0988222786389678,-0.06807464465277957,0.12,0.0,10.812000000000006,1.2237121802935267
90.2,8.180466747444028,4.941524127382916,-0.6141353799552276,0.09807263897343417,-0.06915025296256291,0.12,0.0,10.824000000000007,1.2357121802935271
90.30000000000001,8.190228019888066,4.934544330804701,-0.6250609805070731,0.09731129261628195,-0.07021760697537584,0.12,0.0,10.836000000000007,1.2477121802935276
90.4,8.199989292332104,4.927564534226486,-0.635986581058917,0.09653833044756834,-0.07127657928377386,0.12,0.0,10.848000000000006,1.2597121802935263
90.5,8.209750564776142,4.920584737648272,-0.646912181610761,0.09575384473390125,-0.07232704348081657,0.12,0.0,10.860000000000007,1.2717121802935267
90.60000000000001,8.219511837220182,4.913604941070057,-0.6578377821626065,0.09495792911742612,-0.07336887417515603,0.12,0.0,10.872000000000007,1.2837121802935272
90.7,8.229103847781598,4.90640945372996,-0.6686533146946305,0.09415886730929317,-0.07439158357657756,0.12,0.0,10.884000000000007,1.2957121802935276
90.80000000000001,8.238204331788806,4.898587613100377,-0.6791492161693061,0.09337288850491787,-0.07537575002776538,0.12,0.0,10.896000000000008,1.307712180293528
90.9,8.247304815796012,4.890765772470795,-0.6896451176439804,0.0925766234689622,-0.07635161286499452,0.12,0.0,10.908000000000008,1.3197121802935285
91.0,8.256405299803216,4.882943931841212,-0.7001410191186546,0.09177015992032055,-0.0773190645843494,0.12,0.0,10.920000000000007,1.3317121802935272
91.10000000000001,8.265505783810424,4.8751220912116295,-0.7106369205933302,0.09095358670138544,-0.07827799860850787,0.12,0.0,10.932000000000007,1.3437121802935277
91.2,8.274606267817628,4.867300250582047,-0.7211328220680044,0.09012699376826072,-0.07922830929848178,0.12,0.0,10.944000000000008,1.3557121802935281
91.30000000000001,8.283706751824836,4.859478409952464,-0.73162872354268,0.0892904721808509,-0.08016989196525522,0.12,0.0,10.956000000000008,1.3677121802935286
91.4,8.292807235832042,4.8516565693228815,-0.7421246250173542,0.08844411409283066,-0.08110264288131647,0.12,0.0,10.968000000000007,1.3797121802935273
91.5,8.301907719839246,4.8438347286933,-0.7526205264920284,0.08758801274149214,-0.0820264592920858,0.12,0.0,10.980000000000008,1.3917121802935277
91.60000000000001,8.310358081514384,4.835318945002592,-0.7627187843598517,0.08675523663392647,-0.0829067483175611,0.12,0.0,10.992000000000008,1.4037121802935282
91.7,8.318756089430227,4.826747278709191,-0.7727850203501729,0.08591629645607166,-0.08377583185664232,0.12,0.0,11.004000000000007,1.4157121802935269
91.80000000000001,8.327154097346071,4.818175612415788,-0.7828512563404956,0.0850686505301315,-0.08463642653717343,0.12,0.0,11.016000000000009,1.427712180293529
91.9,8.335552105261913,4.809603946122388,-0.7929174923308168,0.08421238474658571,-0.08548844515660006,0.12,0.0,11.028000000000008,1.4397121802935278
92.0,8.343950113177756,4.801032279828987,-0.802983728321138,0.08334758586934872,-0.0863318013813655,0.12,0.0,11.040000000000006,1.4517121802935264
92.10000000000001,8.3523481210936,4.792460613535584,-0.8130499643114606,0.08247434152697843,-0.08716640975565829,0.12,0.0,11.052000000000008,1.4637121802935287
92.2,8.360746129009442,4.7838889472421835,-0.8231162003017818,0.08159274020379734,-0.08799218571007106,0.12,0.0,11.064000000000007,1.4757121802935274
92.30000000000001,8.369144136925286,4.775317280948781,-0.8331824362921044,0.08070287123092569,-0.08880904557017053,0.12,0.0,11.076000000000008,1.4877121802935278
92.4,8.377107522268513,4.766353419496812,-0.8429932205269987,0.07982771496922388,-0.08959651735861361,0.12,0.0,11.088000000000008,1.4997121802935283
92.5,8.384774557262201,4.757122137115388,-0.8526298232495142,0.0789606157530459,-0.09036161330952341,0.12,0.0,11.100000000000007,1.511712180293527
92.60000000000001,8.392441592255887,4.7478908547339636,-0.8622664259720311,0.07808618398614492,-0.09111831797438934,0.12,0.0,11.112000000000007,1.5237121802935274
92.7,8.400108627249573,4.73865957235254,-0.8719030286945466,0.07720450087122237,-0.09186656108304819,0.12,0.0,11.124000000000008,1.5357121802935279
92.80000000000001,8.40777566224326,4.729428289971115,-0.8815396314170635,0.07631564828436391,-0.09260627315110605,0.12,0.0,11.136000000000008,1.5477121802935283
92.9,8.415442697236946,4.720197007589691,-0.8911762341395789,0.07541970876743724,-0.0933373854863899,0.12,0.0,11.148000000000009,1.5597121802935288
93.0,8.423109732230632,4.7109657252082675,-0.9008128368620945,0.07451676552042606,-0.09405983019532747,0.12,0.0,11.160000000000007,1.5717121802935274
93.10000000000001,8.43077676722432,4.701734442826843,-0.9104494395846113,0.0736069023937042,-0.09477354018925169,0.12,0.0,11.172000000000008,1.583712180293528
93.2,8.438246854220429,4.692352241127725,-0.9199728482943801,0.0727010110033354,-0.09547022048310617,0.12,0.0,11.184000000000008,1.5957121802935283
93.30000000000001,8.445166417366847,4.682548178405426,-0.9291798485896101,0.071818947704724,-0.09613552283410186,0.12,0.0,11.196000000000009,1.6077121802935288
93.4,8.452085980513262,4.672744115683129,-0.9383868488848389,0.07093079643919496,-0.09679267594452323,0.12,0.0,11.208000000000007,1.6197121802935275
93.5,8.459005543659678,4.662940052960831,-0.9475938491800676,0.07003663249378173,-0.09744162410864751,0.12,0.0,11.220000000000008,1.631712180293528
93.60000000000001,8.465925106806095,4.653135990238532,-0.9568008494752976,0.06913653166520202,-0.09808231231627096,0.12,0.0,11.232000000000008,1.6437121802935284
93.7,8.472844669952512,4.643331927516234,-0.9660078497705264,0.06823057025343322,-0.09871468625737162,0.12,0.0,11.244000000000009,1.6557121802935288
93.80000000000001,8.479764233098928,4.633527864793935,-0.9752148500657565,0.06731882505524363,-0.09933869232671377,0.12,0.0,11.256000000000009,1.6677121802935293
93.9,8.486683796245345,4.623723802071638,-0.9844218503609852,0.06640137335768352,-0.09995427762839125,0.12,0.0,11.268000000000008,1.679712180293528
94.0,8.493603359391761,4.61391973934934,-0.993628850656214,0.0654782929315328,-0.10056138998031193,0.12,0.0,11.280000000000008,1.6917121802935284
94.10000000000001,8.4998207754896,4.603658517421323,-1.0024354051423492,0.06459016593734179,-0.10113412116682802,0.12,0.0,11.292000000000009,1.7037121802935289
94.2,8.505987119646168,4.5933640431878935,-1.0112128324750114,0.06369999183486653,-0.10169715355032281,0.12,0.0,11.30400000000001,1.7157121802935293
94.30000000000001,8.512153463802736,4.583069568954463,-1.0199902598076749,0.06280491011074064,-0.10225235090687053,0.12,0.0,11.31600000000001,1.7277121802935298
94.4,8.518319807959305,4.572775094721034,-1.0287676871403373,0.06190498972450928,-0.10279967046254769,0.12,0.0,11.328000000000008,1.7397121802935285
94.5,8.524486152115873,4.562480620487604,-1.0375451144729995,0.06100030000850102,-0.10333907005035835,0.12,0.0,11.340000000000009,1.751712180293529
94.60000000000001,8.530652496272442,4.552186146254173,-1.046322541805663,0.060090910662486605,-0.10387050811348258,0.12,0.0,11.35200000000001,1.7637121802935294
94.7,8.53681884042901,4.541891672020744,-1.0550999691383254,0.05917689174830956,-0.10439394370847789,0.12,0.0,11.36400000000001,1.7757121802935298
94.80000000000001,8.542985184585579,4.531597197787312,-1.063877396470989,0.0582583136844875,-0.10490933650843406,0.12,0.0,11.37600000000001,1.7877121802935303
94.9,8.548701306375667,4.521054416324945,-1.0723967882079581,0.057362446578982325,-0.10540184876212276,0.12,0.0,11.38800000000001,1.7997121802935307
95.0,8.554118177542268,4.510346591766966,-1.0807446706671962,0.05648057585304694,-0.10587702560663578,0.12,0.0,11.40000000000001,1.8117121802935294
95.10000000000001,8.559535048708868,4.499638767208987,-1.0890925531264355,0.055594769180084096,-0.10634482422672563,0.12,0.0,11.41200000000001,1.8237121802935299
95.2,8.564951919875469,4.488930942651009,-1.0974404355856737,0.05470508828907057,-0.10680521202303281,0.12,0.0,11.424000000000008,1.8357121802935286
95.30000000000001,8.57036879104207,4.478223118093029,-1.105788318044913,0.05381159517896427,-0.10725815691263425,0.12,0.0,11.43600000000001,1.8477121802935308
95.4,8.57578566220867,4.467515293535051,-1.1141362005041513,0.05291435211438469,-0.10770362733127846,0.12,0.0,11.44800000000001,1.8597121802935295
95.5,8.58120253337527,4.456807468977074,-1.1224840829633893,0.05201342162127308,-0.10814159223558566,0.12,0.0,11.460000000000008,1.8717121802935281
95.60000000000001,8.586619404541871,4.446099644419093,-1.1308319654226286,0.05110886648253547,-0.1085720211052109,0.12,0.0,11.47200000000001,1.8837121802935304
95.7,8.5918378480381,4.435299743719655,-1.1390642796188712,0.05021334574781176,-0.10898908160366667,0.12,0.0,11.484000000000009,1.895712180293529
95.80000000000001,8.596517247812539,4.424249711242282,-1.1469826439184603,0.04934876532100227,-0.10938326819624948,0.12,0.0,11.49600000000001,1.9077121802935295
95.9,8.601196647586976,4.41319967876491,-1.154901008218048,0.04848109071843666,-0.10977059643980583,0.12,0.0,11.508000000000008,1.9197121802935282
96.0,8.605876047361413,4.402149646287538,-1.1628193725176357,0.04761037634345605,-0.11015104204879081,0.12,0.0,11.520000000000008,1.9317121802935286
96.10000000000001,8.610555447135852,4.391099613810164,-1.1707377368172247,0.04673667678999575,-0.11052458116920177,0.12,0.0,11.532000000000009,1.943712180293529
96.2,8.615234846910289,4.380049581332791,-1.1786561011168124,0.04586004683916271,-0.11089119038007393,0.12,0.0,11.544000000000008,1.9557121802935278
96.30000000000001,8.619914246684727,4.368999548855418,-1.1865744654164014,0.044980541455799716,-0.11125084669494917,0.12,0.0,11.55600000000001,1.96771218029353
96.4,8.624593646459164,4.357949516378046,-1.1944928297159891,0.0440982157850402,-0.11160352756331689,0.12,0.0,11.568000000000008,1.9797121802935287
96.5,8.629273046233601,4.346899483900674,-1.2024111940155768,0.04321312514884967,-0.11194921087202829,0.12,0.0,11.580000000000007,1.9917121802935274
96.60000000000001,8.633279127213141,4.335589469187246,-1.2099270192219638,0.04237052187154576,-0.11227082825174517,0.12,0.0,11.59200000000001,2.0037121802935296
96.7,8.63724012325098,4.324262046250487,-1.2174158907005064,0.041528559795323015,-0.11258498443987226,0.12,0.0,11.604000000000008,2.0157121802935283
96.80000000000001,8.641201119288818,4.312934623313726,-1.22490476217905,0.040684268675625676,-0.11289282653175754,0.12,0.0,11.61600000000001,2.0277121802935305
96.9,8.645162115326656,4.301607200376967,-1.2323936336575927,0.03983769586277706,-0.11319433726271325,0.12,0.0,11.628000000000009,2.039712180293529
97.0,8.649123111364494,4.290279777440208,-1.2398825051361353,0.03898888883506415,-0.11348949972313302,0.12,0.0,11.640000000000008,2.051712180293528
97.10000000000001,8.653084107402334,4.278952354503447,-1.247371376614679,0.03813789519607528,-0.11377829735944012,0.12,0.0,11.65200000000001,2.06371218029353
97.2,8.657045103440172,4.267624931566688,-1.2548602480932216,0.037284762672030694,-0.11406071397501572,0.12,0.0,11.664000000000009,2.0757121802935288
97.30000000000001,8.66100609947801,4.2562975086299275,-1.2623491195717653,0.03642953910910512,-0.11433673373110752,0.12,0.0,11.67600000000001,2.087712180293531
97.4,8.664547412780104,4.244837458121139,-1.2695780501104703,0.03560206214864252,-0.11459709058594897,0.12,0.0,11.68800000000001,2.0997121802935297
97.5,8.667815017984193,4.233290910748431,-1.276637452731593,0.03479219475266064,-0.11484556231867617,0.12,0.0,11.700000000000008,2.1117121802935284
97.60000000000001,8.671082623188282,4.221744363375721,-1.2836968553527164,0.03398059348910033,-0.1150883107275822,0.12,0.0,11.712000000000009,2.123712180293529
97.7,8.674350228392372,4.210197816003013,-1.2907562579738387,0.033167298804077025,-0.11532532371531011,0.12,0.0,11.724000000000009,2.1357121802935293
97.80000000000001,8.67761783359646,4.198651268630304,-1.2978156605949622,0.03235235122809726,-0.11555658947032763,0.12,0.0,11.73600000000001,2.1477121802935297
97.9,8.68088543880055,4.187104721257596,-1.3048750632160846,0.03153579137403986,-0.11578209646751536,0.12,0.0,11.748000000000008,2.1597121802935284
98.0,8.684153044004638,4.1755581738848875,-1.3119344658372072,0.030717659935131023,-0.11600183346874154,0.12,0.0,11.760000000000009,2.171712180293529
98.10000000000001,8.687420649208729,4.164011626512178,-1.3189938684583307,0.0298979976829169,-0.11621578952342188,0.12,0.0,11.77200000000001,2.1837121802935293
98.2,8.69050704132901,4.152419334948263,-1.325935976659656,0.029090501145312603,-0.1164205426164754,0.12,0.0,11.784000000000008,2.195712180293528
98.30000000000001,8.69311117692562,4.1407053058466055,-1.3325659330121837,0.02831800433056119,-0.116610851256366,0.12,0.0,11.79600000000001,2.2077121802935302
98.4,8.695715312522234,4.12899127674495,-1.3391958893647102,0.027544262765074365,-0.11679603413099496,0.12,0.0,11.808000000000009,2.219712180293529
98.5,8.698319448118845,4.117277247643294,-1.345825845717237,0.02676931045956018,-0.11697608310043417,0.12,0.0,11.820000000000007,2.2317121802935276
98.60000000000001,8.700923583715458,4.105563218541636,-1.3524558020697646,0.025993181477946256,-0.11715099025042235,0.12,0.0,11.83200000000001,2.24371218029353
98.7,8.703527719312069,4.093849189439981,-1.3590857584222913,0.02521590993588267,-0.1173207478927127,0.12,0.0,11.844000000000008,2.2557121802935285
98.80000000000001,8.706131854908682,4.082135160338323,-1.365715714774819,0.024437529999241665,-0.11748534856541118,0.12,0.0,11.856000000000009,2.267712180293529
98.9,8.708735990505293,4.0704211312366665,-1.3723456711273456,0.023658075882616647,-0.11764478503330418,0.12,0.0,11.86800000000001,2.2797121802935294
99.0,8.711340126101906,4.058707102135011,-1.3789756274798723,0.022877581847817557,-0.1177990502881768,0.12,0.0,11.880000000000008,2.291712180293528
99.10000000000001,8.713351915045543,4.046877908807203,-1.3852015567893783,0.022143734634854053,-0.11793920050780896,0.12,0.0,11.892000000000008,2.3037121802935285
99.2,8.715326467800924,4.03504147600774,-1.391402088087502,0.021412027942565904,-0.11807423537498253,0.12,0.0,11.904000000000009,2.315712180293529
99.30000000000001,8.717301020556306,4.023205043208276,-1.3976026193856264,0.0206794980334905,-0.11820473070517466,0.12,0.0,11.91600000000001,2.3277121802935294
99.4,8.71927557331169,4.011368610408813,-1.40380315068375,0.019946173070813665,-0.11833068148130114,0.12,0.0,11.928000000000008,2.339712180293528
99.5,8.721250126067071,3.9995321776093506,-1.4100036819818735,0.019212081248287997,-0.11845208286099987,0.12,0.0,11.940000000000007,2.351712180293527
99.60000000000001,8.723224678822453,3.987695744809886,-1.416204213279998,0.018477250789149073,-0.11856893017681694,0.12,0.0,11.952000000000009,2.363712180293529
99.7,8.725199231577836,3.9758593120104235,-1.4224047445781216,0.01774170994503076,-0.11868121893638603,0.12,0.0,11.964000000000008,2.3757121802935277
99.80000000000001,8.727173784333218,3.964022879210959,-1.428605275876246,0.01700548699487836,-0.11878894482260133,0.12,0.0,11.976000000000008,2.387712180293528
99.9,8.728787786354012,3.952135504746815,-1.4345445358594555,0.016299672784504022,-0.11888784911469337,0.12,0.0,11.988000000000008,2.3997121802935286
100.0,8.730169765961282,3.9402153481889055,-1.4403156619428945,0.01561328838923809,-0.11897993623159529,0.12,0.0,12.000000000000007,2.4117121802935273
100.10000000000001,8.73155174556855,3.928295191630994,-1.4460867880263344,0.014926383980851807,-0.11906806062608129,0.12,0.0,12.012000000000008,2.4237121802935278
100.2,8.732933725175819,3.916375035073085,-1.4518579141097734,0.014238982437248861,-0.11915221936309756,0.12,0.0,12.024000000000008,2.435712180293528
100.30000000000001,8.73431570478309,3.9044548785151734,-1.4576290401932133,0.013551106652890004,-0.11923240963966969,0.12,0.0,12.036000000000008,2.4477121802935287
100.4,8.735697684390358,3.892534721957264,-1.4634001662766523,0.01286277953803138,-0.1193086287849961,0.12,0.0,12.048000000000007,2.4597121802935273
100.5,8.737079663997628,3.8806145653993545,-1.4691712923600913,0.012174024017960743,-0.11938087426053687,0.12,0.0,12.060000000000008,2.471712180293528
100.60000000000001,8.738461643604897,3.8686944088414434,-1.4749424184435311,0.011484863032234225,-0.11944914366009837,0.12,0.0,12.072000000000008,2.4837121802935282
100.7,8.739690990209654,3.856760128525025,-1.480595068570633,0.010809478926587368,-0.11951215488533233,0.12,0.0,12.084000000000007,2.495712180293527
100.80000000000001,8.740519789316766,3.844788783903802,-1.4859368079047817,0.010170924964535867,-0.1195681909429334,0.12,0.0,12.096000000000009,2.507712180293529
100.9,8.741348588423877,3.8328174392825813,-1.4912785472389294,0.009532080784179877,-0.11962081522847044,0.12,0.0,12.108000000000008,2.519712180293528
101.0,8.742177387530988,3.8208460946613605,-1.496620286573077,0.008892964614370214,-0.11967002624035626,0.12,0.0,12.120000000000008,2.5317121802935283
101.10000000000001,8.7430061866381,3.808874750040138,-1.5019620259072255,0.008253594691718696,-0.11971582257439838,0.12,0.0,12.132000000000009,2.5437121802935287
101.2,8.743834985745211,3.7969034054189166,-1.5073037652413732,0.007613989260077997,-0.11975820292383905,0.12,0.0,12.144000000000007,2.5557121802935274
101.30000000000001,8.744663784852325,3.784932060797694,-1.5126455045755218,0.006974166570020479,-0.11979716607939274,0.12,0.0,12.15600000000001,2.5677121802935297
101.4,8.745492583959436,3.772960716176473,-1.5179872439096695,0.0063341448783181846,-0.11983271092928038,0.12,0.0,12.168000000000008,2.5797121802935283
101.5,8.746321383066547,3.7609893715552523,-1.5233289832438173,0.005693942447421169,-0.1198648364592613,0.12,0.0,12.180000000000007,2.591712180293527
101.60000000000001,8.746667185808422,3.748994941216757,-1.5282657095017251,0.005102135581292527,-0.11989148515432657,0.12,0.0,12.192000000000009,2.6037121802935292
101.7,8.746983942227617,3.7369991225547863,-1.533178079177787,0.004513125093248548,-0.11991510205930148,0.12,0.0,12.204000000000008,2.615712180293528
101.80000000000001,8.747300698646814,3.725003303892814,-1.5380904488538494,0.003924005697505687,-0.11993582525369949,0.12,0.0,12.216000000000008,2.6277121802935284
101.9,8.747617455066012,3.7130074852308437,-1.5430028185299112,0.003334791610297062,-0.11995365423744243,0.12,0.0,12.228000000000009,2.639712180293529
102.0,8.747934211485207,3.7010116665688733,-1.547915188205973,0.0027454970501405874,-0.11996858858029325,0.12,0.0,12.240000000000007,2.6517121802935275
102.10000000000001,8.748250967904404,3.689015847906901,-1.5528275578820352,0.0021561362374961208,-0.11998062792186644,0.12,0.0,12.252000000000008,2.663712180293528
102.2,8.7485677243236,3.6770200292449307,-1.557739927558097,0.0015667233944224414,-0.11998977197163668,0.12,0.0,12.264000000000006,2.6757121802935266
102.30000000000001,8.748884480742797,3.665024210582958,-1.5626522972341594,0.000977272744233651,-0.11999602050894595,0.12,0.0,12.276000000000009,2.687712180293529
102.4,8.74891447604868,3.653026434180087,-1.5673025368193565,0.00041925394412160963,-0.11999926760664141,0.12,0.0,12.288000000000007,2.6997121802935276
102.5,8.748761534335534,3.6410274088516545,-1.571785552554478,-0.00011870707178927361,-0.11999994128594857,0.12,0.0,12.300000000000006,2.7117121802935262
102.60000000000001,8.74860859262239,3.62902838352322,-1.5762685682895998,-0.0006566657019971303,-0.11999820327886505,0.12,0.0,12.312000000000006,2.7237121802935267
102.7,8.748455650909243,3.6170293581947877,-1.580751584024721,-0.001194611134933977,-0.11999405362032024,0.12,0.0,12.324000000000007,2.735712180293527
102.80000000000001,8.748302709196098,3.6050303328663538,-1.5852345997598432,-0.0017325325592973807,-0.11998749239371148,0.12,0.0,12.336000000000007,2.7477121802935276
102.9,8.748149767482953,3.593031307537921,-1.5897176154949644,-0.0022704191642670185,-0.11997851973090237,0.12,0.0,12.348000000000006,2.7597121802935263
103.0,8.747996825769807,3.5810322822094887,-1.5942006312300858,-0.002808260139722694,-0.11996713581222002,0.12,0.0,12.360000000000007,2.7717121802935267
103.10000000000001,8.747843884056662,3.5690332568810543,-1.5986836469652077,-0.003346044676461137,-0.1199533408664516,0.12,0.0,12.372000000000007,2.783712180293527
103.2,8.74757248948842,3.5570378489613383,-1.603047446502595,-0.003869463489625906,-0.11993759732586963,0.12,0.0,12.384000000000006,2.795712180293526
103.30000000000001,8.74699295724374,3.545051851198223,-1.607101122639979,-0.004355618542321166,-0.1199209263936607,0.12,0.0,12.396000000000008,2.807712180293528
103.4,8.746413424999064,3.5330658534351094,-1.6111547987773625,-0.004841702022326377,-0.11990228488868342,0.12,0.0,12.408000000000007,2.8197121802935268
103.5,8.745833892754387,3.5210798556719958,-1.6152084749147457,-0.005327705942187683,-0.11988167311725999,0.12,0.0,12.420000000000005,2.8317121802935254
103.60000000000001,8.74525436050971,3.509093857908881,-1.6192621510521297,-0.005813622315758668,-0.11985909141808856,0.12,0.0,12.432000000000007,2.8437121802935277
103.7,8.744674828265033,3.4971078601457672,-1.6233158271895132,-0.006299443158331254,-0.11983454016223767,0.12,0.0,12.444000000000006,2.8557121802935264
103.80000000000001,8.744095296020356,3.485121862382652,-1.6273695033268971,-0.0067851604867673965,-0.1198080197531401,0.12,0.0,12.456000000000007,2.867712180293527
103.9,8.74351576377568,3.4731358646195387,-1.6314231794642804,-0.007270766319629782,-0.11977953062658635,0.12,0.0,12.468000000000007,2.8797121802935273
104.0,8.742936231531,3.461149866856425,-1.635476855601664,-0.007756252677313464,-0.11974907325071733,0.12,0.0,12.480000000000006,2.891712180293526
104.10000000000001,8.741994794512031,3.449187174726275,-1.639124931266697,-0.008193053776558913,-0.11971998108007874,0.12,0.0,12.492000000000006,2.9037121802935264
104.2,8.741032187376838,3.4372258458910974,-1.6427492807757094,-0.008626906069698473,-0.11968950034010752,0.12,0.0,12.504000000000005,2.915712180293525
104.30000000000001,8.740069580241645,3.425264517055918,-1.6463736302847225,-0.009060645040705946,-0.11965744737142911,0.12,0.0,12.516000000000007,2.9277121802935273
104.4,8.739106973106452,3.41330318822074,-1.6499979797937352,-0.00949426499203162,-0.11962382259508798,0.12,0.0,12.528000000000006,2.939712180293526
104.5,8.73814436597126,3.401341859385562,-1.6536223293027477,-0.009927760227689382,-0.11958862645277563,0.12,0.0,12.540000000000004,2.9517121802935247
104.60000000000001,8.737181758836067,3.3893805305503824,-1.6572466788117608,-0.010361125053331446,-0.11955185940682489,0.12,0.0,12.552000000000005,2.963712180293525
104.7,8.736219151700874,3.3774192017152047,-1.6608710283207735,-0.010794353776322839,-0.11951352194020383,0.12,0.0,12.564000000000004,2.975712180293524
104.80000000000001,8.735256544565681,3.365457872880025,-1.6644953778297864,-0.011227440705816629,-0.11947361455650939,0.12,0.0,12.576000000000006,2.987712180293526
104.9,8.734086304710722,3.3535162260714584,-1.667857106830323,-0.011629014422331241,-0.11943519591630103,0.12,0.0,12.588000000000005,2.9997121802935247
105.0,8.732784273025624,3.3415870721412344,-1.6710521413065929,-0.012010553985855092,-0.11939743126614097,0.12,0.0,12.600000000000003,3.0117121802935234
105.10000000000001,8.731482241340526,3.329657918211008,-1.6742471757828632,-0.012391970942801965,-0.11935844777875067,0.12,0.0,12.612000000000004,3.023712180293524
105.2,8.73018020965543,3.3177287642807842,-1.677442210259133,-0.012773261399577207,-0.11931824585208278,0.12,0.0,12.624000000000004,3.0357121802935243
105.30000000000001,8.728878177970332,3.305799610350558,-1.6806372447354034,-0.01315442146387772,-0.11927682589652808,0.12,0.0,12.636000000000005,3.0477121802935248
105.4,8.727576146285234,3.293870456420334,-1.6838322792116736,-0.013535447244731295,-0.1192341883349113,0.12,0.0,12.648000000000003,3.0597121802935234
105.5,8.726274114600136,3.2819413024901096,-1.6870273136879435,-0.013916334852536606,-0.11919033360248672,0.12,0.0,12.660000000000004,3.071712180293524
105.60000000000001,8.72497208291504,3.270012148559884,-1.6902223481642138,-0.014297080399102905,-0.11914526214693384,0.12,0.0,12.672000000000004,3.0837121802935243
105.7,8.723587620846347,3.2580930289296286,-1.6932977642914975,-0.014663433470028202,-0.11910072929613008,0.12,0.0,12.684000000000003,3.095712180293523
105.80000000000001,8.721989750265879,3.246199887645338,-1.696063493957001,-0.01499277738810475,-0.11905971873891998,0.12,0.0,12.696000000000003,3.1077121802935235
105.9,8.72039187968541,3.234306746361049,-1.6988292236225042,-0.015322006622593282,-0.1190177974634769,0.12,0.0,12.708000000000004,3.119712180293524
106.0,8.718794009104943,3.22241360507676,-1.7015949532880075,-0.015651118655135212,-0.11897496579046736,0.12,0.0,12.720000000000002,3.1317121802935226
106.10000000000001,8.717196138524475,3.210520463792469,-1.704360682953511,-0.01598011096826848,-0.1189312240475218,0.12,0.0,12.732000000000003,3.143712180293523
106.2,8.715598267944006,3.1986273225081803,-1.7071264126190142,-0.016308981045446706,-0.11888657256923198,0.12,0.0,12.744000000000003,3.1557121802935235
106.30000000000001,8.714000397363538,3.1867341812238896,-1.7098921422845177,-0.016637726371058623,-0.11884101169714847,0.12,0.0,12.756000000000004,3.167712180293524
106.4,8.71240252678307,3.1748410399396008,-1.712657871950021,-0.016966344430447127,-0.11879454177977807,0.12,0.0,12.768000000000002,3.1797121802935226
106.5,8.710804656202601,3.162947898655312,-1.715423601615524,-0.017294832709928643,-0.11874716317258101,0.12,0.0,12.780000000000003,3.191712180293523
106.60000000000001,8.708968096811683,3.1510894124383566,-1.7177834388804372,-0.017575008274613543,-0.11870601957839907,0.12,0.0,12.792000000000003,3.2037121802935236
106.7,8.707117774738062,3.139232924416018,-1.7201198725835738,-0.017852308796902448,-0.118664632770763,0.12,0.0,12.804000000000002,3.2157121802935222
106.80000000000001,8.70526745266444,3.127376436393678,-1.7224563062867104,-0.018129511864866422,-0.11862259818239385,0.12,0.0,12.816000000000004,3.2277121802935245
106.9,8.70341713059082,3.1155199483713396,-1.7247927399898468,-0.018406615965276082,-0.11857991604275507,0.12,0.0,12.828000000000003,3.239712180293523
107.0,8.7015668085172,3.103663460349001,-1.7271291736929832,-0.018683619585442346,-0.11853658658484507,0.12,0.0,12.840000000000002,3.251712180293522
107.10000000000001,8.699716486443577,3.091806972326661,-1.72946560739612,-0.01896052121322467,-0.11849261004519589,0.12,0.0,12.852000000000004,3.263712180293524
107.2,8.697866164369957,3.0799504843043226,-1.7318020410992565,-0.019237319337039135,-0.11844798666387191,0.12,0.0,12.864000000000003,3.2757121802935227
107.30000000000001,8.696015842296337,3.0680939962819824,-1.7341384748023934,-0.01951401244586703,-0.11840271668446863,0.12,0.0,12.876000000000003,3.287712180293523
107.4,8.694037346009042,3.0562586734891513,-1.7362120627982212,-0.019759488769071954,-0.1183619981395419,0.12,0.0,12.888000000000003,3.2997121802935236
107.5,8.69197768548023,3.0444367532345544,-1.738119208013881,-0.0199851862160762,-0.11832409869468162,0.12,0.0,12.900000000000002,3.3117121802935223
107.60000000000001,8.689918024951421,3.0326148329799563,-1.7400263532295408,-0.02021081097292575,-0.1182857688812,0.12,0.0,12.912000000000003,3.3237121802935228
107.7,8.68785836442261,3.02079291272536,-1.7419334984452006,-0.020436362218977825,-0.1182470088385103,0.12,0.0,12.924000000000003,3.3357121802935232
107.80000000000001,8.685798703893798,3.0089709924707613,-1.7438406436608604,-0.02066183913385704,-0.11820781870759063,0.12,0.0,12.936000000000003,3.3477121802935237
107.9,8.683739043364987,2.997149072216165,-1.7457477888765203,-0.02088724089745837,-0.11816819863098338,0.12,0.0,12.948000000000002,3.3597121802935224
108.0,8.681679382836176,2.985327151961568,-1.7476549340921799,-0.021112566689950082,-0.11812814875279477,0.12,0.0,12.960000000000003,3.371712180293523
108.10000000000001,8.679619722307365,2.97350523170697,-1.74956207930784,-0.021337815691776885,-0.11808766921869429,0.12,0.0,12.972000000000003,3.3837121802935233
108.2,8.677513594671424,2.9616917451863416,-1.7513494390006057,-0.0215488466361038,-0.11804934226268977,0.12,0.0,12.984000000000002,3.395712180293522
108.30000000000001,8.675287407252391,2.949900049397552,-1.752827301830225,-0.02172328377540635,-0.11801736712032329,0.12,0.0,12.996000000000004,3.407712180293524
108.4,8.673061219833357,2.9381083536087633,-1.754305164659844,-0.021897673469359523,-0.11798513421880448,0.12,0.0,13.008000000000003,3.419712180293523
108.5,8.670835032414326,2.9263166578199753,-1.755783027489463,-0.02207201533708263,-0.11795264362853249,0.12,0.0,13.020000000000003,3.4317121802935233
108.60000000000001,8.668608844995292,2.9145249620311855,-1.7572608903190823,-0.02224630899779944,-0.11791989542046935,0.12,0.0,13.032000000000004,3.4437121802935238
108.7,8.666382657576259,2.9027332662423975,-1.758738753148701,-0.02242055407083889,-0.11788688966613967,0.12,0.0,13.044000000000002,3.4557121802935225
108.80000000000001,8.664156470157225,2.8909415704536077,-1.7602166159783204,-0.022594750175636228,-0.1178536264376306,0.12,0.0,13.056000000000004,3.4677121802935247
108.9,8.661930282738192,2.8791498746648196,-1.7616944788079394,-0.022768896931733486,-0.11782010580759167,0.12,0.0,13.068000000000003,3.4797121802935234
109.0,8.659704095319158,2.8673581788760316,-1.7631723416375584,-0.022942993958780546,-0.11778632784923453,0.12,0.0,13.080000000000004,3.491712180293524
109.10000000000001,8.657360630986075,2.855589264045046,-1.7642442125193245,-0.023069232490012973,-0.1177616682640057,0.12,0.0,13.092000000000004,3.5037121802935243
109.2,8.655010440223457,2.8438216558182527,-1.7652927976909303,-0.02319270292384387,-0.11773741347204092,0.12,0.0,13.104000000000003,3.515712180293523
109.30000000000001,8.652660249460837,2.832054047591458,-1.766341382862536,-0.02331614785658446,-0.11771302922416826,0.12,0.0,13.116000000000005,3.527712180293525
109.4,8.650310058698217,2.8202864393646654,-1.7673899680341418,-0.023439567152503244,-0.11768851554719896,0.12,0.0,13.128000000000004,3.539712180293524
109.5,8.6479598679356,2.8085188311378726,-1.7684385532057474,-0.023562960675896884,-0.11766387246808654,0.12,0.0,13.140000000000004,3.5517121802935243
109.60000000000001,8.64560967717298,2.7967512229110776,-1.7694871383773534,-0.023686328291090488,-0.11763910001392686,0.12,0.0,13.152000000000005,3.5637121802935248
109.7,8.643259486410361,2.784983614684285,-1.770535723548959,-0.023809669862437457,-0.11761419821195797,0.12,0.0,13.164000000000003,3.5757121802935234
109.80000000000001,8.640909295647742,2.7732160064574902,-1.771584308720565,-0.023932985254320048,-0.11758916708956016,0.12,0.0,13.176000000000005,3.5877121802935257
109.9,8.638509054199085,2.761458575178904,-1.7723699851385672,-0.02402536489364481,-0.11757032721621224,0.12,0.0,13.188000000000004,3.5997121802935244
110.0,8.636077141268276,2.7497075837527754,-1.7729892960068139,-0.024098172863003055,-0.11755542550076038,0.12,0.0,13.200000000000005,3.611712180293525
110.10000000000001,8.633645228337464,2.7379565923266456,-1.7736086068750607,-0.024170971589604982,-0.1175404786974024,0.12,0.0,13.212000000000005,3.6237121802935253
110.2,8.631213315406654,2.726205600900517,-1.7742279177433073,-0.024243761045528882,-0.11752548681187112,0.12,0.0,13.224000000000004,3.635712180293524
110.30000000000001,8.628781402475843,2.7144546094743873,-1.774847228611554,-0.024316541202856676,-0.11751044984991664,0.12,0.0,13.236000000000006,3.647712180293526
110.4,8.626349489545031,2.702703618048259,-1.7754665394798006,-0.024389312033673838,-0.11749536781730628,0.12,0.0,13.248000000000005,3.659712180293525
110.5,8.623917576614222,2.6909526266221304,-1.7760858503480472,-0.024462073510069408,-0.11748024071982471,0.12,0.0,13.260000000000003,3.6717121802935235
110.60000000000001,8.62148566368341,2.6792016351960006,-1.7767051612162938,-0.024534825604136015,-0.11746506856327388,0.12,0.0,13.272000000000006,3.6837121802935258
110.7,8.619042693538002,2.66745295155239,-1.7772046513165807,-0.024593495179972,-0.11745279900808109,0.12,0.0,13.284000000000004,3.6957121802935244
110.80000000000001,8.61657116680512,2.6557102280348808,-1.7773946898627742,-0.024615815294914776,-0.1174481231751561,0.12,0.0,13.296000000000005,3.707712180293525
110.9,8.614099640072238,2.6439675045173723,-1.7775847284089676,-0.024638134520866026,-0.11744344310063337,0.12,0.0,13.308000000000005,3.7197121802935253
111.0,8.611628113339357,2.6322247809998642,-1.777774766955161,-0.024660452857019673,-0.11743875878468193,0.12,0.0,13.320000000000004,3.731712180293524
111.10000000000001,8.609156586606476,2.620482057482355,-1.7779648055013544,-0.02468277030256975,-0.11743407022747096,0.12,0.0,13.332000000000004,3.7437121802935245
111.2,8.606685059873595,2.608739333964847,-1.7781548440475479,-0.024705086856710242,-0.11742937742916976,0.12,0.0,13.344000000000005,3.755712180293525
111.30000000000001,8.604213533140713,2.596996610447337,-1.7783448825937413,-0.024727402518635193,-0.11742468038994781,0.12,0.0,13.356000000000005,3.7677121802935254
111.4,8.601742006407832,2.585253886929829,-1.7785349211399346,-0.02474971728753866,-0.11741997910997476,0.12,0.0,13.368000000000006,3.779712180293526
111.5,8.599270479674951,2.573511163412321,-1.778724959686128,-0.0247720311626148,-0.11741527358942037,0.12,0.0,13.380000000000004,3.7917121802935245
111.60000000000001,8.59680122950913,2.561767960982471,-1.7785089960857334,-0.02474667315989903,-0.11742062070827736,0.12,0.0,13.392000000000005,3.803712180293525
111.7,8.59433210982225,2.5500247311042883,-1.7782697629178463,-0.02471858154494258,-0.11742653757309726,0.12,0.0,13.404000000000005,3.8157121802935254
111.80000000000001,8.59186299013537,2.5382815012261033,-1.778030529749959,-0.024690488515279684,-0.11743244771730188,0.12,0.0,13.416000000000006,3.827712180293526
111.9,8.589393870448491,2.5265382713479205,-1.7777912965820717,-0.024662394072518194,-0.11743835114055297,0.12,0.0,13.428000000000004,3.8397121802935246
112.0,8.586924750761613,2.5147950414697373,-1.7775520634141846,-0.024634298218266057,-0.11744424784251263,0.12,0.0,13.440000000000005,3.851712180293525
112.10000000000001,8.584455631074732,2.5030518115915528,-1.7773128302462973,-0.024606200954131217,-0.1174501378228434,0.12,0.0,13.452000000000005,3.8637121802935255
112.2,8.581986511387854,2.4913085817133696,-1.77707359707841,-0.024578102281721772,-0.11745602108120819,0.12,0.0,13.464000000000006,3.875712180293526
112.30000000000001,8.579517391700975,2.479565351835185,-1.7768343639105226,-0.024550002202645884,-0.11746189761727026,0.12,0.0,13.476000000000006,3.8877121802935264
112.4,8.577075485668042,2.467816453759714,-1.77633221807446,-0.024491016107193262,-0.11747421048909927,0.12,0.0,13.488000000000005,3.899712180293525
112.5,8.574650799263079,2.4560639690931607,-1.775663712427136,-0.02441247846740079,-0.11749055662085651,0.12,0.0,13.500000000000005,3.9117121802935255
112.60000000000001,8.572226112858115,2.444311484426606,-1.7749952067798116,-0.02433392991767694,-0.11750685024610943,0.12,0.0,13.512000000000006,3.923712180293526
112.7,8.569801426453152,2.4325589997600527,-1.7743267011324875,-0.024255370493125095,-0.11752309135757634,0.12,0.0,13.524000000000004,3.9357121802935247
112.80000000000001,8.567376740048188,2.420806515093498,-1.7736581954851631,-0.024176800228853393,-0.11753927994799915,0.12,0.0,13.536000000000007,3.947712180293527
112.9,8.564952053643223,2.4090540304269448,-1.772989689837839,-0.02409821915997492,-0.11755541601014313,0.12,0.0,13.548000000000005,3.9597121802935256
113.0,8.56252736723826,2.3973015457603917,-1.7723211841905149,-0.024019627321607517,-0.11757149953679712,0.12,0.0,13.560000000000004,3.9717121802935242
113.10000000000001,8.560102680833296,2.385549061093837,-1.7716526785431905,-0.023941024748873822,-0.11758753052077338,0.12,0.0,13.572000000000006,3.9837121802935265
113.2,8.557702155921609,2.373791684228059,-1.770864345799588,-0.023848319218630277,-0.11760636747407135,0.12,0.0,13.584000000000005,3.995712180293525
113.30000000000001,8.555364026865707,2.362021673500877,-1.769766565534136,-0.023719198925197315,-0.11763247681804086,0.12,0.0,13.596000000000005,4.007712180293526
113.4,8.553025897809805,2.3502516627736973,-1.7686687852686838,-0.023590050047250365,-0.11765844440059635,0.12,0.0,13.608000000000006,4.019712180293526
113.5,8.550687768753903,2.3384816520465175,-1.7675710050032316,-0.023460872740429514,-0.11768427019044377,0.12,0.0,13.620000000000005,4.031712180293525
113.60000000000001,8.548349639698001,2.326711641319336,-1.7664732247377795,-0.02333166716040909,-0.11770995415645988,0.12,0.0,13.632000000000005,4.043712180293525
113.7,8.5460115106421,2.314941630592156,-1.7653754444723273,-0.023202433462897496,-0.1177354962676924,0.12,0.0,13.644000000000005,4.055712180293526
113.80000000000001,8.543673381586196,2.3031716198649743,-1.7642776642068752,-0.023073171803637035,-0.11776089649336001,0.12,0.0,13.656000000000006,4.067712180293526
113.9,8.541335252530294,2.2914016091377944,-1.763179883941423,-0.022943882338403696,-0.1177861548028523,0.12,0.0,13.668000000000006,4.079712180293527
114.0,8.538997123474392,2.2796315984106146,-1.7620821036759708,-0.022814565223006976,-0.11781127116572998,0.12,0.0,13.680000000000005,4.091712180293525
114.10000000000001,8.53678087761156,2.267838067478117,-1.7605782974078361,-0.022637374164941812,-0.11784544662784568,0.12,0.0,13.692000000000005,4.103712180293526
114.2,8.534571611704507,2.2560431896003297,-1.7590512390122144,-0.022457390962099023,-0.11787987780437946,0.12,0.0,13.704000000000006,4.115712180293526
114.30000000000001,8.532362345797454,2.244248311722541,-1.7575241806165927,-0.022277355390711504,-0.11791403409601393,0.12,0.0,13.716000000000006,4.127712180293527
114.4,8.5301530798904,2.2324534338447535,-1.7559971222209712,-0.022097267870605477,-0.1179479154230998,0.12,0.0,13.728000000000007,4.139712180293527
114.5,8.527943813983347,2.220658555966966,-1.7544700638253496,-0.02191712882172824,-0.11798152170662898,0.12,0.0,13.740000000000006,4.151712180293526
114.60000000000001,8.525734548076294,2.208863678089177,-1.7529430054297277,-0.02173693866414723,-0.11801485286823477,0.12,0.0,13.752000000000006,4.163712180293526
114.7,8.52352528216924,2.19706880021139,-1.7514159470341062,-0.02155669781804923,-0.11804790883019195,0.12,0.0,13.764000000000006,4.175712180293527
114.80000000000001,8.521316016262187,2.1852739223336006,-1.7498888886384845,-0.021376406703739016,-0.11808068951541713,0.12,0.0,13.776000000000007,4.187712180293527
114.9,8.519211753656792,2.173460164266358,-1.748098869788568,-0.021165005909786476,-0.11811876449082383,0.12,0.0,13.788000000000007,4.1997121802935276
115.0,8.517173905669228,2.161634464473975,-1.7461425283773588,-0.020933884924672245,-0.11815994440571043,0.12,0.0,13.800000000000006,4.211712180293526
115.10000000000001,8.515136057681664,2.1498087646815907,-1.7441861869661492,-0.020702683819917807,-0.11820067209052794,0.12,0.0,13.812000000000006,4.223712180293527
115.2,8.5130982096941,2.137983064889208,-1.74222984555494,-0.02047140348039244,-0.1182409473894005,0.12,0.0,13.824000000000007,4.235712180293527
115.30000000000001,8.511060361706535,2.1261573650968235,-1.7402735041437305,-0.02024004479126846,-0.11828077014818363,0.12,0.0,13.836000000000007,4.247712180293528
115.4,8.509022513718971,2.114331665304441,-1.7383171627325213,-0.02000860863801825,-0.11832014021446485,0.12,0.0,13.848000000000008,4.259712180293528
115.5,8.506984665731407,2.102505965512058,-1.736360821321312,-0.0197770959064105,-0.11835905743756428,0.12,0.0,13.860000000000007,4.271712180293527
115.60000000000001,8.504946817743841,2.0906802657196737,-1.7344044799101024,-0.01954550748250705,-0.11839752166853519,0.12,0.0,13.872000000000007,4.283712180293527
115.7,8.50296881720513,2.0788448093777023,-1.7323282309874783,-0.019299642803851786,-0.11843784778373732,0.12,0.0,13.884000000000007,4.295712180293528
115.80000000000001,8.501145233258162,2.066984179479236,-1.7299426003018494,-0.019017039188484307,-0.11848355253157988,0.12,0.0,13.896000000000008,4.307712180293528
115.9,8.499321649311195,2.055123549580772,-1.7275569696162207,-0.018734327342752585,-0.11852858296214712,0.12,0.0,13.908000000000007,4.319712180293527
116.0,8.497498065364228,2.0432629196823076,-1.7251713389305923,-0.018451508875635056,-0.11857293881916042,0.12,0.0,13.920000000000005,4.3317121802935254
116.10000000000001,8.495674481417261,2.0314022897838413,-1.7227857082449634,-0.018168585396716893,-0.11861661985018038,0.12,0.0,13.932000000000007,4.343712180293528
116.2,8.493850897470294,2.0195416598853773,-1.7204000775593349,-0.01788555851618109,-0.11865962580660812,0.12,0.0,13.944000000000006,4.355712180293526
116.30000000000001,8.492027313523327,2.007681029986911,-1.718014446873706,-0.017602429844798925,-0.11870195644368685,0.12,0.0,13.956000000000007,4.367712180293527
116.4,8.49020372957636,1.9958204000884467,-1.7156288161880775,-0.017319200993921185,-0.11874361152050311,0.12,0.0,13.968000000000007,4.379712180293527
116.5,8.488380145629392,1.9839597701899825,-1.713243185502449,-0.01703587357546866,-0.11878459079998822,0.12,0.0,13.980000000000006,4.391712180293526
116.60000000000001,8.486800103216414,1.9720643921176675,-1.710451388293478,-0.016704185127311564,-0.11883168853143719,0.12,0.0,13.992000000000006,4.403712180293526
116.7,8.485233930014028,1.9601670352053064,-1.7076364607011387,-0.01636961678976397,-0.11887823874097511,0.12,0.0,14.004000000000007,4.415712180293527
116.80000000000001,8.48366775681164,1.9482696782929438,-1.704821533108799,-0.01603491874244843,-0.11892384698168434,0.12,0.0,14.016000000000007,4.427712180293527
116.9,8.482101583609252,1.9363723213805826,-1.7020066055164598,-0.015700093637449508,-0.11896851289217378,0.12,0.0,14.028000000000006,4.439712180293526
117.0,8.480535410406866,1.9244749644682215,-1.6991916779241205,-0.01536514412785837,-0.11901223611851908,0.12,0.0,14.040000000000004,4.451712180293525
117.10000000000001,8.478969237204478,1.912577607555859,-1.6963767503317808,-0.015030072867751949,-0.11905501631426567,0.12,0.0,14.052000000000007,4.463712180293527
117.2,8.47740306400209,1.9006802506434979,-1.6935618227394416,-0.014694882512172054,-0.1190968531404313,0.12,0.0,14.064000000000005,4.475712180293526
117.30000000000001,8.475836890799703,1.888782893731135,-1.6907468951471019,-0.014359575717103987,-0.11913774626550881,0.12,0.0,14.076000000000006,4.487712180293526
117.4,8.474455117187475,1.8768636265702945,-1.687668812429197,-0.013992792432838633,-0.11918138176716819,0.12,0.0,14.088000000000005,4.499712180293525
117.5,8.473189769721051,1.8649305257247806,-1.6844245789243384,-0.013606067241846986,-0.11922615037906045,0.12,0.0,14.100000000000005,4.511712180293525
117.60000000000001,8.471924422254627,1.852997424879265,-1.6811803454194794,-0.013219198846428798,-0.119269664130736,0.12,0.0,14.112000000000005,4.523712180293526
117.7,8.470659074788205,1.8410643240337514,-1.677936111914621,-0.012832191318390232,-0.11931192256421079,0.12,0.0,14.124000000000004,4.535712180293524
117.80000000000001,8.469393727321782,1.829131223188236,-1.674691878409762,-0.01244504873100154,-0.11935292523471303,0.12,0.0,14.136000000000006,4.5477121802935265
117.9,8.468128379855358,1.817198122342722,-1.6714476449049034,-0.012057775158954771,-0.11939267171068789,0.12,0.0,14.148000000000005,4.559712180293525
118.0,8.466863032388936,1.8052650214972084,-1.668203411400045,-0.011670374678320435,-0.11943116157380207,0.12,0.0,14.160000000000005,4.571712180293526
118.10000000000001,8.465597684922512,1.793331920651693,-1.664959177895186,-0.011282851366504676,-0.11946839441894816,0.12,0.0,14.172000000000006,4.583712180293526
118.2,8.464428742026087,1.781390000290322,-1.6615947793540415,-0.01088084897663996,-0.11950567821466707,0.12,0.0,14.184000000000005,4.595712180293525
118.30000000000001,8.463507821306363,1.7694253897647758,-1.6579212295572707,-0.010441766485852898,-0.11954484310356059,0.12,0.0,14.196000000000007,4.607712180293527
118.4,8.46258690058664,1.7574607792392314,-1.6542476797605001,-0.010002543083918599,-0.11958239474042302,0.12,0.0,14.208000000000006,4.619712180293526
118.5,8.461665979866916,1.7454961687136867,-1.6505741299637298,-0.009563184698136194,-0.11961833261849679,0.12,0.0,14.220000000000004,4.631712180293524
118.60000000000001,8.460745059147193,1.7335315581881408,-1.646900580166959,-0.009123697257626346,-0.11965265625280193,0.12,0.0,14.232000000000006,4.643712180293527
118.7,8.459824138427468,1.721566947662596,-1.6432270303701884,-0.008684086693251453,-0.1196853651801426,0.12,0.0,14.244000000000005,4.655712180293525
118.80000000000001,8.458903217707745,1.7096023371370501,-1.6395534805734175,-0.008244358937535341,-0.11971645895911338,0.12,0.0,14.256000000000006,4.667712180293526
118.9,8.457982296988021,1.6976377266115055,-1.6358799307766472,-0.0078045199245834595,-0.11974593717010519,0.12,0.0,14.268000000000006,4.679712180293526
119.0,8.457061376268298,1.685673116085961,-1.6322063809798766,-0.0073645755900025,-0.11977379941531094,0.12,0.0,14.280000000000005,4.691712180293525
119.10000000000001,8.456507918358408,1.6736862031000141,-1.628126304438136,-0.006875829377503455,-0.11980285042673842,0.12,0.0,14.292000000000005,4.703712180293525
119.2,8.45597507072784,1.6616980392121379,-1.6240234265963998,-0.006384236423742664,-0.11983005267997572,0.12,0.0,14.304000000000006,4.715712180293526
119.30000000000001,8.45544222309727,1.64970987532426,-1.6199205487546626,-0.005892536000408227,-0.11985523776407893,0.12,0.0,14.316000000000006,4.727712180293526
119.4,8.454909375466702,1.637721711436384,-1.6158176709129262,-0.0054007363845802025,-0.11987840525509284,0.12,0.0,14.328000000000005,4.739712180293525
119.5,8.454376527836134,1.6257335475485077,-1.61171479307119,-0.0049088458550081765,-0.11989955476302556,0.12,0.0,14.340000000000003,4.751712180293524
119.60000000000001,8.453843680205564,1.61374538366063,-1.6076119152294528,-0.004416872691972056,-0.11991868593185513,0.12,0.0,14.352000000000006,4.763712180293526
119.7,8.453310832574996,1.6017572197727536,-1.6035090373877163,-0.0039248251771430865,-0.1199357984395354,0.12,0.0,14.364000000000004,4.7757121802935245
119.80000000000001,8.452777984944426,1.5897690558848758,-1.5994061595459794,-0.003432711593443802,-0.11995089199800157,0.12,0.0,14.376000000000005,4.787712180293525
119.9,8.452510097674697,1.5777738875253038,-1.5950396819704364,-0.00290891765351684,-0.11996473731094924,0.12,0.0,14.388000000000003,4.799712180293524
120.0,8.452408807353205,1.565774315021637,-1.59050746295693,-0.002365183175502869,-0.11997668902143581,0.12,0.0,14.400000000000004,4.811712180293524
120.10000000000001,8.452307517031715,1.5537747425179684,-1.5859752439434232,-0.0018214001143226721,-0.11998617629386955,0.12,0.0,14.412000000000004,4.8237121802935246
120.2,8.452206226710224,1.5417751700143014,-1.5814430249299167,-0.0012775796398100901,-0.11999319893337264,0.12,0.0,14.424000000000003,4.835712180293523
120.30000000000001,8.452104936388734,1.5297755975106329,-1.5769108059164099,-0.0007337329225672584,-0.11999775679569322,0.12,0.0,14.436000000000005,4.8477121802935255
120.4,8.452003646067244,1.517776025006966,-1.5723785869029034,-0.00018987113373557604,-0.11999984978720837,0.12,0.0,14.448000000000004,4.859712180293524
120.5,8.451902355745752,1.5057764525032993,-1.567846367889397,0.0003539945552341326,-0.11999947786492599,0.12,0.0,14.460000000000003,4.871712180293523
120.60000000000001,8.451801065424261,1.4937768799996307,-1.5633141488758902,0.0008978529728109303,-0.11999664103648575,0.12,0.0,14.472000000000005,4.883712180293525
120.7,8.451833196350183,1.4817788200878446,-1.5586612271213445,0.001456176220637535,-0.11999116446978272,0.12,0.0,14.484000000000004,4.895712180293524
120.80000000000001,8.452206503116587,1.469784628074283,-1.5536996524354165,0.002051500978713978,-0.11998246265073215,0.12,0.0,14.496000000000004,4.907712180293524
120.9,8.45257980988299,1.4577904360607232,-1.5487380777494892,0.002646775234636118,-0.11997080720265792,0.12,0.0,14.508000000000004,4.919712180293525
121.0,8.452953116649391,1.4457962440471634,-1.5437765030635622,0.00324198433443475,-0.1199561984124842,0.12,0.0,14.520000000000003,4.931712180293523
121.10000000000001,8.453326423415794,1.433802052033602,-1.5388149283776342,0.0038371136257447074,-0.11993863663983814,0.12,0.0,14.532000000000004,4.943712180293524
121.2,8.453699730182196,1.4218078600200421,-1.533853353691707,0.004432148458165163,-0.1199181223170409,0.12,0.0,14.544000000000004,4.955712180293524
121.30000000000001,8.454073036948598,1.4098136680064806,-1.528891779005779,0.005027074183620948,-0.11989465594909712,0.12,0.0,14.556000000000004,4.967712180293525
121.4,8.454446343715,1.3978194759929208,-1.523930204319852,0.005621876156722451,-0.11986823811368245,0.12,0.0,14.568000000000003,4.979712180293523
121.5,8.454819650481404,1.385825283979361,-1.5189686296339246,0.006216539735126813,-0.11983886946112929,0.12,0.0,14.580000000000004,4.991712180293524
121.60000000000001,8.455683109061075,1.373856937069945,-1.5135998451869468,0.006859836110734866,-0.11980376725518216,0.12,0.0,14.592000000000004,5.003712180293524
121.7,8.456573243424636,1.3618899967419082,-1.508208898953992,0.007505588969105039,-0.11976504554429414,0.12,0.0,14.604000000000003,5.015712180293523
121.80000000000001,8.457463377788194,1.3499230564138698,-1.5028179527210364,0.008151123698315619,-0.11972284319399852,0.12,0.0,14.616000000000003,5.027712180293523
121.9,8.458353512151753,1.3379561160858329,-1.4974270064880812,0.008796421537687114,-0.11967716143078976,0.12,0.0,14.628000000000004,5.039712180293524
122.0,8.459243646515311,1.3259891757577962,-1.4920360602551264,0.009441463733424742,-0.11962800158228183,0.12,0.0,14.640000000000002,5.0517121802935225
122.10000000000001,8.460133780878872,1.3140222354297577,-1.4866451140221708,0.010086231539163378,-0.11957536507716957,0.12,0.0,14.652000000000003,5.063712180293523
122.2,8.46102391524243,1.302055295101721,-1.481254167789216,0.010730706216512013,-0.11951925344518727,0.12,0.0,14.664000000000001,5.075712180293522
122.30000000000001,8.461914049605989,1.2900883547736826,-1.4758632215562602,0.01137486903559895,-0.11945966831706412,0.12,0.0,14.676000000000004,5.087712180293524
122.4,8.463147647592782,1.278155043607108,-1.4702078779263668,0.012050269008421936,-0.11939342953791328,0.12,0.0,14.688000000000002,5.099712180293523
122.5,8.464595576523374,1.2662427179814404,-1.4643875428977031,0.012744970736378277,-0.11932127103299253,0.12,0.0,14.700000000000001,5.111712180293521
122.60000000000001,8.466043505453966,1.254330392355771,-1.4585672078690388,0.013439240713103352,-0.11924507037632735,0.12,0.0,14.712000000000003,5.1237121802935235
122.7,8.46749143438456,1.2424180667301032,-1.4527468728403752,0.01413305541936549,-0.11916483014930682,0.12,0.0,14.724000000000002,5.135712180293522
122.80000000000001,8.468939363315151,1.230505741104434,-1.4469265378117109,0.014826391351356178,-0.11908055307016518,0.12,0.0,14.736000000000002,5.147712180293523
122.9,8.470387292245743,1.2185934154787663,-1.4411062027830472,0.015519225021485634,-0.11899224199389007,0.12,0.0,14.748000000000003,5.159712180293523
123.0,8.471835221176335,1.2066810898530986,-1.4352858677543838,0.01621153295917902,-0.11889989991212546,0.12,0.0,14.760000000000002,5.171712180293522
123.10000000000001,8.473283150106928,1.1947687642274292,-1.4294655327257195,0.016903291711671393,-0.11880352995307059,0.12,0.0,14.772000000000004,5.183712180293524
123.2,8.474900156495483,1.1828813178822724,-1.4235235739261072,0.017608914837582958,-0.11870099459668713,0.12,0.0,14.784000000000002,5.195712180293523
123.30000000000001,8.476945033820291,1.171056831562499,-1.4172738314788504,0.018350416758042148,-0.11858862595040962,0.12,0.0,14.796000000000003,5.207712180293523
123.4,8.4789899111451,1.1592323452427273,-1.4110240890315944,0.01909120192675592,-0.11847162533278519,0.12,0.0,14.808000000000002,5.219712180293522
123.5,8.481034788469907,1.1474078589229555,-1.4047743465843385,0.0198312414092827,-0.11834999731375895,0.12,0.0,14.820000000000002,5.231712180293522
123.60000000000001,8.483079665794715,1.135583372603182,-1.3985246041370816,0.020570506300306882,-0.11822374664401832,0.12,0.0,14.832000000000003,5.243712180293523
123.7,8.485124543119523,1.1237588862834105,-1.3922748616898257,0.02130896772476733,-0.11809287825480766,0.12,0.0,14.844000000000001,5.255712180293521
123.80000000000001,8.487169420444332,1.111934399963637,-1.3860251192425688,0.022046596838986163,-0.11795739725773541,0.12,0.0,14.856000000000003,5.267712180293524
123.9,8.48921429776914,1.1001099136438652,-1.379775376795313,0.0227833648317943,-0.11781730894457469,0.12,0.0,14.868000000000002,5.279712180293522
124.0,8.491259175093948,1.0882854273240936,-1.3735256343480569,0.02351924292565776,-0.1176726187870564,0.12,0.0,14.88,5.291712180293521
124.10000000000001,8.49390654530374,1.0765819274830508,-1.3668675731507525,0.02430218733478846,-0.11751341919434072,0.12,0.0,14.892000000000003,5.303712180293523
124.2,8.496585062309848,1.0648846822241027,-1.3601884032876779,0.025086531512755184,-0.11734848075991243,0.12,0.0,14.904000000000002,5.315712180293522
124.30000000000001,8.499263579315954,1.053187436965153,-1.3535092334246024,0.0258697565518469,-0.11717830727548581,0.12,0.0,14.916000000000002,5.327712180293522
124.4,8.501942096322061,1.041490191706205,-1.3468300635615278,0.02665182751149823,-0.11700290633269476,0.12,0.0,14.928000000000003,5.339712180293523
124.5,8.504620613328168,1.029792946447257,-1.3401508936984532,0.027432709502628917,-0.116822285756376,0.12,0.0,14.940000000000001,5.3517121802935215
124.60000000000001,8.507299130334275,1.0180957011883074,-1.3334717238353777,0.02821236768919994,-0.11663645360422009,0.12,0.0,14.952000000000002,5.363712180293522
124.7,8.509977647340381,1.0063984559293593,-1.3267925539723031,0.028990767289767298,-0.11644541816641202,0.12,0.0,14.964000000000002,5.375712180293522
124.80000000000001,8.512656164346488,0.9947012106704096,-1.3201133841092276,0.02976787357903436,-0.11624918796526118,0.12,0.0,14.976000000000003,5.387712180293523
124.9,8.515747350879023,0.983111021000458,-1.313168562919264,0.030574479055844435,-0.11603965369848243,0.12,0.0,14.988000000000003,5.399712180293523
125.0,8.519092984552124,0.9715868405382563,-1.306059944268654,0.03139858125658353,-0.1158193813447202,0.12,0.0,15.000000000000002,5.411712180293522
125.10000000000001,8.522438618225227,0.960062660076053,-1.298951325618043,0.0322210968164804,-0.11559325637745048,0.12,0.0,15.012000000000002,5.423712180293522
125.2,8.525784251898328,0.9485384796138513,-1.2918427069674328,0.033041984171975944,-0.1153612902232759,0.12,0.0,15.024000000000003,5.435712180293523
125.30000000000001,8.52912988557143,0.9370142991516479,-1.2847340883168217,0.033861201841788306,-0.11512349460396723,0.12,0.0,15.036000000000003,5.447712180293523
125.4,8.532475519244532,0.9254901186894462,-1.2776254696662115,0.03467870842900821,-0.11487988153587135,0.12,0.0,15.048000000000004,5.459712180293524
125.5,8.535821152917633,0.9139659382272445,-1.2705168510156015,0.03549446262319148,-0.1146304633293038,0.12,0.0,15.060000000000002,5.4717121802935225
125.60000000000001,8.539166786590735,0.9024417577650411,-1.2634082323649904,0.03630842320244639,-0.11437525258792679,0.12,0.0,15.072000000000003,5.483712180293523
125.7,8.5427119548781,0.8909821668434456,-1.256176582340059,0.03713458838904826,-0.11410969435230277,0.12,0.0,15.084000000000003,5.495712180293523
125.80000000000001,8.546754113623182,0.8796834521962129,-1.248638492155544,0.03799369436910649,-0.11382653112603812,0.12,0.0,15.096000000000004,5.507712180293524
125.9,8.550796272368261,0.8683847375489817,-1.24110040197103,0.038850641451153196,-0.11353689998777461,0.12,0.0,15.108000000000002,5.5197121802935225
126.0,8.554838431113343,0.8570860229017506,-1.2335623117865162,0.03970538094128333,-0.1132408173950876,0.12,0.0,15.120000000000003,5.531712180293523
126.10000000000001,8.558880589858424,0.8457873082545179,-1.2260242216020012,0.040557864271032786,-0.11293830017214038,0.12,0.0,15.132000000000003,5.543712180293523
126.2,8.562922748603503,0.8344885936072868,-1.2184861314174873,0.04140804300013785,-0.11262936550872837,0.12,0.0,15.144000000000004,5.555712180293524
126.30000000000001,8.566964907348584,0.823189878960054,-1.2109480412329723,0.04225586881928855,-0.11231403095930212,0.12,0.0,15.156000000000004,5.567712180293524
126.4,8.571007066093665,0.8118911643128228,-1.2034099510484584,0.04310129355287273,-0.11199231444197004,0.12,0.0,15.168000000000003,5.579712180293523
126.5,8.575049224838745,0.8005924496655917,-1.1958718608639445,0.04394426916171438,-0.11166423423748,0.12,0.0,15.180000000000003,5.5917121802935235
126.60000000000001,8.579779498788426,0.7895652819987053,-1.1879238136761068,0.044830384416029254,-0.11131143981240671,0.12,0.0,15.192000000000004,5.603712180293524
126.7,8.58454256847827,0.7785510563277983,-1.1799562278365003,0.04571583552089884,-0.11095072051422705,0.12,0.0,15.204000000000002,5.615712180293523
126.80000000000001,8.589305638168115,0.7675368306568898,-1.1719886419968928,0.04659838448906233,-0.11058295783261322,0.12,0.0,15.216000000000005,5.627712180293525
126.9,8.59406870785796,0.7565226049859829,-1.1640210561572863,0.04747797529446798,-0.11020817511390835,0.12,0.0,15.228000000000003,5.6397121802935235
127.0,8.598831777547804,0.745508379315076,-1.15605347031768,0.04835455209885476,-0.109826396150102,0.12,0.0,15.240000000000002,5.651712180293522
127.10000000000001,8.60359484723765,0.7344941536441675,-1.1480858844780724,0.04922805925529671,-0.10943764517732002,0.12,0.0,15.252000000000004,5.663712180293524
127.2,8.608357916927496,0.7234799279732606,-1.1401182986384661,0.05009844131173515,-0.10904194687428609,0.12,0.0,15.264000000000003,5.675712180293523
127.30000000000001,8.613120986617341,0.712465702302352,-1.1321507127988586,0.05096564301449982,-0.10863932636075467,0.12,0.0,15.276000000000003,5.6877121802935235
127.4,8.61834437655329,0.7016694518908457,-1.1239156621017388,0.05185855512808653,-0.10821594272577036,0.12,0.0,15.288000000000004,5.699712180293524
127.5,8.623846673384612,0.691005272148362,-1.1155185551108502,0.05276541699928013,-0.10777667080074461,0.12,0.0,15.300000000000002,5.711712180293523
127.60000000000001,8.629348970215936,0.6803410924058769,-1.1071214481199603,0.05366855832860458,-0.10732979943580052,0.12,0.0,15.312000000000003,5.723712180293523
127.7,8.634851267047258,0.6696769126633932,-1.0987243411290715,0.05456791543466899,-0.10687536014028122,0.12,0.0,15.324000000000002,5.735712180293522
127.80000000000001,8.64035356387858,0.6590127329209081,-1.0903272341381818,0.055463424902912346,-0.1064133849571519,0.12,0.0,15.336000000000004,5.747712180293524
127.9,8.645855860709904,0.6483485531784245,-1.081930127147293,0.05635502359007394,-0.10594390646074087,0.12,0.0,15.348000000000003,5.759712180293523
128.0,8.651358157541226,0.6376843734359409,-1.0735330201564044,0.0572426486286464,-0.10546695775444234,0.12,0.0,15.360000000000001,5.771712180293521
128.1,8.656860454372548,0.6270201936934572,-1.0651359131655156,0.05812623743130822,-0.1049825724683825,0.12,0.0,15.372000000000002,5.783712180293522
128.20000000000002,8.662581154539966,0.6164788141078053,-1.0566137772441964,0.05901879160516517,-0.10448340651733214,0.12,0.0,15.384000000000004,5.795712180293524
128.3,8.66883379547837,0.606236525237862,-1.0477871222306443,0.059938719556591316,-0.10395840465261237,0.12,0.0,15.396000000000003,5.807712180293523
128.4,8.675086436416775,0.5959942363679188,-1.0389604672170922,0.060853977722361875,-0.10342530345793666,0.12,0.0,15.408000000000001,5.819712180293521
128.5,8.68133907735518,0.5857519474979755,-1.03013381220354,0.06176449479532373,-0.10288414446686343,0.12,0.0,15.420000000000002,5.831712180293522
128.6,8.687591718293586,0.5755096586280323,-1.0213071571899879,0.06267019983769909,-0.10233496984072873,0.12,0.0,15.432,5.843712180293521
128.70000000000002,8.693844359231992,0.5652673697580861,-1.0124805021764332,0.0635710222866126,-0.10177782236536112,0.12,0.0,15.444000000000003,5.855712180293523
128.8,8.700097000170397,0.555025080888143,-1.003653847162881,0.06446689195958764,-0.1012127454477491,0.12,0.0,15.456000000000003,5.867712180293523
128.9,8.706349641108803,0.5447827920181997,-0.994827192149329,0.06535773906001592,-0.10063978311265813,0.12,0.0,15.468000000000002,5.879712180293522
129.0,8.712602282047207,0.5345405031482564,-0.9860005371357768,0.06624349418259412,-0.10005897999920156,0.12,0.0,15.48,5.891712180293521
129.1,8.71957757627973,0.5247776336923139,-0.9767616541691542,0.06716508708600694,-0.09944270248102222,0.12,0.0,15.492,5.903712180293521
129.20000000000002,8.726583282855417,0.5150349402569514,-0.9675054228861629,0.068082661337237,-0.09881675579191564,0.12,0.0,15.504000000000003,5.915712180293523
129.3,8.7335889894311,0.5052922468215918,-0.9582491916031743,0.06899440245627715,-0.09818234275928263,0.12,0.0,15.516000000000002,5.927712180293522
129.4,8.740594696006784,0.49554955338623213,-0.9489929603201857,0.06990023232769611,-0.09753951773785899,0.12,0.0,15.528000000000002,5.939712180293522
129.5,8.747600402582469,0.48580685995087247,-0.9397367290371971,0.07080007334252154,-0.09688833580309639,0.12,0.0,15.540000000000001,5.951712180293521
129.6,8.754606109158154,0.4760641665155128,-0.9304804977542085,0.07169384840488957,-0.09622885274644352,0.12,0.0,15.552,5.96371218029352
129.70000000000002,8.761611815733838,0.4663214730801504,-0.9212242664712172,0.07258148093865048,-0.09556112507056579,0.12,0.0,15.564000000000004,5.975712180293524
129.8,8.768617522309523,0.45657877964479077,-0.9119680351882287,0.07346289489392843,-0.09488520998450507,0.12,0.0,15.576000000000002,5.9877121802935225
129.9,8.776092070001836,0.44720211289773626,-0.9024418624326968,0.07436344084618701,-0.09418109505370832,0.12,0.0,15.588000000000001,5.999712180293521
130.0,8.783843926860131,0.4380419428530013,-0.8927560252578965,0.07527216114220159,-0.0934564163499887,0.12,0.0,15.600000000000001,6.011712180293522
130.1,8.791595783718428,0.4288817728082663,-0.8830701880830965,0.07617381980237291,-0.09272297005982724,0.12,0.0,15.612,6.02371218029352
130.20000000000002,8.799347640576727,0.4197216027635287,-0.8733843509082935,0.07706833223785702,-0.09198082499127351,0.12,0.0,15.624000000000002,6.0357121802935225
130.3,8.807099497435024,0.41056143271879375,-0.8636985137334934,0.07795561453023017,-0.0912300507684511,0.12,0.0,15.636000000000001,6.047712180293521
130.4,8.81485135429332,0.40140126267405873,-0.8540126765586932,0.07883558343936314,-0.09047071782502453,0.12,0.0,15.648000000000001,6.059712180293522
130.5,8.822603211151616,0.3922410926293238,-0.8443268393838931,0.0797081564112294,-0.0897028973975924,0.12,0.0,15.66,6.07171218029352
130.6,8.830355068009913,0.3830809225845888,-0.8346410022090929,0.08057325158565007,-0.08892666151900416,0.12,0.0,15.671999999999999,6.083712180293519
130.70000000000002,8.838323441287102,0.37411986866563934,-0.8248274450568265,0.08144204464463366,-0.08813168195434316,0.12,0.0,15.684000000000001,6.095712180293521
130.8,8.846803637146833,0.36562950482298767,-0.814711970992014,0.08232935653032308,-0.0873033622107588,0.12,0.0,15.696000000000002,6.107712180293522
130.9,8.855283833006562,0.357139140980336,-0.8045964969272014,0.08320824431628128,-0.08646610941751713,0.12,0.0,15.708,6.11971218029352
131.0,8.863764028866292,0.34864877713768433,-0.7944810228623888,0.08407861807300222,-0.08562000924395081,0.12,0.0,15.72,6.131712180293521
131.1,8.872244224726021,0.3401584132950326,-0.7843655487975761,0.08494038874215194,-0.08476514826467366,0.12,0.0,15.732,6.1437121802935195
131.20000000000002,8.880724420585754,0.33166804945237854,-0.7742500747327606,0.08579346814568134,-0.08390161395072183,0.12,0.0,15.744000000000002,6.155712180293522
131.3,8.889204616445484,0.3231776856097268,-0.7641346006679481,0.08663776899484776,-0.08302949466060477,0.12,0.0,15.756000000000002,6.167712180293522
131.4,8.897684812305213,0.31468732176707515,-0.7540191266031355,0.08747320489914805,-0.08214887963126254,0.12,0.0,15.768,6.179712180293521
131.5,8.906165008164942,0.3061969579244235,-0.7439036525383229,0.08829969037515717,-0.08125985896893605,0.12,0.0,15.780000000000001,6.191712180293521
131.6,8.915320132291976,0.29844137284199856,-0.7333729432732208,0.08915050252011508,-0.08032551213911401,0.12,0.0,15.792,6.20371218029352
131.70000000000002,8.924498717719459,0.290711329533553,-0.7228277999441374,0.08999257413599547,-0.07938095867635611,0.12,0.0,15.804000000000002,6.215712180293522
131.8,8.933677303146942,0.2829812862251097,-0.712282656615057,0.09082463866606016,-0.07842757812899494,0.12,0.0,15.816000000000003,6.227712180293523
131.9,8.942855888574423,0.27525124291666636,-0.7017375132859766,0.09164660358555127,-0.0774654765120103,0.12,0.0,15.828000000000001,6.239712180293521
132.0,8.952034474001904,0.267521199608223,-0.6911923699568961,0.09245837749277738,-0.07649476081015663,0.12,0.0,15.84,6.25171218029352
132.1,8.961213059429385,0.2597911562997797,-0.6806472266278158,0.09325987011927772,-0.07551553896606611,0.12,0.0,15.852,6.2637121802935205
132.20000000000002,8.97039164485687,0.25206111299133416,-0.6701020832987324,0.09405099233986,-0.07452791986824532,0.12,0.0,15.864000000000003,6.275712180293523
132.3,8.97957023028435,0.24433106968289084,-0.659556939969652,0.0948316561825102,-0.07353201333896806,0.12,0.0,15.876000000000001,6.287712180293521
132.4,8.989165308775448,0.2371431130566841,-0.6487386118070017,0.09562158480107148,-0.07250181046106018,0.12,0.0,15.888000000000002,6.299712180293522
132.5,8.998999012288179,0.2302657389048966,-0.6377637654631003,0.09641150643662263,-0.07144803304935042,0.12,0.0,15.9,6.3117121802935205
132.6,9.008832715800912,0.2233883647531091,-0.6267889191191991,0.09718981568769343,-0.07038565000475723,0.12,0.0,15.911999999999999,6.323712180293519
132.70000000000002,9.018666419313645,0.21651099060131967,-0.6158140727752948,0.0979564188100143,-0.06931478928711446,0.12,0.0,15.924000000000003,6.335712180293523
132.8,9.028500122826378,0.20963361644953218,-0.6048392264313934,0.09871122346927193,-0.06823557987735912,0.12,0.0,15.936000000000002,6.347712180293522
132.9,9.038333826339109,0.2027562422977447,-0.5938643800874922,0.09945413875223187,-0.06714815176199423,0.12,0.0,15.948000000000002,6.359712180293522
133.0,9.04816752985184,0.1958788681459572,-0.5828895337435909,0.10018507517768778,-0.06605263591743366,0.12,0.0,15.96,6.371712180293521
133.1,9.058001233364573,0.1890014939941697,-0.5719146873996896,0.10090394470723926,-0.06494916429422629,0.12,0.0,15.972000000000001,6.3837121802935215
133.20000000000002,9.068017350443489,0.18241269948401076,-0.5608086328152495,0.10161903593580383,-0.06382453709567983,0.12,0.0,15.984000000000004,6.395712180293524
133.3,9.078448501697858,0.17648049217909942,-0.5494040483294246,0.10234030403732658,-0.06266148872750754,0.12,0.0,15.996000000000002,6.407712180293522
133.4,9.088879652952228,0.1705482848741881,-0.5379994638435995,0.10304826143780657,-0.06149029040950666,0.12,0.0,16.008000000000003,6.419712180293523
133.5,9.099310804206597,0.16461607756927676,-0.5265948793577746,0.10374281605808298,-0.06031109447140515,0.12,0.0,16.020000000000003,6.431712180293523
133.6,9.109741955460967,0.15868387026436542,-0.5151902948719496,0.10442387756220274,-0.0591240542831265,0.12,0.0,16.032,6.44371218029352
133.70000000000002,9.12017310671534,0.15275166295945242,-0.5037857103861213,0.10509135736916991,-0.05792932423484168,0.12,0.0,16.044000000000004,6.455712180293524
133.8,9.13060425796971,0.14681945565454108,-0.4923811259002963,0.10574516866446614,-0.05672705971689002,0.12,0.0,16.056000000000004,6.467712180293525
133.9,9.14103540922408,0.14088724834962973,-0.48097654141447127,0.1063852264113432,-0.05551741709956656,0.12,0.0,16.068,6.479712180293522
134.0,9.15146656047845,0.1349550410447184,-0.4695719569286463,0.10701144736188228,-0.05430055371278546,0.12,0.0,16.080000000000002,6.491712180293522
134.1,9.162355022329034,0.12991363075192192,-0.4577975683991307,0.10764337065992521,-0.05303682449930379,0.12,0.0,16.092000000000002,6.5037121802935225
134.20000000000002,9.173255151599573,0.12489494746986234,-0.44601374501480456,0.10826085925724194,-0.05176472112243675,0.12,0.0,16.104000000000003,6.515712180293523
134.3,9.184155280870108,0.11987626418780417,-0.43422992163048174,0.10886331508868477,-0.05048542985755135,0.12,0.0,16.116000000000003,6.527712180293523
134.4,9.195055410140641,0.11485758090574602,-0.422446098246159,0.1094506544991127,-0.04919912834304951,0.12,0.0,16.128000000000004,6.539712180293524
134.5,9.205955539411177,0.10983889762368787,-0.41066227486183615,0.11002279593240376,-0.04790599519075496,0.12,0.0,16.14,6.551712180293521
134.6,9.216855668681712,0.10482021434162972,-0.39887845147751333,0.11057965994277971,-0.046606209961111394,0.12,0.0,16.152,6.563712180293521
134.70000000000002,9.227962312069648,0.10030598035996917,-0.38740626646308807,0.11110704660655468,-0.045334580557989994,0.12,0.0,16.164000000000005,6.575712180293525
134.8,9.239252565303357,0.09624024771766407,-0.3762111563225615,0.11160759915009887,-0.0440879100429001,0.12,0.0,16.176000000000002,6.587712180293522
134.9,9.250542818537065,0.09217451507535898,-0.36501604618203504,0.11209416400452693,-0.042835714026104636,0.12,0.0,16.188000000000002,6.599712180293523
135.0,9.261833071770775,0.08810878243305388,-0.3538209360415085,0.11256668018906367,-0.0415781494443062,0.12,0.0,16.200000000000003,6.611712180293523
135.1,9.273123325004484,0.0840430497907488,-0.34262582590098195,0.11302508848364215,-0.04031537390704523,0.12,0.0,16.212000000000003,6.6237121802935235
135.20000000000002,9.284413578238196,0.07997731714844254,-0.33143071576045224,0.11346933143632584,-0.03904754567694664,0.12,0.0,16.224000000000004,6.635712180293524
135.3,9.295703831471904,0.07591158450613744,-0.3202356056199257,0.11389935337050862,-0.037774823649886234,0.12,0.0,16.236000000000004,6.647712180293524
135.4,9.306994084705615,0.07184585186383236,-0.30904049547939916,0.11431510039189333,-0.03649736733507433,0.12,0.0,16.248000000000005,6.659712180293525
135.5,9.31834612961905,0.06797834776533176,-0.2981466212924787,0.11470590706496686,-0.03524989197718463,0.12,0.0,16.26,6.671712180293522
135.6,9.329946827914997,0.06490852707896815,-0.2884649384414731,0.11504180407190678,-0.034137711052163566,0.12,0.0,16.272000000000002,6.683712180293522
135.70000000000002,9.341547526210945,0.06183870639260365,-0.27878325559046474,0.11536691772154957,-0.03302233025437806,0.12,0.0,16.284000000000002,6.695712180293523
135.8,9.35314822450689,0.05876888570624003,-0.2691015727394591,0.11568121753961068,-0.031903854133212006,0.12,0.0,16.296000000000003,6.707712180293523
135.9,9.364748922802836,0.05569906501987641,-0.25941988988845355,0.11598467406543231,-0.03078238752818618,0.12,0.0,16.308000000000003,6.719712180293524
136.0,9.376349621098782,0.05262924433351279,-0.24973820703744792,0.11627725885474441,-0.029658035559132406,0.12,0.0,16.32,6.7317121802935205
136.1,9.387950319394728,0.04955942364714918,-0.24005652418644233,0.11655894448233099,-0.02853090361633997,0.12,0.0,16.332,6.743712180293521
136.20000000000002,9.399551017690676,0.04648960296078469,-0.23037484133543396,0.11682970454460091,-0.027401097350676574,0.12,0.0,16.344000000000005,6.755712180293525
136.3,9.411151715986621,0.04341978227442107,-0.2206931584844284,0.1170895136620625,-0.026268722663686562,0.12,0.0,16.356,6.767712180293522
136.4,9.422922537162314,0.04110535664056092,-0.2123247493658547,0.11730523863331087,-0.02528796134887093,0.12,0.0,16.368000000000002,6.779712180293522
136.5,9.434719236646965,0.038905838223074245,-0.20415610939910434,0.11750789091506778,-0.024328904058599374,0.12,0.0,16.380000000000003,6.791712180293523
136.6,9.446515936131613,0.03670631980558757,-0.195987469432354,0.11770270232911834,-0.02336822339038547,0.12,0.0,16.392000000000003,6.803712180293523
136.70000000000002,9.458312635616267,0.03450680138810027,-0.18781882946560133,0.11788965987641625,-0.02240598344690297,0.12,0.0,16.404000000000003,6.815712180293524
136.8,9.470109335100915,0.032307282970613596,-0.17965018949885098,0.11806875108197454,-0.021442248434871143,0.12,0.0,16.416000000000004,6.827712180293524
136.9,9.481906034585565,0.03010776455312692,-0.17148154953210065,0.11823996399569835,-0.02047708266076884,0.12,0.0,16.428000000000004,6.839712180293525
137.0,9.493702734070213,0.02790824613564025,-0.1633129095653503,0.11840328719318205,-0.01951055052654463,0.12,0.0,16.44,6.8517121802935215
137.1,9.505499433554863,0.025708727718153575,-0.15514426959859995,0.1185587097764717,-0.018542716525319282,0.12,0.0,16.452,6.863712180293522
137.20000000000002,9.517356869863582,0.023901890838453555,-0.1477868165638573,0.11869192680920822,-0.01766993238010711,0.12,0.0,16.464000000000006,6.875712180293526
137.3,9.529266832665309,0.022434653277101625,-0.1411308951842981,0.1188069065285434,-0.016879542680948163,0.12,0.0,16.476000000000006,6.887712180293526
137.4,9.541176795467036,0.0209674157157497,-0.13447497380473894,0.11891662296815933,-0.016088405199044448,0.12,0.0,16.488000000000003,6.899712180293523
137.5,9.553086758268766,0.019500178154397772,-0.12781905242517974,0.1190210712674942,-0.015296554982677102,0.12,0.0,16.500000000000004,6.911712180293524
137.6,9.564996721070493,0.018032940593045846,-0.12116313104562054,0.11912024679937078,-0.014504027111702232,0.12,0.0,16.512000000000004,6.923712180293524
137.70000000000002,9.576906683872224,0.016565703031693503,-0.11450720966605946,0.11921414517020137,-0.013710856695996575,0.12,0.0,16.524000000000004,6.935712180293525
137.8,9.588816646673953,0.015098465470341578,-0.10785128828650026,0.11930276222018235,-0.012917078873902995,0.12,0.0,16.536000000000005,6.947712180293525
137.9,9.60072660947568,0.013631227908989652,-0.10119536690694106,0.11938609402347868,-0.012122728810672468,0.12,0.0,16.548000000000005,6.959712180293526
138.0,9.612648344130582,0.012283730107932697,-0.09484795586668647,0.11946063644695122,-0.011364697078644426,0.12,0.0,16.560000000000002,6.9717121802935225
138.1,9.62461601777207,0.011403509902055877,-0.0897044888554105,0.11951750995654258,-0.01075010761749607,0.12,0.0,16.572000000000003,6.983712180293523
138.20000000000002,9.636583691413561,0.010523289696178805,-0.08456102184413307,0.11957122160715318,-0.010135233760158837,0.12,0.0,16.584000000000007,6.995712180293527
138.3,9.648551365055049,0.009643069490301987,-0.07941755483285709,0.11962176997783086,-0.009520091773240614,0.12,0.0,16.596000000000004,7.007712180293524
138.4,9.660519038696535,0.008762849284425167,-0.07427408782158113,0.11966915373130863,-0.008904697930442181,0.12,0.0,16.608000000000004,7.019712180293524
138.5,9.672486712338022,0.007882629078548347,-0.06913062081030516,0.11971337161404008,-0.008289068512127388,0.12,0.0,16.620000000000005,7.031712180293525
138.6,9.68445438597951,0.007002408872671526,-0.06398715379902918,0.11975442245623252,-0.007673219804892275,0.12,0.0,16.632000000000005,7.043712180293525
138.70000000000002,9.696422059621002,0.006122188666794456,-0.058843686787751745,0.11979230517187794,-0.007057168101134052,0.12,0.0,16.644000000000005,7.055712180293526
138.8,9.708389733262488,0.005241968460917636,-0.05370021977647577,0.11982701875878171,-0.006440929698620754,0.12,0.0,16.656000000000006,7.067712180293526
138.9,9.720378471018527,0.004743385364354851,-0.04987435415415365,0.11985078386236475,-0.0059824416066293256,0.12,0.0,16.668000000000006,7.079712180293527
139.0,9.73237032056919,0.004301181390770994,-0.04624313734593284,0.11987171719764082,-0.005547198940800753,0.12,0.0,16.680000000000007,7.091712180293527
139.1,9.744362170119853,0.003858977417187136,-0.04261192053771204,0.11989106993789578,-0.005111883131154507,0.12,0.0,16.692000000000004,7.103712180293524
139.20000000000002,9.75635401967052,0.003416773443603153,-0.0389807037294902,0.1199088418279498,-0.004676499917643285,0.12,0.0,16.704000000000008,7.115712180293528
139.3,9.768345869221182,0.0029745694700192954,-0.0353494869212694,0.11992503263346765,-0.004241055041108924,0.12,0.0,16.716000000000008,7.127712180293528
139.4,9.780337718771845,0.002532365496435438,-0.0317182701130486,0.11993964214096195,-0.0038055542432059615,0.12,0.0,16.728000000000005,7.139712180293525
139.5,9.79232956832251,0.0020901615228515803,-0.028087053304827792,0.11995267015779577,-0.003370003266326422,0.12,0.0,16.740000000000006,7.151712180293526
139.6,9.804321417873172,0.0016479575492677231,-0.02445583649660699,0.11996411651218533,-0.0029344078535239785,0.12,0.0,16.752000000000006,7.163712180293526
139.70000000000002,9.816317117164775,0.001360459101608468,-0.02163854225158584,0.1199719075055168,-0.002596422440151463,0.12,0.0,16.764000000000006,7.175712180293527
139.8,9.828316118767628,0.0012056671937314242,-0.019519431515960743,0.11997714023342466,-0.002342183043476889,0.12,0.0,16.776000000000007,7.187712180293527
139.9,9.840315120370478,0.0010508752858543807,-0.017400320780335647,0.11998183418855174,-0.0020879331289280854,0.12,0.0,16.788000000000007,7.1997121802935276
140.0,9.85231412197333,0.000896083377977337,-0.015281210044710551,0.1199859893498192,-0.0018336738382469966,0.12,0.0,16.800000000000004,7.2117121802935245
140.1,9.864313123576181,0.0007412914701002933,-0.013162099309085455,0.11998960569856777,-0.0015794063132176727,0.12,0.0,16.812000000000005,7.223712180293525
140.20000000000002,9.876312125179037,0.0005864995622232056,-0.011042988573459757,0.11999268321855777,-0.0013251316956610693,0.12,0.0,16.824000000000005,7.235712180293525
140.3,9.888311126781888,0.00043170765434616203,-0.008923877837834661,0.11999522189596917,-0.001070851127430208,0.12,0.0,16.836000000000006,7.247712180293526
140.4,9.90031012838474,0.00027691574646911826,-0.0068047671022095635,0.11999722171940176,-0.0008165657504046155,0.12,0.0,16.848000000000006,7.259712180293526
140.47949533250673,10.0,0.0,0.0,0.0,0.0,0.0,-1.2,16.94769079659561,3.552713678800501e-15
