time,x,y,psi,velocity_x,velocity_y,velocity,acceleration,distance_from_start,distance_from_last_waypoint
0.0,0.0,0.0,0.0,0.11000000000000001,0.0,0.11000000000000001,0.0,0.0,0.0
0.1,0.011999998622242158,5.750320542056901e-06,0.00017250964172704729,0.11119999845558821,1.91830720839151e-05,0.11120000011022066,0.012000001102206448,0.012000000000000002,0.012000000000000002
0.2,0.023999997244484317,1.1500641084113802e-05,0.00034501928345409457,0.11239999353048855,3.878016676690915e-05,0.11240000022044129,0.012000001102206309,0.024000000000000004,0.024000000000000004
0.30000000000000004,0.03599999586672648,1.7250961626170703e-05,0.0005175289251811419,0.11359998511756673,5.8791283447299215e-05,0.11360000033066193,0.012000001102206448,0.03600000000000001,0.03600000000000001
0.4,0.047999994488968634,2.3001282168227605e-05,0.0006900385669081891,0.11479997310968851,7.921642149875999e-05,0.11480000044088257,0.012000001102206309,0.04800000000000001,0.04800000000000001
0.5,0.05999999311121079,2.8751602710284502e-05,0.0008625482086352363,0.11599995739971977,0.00010005558027032404,0.11600000055110321,0.012000001102206448,0.060000000000000005,0.060000000000000005
0.6000000000000001,0.07199999173345296,3.450192325234141e-05,0.0010350578503622839,0.11719993788052654,0.00012130875908638164,0.11720000066132386,0.012000001102206448,0.07200000000000002,0.07200000000000002
0.7000000000000001,0.08399999035569512,4.0252243794398305e-05,0.001207567492089331,0.11839991444497493,0.00014297595724668079,0.11840000077154449,0.012000001102206309,0.08400000000000002,0.08400000000000002
0.8,0.09599998897793727,4.600256433645521e-05,0.0013800771338163783,0.11959988698593123,0.0001650571740263274,0.11960000088176513,0.012000001102206448,0.09600000000000002,0.09600000000000002
0.9,0.10866660719344345,7.699037824896797e-05,0.0018113517927129724,0.1208664700569152,0.00021893193665475415,0.12086666833834739,0.012666674565822572,0.10866666743208772,0.10866666743208772
1.0,0.12166653405753247,0.00012059689538281459,0.002372008514550427,0.12216632567269319,0.00028978010816246223,0.12216666935329627,0.013000010149488844,0.12166666743208772,0.12166666743208772
1.1,0.13466646092162152,0.00016420341251666124,0.0029326652363878825,0.12346613942950911,0.0003620858930195077,0.12346667036824516,0.013000010149488844,0.13466666743208772,0.13466666743208772
1.2000000000000002,0.14766638778571053,0.0002078099296505079,0.0034933219582253374,0.12476591010151358,0.00043584926632989903,0.12476667138319404,0.013000010149488844,0.14766666743208773,0.14766666743208773
1.3,0.16066631464979955,0.0002514164467843545,0.004053978680062791,0.1260656364628721,0.0005110702022812643,0.12606667239814293,0.013000010149488844,0.16066666743208774,0.16066666743208774
1.4000000000000001,0.1736662415138886,0.00029502296391820115,0.004614635401900246,0.12736531728776568,0.0005877486741448598,0.1273666734130918,0.013000010149488705,0.17366666743208775,0.17366666743208775
1.5,0.1866661683779776,0.0003386294810520477,0.0051752921237377,0.12866495135039152,0.0006658846542755793,0.12866667442804067,0.013000010149488705,0.1866666674320877,0.1866666674320877
1.6,0.19966609524206663,0.0003822359981858944,0.005735948845575155,0.1299645374249636,0.0007454781141119645,0.12996667544298957,0.013000010149488983,0.19966666743208772,0.19966666743208772
1.7000000000000002,0.21363989372557268,0.0005075500641385174,0.006730833222041986,0.13136113933166044,0.0008841832731196376,0.13136411498796913,0.013974395449795618,0.21364103317747773,0.21364103317747773
1.8,0.2276393134638977,0.0006350137460027095,0.007737141545122426,0.13276014417663146,0.0010272045244317644,0.13276411800985605,0.014000030218869197,0.22764103317747775,0.22764103317747775
1.9000000000000001,0.2416387332022228,0.0007624774278669019,0.008743449868202868,0.13415899278071297,0.0011730423201125287,0.13416412103174294,0.01400003021886892,0.24164103317747776,0.24164103317747776
2.0,0.25563815294054787,0.000889941109731094,0.009749758191283306,0.13555768089200482,0.0013216964891137302,0.13556412405362986,0.014000030218869197,0.2556410331774777,0.2556410331774777
2.1,0.26963757267887295,0.0010174047915952862,0.010756066514363748,0.13695620425879426,0.001473166854681931,0.13696412707551678,0.014000030218869197,0.26964103317747773,0.26964103317747773
2.2,0.28363699241719803,0.0011448684734594787,0.01176237483744419,0.13835455862956317,0.0016274532343586565,0.1383641300974037,0.014000030218869197,0.28364103317747774,0.28364103317747774
2.3000000000000003,0.2976364121555231,0.0012723321553236712,0.012768683160524631,0.13975273975299526,0.0017845554399806142,0.13976413311929062,0.014000030218869197,0.29764103317747775,0.29764103317747775
2.4000000000000004,0.31246587799270437,0.0015149408915153036,0.014193378848788796,0.1412330642643445,0.002004709006435499,0.14124729130038902,0.014831581810983985,0.3124725571977678,0.3124725571977678
2.5,0.32746352036633786,0.0017808792915088478,0.015702844452927477,0.1427296987336548,0.0022414464925099332,0.14274729763809416,0.015000063377051398,0.32747255719776774,0.32747255719776774
2.6,0.34246116273997146,0.0020468176915023934,0.017212310057066162,0.14422593688928603,0.002482706727410635,0.1442473039757993,0.015000063377051398,0.34247255719776776,0.34247255719776776
2.7,0.357458805113605,0.0023127560914959384,0.01872177566120485,0.14572176848752136,0.0027284890489391,0.14574731031350444,0.015000063377051398,0.35747255719776777,0.35747255719776777
2.8000000000000003,0.3724564474872386,0.002578694491489484,0.020231241265343536,0.1472171832857479,0.0029787927742769118,0.14724731665120955,0.01500006337705112,0.3724725571977678,0.3724725571977678
2.9000000000000004,0.38745408986087215,0.0028446328914830295,0.021740706869482224,0.14871217104249554,0.003233617199987582,0.1487473229889147,0.015000063377051398,0.3874725571977678,0.3874725571977678
3.0,0.40261587949667715,0.0031438266817473528,0.02334261790831798,0.1502228828238732,0.003507232382351703,0.15026381867535163,0.015164956864369417,0.40263744271885044,0.40263744271885044
3.1,0.418609044467405,0.0036114528348705904,0.025412747869703246,0.15181479506398088,0.0038588618399180525,0.15186382984443034,0.016000111690787078,0.41863744271885045,0.41863744271885045
3.2,0.4346022094381328,0.004079078987993828,0.027482877831088513,0.1534058883838744,0.004217097079016933,0.15346384101350904,0.016000111690787078,0.43463744271885046,0.43463744271885046
3.3000000000000003,0.4505953744088606,0.004546705141117066,0.029553007792473777,0.15499614225633496,0.004581936201804555,0.15506385218258775,0.016000111690787078,0.4506374427188505,0.4506374427188505
3.4000000000000004,0.46658853937958844,0.005014331294240304,0.03162313775385904,0.15658553615852125,0.004953377253758633,0.15666386335166646,0.016000111690787078,0.4666374427188505,0.4666374427188505
3.5,0.4825817043503162,0.005481957447363539,0.0336932677152443,0.15817404957211623,0.0053314182236884385,0.15826387452074514,0.0160001116907868,0.48263744271885045,0.48263744271885045
3.6,0.49857486932104406,0.005949583600486777,0.03576339767662957,0.15976166198347375,0.005716057043745218,0.15986388568982385,0.016000111690787078,0.49863744271885047,0.49863744271885047
3.7,0.5154744313055387,0.0066673981466692156,0.03839911219721668,0.1614363043497757,0.006202059358377499,0.16155539576999045,0.016915100801666028,0.5155523718688423,0.5155523718688423
3.8000000000000003,0.5324582708151366,0.007408475411347321,0.04108741522610879,0.16311763096758447,0.006705855813282248,0.16325541349267902,0.017000177226885738,0.5325523718688423,0.5325523718688423
3.9000000000000004,0.5494421103247346,0.008149552676025427,0.0437757182550009,0.16479740329311685,0.00721873640560967,0.1649554312153676,0.017000177226885738,0.5495523718688423,0.5495523718688423
4.0,0.5664259498343324,0.00889062994070353,0.046464021283893,0.16647558463689938,0.007740696386475144,0.16665544893805614,0.01700017722688546,0.5665523718688422,0.5665523718688422
4.1000000000000005,0.5834097893439303,0.009631707205381639,0.04915232431278513,0.16815213832384754,0.00827173087538412,0.16835546666074475,0.017000177226886015,0.5835523718688423,0.5835523718688423
4.2,0.6004257062603013,0.010384327803098658,0.05186267998865307,0.16983009296950569,0.008815749199091961,0.17005874841351806,0.01703281752773317,0.6005850094012002,0.6005850094012002
4.3,0.6183923837621049,0.011479087843555473,0.055226666667093256,0.17159675790694523,0.009486363332716106,0.17185877461874058,0.018000262052225158,0.6185850094012001,0.6185850094012001
4.4,0.6363590612639087,0.012573847884012296,0.05859065334553347,0.1733608125046518,0.01016896215667341,0.1736588008239631,0.018000262052225158,0.6365850094012002,0.6365850094012002
4.5,0.6543257387657124,0.01366860792446911,0.061954640023973655,0.1751221961262771,0.010863535629222912,0.17545882702918558,0.01800026205222488,0.6545850094012002,0.6545850094012002
4.6000000000000005,0.6722924162675161,0.014763367964925934,0.06531862670241387,0.17688084817372404,0.011570073436301696,0.1772588532344081,0.018000262052225158,0.6725850094012003,0.6725850094012003
4.7,0.6902590937693198,0.01585812800538275,0.06868261338085406,0.17863670808829213,0.012288564991669346,0.1790588794396306,0.018000262052225158,0.6905850094012003,0.6905850094012003
4.800000000000001,0.7086891212884414,0.017163912660473558,0.07239645411937502,0.18043274590955583,0.013085560552848777,0.1809066269970357,0.018477475574050772,0.7090621722571416,0.7090621722571416
4.9,0.7276268509405716,0.018700921321095305,0.07649363713890638,0.18227209838409764,0.01396991366497396,0.18280666382041164,0.019000368233759446,0.7280621722571415,0.7280621722571415
5.0,0.7465645805927017,0.020237929981717057,0.08059082015843771,0.18410720126716973,0.014869556290744273,0.18470670064378758,0.019000368233759446,0.7470621722571416,0.7470621722571416
5.1000000000000005,0.7655023102448321,0.021774938642338815,0.0846880031779691,0.1859379601585037,0.015784468322803762,0.18660673746716355,0.019000368233759724,0.7660621722571416,0.7660621722571416
5.2,0.7844400398969623,0.023311947302960566,0.08878518619750045,0.18776428075179388,0.01671462913695468,0.18850677429053952,0.019000368233759724,0.7850621722571416,0.7850621722571416
5.300000000000001,0.8035820787659512,0.024964347792656237,0.0930516660292164,0.18960439716840796,0.017694103341399006,0.19042822458514783,0.019214502946083012,0.8042762792201807,0.8042762792201807
5.4,0.8234740474300152,0.02704030122852491,0.09793956042861843,0.1915061106936289,0.018816225541566693,0.1924282743690011,0.020000497838532638,0.8242762792201807,0.8242762792201807
5.5,0.8433660160940791,0.029116254664393583,0.10282745482802046,0.1934013370044171,0.01995735648304339,0.19442832415285433,0.02000049783853236,0.8442762792201807,0.8442762792201807
5.6000000000000005,0.8632579847581433,0.031192208100262277,0.10771534922742254,0.19528993573419914,0.021117459325198016,0.1964283739367076,0.020000497838532638,0.8642762792201808,0.8642762792201808
5.7,0.8831499534222073,0.03326816153613095,0.11260324362682456,0.19717176672269285,0.02229649630947478,0.19842842372056083,0.02000049783853236,0.8842762792201807,0.8842762792201807
5.800000000000001,0.9032414161388043,0.03548196811266419,0.11767285532979974,0.1990636956815436,0.023533114098790428,0.20044989996899698,0.020214762484361548,0.904490510639755,0.904490510639755
5.9,0.9240645929931945,0.03820139924633509,0.12340897873283821,0.20100952649369108,0.024933084176802324,0.20254996526236535,0.021000652933683694,0.925490510639755,0.925490510639755
6.0,0.9448877698475849,0.04092083038000598,0.12914510213587668,0.20294577781572812,0.026356142988530572,0.20465003055573375,0.021000652933683972,0.946490510639755,0.946490510639755
6.1000000000000005,0.9657109467019754,0.043640261513676906,0.13488122553891518,0.20487224884308655,0.027802226306347558,0.20675009584910217,0.02100065293368425,0.9674905106397551,0.9674905106397551
6.2,0.9865341235563658,0.0463596926473478,0.14061734894195366,0.2067887391950896,0.02927126835894061,0.20885016114247054,0.021000652933683694,0.988490510639755,0.988490510639755
6.300000000000001,1.0077648280374012,0.04942094222198784,0.14676330106531915,0.20872719297425224,0.03085534653609029,0.21099548217147435,0.02145321029003805,1.009942985350346,1.009942985350346
6.4,1.029488668767818,0.05289581544549996,0.153405173918513,0.21069190010542738,0.03257717724037427,0.21319556573012055,0.022000835586462042,1.031942985350346,1.031942985350346
6.5,1.0512125094982347,0.056370688669012084,0.16004704677170686,0.21264284698482455,0.03432645275465997,0.21539564928876676,0.022000835586462042,1.053942985350346,1.053942985350346
6.6000000000000005,1.0729363502286517,0.059845561892524234,0.1666889196249008,0.2145797558175689,0.03610306561325803,0.217595732847413,0.02200083558646232,1.075942985350346,1.075942985350346
6.7,1.0946601909590685,0.06332043511603636,0.17333079247809463,0.21650234963352488,0.037906905871740976,0.2197958164060592,0.022000835586462042,1.097942985350346,1.097942985350346
6.800000000000001,1.117165319277471,0.06758846416925526,0.18084653962290248,0.2184648017760535,0.039945029556379054,0.222086638502433,0.022908220963737957,1.1208501781507565,1.1208501781507565
6.9,1.139750374501248,0.0719376342669796,0.1884516854333095,0.2204140816649424,0.042036212574150536,0.22438674328885622,0.023001047864232294,1.1438501781507564,1.1438501781507564
7.0,1.162335429725025,0.07628680436470395,0.19605683124371653,0.22234405923817416,0.044159329838621225,0.22668684807527947,0.02300104786423257,1.1668501781507563,1.1668501781507563
7.1000000000000005,1.1849204849488022,0.08063597446242834,0.20366197705412364,0.22425436170692065,0.046314207715443784,0.22898695286170273,0.02300104786423257,1.1898501781507562,1.1898501781507562
7.2,1.207959563004442,0.08554433976471902,0.2118383264677035,0.22617159614353197,0.04864160358885795,0.23134302777868304,0.023560749169803108,1.213409742939162,1.213409742939162
7.300000000000001,1.2313560038644675,0.09089284937799717,0.2204642720407266,0.2280856437256478,0.05111558033399122,0.23374315696213194,0.024001291834488958,1.237409742939162,1.237409742939162
7.4,1.2547524447244929,0.09624135899127528,0.22909021761374962,0.22997366542822875,0.05362615780697657,0.2361432861455808,0.02400129183448868,1.261409742939162,1.261409742939162
7.5,1.2781488855845184,0.1015898686045534,0.23771616318677263,0.23183517258821953,0.056173069595922984,0.23854341532902967,0.02400129183448868,1.2854097429391618,1.2854097429391618
7.6000000000000005,1.3018400254928113,0.10738248035133435,0.2467660244637784,0.23368288256871372,0.058864699986584564,0.2409828676693301,0.024394523403004353,1.3098028653256506,1.3098028653256506
7.7,1.325986103255735,0.11386066903852497,0.2564703001409937,0.23551902929566676,0.061763825339454986,0.24348302462581625,0.025001569564861437,1.3348028653256505,1.3348028653256505
7.800000000000001,1.3501321810186586,0.12033885772571565,0.2661745758182091,0.23732068777576862,0.06470407077601922,0.2459831815823024,0.025001569564861437,1.3598028653256506,1.3598028653256506
7.9,1.3742782587815823,0.12681704641290628,0.2758788514954244,0.2390872334446181,0.06768503774971892,0.24848333853878854,0.025001569564861437,1.3848028653256506,1.3848028653256506
8.0,1.3986896210523674,0.13379254122200468,0.2860299460575554,0.24082418025799862,0.07082501680404432,0.2510228451799361,0.025395066411475764,1.4101962388267513,1.4101962388267513
8.1,1.4235100820849298,0.14153493840447023,0.29687008595456493,0.24252874053592824,0.07419200180522742,0.253623033492249,0.02600188312312901,1.4361962388267513,1.4361962388267513
8.200000000000001,1.4483305431174927,0.14927733558693593,0.30771022585157465,0.24418831153349038,0.07760417451614836,0.256223221804562,0.026001883123129566,1.4621962388267518,1.4621962388267518
8.3,1.4731510041500548,0.15701973276940148,0.3185503657485842,0.24580211487230355,0.08106095205973632,0.2588234101168748,0.026001883123128455,1.4881962388267518,1.4881962388267518
8.4,1.4982912159848194,0.16552949071998874,0.33004389128653366,0.2473658884060935,0.08474109935042066,0.2614783674915647,0.026549573746899036,1.5147437370300343,1.5147437370300343
8.5,1.5236956986640007,0.17467346468119233,0.3420774335308431,0.2488720396477212,0.08861735607393177,0.2641785909492874,0.027002234577226947,1.5417437370300342,1.5417437370300342
8.6,1.5491001813431822,0.18381743864239594,0.35411097577515244,0.25032035426036275,0.09254200031476427,0.2668788144070101,0.027002234577226947,1.5687437370300341,1.5687437370300341
8.700000000000001,1.5745046640223639,0.1929614126035997,0.3661445180194621,0.2517098874279251,0.09651419702352769,0.2695790378647328,0.027002234577226947,1.5957437370300347,1.5957437370300347
8.8,1.6003117518477128,0.20340543869264188,0.37923398395749,0.25301185311240876,0.10083149157366292,0.27236370446214886,0.027846665974160523,1.6235878380306152,1.6235878380306152
8.9,1.626193197764576,0.2140895744673536,0.39251847092641406,0.2542373715456491,0.1052547750872995,0.2751639670616748,0.028002625995259267,1.6515878380306153,1.6515878380306153
9.0,1.6520746436814393,0.22477371024206536,0.4058029578953381,0.2553895650040264,0.10972822361725762,0.27796422966120066,0.028002625995258712,1.679587838030615,1.679587838030615
9.1,1.6780520987136422,0.23591596458763653,0.4194446726805749,0.2564514346248757,0.1143533967046244,0.2807918048288484,0.028275751676477556,1.7078608453767317,1.7078608453767317
9.200000000000001,1.7042852169085796,0.24827814521123526,0.43403765123917226,0.25738680691788757,0.11930316567334093,0.2836921107733991,0.029003059445507073,1.7368608453767322,1.7368608453767322
9.3,1.7305183351035163,0.2606403258348337,0.4486306297977693,0.25823177189071594,0.1243043253729178,0.28659241671794977,0.02900305944550652,1.7658608453767322,1.7658608453767322
9.4,1.756751453298453,0.2730025064584322,0.4632236083563664,0.2589850327474429,0.12935528318299688,0.2894927226625004,0.02900305944550652,1.794860845376732,1.794860845376732
9.5,1.783255058680985,0.28666687277640385,0.47833950224651167,0.2663281448628534,0.13809170595626302,0.30000000000000004,0.10507277337499621,1.824685940609029,1.824685940609029
9.600000000000001,1.8096207088110916,0.3009795417524139,0.49322343840708155,0.2642433731141425,0.14204027515201498,0.30000000000000004,0.0,1.8546859406090295,1.8546859406090295
9.700000000000001,1.8359863589411975,0.3152922107284237,0.5081073745676511,0.2621000642005845,0.14595737852554586,0.3,-5.551115123125783e-16,1.8846859406090293,1.8846859406090293
9.8,1.8622922864908007,0.3297089710987858,0.5228640994807231,0.25991775242760606,0.1498090850815854,0.3,0.0,1.9146859406090293,1.9146859406090293
9.9,1.8879546338593707,0.34524743715997885,0.5362499754283858,0.25788920058320536,0.15327478664984423,0.3,0.0,1.944685940609029,1.944685940609029
10.0,1.9136169812279407,0.3607859032211719,0.5496358513760486,0.2558144404098891,0.15671302459519848,0.3,0.0,1.974685940609029,1.974685940609029
10.100000000000001,1.9392793285965109,0.37632436928236523,0.5630217273237116,0.25369384366110914,0.16012318285761348,0.3,0.0,2.004685940609029,2.004685940609029
10.200000000000001,1.9644326334338396,0.3926649144054607,0.5752813336834117,0.2517117810502131,0.16322125866605,0.3,0.0,2.034685940609029,2.034685940609029
10.3,1.9894179369468175,0.40927017286067163,0.5871692328266402,0.2497536828763507,0.1662019791991035,0.3,0.0,2.0646859406090288,2.0646859406090288
10.4,2.014403240459796,0.42587543131588257,0.5990571319698688,0.24776028939171335,0.16915921198839412,0.3,0.0,2.0946859406090286,2.0946859406090286
10.5,2.0391232305378457,0.44286425593565915,0.6103177914136144,0.24583977722996753,0.17193837248130484,0.3,0.0,2.1246859406090284,2.1246859406090284
10.600000000000001,2.0634749425876806,0.4603855036150326,0.6207077878251366,0.24404010096675952,0.17448332046397394,0.3,0.0,2.154685940609029,2.154685940609029
10.700000000000001,2.087826654637515,0.4779067512944058,0.6310977842366585,0.24221408031736108,0.1770094327882414,0.3,0.0,2.184685940609029,2.184685940609029
10.8,2.1121291136297917,0.4954941832094034,0.6413595978021827,0.24038492135565614,0.17948562500889867,0.3,0.0,2.2146859406090287,2.2146859406090287
10.9,2.135905295464654,0.5137888047511456,0.6502517562200579,0.23877942416410677,0.1816160416809528,0.3,0.0,2.2446859406090285,2.2446859406090285
11.0,2.1596814772995154,0.532083426292888,0.6591439146379332,0.23715504669296392,0.18373209797979803,0.3,0.0,2.2746859406090283,2.2746859406090283
11.100000000000001,2.1834576591343775,0.5503780478346305,0.6680360730558086,0.23551191738168975,0.18583362658894687,0.3,0.0,2.3046859406090285,2.3046859406090285
11.200000000000001,2.2068536887156265,0.5691530915722852,0.6758013488089453,0.23406178193886842,0.18765682038125234,0.3,0.0,2.3346859406090283,2.3346859406090283
11.3,2.2301245957383307,0.588086260518361,0.6831957246375069,0.2326677906823589,0.18938241517889143,0.3,0.0,2.364685940609028,2.364685940609028
11.4,2.253395502761035,0.6070194294644369,0.6905901004660684,0.2312610779549768,0.19109765520042923,0.3,0.0,2.3946859406090284,2.3946859406090284
11.5,2.276488256167574,0.6261666807347915,0.6973567473437805,0.22996270305669758,0.1926581303834778,0.3,0.0,2.424685940609028,2.424685940609028
11.600000000000001,2.2993340956888257,0.6456106416627824,0.7032533866544404,0.2288226762040964,0.1940107802540757,0.3,0.0,2.4546859406090284,2.4546859406090284
11.700000000000001,2.322179935210077,0.6650546025907729,0.7091500259651002,0.22767469312882838,0.19535668432048547,0.3,0.0,2.4846859406090287,2.4846859406090287
11.8,2.344996848158971,0.6845319661204015,0.7149181045356212,0.22654407923163988,0.19666667273610047,0.3,0.0,2.5146859406090285,2.5146859406090285
11.9,2.3675057005022326,0.7043650588239924,0.7193170440675398,0.22567676533423978,0.19766132041518505,0.3,0.0,2.5446859406090283,2.5446859406090283
12.0,2.3900145528454946,0.7241981515275834,0.7237159835994583,0.22480508444749348,0.19865214322165092,0.3,0.0,2.5746859406090286,2.5746859406090286
12.100000000000001,2.4125234051887565,0.7440312442311747,0.7281149231313769,0.22392905343898212,0.19963912198244482,0.3,0.0,2.604685940609029,2.604685940609029
12.200000000000001,2.434849415646167,0.764069319147755,0.7313868112190647,0.2232746591320041,0.20037072288507465,0.3,0.0,2.6346859406090286,2.6346859406090286
12.3,2.457115300162044,0.7841748006571747,0.7342880783796852,0.22269239125934534,0.20101765811787442,0.3,0.0,2.664685940609029,2.664685940609029
12.4,2.479381184677921,0.8042802821665945,0.7371893455403058,0.2221082489079486,0.20166290131564787,0.3,0.0,2.6946859406090287,2.6946859406090287
12.5,2.501586356690577,0.8244525169428512,0.7394627734176485,0.22164920926105763,0.20216732682099717,0.3,0.0,2.7246859406090285,2.7246859406090285
12.600000000000001,2.5237074169757285,0.8447172323827659,0.7408663862830956,0.22136522635459402,0.2024782372527461,0.3,0.0,2.754685940609029,2.754685940609029
12.700000000000001,2.54582847726088,0.8649819478226801,0.7422699991485427,0.22108080733013322,0.20278874877629802,0.3,0.0,2.784685940609029,2.784685940609029
12.8,2.567945734301907,0.8852508058165608,0.7435449869404319,0.22082207452738317,0.20307045920424477,0.3,0.0,2.8146859406090288,2.8146859406090288
12.9,2.5900225115287028,0.9055637550676772,0.7434509542557739,0.22084116881153823,0.2030496938139865,0.3,0.0,2.8446859406090286,2.8446859406090286
13.0,2.6120992887554983,0.9258767043187934,0.7433569215711159,0.22086026114298352,0.20302892662833324,0.3,0.0,2.874685940609029,2.874685940609029
13.100000000000001,2.6341760659822944,0.9461896535699101,0.7432628888864578,0.22087935152155017,0.20300815764746857,0.3,0.0,2.904685940609029,2.904685940609029
13.200000000000001,2.656295725365251,0.9664558654972703,0.7420418002137819,0.22112707774981952,0.20273829309192004,0.3,0.0,2.934685940609029,2.934685940609029
13.3,2.678429484939117,0.9867067096062527,0.7404501213931584,0.2214494917546137,0.20238607314146712,0.3,0.0,2.9646859406090287,2.9646859406090287
13.4,2.700563244512982,1.006957553715235,0.7388584425725347,0.22177134473020088,0.20203334045785215,0.3,0.0,2.9946859406090285,2.9946859406090285
13.5,2.7227629540589615,1.0271357488461708,0.7366389130435802,0.22221921706988543,0.20154061517432942,0.3,0.0,3.0246859406090283,3.0246859406090283
13.600000000000001,2.7450540286977074,1.0472132982845332,0.7335495781701931,0.22284078210221284,0.2008531449394659,0.3,0.0,3.054685940609029,3.054685940609029
13.700000000000001,2.7673451033364524,1.0672908477228955,0.730460243296806,0.22346022034604468,0.2001637577657283,0.3,0.0,3.084685940609029,3.084685940609029
13.8,2.789658086596917,1.0873437579980134,0.7272422526016595,0.2241031873281906,0.19944362970359797,0.3,0.0,3.1146859406090286,3.1146859406090286
13.9,2.8122041982885593,1.1071344843007032,0.7226552424276298,0.22501567644300224,0.1984135714987715,0.3,0.0,3.1446859406090284,3.1446859406090284
14.0,2.834750309980202,1.126925210603393,0.7180682322536001,0.22592343108724677,0.1973793385483041,0.3,0.0,3.174685940609028,3.174685940609028
14.100000000000001,2.857296421671845,1.146715936906083,0.7134812220795702,0.22682643216119872,0.1963409526131039,0.3,0.0,3.204685940609029,3.204685940609029
14.200000000000001,2.8801047495567254,1.166202526410873,0.7077670356594735,0.2279446517109036,0.1950416257017841,0.3,0.0,3.2346859406090287,3.2346859406090287
14.3,2.902999273673977,1.1855891394581428,0.70168232160556,0.2291271972394718,0.19365104565992972,0.3,0.0,3.2646859406090285,3.2646859406090285
14.4,2.925893797791229,1.2049757525054128,0.6955976075516466,0.2303012596472629,0.19225329595323973,0.3,0.0,3.2946859406090283,3.2946859406090283
14.5,2.948970986103789,1.224141599319156,0.688884850326245,0.23158661086087243,0.19070301956176477,0.3,0.0,3.324685940609028,3.324685940609028
14.600000000000001,2.9723011232671412,1.2430017345238458,0.68130239448143,0.23302593688394113,0.18894155905824814,0.3,0.0,3.3546859406090284,3.3546859406090284
14.700000000000001,2.9956312604304935,1.261861869728535,0.6737199386366153,0.2344518654626564,0.18716923566943489,0.3,0.0,3.384685940609028,3.384685940609028
14.8,3.0190057030580633,1.2806656148768596,0.6660085498521134,0.23588821503651947,0.18535573907188505,0.3,0.0,3.414685940609028,3.414685940609028
14.9,3.0428505282338283,1.2988706776984265,0.6569283049730515,0.23756154288387243,0.18320620443269392,0.3,0.0,3.4446859406090278,3.4446859406090278
15.0,3.0666953534095933,1.3170757405199933,0.6478480600939895,0.23921528371536588,0.18104156439054814,0.3,0.0,3.4746859406090276,3.4746859406090276
15.100000000000001,3.090540178585359,1.3352808033415604,0.6387678152149275,0.2408493011796044,0.1788619974206265,0.3,0.0,3.5046859406090283,3.5046859406090283
15.200000000000001,3.114824336161829,1.35289045899126,0.6285598781315705,0.24266253310916447,0.1763941467992735,0.3,0.0,3.534685940609028,3.534685940609028
15.3,3.139252700095323,1.3703046783401942,0.6179817876419009,0.24451483520139883,0.17381741962885297,0.3,0.0,3.5646859406090283,3.5646859406090283
15.4,3.1636810640288164,1.3877188976891282,0.6074036971522312,0.24633977731714699,0.17122124316608156,0.3,0.0,3.594685940609028,3.594685940609028
15.5,3.188378004615789,1.4047409044833319,0.5961969099628593,0.24824310818617584,0.16844987158815702,0.3,0.0,3.624685940609028,3.624685940609028
15.600000000000001,3.21344627021197,1.4212206514473886,0.5841209079523835,0.25025915932881315,0.16543987781679395,0.3,0.0,3.6546859406090286,3.6546859406090286
15.700000000000001,3.238514535808151,1.4377003984114454,0.5720449059419078,0.25223871566565753,0.1624057582702644,0.3,0.0,3.6846859406090284,3.6846859406090284
15.8,3.263618026992459,1.454125064221139,0.5598902043822316,0.254194028346956,0.15932795094630112,0.3,0.0,3.7146859406090287,3.7146859406090287
15.9,3.2892435350492386,1.4697196131273766,0.5469956095702212,0.25622730858327614,0.15603706718652008,0.3,0.0,3.7446859406090285,3.7446859406090285
16.0,3.3151236545520644,1.484892596173549,0.5342534318534549,0.25819470617335993,0.1527595944746265,0.3,0.0,3.7746859406090283,3.7746859406090283
16.1,3.3410037740548906,1.500065579219722,0.5215112541366884,0.2601201830395648,0.14945731957807648,0.3,0.0,3.8046859406090285,3.8046859406090285
16.2,3.3669070326073745,1.515197166784854,0.5088001499560934,0.2619988856332151,0.14613891995958322,0.3,0.0,3.8346859406090275,3.8346859406090275
16.3,3.3933890666461295,1.529293331978631,0.49686628603699634,0.2637241898812542,0.14300192890823596,0.3,0.0,3.864685940609028,3.864685940609028
16.400000000000002,3.4198711006848845,1.5433894971724083,0.4849324221178994,0.26541193573859995,0.13984457217743304,0.3,0.0,3.894685940609029,3.894685940609029
16.5,3.4463531347236387,1.557485662366185,0.4729985581988028,0.2670618828442209,0.13666729942345257,0.3,0.0,3.924685940609028,3.924685940609028
16.6,3.473203371403409,1.570856846586357,0.4616348060468107,0.2685976594225499,0.1336237155325651,0.3,0.0,3.9546859406090284,3.9546859406090284
16.7,3.5002074351914305,1.5839251494192594,0.45050923427362327,0.2700676458758015,0.13062720486599516,0.3,0.0,3.9846859406090283,3.9846859406090283
16.8,3.5272114989794527,1.5969934522521625,0.4393836625004355,0.27150420414700194,0.1276145255466754,0.3,0.0,4.014685940609029,4.014685940609029
16.900000000000002,3.5543829242181064,1.6096995576060003,0.4285589186563874,0.27286966511147814,0.12466814293134298,0.3,0.0,4.044685940609029,4.044685940609029
17.0,3.5818366589135584,1.6217946992451748,0.418241618844076,0.2741413579944527,0.12184627953678898,0.3,0.0,4.074685940609029,4.074685940609029
17.1,3.6092903936090117,1.6338898408843499,0.4079243190317643,0.2753838697001291,0.11901144612591809,0.3,0.0,4.104685940609029,4.104685940609029
17.2,3.636759134189392,1.6459493371775706,0.39763855520429736,0.27659340448650865,0.11617266715782418,0.3,0.0,4.134685940609028,4.134685940609028
17.3,3.6645974630305305,1.6571309044797282,0.3881295086344695,0.27768557417509576,0.11353731498959885,0.3,0.0,4.164685940609029,4.164685940609029
17.400000000000002,3.6924357918716684,1.6683124717818858,0.3786204620646416,0.27875263517714977,0.11089169663141982,0.3,0.0,4.1946859406090296,4.1946859406090296
17.5,3.720274120712806,1.6794940390840427,0.3691114154948141,0.2797944910076433,0.10823605130349963,0.3,0.0,4.224685940609029,4.224685940609029
17.6,3.7483428823665137,1.690075745730456,0.36017284101450286,0.2807507766788631,0.10573079681065078,0.3,0.0,4.254685940609029,4.254685940609029
17.7,3.7765076848353165,1.7004074397780589,0.3514720304353294,0.28166008178103114,0.1032840662014372,0.3,0.0,4.2846859406090285,4.2846859406090285
17.8,3.8046724873041207,1.7107391338256621,0.3427712198561556,0.28254806419338685,0.10082951661378595,0.3,0.0,4.314685940609029,4.314685940609029
17.900000000000002,3.832939725057012,1.7207791723485502,0.3343715579178931,0.2833850206524759,0.09845267934289961,0.3,0.0,4.344685940609029,4.344685940609029
18.0,3.861379442485038,1.7303281237367385,0.32647896754403277,0.2841532328510465,0.09621299423829903,0.3,0.0,4.374685940609028,4.374685940609028
18.1,3.889819159913065,1.739877075124927,0.31858637717017213,0.2849037443890537,0.09396731577041435,0.3,0.0,4.4046859406090295,4.4046859406090295
18.2,3.9182679114558927,1.749397964231999,0.3107256058419398,0.28563359006183126,0.09172487246319681,0.3,0.0,4.434685940609029,4.434685940609029
18.3,3.946937096003891,1.7582341318035675,0.3036412213544741,0.2862762311586552,0.08969904945759577,0.3,0.0,4.464685940609029,4.464685940609029
18.400000000000002,3.9756062805518892,1.767070299375136,0.29655683686700834,0.286904504539922,0.08766872460975958,0.3,0.0,4.494685940609029,4.494685940609029
18.5,4.004275465099887,1.7759064669467042,0.2894724523795429,0.28751837867366276,0.085633999818228,0.3,0.0,4.524685940609029,4.524685940609029
18.6,4.033078552134516,1.784290354943099,0.2829587443934995,0.28807007014814034,0.08375938565226886,0.3,0.0,4.55468594060903,4.55468594060903
18.7,4.06193736961227,1.79248600340955,0.2766825529398721,0.28859008303250644,0.08194976494957774,0.3,0.0,4.584685940609029,4.584685940609029
18.8,4.0907961870900245,1.800681651876001,0.27040636148624453,0.2890987282236764,0.08013691620877918,0.3,0.0,4.6146859406090295,4.6146859406090295
18.900000000000002,4.119712749563326,1.808666123769484,0.2644314937507226,0.289572372591109,0.07840816942102348,0.3,0.0,4.644685940609031,4.644685940609031
19.0,4.148726445143386,1.8162953746362163,0.25896348394468377,0.28999677812350483,0.07682362057327613,0.3,0.0,4.67468594060903,4.67468594060903
19.1,4.177740140723448,1.8239246255029486,0.25349547413864476,0.2904125130257764,0.07523677477173804,0.3,0.0,4.70468594060903,4.70468594060903
19.200000000000003,4.206720348014002,1.8315250511113834,0.2480655749810946,0.2907055603221379,0.07363059834339199,0.299885291094135,-0.0011470890586501303,4.734646386211732,4.734646386211732
19.3,4.234887404742403,1.838425552198916,0.24356106483860193,0.2882198438835326,0.07162099827171725,0.29698526192672464,-0.02900029167410334,4.7636463862117315,4.7636463862117315
19.400000000000002,4.263054461470804,1.8453260532864488,0.23905655469610912,0.28572197866851684,0.06963530019212665,0.2940852327593142,-0.02900029167410445,4.7926463862117314,4.7926463862117314
19.5,4.291221518199205,1.8522265543739813,0.23455204455361645,0.28321212963661496,0.06767357251949765,0.29118520359190386,-0.02900029167410334,4.821646386211731,4.821646386211731
19.6,4.318868512515242,1.8587578408067884,0.23058540098929928,0.28071263637285704,0.06590036282457908,0.2883443116134095,-0.02840891978494353,4.850055072995032,4.850055072995032
19.700000000000003,4.346156065120151,1.8650339441228896,0.22699050450499086,0.27821953360206925,0.06426067247093378,0.28554429236839873,-0.028000192450107764,4.878055072995032,4.878055072995032
19.8,4.373443617725058,1.8713100474389908,0.2233956080206826,0.27571830480396764,0.06263976676281162,0.282744273123388,-0.02800019245010721,4.906055072995032,4.906055072995032
19.900000000000002,4.400713117752544,1.877575660075246,0.2198177484258821,0.2732099560749244,0.0610427715878397,0.2799462449499676,-0.02798028173420397,4.934035163802721,4.934035163802721
20.0,4.427093924511586,1.8833248369504227,0.21707858175933714,0.2707394926949679,0.0597126536530326,0.27724623335766996,-0.027000115922976575,4.961035163802721,4.961035163802721
20.1,4.453474731270629,1.8890740138255995,0.21433941509279208,0.26826381217984097,0.058396532092068236,0.27454622176537224,-0.02700011592297713,4.988035163802721,4.988035163802721
20.200000000000003,4.479855538029671,1.8948231907007762,0.21160024842624706,0.2657829726821672,0.057094425451997804,0.2718462101730745,-0.027000115922977685,5.015035163802721,5.015035163802721
20.3,4.505942466891975,1.9004342898720656,0.20911464323214288,0.26331380858702386,0.05587967718362557,0.26917782247939753,-0.026683876936769435,5.041718942412539,5.041718942412539
20.400000000000002,4.531393931405797,1.9057468179050892,0.20717732451236398,0.2608771651058449,0.05483463276453445,0.26657781645156375,-0.02600006027833779,5.067718942412539,5.067718942412539
20.5,4.556845395919619,1.9110593459381124,0.20524000579258517,0.2584374702787217,0.05379924118462602,0.26397781042373003,-0.026000060278337234,5.093718942412539,5.093718942412539
20.6,4.582296860433441,1.9163718739711357,0.2033026870728063,0.2559947523655371,0.052773510325984055,0.26137780439589625,-0.02600006027833779,5.119718942412539,5.119718942412539
20.700000000000003,4.607302609435452,1.9215180841598107,0.20171697043269085,0.25357688215157154,0.05185601157614812,0.2588248077335278,-0.025529966623684675,5.1452488659516185,5.1452488659516185
20.8,4.631805897325116,1.926476801997738,0.20052761956259865,0.251188471408551,0.05105641659957818,0.25632480536333996,-0.02500002370187826,5.170248865951618,5.170248865951618
20.900000000000002,4.656309185214782,1.9314355198356659,0.19933826869250643,0.2487985208320737,0.050262576996057975,0.2538248029931521,-0.025000023701878815,5.195248865951618,5.195248865951618
21.0,4.680812473104447,1.9363942376735932,0.19814891782241423,0.2464070407347487,0.04947449529319763,0.25132480062296425,-0.02500002370187826,5.220248865951618,5.220248865951618
21.1,4.704862588051291,1.9412219902931676,0.19728584464080726,0.2440442383379164,0.04878100189927468,0.2488718071864123,-0.02452993436551948,5.2447787856984,5.2447787856984
21.200000000000003,4.728401842800403,1.9459021063020316,0.1967905831017423,0.241714689390795,0.048190875221046335,0.24647180674847774,-0.02400000437934563,5.268778785698401,5.268778785698401
21.3,4.751941097549514,1.9505822223108955,0.19629532156267737,0.2393846163470672,0.04760306809501682,0.2440718063105433,-0.02400000437934452,5.2927787856984,5.2927787856984
21.400000000000002,4.775480352298626,1.9552623383197596,0.19580006002361244,0.23705402093295858,0.04701758089528127,0.24167180587260872,-0.02400000437934563,5.316778785698401,5.316778785698401
21.5,4.79872299110438,1.9598783813262106,0.195499048049632,0.2347436441535507,0.046485901972320345,0.23930214698716978,-0.02369658885438941,5.340475371351546,5.340475371351546
21.6,4.821284652188485,1.9643473240564313,0.19564399870586524,0.2324807813111447,0.04607281165667952,0.23700214693751648,-0.023000000496533057,5.363475371351546,5.363475371351546
21.700000000000003,4.84384631327259,1.9688162667866518,0.19578894936209845,0.23021804320369224,0.04565906632022827,0.2347021468878632,-0.02300000049653278,5.386475371351547,5.386475371351547
21.8,4.866407974356695,1.9732852095168723,0.19593390001833166,0.2279554299735391,0.04524466599045499,0.23240214683821,-0.023000000496531947,5.409475371351546,5.409475371351546
21.900000000000002,4.888969635440799,1.977754152247093,0.19607885067456488,0.22569294176302543,0.04482961069487554,0.2301021467885567,-0.023000000496533057,5.432475371351546,5.432475371351546
22.0,4.910585803522713,1.9820781872076334,0.19678409741983383,0.2234993723860876,0.044557763910433666,0.2278977046432741,-0.022044421452825924,5.454519782997786,5.454519782997786
22.1,4.932158029147008,1.9863954874768406,0.19751538432308283,0.22130950134212654,0.044289479955691054,0.22569770361934627,-0.02200001023927839,5.476519782997786,5.476519782997786
22.200000000000003,4.953730254771304,1.9907127877460478,0.19824667122633183,0.21912014335996685,0.044018017212701495,0.22349770259541843,-0.02200001023927839,5.4985197829977865,5.4985197829977865
22.3,4.975302480395599,1.9950300880152547,0.1989779581295808,0.21693130191755108,0.043743376289226234,0.22129770157149067,-0.022000010239277557,5.520519782997786,5.520519782997786
22.400000000000002,4.996066857957117,1.9992039356299207,0.1998059577798954,0.20246041816338128,0.04099985998445165,0.2065701078124225,-0.1472759375906818,5.541699511150071,5.541699511150071
22.5,5.017215728324152,2.0035888176543666,0.20247168327947043,0.20743290554286706,0.042582776641759294,0.2117585964452871,0.05188488632864613,5.563298221668389,0.01758581570150497
22.6,5.038752745972923,2.008078458040471,0.20556377937960726,0.20945394363028155,0.04367304035256125,0.2139586150542053,0.022000186089181917,5.585298221668389,0.03958581570150521
22.700000000000003,5.060289763621694,2.0125680984265752,0.2086558754797441,0.21147020201299446,0.04477620537396765,0.21615863366312346,0.02200018608918164,5.6072982216683895,0.06158581570150545
22.8,5.081826781270464,2.01705773881268,0.21174797157988082,0.21348162024357045,0.04589225250782893,0.21835865227204157,0.022000186089181084,5.629298221668389,0.0835858157015048
22.900000000000002,5.103583324874198,2.0217310057695137,0.21593355008319642,0.21546141660972087,0.047262211929451924,0.22058408538226898,0.022254331102274094,5.651552160829946,0.1058397548630623
23.0,5.1259848249982864,2.026943758611387,0.2233317264132266,0.21734884581079728,0.04936435122767702,0.22288418505451477,0.023000996722457867,5.674552160829946,0.12883975486306198
23.1,5.148386325122376,2.0321565114532603,0.230729902743257,0.2192168413356353,0.051496976248413956,0.22518428472676064,0.0230009967224587,5.697552160829947,0.15183975486306256
23.200000000000003,5.170787825246465,2.0373692642951338,0.23812807907328742,0.22106505562469983,0.053659913595190734,0.2274843843990065,0.0230009967224587,5.720552160829947,0.17483975486306313
23.3,5.193189325370553,2.042582017137007,0.2455262554033176,0.22289314262711665,0.05585298639911237,0.2297844840712523,0.023000996722457867,5.743552160829947,0.19783975486306282
23.400000000000002,5.216252405609133,2.048868983708438,0.25715589287469987,0.22454078515529083,0.05904938955826502,0.23217535313929905,0.023908690680467526,5.767458462312727,0.2217460563458431
23.5,5.239383883700886,2.0552670085044764,0.2692230024700406,0.22612568996627042,0.06239300827119256,0.2345756064552556,0.024002533159565576,5.791458462312726,0.24574605634584223
23.6,5.26251536179264,2.0616650333005153,0.28129011206538174,0.22766226032959938,0.06578338191308622,0.23697585977121222,0.02400253315956613,5.815458462312726,0.26974605634584226
23.700000000000003,5.285646839884394,2.0680630580965538,0.29335722166072287,0.22914959980858543,0.06921982681491044,0.23937611308716886,0.024002533159566408,5.839458462312726,0.2937460563458423
23.8,5.309167777372628,2.075707051875922,0.30914856168187843,0.23038512958172583,0.07358246616997142,0.24185054736353936,0.024744342763705074,5.864198536867073,0.3184861309001885
23.900000000000002,5.332825498927549,2.083788648922908,0.326247908102472,0.23146188958470368,0.07831233641708553,0.24435103512206438,0.025004877585250163,5.889198536867073,0.34348613090018887
24.0,5.356483220482469,2.091870245969894,0.34334725452306497,0.23244356968540306,0.08310030842525963,0.2468515228805893,0.02500487758524933,5.914198536867072,0.36848613090018834
24.1,5.380140942037389,2.0999518430168798,0.36044660094365855,0.23332850190760407,0.08794450185953744,0.24935201063911433,0.025004877585250163,5.939198536867073,0.3934861309001887
24.200000000000003,5.403963400802245,2.109664416551452,0.3815436373919657,0.23381100816934938,0.09380584667188188,0.2519268235242055,0.02574812885091149,5.964939391682828,0.41922698571594363
24.3,5.4278434833467015,2.1199474928260846,0.4040390343513408,0.2340332251772816,0.10006381147252348,0.25452763475365286,0.026008112294473862,5.9909393916828275,0.44522698571594344
24.400000000000002,5.451723565891158,2.1302305691007173,0.4265344313107168,0.2340910184359403,0.10637872353675064,0.25712844598310036,0.026008112294474972,6.016939391682827,0.47122698571594324
24.5,5.475603648435615,2.1405136453753495,0.44902982827009197,0.23398195044953307,0.11274632551003187,0.2597292572125478,0.026008112294474417,6.042939391682827,0.49722698571594304
24.6,5.49929252823205,2.1532269921449556,0.47668600186565524,0.23316555081303098,0.12040806002409682,0.26242003544834497,0.026907782357971644,6.069835292321679,0.5241228863547951
24.700000000000003,5.522959191185393,2.166222724700409,0.5049418329763012,0.23203482642720935,0.12825414520723796,0.2651212674191651,0.02701231970820117,6.09683529232168,0.5511228863547961
24.8,5.546625854138735,2.179218457255862,0.5331976640869464,0.23064502347412746,0.13613142299306846,0.26782249938998504,0.027012319708199506,6.1238352923216794,0.5781228863547954
24.900000000000002,5.570139714017801,2.1928242525960635,0.5626301844723373,0.2288506133007718,0.144317685715519,0.27055535037848116,0.027328509884961272,6.151029178432337,0.6053167724654527
25.0,5.59301826959326,2.2089664858610294,0.5969549870567841,0.22613204090172456,0.15369649324682438,0.27341966271420637,0.028643123357252054,6.179029178432336,0.6333167724654523
25.1,5.61589682516872,2.225108719125996,0.631279789641232,0.22303655621400945,0.16305682893269538,0.2762839750499317,0.028643123357253164,6.207029178432337,0.6613167724654527
25.200000000000003,5.63877538074418,2.241250952390963,0.66560459222568,0.21956229112690132,0.1723837772687766,0.279148287385657,0.028643123357253164,6.235029178432337,0.6893167724654532
25.3,5.660627653969933,2.259788872170172,0.7016081985641809,0.2154228729346039,0.18204121303827242,0.28203903529094015,0.02890747905283153,6.263731825171059,0.7180194192041753
25.400000000000002,5.682045614493645,2.279340623166048,0.7383222583123419,0.2107419997780369,0.19177895135562875,0.28494097047197464,0.029019351810344873,6.29273182517106,0.7470194192041761
25.5,5.703463575017356,2.2988923741619236,0.7750363180605016,0.20563371140754289,0.20141577661029042,0.287842905653009,0.029019351810343763,6.321731825171059,0.7760194192041752
25.6,5.7243990389730675,2.31926896241761,0.8113260581442827,0.20020632324548213,0.21086697752341577,0.2907704491129303,0.029275434599213,6.350988495560843,0.805276089593959
25.700000000000003,5.743937170006488,2.3420343184596524,0.8463869483751602,0.19468082354889693,0.22000330953937594,0.2937721553618641,0.030017062489337554,6.380988495560843,0.8352760895939593
25.8,5.7634753010399065,2.3647996745016937,0.8814478386060364,0.18875843583517193,0.22900868506771568,0.2967738616107977,0.030017062489336443,6.410988495560843,0.8652760895939586
25.900000000000002,5.783013432073327,2.3875650305437355,0.9165087288369138,0.18244164786950395,0.23786642513874123,0.2997755678597315,0.030017062489337554,6.440988495560844,0.8952760895939598
26.0,5.800085366867445,2.412218014269812,0.9488694742835655,0.17478069140794358,0.243827213228879,0.30000000000000004,0.0022443214026857117,6.470988495560843,0.9252760895939591
26.1,5.816958007793313,2.437023537610124,0.9810120204278637,0.16685453440749584,0.24931819899008129,0.3,-5.551115123125783e-16,6.5009884955608435,0.9552760895939594
26.200000000000003,5.833830648719181,2.4618290609504356,1.013154566572162,0.15875600760830735,0.2545516255070296,0.3,0.0,6.530988495560845,0.9852760895939605
26.3,5.849148545058337,2.4875796838716404,1.0435655510637598,0.15094262988407411,0.2592611086987005,0.3,0.0,6.560988495560844,1.0152760895939599
26.400000000000002,5.86340152739113,2.5139776477063966,1.0727905116433945,0.14330235738987152,0.26356106382868,0.3,0.0,6.590988495560844,1.0452760895939601
26.5,5.877654509723923,2.540375611541152,1.102015472223028,0.13553969930399362,0.2676359279181011,0.3,0.0,6.620988495560844,1.0752760895939595
26.6,5.8912538401760015,2.5670883713723445,1.130477737308032,0.1278683063438935,0.27138477524125076,0.3,0.0,6.650988495560845,1.1052760895939606
26.700000000000003,5.903006959129393,2.594690258895981,1.156785801917632,0.1206852744978259,0.27465444565741953,0.3,0.0,6.680988495560845,1.1352760895939609
26.8,5.914760078082784,2.6222921464196163,1.1830938665272313,0.11341871946934934,0.27773403477775827,0.3,0.0,6.710988495560844,1.1652760895939602
26.900000000000002,5.926513197036175,2.649894033943253,1.2094019311368314,0.10607367025478172,0.28062141129764107,0.3,0.0,6.7409884955608455,1.1952760895939614
27.0,5.936107435738155,2.6783113675600903,1.233000165890008,0.09942258131284364,0.2830461982169889,0.3,0.0,6.770988495560845,1.2252760895939607
27.1,5.945537202521762,2.706790825040998,1.2563919552348946,0.09277502848195972,0.28529422372381036,0.3,0.0,6.800988495560845,1.255276089593961
27.200000000000003,5.954966969305368,2.7352702825219057,1.2797837445797813,0.08607671371453911,0.287386150251026,0.3,0.0,6.830988495560846,1.2852760895939621
27.3,5.963140593653414,2.764115302295026,1.3014356633970772,0.07983456246217122,0.2891823691660224,0.3,0.0,6.860988495560846,1.3152760895939615
27.400000000000002,5.970465282011208,2.7932073792312164,1.3219117293274432,0.07389692346275564,0.2907563321799538,0.3,0.0,6.890988495560846,1.3452760895939617
27.5,5.9777899703690025,2.8222994561674057,1.3423877952578083,0.06792830283623567,0.29220839425620315,0.3,0.0,6.920988495560844,1.3752760895939602
27.6,5.9846242304021136,2.8514986086793646,1.362094139673095,0.06215712705888848,0.2934901898799774,0.3,0.0,6.9509884955608445,1.4052760895939604
27.700000000000003,5.9900914723561725,2.8809962232509836,1.379654965214389,0.056993878087557036,0.29453641177372397,0.3,0.0,6.980988495560845,1.4352760895939607
27.8,5.9955587143102305,2.910493837822602,1.3972157907556826,0.05181305364794754,0.2954918060990438,0.3,0.0,7.010988495560844,1.46527608959396
27.900000000000002,6.001025956264289,2.939991452394221,1.4147766162969766,0.046616251375080346,0.2963560782365284,0.3,0.0,7.040988495560845,1.4952760895939612
28.0,6.005012356419567,2.9697226229773275,1.4296232249080365,0.04221139278419545,0.2970154849822116,0.3,0.0,7.070988495560844,1.5252760895939597
28.1,6.008889306761907,2.999471055810723,1.4442692242875543,0.03785693249051581,0.29760183578467475,0.3,0.0,7.100988495560844,1.55527608959396
28.200000000000003,6.012766257104247,3.029219488644119,1.458915223667072,0.03349435182941433,0.29812435055782915,0.3,0.0,7.130988495560844,1.5852760895939602
28.3,6.015858982698592,3.059052642890469,1.471817856176133,0.02964508162353859,0.2985316886622486,0.3,0.0,7.160988495560844,1.6152760895939595
28.400000000000002,6.018424902104796,3.0889427090931543,1.483549374845818,0.026140891897304733,0.2988589195102154,0.3,0.0,7.190988495560845,1.6452760895939607
28.5,6.020990821510999,3.1188327752958385,1.4952808935155024,0.02263310447980089,0.29914501931606086,0.3,0.0,7.220988495560844,1.67527608959396
28.6,6.023285080401356,3.148741482717677,1.5062399926724839,0.019353451047950294,0.2993750890313598,0.3,0.0,7.250988495560844,1.7052760895939603
28.700000000000003,6.0248260720930675,3.178701878986854,1.5150573073279419,0.016713048579031848,0.29953409489938687,0.3,0.0,7.280988495560845,1.7352760895939605
28.8,6.026367063784778,3.20866227525603,1.5238746219833994,0.014071346761939314,0.2996698136287758,0.3,0.0,7.310988495560844,1.7652760895939599
28.900000000000002,6.027908055476488,3.238622671525207,1.5326919366388574,0.01142855097454927,0.2997822346681373,0.3,0.0,7.340988495560845,1.795276089593961
29.0,6.028763744706043,3.2686098919924973,1.5387938726412846,0.009599097553012892,0.29984638954999565,0.3,0.0,7.3709884955608445,1.8252760895939604
29.1,6.02956930722576,3.2985990745259848,1.5446971912370115,0.007828851806916153,0.2998978310681578,0.3,0.0,7.400988495560845,1.8552760895939606
29.200000000000003,6.030374869745477,3.3285882570594727,1.5506005098327382,0.006058333232620814,0.299938821426041,0.3,0.0,7.430988495560845,1.8852760895939609
29.3,6.030914344809032,3.358582614250206,1.5547597077859163,0.004810779495954965,0.29996142485433236,0.3,0.0,7.460988495560844,1.9152760895939602
29.400000000000002,6.031275361960782,3.388580441948494,1.557749169546743,0.003914036125613391,0.2999744661153802,0.3,0.0,7.490988495560845,1.9452760895939605
29.5,6.031636379112532,3.4185782696467806,1.5607386313075695,0.0030172577760203606,0.29998482654213204,0.3,0.0,7.520988495560844,1.9752760895939598
29.6,6.031956748228085,3.4485764826969745,1.562955235915453,0.002352303159332839,0.2999907776413245,0.3,0.0,7.550988495560844,2.00527608959396
29.700000000000003,6.032164516242075,3.4785757632292205,1.5630309113442067,0.002329601221898812,0.29999095479388527,0.3,0.0,7.580988495560845,2.0352760895939612
29.8,6.0323722842560645,3.508575043761465,1.5631065867729603,0.0023068992711236928,0.29999113022846674,0.3,0.0,7.610988495560845,2.0652760895939606
29.900000000000002,6.032580052270055,3.538574324293711,1.563182262201714,0.0022841973071374908,0.2999913039450678,0.3,0.0,7.640988495560845,2.095276089593961
30.0,6.032916530916702,3.568572417092443,1.5605425572572993,0.003076076957603914,0.2999842291697197,0.3,0.0,7.670988495560844,2.12527608959396
30.1,6.03326241403833,3.5985704231072795,1.557704448138683,0.003927451402201568,0.2999742907741984,0.3,0.0,7.7009884955608445,2.1552760895939604
30.200000000000003,6.033608297159958,3.6285684291221165,1.554866339020067,0.004778794211735957,0.2999619361283726,0.3,0.0,7.730988495560845,2.1852760895939607
30.3,6.034211225678002,3.6585616309133746,1.550284034123307,0.006153256278941171,0.29993688909029786,0.3,0.0,7.760988495560844,2.21527608959396
30.400000000000002,6.034986528546161,3.6885516109977736,1.5445320735239987,0.00787837014397228,0.2998965342978718,0.3,0.0,7.790988495560844,2.2452760895939603
30.5,6.035761831414319,3.7185415910821713,1.5387801129246907,0.009603223353445977,0.29984625744074883,0.3,0.0,7.820988495560843,2.2752760895939588
30.6,6.03672824504839,3.748524332081361,1.5322550549800433,0.011559519239689304,0.29977721313493333,0.3,0.0,7.850988495560843,2.305276089593959
30.700000000000003,6.038223889690741,3.778487026337783,1.5235891072450116,0.014156906335679086,0.29966578383759934,0.3,0.0,7.880988495560844,2.33527608959396
30.8,6.039719534333091,3.8084497205942043,1.5149231595099804,0.01675323027376618,0.2995318501852418,0.3,0.0,7.910988495560843,2.3652760895939586
30.900000000000002,6.041215178975443,3.8384124148506262,1.5062572117749486,0.01934829607474799,0.2993754222360344,0.3,0.0,7.940988495560844,2.3952760895939598
31.0,6.0436521873785924,3.868312183008614,1.494874979780055,0.02275452968411491,0.29913580758387104,0.3,0.0,7.970988495560843,2.425276089593959
31.1,6.046157783125628,3.8982073663991277,1.4832948405250943,0.026216960901748673,0.29885225607493104,0.3,0.0,8.000988495560843,2.4552760895939594
31.200000000000003,6.048663378872665,3.928102549789642,1.4717147012701337,0.02967587647404006,0.2985286290383177,0.3,0.0,8.030988495560845,2.4852760895939605
31.3,6.051945410294076,3.957915636087626,1.458388907713098,0.03365125478502721,0.298106680655421,0.3,0.0,8.060988495560844,2.51527608959396
31.400000000000002,6.055747307559144,3.987673753924376,1.443894303813581,0.037968506848542895,0.2975876215296801,0.3,0.0,8.090988495560843,2.5452760895939592
31.5,6.0595492048242106,4.017431871761125,1.4293996999140643,0.042277782113620065,0.2970060422610174,0.3,0.0,8.120988495560843,2.5752760895939586
31.6,6.063770252444933,4.047125073327048,1.4141298936551738,0.04680790179892414,0.296325868477901,0.3,0.0,8.150988495560842,2.605276089593958
31.700000000000003,6.069148179731965,4.076639102162424,1.3967204832310187,0.05195940660136426,0.29546610645831123,0.3,0.0,8.180988495560843,2.635276089593959
31.8,6.074526107018995,4.1061531309978,1.3793110728068643,0.057095163551204545,0.29451679459592994,0.3,0.0,8.210988495560843,2.6652760895939585
31.900000000000002,6.0799040343060256,4.135667159833177,1.3619016623827092,0.0622136161036593,0.29347822060811685,0.3,0.0,8.240988495560844,2.6952760895939596
32.0,6.087002553361989,4.1648114376364855,1.341772098540663,0.0681082016987214,0.29216651564025314,0.3,0.0,8.270988495560841,2.725276089593957
32.1,6.094224457040142,4.193929200381304,1.321447470937518,0.07403190156082697,0.2907219935802725,0.3,0.0,8.300988495560842,2.7552760895939583
32.2,6.1014463607182945,4.223046963126122,1.301122843334373,0.07992502060139023,0.2891573811644229,0.3,0.0,8.330988495560842,2.7852760895939577
32.300000000000004,6.109924790187868,4.25180420343399,1.2790476552870758,0.08628823224414559,0.2873227122525826,0.3,0.0,8.360988495560843,2.815276089593959
32.4,6.119239536777024,4.2803214875960505,1.255807331053715,0.09294180251982224,0.2852399364471363,0.3,0.0,8.39098849556084,2.8452760895939564
32.5,6.12855428336618,4.308838771758113,1.2325670068203525,0.09954517600972965,0.2830031058719885,0.3,0.0,8.420988495560842,2.8752760895939575
32.6,6.1384886433655295,4.337125048574591,1.2085454446477357,0.1063139797665424,0.280530457715734,0.3,0.0,8.450988495560843,2.9052760895939587
32.7,6.150116314557522,4.364780016711454,1.182388875509658,0.1136144912676727,0.2776540065873135,0.3,0.0,8.480988495560842,2.935276089593958
32.800000000000004,6.161743985749514,4.392434984848317,1.1562323063715805,0.12083727601603034,0.2745876048277229,0.3,0.0,8.510988495560841,2.9652760895939574
32.9,6.173371656941506,4.420089952985179,1.1300757372335046,0.1279773927088091,0.2713333502455149,0.3,0.0,8.54098849556084,2.9952760895939567
33.0,6.187330832390244,4.446635812982154,1.1011901120918324,0.13576054913736293,0.26752396770742176,0.3,0.0,8.57098849556084,3.025276089593956
33.1,6.2014504554647,4.473105347247707,1.0721166809210858,0.14347992038538232,0.2634644424703348,0.3,0.0,8.600988495560841,3.0552760895939572
33.2,6.215570078539157,4.49957488151326,1.043043249750339,0.1510780217070364,0.2591822358054044,0.3,0.0,8.63098849556084,3.0852760895939566
33.300000000000004,6.23126813347953,4.525096331591819,1.0122088338226716,0.15899667438458945,0.25440137093703097,0.3,0.0,8.660988495560842,3.1152760895939577
33.4,6.248002856310699,4.549995107701577,0.9802178546038648,0.16705248176210075,0.24918561021279498,0.3,0.0,8.690988495560841,3.145276089593957
33.5,6.26473757914187,4.574893883811336,0.9482268753850557,0.17493733840942138,0.24371484901463755,0.3,0.0,8.72098849556084,3.1752760895939565
33.6,6.282196786662147,4.599244775381028,0.9154426187421443,0.1828319137968554,0.2378497241902526,0.3,0.0,8.750988495560842,3.2052760895939576
33.7,6.301596738288728,4.622127997988134,0.8805333365346606,0.19102199711913911,0.23132357557459554,0.3,0.0,8.780988495560841,3.235276089593957
33.800000000000004,6.320996689915309,4.645011220595238,0.8456240543271768,0.1989793135995058,0.22451555126420428,0.3,0.0,8.810988495560842,3.265276089593958
33.9,6.340396641541889,4.667894443202342,0.8107147721196956,0.2066941669754552,0.21743394706973113,0.3,0.0,8.84098849556084,3.2952760895939557
34.0,6.361970806330812,4.688726845648718,0.7733981715352043,0.21466228264601778,0.20957123946095557,0.3,0.0,8.870988495560841,3.325276089593957
34.1,6.383682832194514,4.709429211042412,0.7359289292941652,0.22236225161169745,0.20138279235867235,0.3,0.0,8.900988495560842,3.355276089593958
34.2,6.4062536552929945,4.729126621114324,0.6992190916382893,0.22960350870146365,0.19308606576337117,0.3,0.0,8.930988495560841,3.3852760895939573
34.300000000000004,6.430087501700508,4.747346054843808,0.6636261016540232,0.23632914560787321,0.18479322210582463,0.3,0.0,8.960988495560843,3.4152760895939585
34.4,6.453921348108021,4.765565488573291,0.6280331116697597,0.24275541795810926,0.17626629584802556,0.3,0.0,8.990988495560842,3.445276089593958
34.5,6.477889772850165,4.783587522201205,0.592879741854557,0.2488005179200881,0.16762548219974172,0.3,0.0,9.020988495560841,3.475276089593957
34.6,6.503557975090825,4.799116314611841,0.5632789483386541,0.2536526482214243,0.160188432947758,0.3,0.0,9.050988495560842,3.5052760895939583
34.7,6.529226177331484,4.814645107022478,0.5336781548227513,0.258282542530484,0.1526110357214993,0.3,0.0,9.080988495560844,3.5352760895939594
34.800000000000004,6.5548943795721435,4.830173899433114,0.5040773613068483,0.2626861443977755,0.1448999294045067,0.3,0.0,9.110988495560845,3.5652760895939606
34.9,6.581507195393058,4.84397254384789,0.47891690243098123,0.26624836629509246,0.13824546084842806,0.3,0.0,9.140988495560842,3.595276089593958
35.0,6.608449519616245,4.857167662848972,0.45530536006802586,0.2694380376178609,0.13192097590844365,0.3,0.0,9.170988495560843,3.6252760895939593
35.1,6.635391843839432,4.870362781850053,0.4316938177050705,0.27247750288416417,0.125522947790475,0.3,0.0,9.200988495560845,3.6552760895939604
35.2,6.662678626214123,4.882788756727192,0.410530387720898,0.27507278290061177,0.11972871045539957,0.3,0.0,9.230988495560844,3.68527608959396
35.300000000000004,6.690463328955412,4.894102920133218,0.3929057475949295,0.2771401275502571,0.11486230757488394,0.3,0.0,9.260988495560845,3.715276089593961
35.4,6.718248031696699,4.905417083539242,0.37528110746896226,0.2791213869615171,0.10996022617600885,0.3,0.0,9.290988495560844,3.7452760895939603
35.5,6.746072171886922,4.916627205445584,0.35811168677516436,0.2809681076401082,0.10515190197583953,0.3,0.0,9.320988495560844,3.7752760895939597
35.6,6.774375391629636,4.926573448565256,0.3464721958243125,0.28217296236768163,0.10187452728060593,0.3,0.0,9.350988495560845,3.805276089593961
35.7,6.802678611372351,4.9365196916849285,0.3348327048734606,0.28333958936890374,0.09858335100949357,0.3,0.0,9.380988495560844,3.83527608959396
35.800000000000004,6.830981831115065,4.946465934804601,0.3231932139226087,0.2844678305935581,0.09527881903862327,0.3,0.0,9.410988495560845,3.8652760895939613
35.9,6.859489276488329,4.955803106042937,0.31599943846987155,0.2851458784803776,0.09322997364396136,0.3,0.0,9.440988495560845,3.8952760895939607
36.0,6.888067386617113,4.964929530395721,0.3103439390794315,0.28566857759204245,0.09161584893750215,0.3,0.0,9.470988495560844,3.92527608959396
36.1,6.916645496745898,4.974055954748505,0.30468843968899134,0.28618213971191886,0.08999879393585086,0.3,0.0,9.500988495560845,3.955276089593961
36.2,6.945257664017912,4.983074008189447,0.30111136087695406,0.28650224088546233,0.08897452426177123,0.3,0.0,9.530988495560846,3.9852760895939623
36.300000000000004,6.973918910968897,4.9919358885325025,0.30052948968029075,0.2865539640943293,0.08880780180719376,0.3,0.0,9.560988495560846,4.015276089593962
36.4,7.0025802794456835,5.0007973757285695,0.29990960544091194,0.28660895959237226,0.08863015447001042,0.3,0.0,9.590988495560845,0.0027006758543652865
36.5,7.03124287634546,5.009654888864939,0.2989054728019415,0.28669781151695056,0.08834231642531844,0.3,0.0,9.620988495560844,0.03270067585436465
36.6,7.059905473245236,5.018512402001309,0.2979013401629711,0.28678637436920806,0.08805438930663495,0.3,0.0,9.650988495560846,0.06270067585436578
36.7,7.088568070145013,5.02736991513768,0.2968972075240007,0.28687464805984847,0.08776637340427176,0.3,0.0,9.680988495560847,0.09270067585436692
36.800000000000004,7.11730756154006,5.035973343210342,0.2921032881236893,0.2872920949464779,0.08639011622439169,0.3,0.0,9.710988495560846,0.12270067585436628
36.9,7.146071777799657,5.044495072082531,0.2860907904100725,0.28780631938577483,0.08466122206543769,0.3,0.0,9.740988495560845,0.15270067585436564
37.0,7.174835994059254,5.053016800954719,0.28007829269645534,0.28831013962091195,0.08292926740162508,0.3,0.0,9.770988495560845,0.182700675854365
37.1,7.203697720986582,5.061191374767685,0.27194500324202664,0.2889750840581048,0.08058164054926702,0.3,0.0,9.800988495560846,0.21270067585436614
37.2,7.232692233254736,5.068893209505713,0.2609237215228872,0.28984562851132706,0.07739193519271746,0.3,0.0,9.830988495560845,0.2427006758543655
37.300000000000004,7.26168674552289,5.07659504424374,0.24990243980374766,0.2906809661635124,0.0741928292373795,0.3,0.0,9.860988495560846,0.27270067585436664
37.4,7.290709931030382,5.084178217292941,0.23842894967459694,0.2915130656278446,0.07085289385943215,0.3,0.0,9.890988495560844,0.3027006758543642
37.5,7.32002208463273,5.090565521199316,0.2223981159831826,0.29261139111381756,0.06617079257827048,0.3,0.0,9.920988495560845,0.33270067585436536
37.6,7.349334238235077,5.096952825105692,0.2063672822917683,0.29363452070260465,0.061471686586196936,0.3,0.0,9.950988495560845,0.3627006758543647
37.7,7.3786463918374245,5.103340129012068,0.19033644860035395,0.29458219146818976,0.0567567834694565,0.3,0.0,9.980988495560846,0.39270067585436585
37.800000000000004,7.4082148428488175,5.108347690360564,0.1705108697421362,0.29564946244723056,0.05090574972106411,0.3,0.0,10.010988495560845,0.4227006758543652
37.9,7.437865417465331,5.112913150349489,0.1494693669509483,0.29665507066180763,0.044674031054270424,0.3,0.0,10.040988495560844,0.4527006758543646
38.0,7.4675159920818475,5.117478610338415,0.12842786415975896,0.29752934122053804,0.03842253392050858,0.3,0.0,10.070988495560846,0.4827006758543657
38.1,7.497279806730382,5.121051002710023,0.10525779130194732,0.2983396533981346,0.031519061062805866,0.3,0.0,10.100988495560845,0.5127006758543651
38.2,7.527197027205211,5.12327809028363,0.07920415294106913,0.29905949714900043,0.023736410111619595,0.3,0.0,10.130988495560846,0.5427006758543662
38.300000000000004,7.5571142476800395,5.125505177857238,0.05315051458019093,0.2995763531667882,0.01593764798481142,0.3,0.0,10.160988495560847,0.5727006758543673
38.400000000000006,7.587038709045873,5.127478947472962,0.02664999848260983,0.2998934729421808,0.007994053207069491,0.3,0.0,10.190988495560848,0.6027006758543685
38.5,7.617034296404812,5.12696441954157,-0.004240118673615949,0.29999730321308543,-0.001272031790516982,0.3,0.0,10.220988495560846,0.6327006758543661
38.6,7.647029883763753,5.126449891610176,-0.035130235829843925,0.29981489901736547,-0.010536903112723739,0.3,0.0,10.250988495560847,0.6627006758543672
38.7,7.677025471122693,5.125935363678783,-0.0660203529860719,0.2993464343911444,-0.01979172092841546,0.3,0.0,10.280988495560848,0.6927006758543683
38.800000000000004,7.70680760575707,5.122334809940268,-0.09869569181421381,0.2985400597270073,-0.029560662005356064,0.3,0.0,10.31098849556085,0.7227006758543695
38.900000000000006,7.736588391535868,5.11871475491342,-0.13138231185798346,0.29741452548844044,-0.039301399828578464,0.3,0.0,10.340988495560849,0.7527006758543688
39.0,7.7663691773146635,5.115094699886573,-0.1640689319017508,0.2959712573618132,-0.0490001511800458,0.3,0.0,10.370988495560848,0.7827006758543682
39.1,7.795780752949566,5.109380588655371,-0.19604405119571583,0.29425344981355156,-0.05843720794856378,0.3,0.0,10.40098849556085,0.8127006758543693
39.2,7.825003848179322,5.102597469520884,-0.22765595200339847,0.2922594329519501,-0.06770837356342693,0.3,0.0,10.430988495560849,0.8427006758543687
39.300000000000004,7.854226943409078,5.095814350386396,-0.2592678528110811,0.2899733819728498,-0.07691188300404393,0.3,0.0,10.46098849556085,0.8727006758543698
39.400000000000006,7.883166846408526,5.088045822278043,-0.29052487038584435,0.28742809670162445,-0.0859365418578245,0.3,0.0,10.490988495560849,0.9027006758543692
39.5,7.911532410339361,5.0782787969946925,-0.3210621531527712,0.28467022944961856,-0.09467238491292752,0.3,0.0,10.520988495560848,0.9327006758543686
39.6,7.939897974270198,5.068511771711341,-0.3515994359197002,0.2816469205386091,-0.10331995040222573,0.3,0.0,10.550988495560848,0.9627006758543679
39.7,7.968263538201035,5.05874474642799,-0.38213671868662924,0.2783609890625865,-0.1118711748758303,0.3,0.0,10.580988495560849,0.992700675854369
39.800000000000004,7.995514685680151,5.046200420177424,-0.4116012588205385,0.2749444111874003,-0.12002320924227006,0.3,0.0,10.61098849556085,1.0227006758543702
39.900000000000006,8.022763986444543,5.033651491623489,-0.44106402129797767,0.27128938274690284,-0.12807056964347613,0.3,0.0,10.64098849556085,1.0527006758543695
40.0,8.050013287208932,5.021102563069555,-0.4705267837754148,0.26739887740605284,-0.13600676586840352,0.3,0.0,10.670988495560847,1.0827006758543671
40.1,8.076373626710044,5.006845102033229,-0.4992736017721989,0.26337917525736526,-0.1436363813271208,0.3,0.0,10.700988495560848,1.1127006758543683
40.2,8.10228885324986,4.99173215945443,-0.5276619382680767,0.25919600379501717,-0.15105439952776428,0.3,0.0,10.730988495560847,1.1427006758543676
40.300000000000004,8.128204079789674,4.976619216875632,-0.5560502747639545,0.25480396091056057,-0.15835069151819176,0.3,0.0,10.760988495560849,1.1727006758543688
40.400000000000006,8.153613890059177,4.960725259526761,-0.5840795040287552,0.2502660089743696,-0.16542951596387126,0.3,0.0,10.79098849556085,1.20270067585437
40.5,8.178017071169272,4.943275768081226,-0.6113935054083649,0.24565467851408734,-0.17220272623898958,0.3,0.0,10.820988495560847,1.2327006758543675
40.6,8.202420252279369,4.925826276635689,-0.6387075067879765,0.24086008762730635,-0.17884747185287886,0.3,0.0,10.850988495560848,1.2627006758543686
40.7,8.226820002116083,4.908372412711491,-0.6660192768709681,0.23588622670843998,-0.18535826943855097,0.3,0.0,10.88098849556085,1.2927006758543698
40.800000000000004,8.249571212134098,4.888817811137534,-0.6922590305576553,0.23094182740697183,-0.1914833474585412,0.3,0.0,10.910988495560849,1.3227006758543691
40.900000000000006,8.272322422152113,4.869263209563578,-0.7184987842443424,0.22583842808244936,-0.19747659203370999,0.3,0.0,10.94098849556085,1.3527006758543703
41.0,8.295073632170126,4.849708607989623,-0.7447385379310277,0.22057954234961902,-0.2033338769040531,0.3,0.0,10.970988495560848,1.3827006758543678
41.1,8.316648536253673,4.828898412966988,-0.7702588108193,0.21531914347127476,-0.20889630550777247,0.3,0.0,11.000988495560849,1.412700675854369
41.2,8.33764355604328,4.807469247233484,-0.795424400795105,0.20999452161070403,-0.2142482226145448,0.3,0.0,11.030988495560848,1.4427006758543683
41.300000000000004,8.358638575832888,4.786040081499979,-0.8205899907709101,0.20453691578520847,-0.219464462000285,0.3,0.0,11.06098849556085,1.4727006758543695
41.400000000000006,8.379016930605468,4.764054448961997,-0.8453931325651524,0.19903115382047282,-0.22446959662477967,0.3,0.0,11.09098849556085,1.5027006758543706
41.5,8.398184518089684,4.740976243008439,-0.869484639371441,0.1935661099896347,-0.22919895519718372,0.3,0.0,11.120988495560848,1.5327006758543682
41.6,8.4173521055739,4.717898037054878,-0.8935761461777314,0.18798872568672215,-0.23379529296947432,0.3,0.0,11.15098849556085,1.5627006758543693
41.7,8.436510329626056,4.694812655995224,-0.9176622714393456,0.1823035200552827,-0.23825496128192827,0.3,0.0,11.18098849556085,1.5927006758543705
41.800000000000004,8.453809237492099,4.670302499189478,-0.9406797721774192,0.17677167998323182,-0.24238765058456646,0.3,0.0,11.21098849556085,1.6227006758543698
41.900000000000006,8.471108145358139,4.645792342383732,-0.9636972729154927,0.1711461894659432,-0.24639192728514353,0.3,0.0,11.24098849556085,1.652700675854371
42.0,8.48840705322418,4.621282185577988,-0.9867147736535644,0.1654300287867505,-0.25026566999014244,0.3,0.0,11.270988495560848,1.6827006758543686
42.1,8.50443962191276,4.595947531092293,-1.009010060693619,0.1598096318279844,-0.2538914759794115,0.3,0.0,11.30098849556085,1.7127006758543697
42.2,8.51985548230418,4.570211345508717,-1.0309536290252759,0.15420031974125611,-0.2573368636470383,0.3,0.0,11.330988495560849,1.742700675854369
42.300000000000004,8.535271342695603,4.544475159925142,-1.0528971973569328,0.14851676006647538,-0.26065834339103167,0.3,0.0,11.36098849556085,1.7727006758543702
42.400000000000006,8.550050330995253,4.518387725811796,-1.0744757556806126,0.14285798939615257,-0.26380218889480195,0.3,0.0,11.390988495560851,1.8027006758543713
42.5,8.563592508911753,4.491618164416851,-1.0953454618287082,0.13732180548436124,-0.26672593000778017,0.3,0.0,11.420988495560849,1.832700675854369
42.6,8.577134686828256,4.4648486030219035,-1.1162151679768053,0.13172581396774977,-0.26953350428941814,0.3,0.0,11.45098849556085,1.86270067585437
42.7,8.590663511938658,4.4380728455411935,-1.1370770971822806,0.12607456912613474,-0.27222270849372476,0.3,0.0,11.48098849556085,1.8927006758543694
42.800000000000004,8.602362011374751,4.4104477643477615,-1.1568730079312515,0.12066132251962855,-0.2746649690947394,0.3,0.0,11.51098849556085,1.9227006758543705
42.900000000000006,8.614060510810846,4.382822683154329,-1.1766689186802224,0.11520079292956314,-0.27699959802931107,0.3,0.0,11.54098849556085,1.95270067585437
43.0,8.62575901024694,4.3551976019608984,-1.196464829429192,0.1096951201479239,-0.2792256804374063,0.3,0.0,11.570988495560849,1.9827006758543693
43.1,8.636246076821692,4.32710476162201,-1.215536493225346,0.10435019566010735,-0.2812668424569404,0.3,0.0,11.600988495560848,2.0127006758543686
43.2,8.646148566916288,4.298786204280111,-1.2342586719217037,0.09906628732457769,-0.2831710979526763,0.3,0.0,11.63098849556085,2.0427006758543698
43.300000000000004,8.656051057010885,4.2704676469382115,-1.2529808506180613,0.09374765529077489,-0.2849760992214646,0.3,0.0,11.66098849556085,2.072700675854371
43.400000000000006,8.665361181417353,4.241961890990607,-1.2713361328934218,0.08850134015025092,-0.2866487620618822,0.3,0.0,11.69098849556085,2.1027006758543703
43.5,8.673530194427576,4.213095522558836,-1.2889846394462283,0.0834288978185857,-0.2881659574078381,0.3,0.0,11.72098849556085,2.1327006758543696
43.6,8.6816992074378,4.184229154127063,-1.306633145999036,0.0783304705806452,-0.28959340009505513,0.3,0.0,11.75098849556085,2.1627006758543708
43.7,8.689853510836562,4.155359072501602,-1.3242721314107346,0.07321041638965108,-0.29092994849628995,0.3,0.0,11.78098849556085,2.19270067585437
43.800000000000004,8.696363849828092,4.126073999747459,-1.3408470222920528,0.06837844882208867,-0.2921033853564265,0.3,0.0,11.810988495560851,2.2227006758543713
43.900000000000006,8.702874188819623,4.096788926993317,-1.357421913173371,0.06352769627795592,-0.293196575364747,0.3,0.0,11.840988495560852,2.2527006758543724
44.0,8.709384527811151,4.0675038542391775,-1.3739968040546877,0.05865949135947599,-0.29420921819930723,0.3,0.0,11.870988495560852,2.2827006758543718
44.1,8.71483093660191,4.038011931834355,-1.3898460107933828,0.05398933645454967,-0.29510193416715763,0.3,0.0,11.900988495560851,2.312700675854371
44.2,8.719767318490364,4.008420849835695,-1.4053473390386928,0.049408561255149586,-0.2959033525911731,0.3,0.0,11.930988495560852,2.3427006758543722
44.300000000000004,8.72470370037882,3.9788297678370363,-1.4208486672840028,0.044815913852128415,-0.2966336694739803,0.3,0.0,11.960988495560851,2.3727006758543716
44.400000000000006,8.729131956347471,3.9491668935003243,-1.4359817845829084,0.04032196149743679,-0.2972778824954847,0.3,0.0,11.990988495560853,2.4027006758543727
44.5,8.732586905365643,3.91936650210555,-1.450409599791506,0.036028843270826234,-0.2978286797012105,0.3,0.0,12.020988495560852,2.432700675854372
44.6,8.736041854383817,3.8895661107107737,-1.464837415000105,0.031728225343583036,-0.2983174814129182,0.3,0.0,12.050988495560851,2.4627006758543715
44.7,8.739482995860469,3.8597644416474797,-1.4792545125941672,0.027424204748223862,-0.298743891977606,0.3,0.0,12.080988495560852,2.4927006758543726
44.800000000000004,8.741554993628247,3.8298360800944256,-1.4926088609295372,0.023432347970780237,-0.2990834750844257,0.3,0.0,12.110988495560854,2.5227006758543737
44.900000000000006,8.743626991396026,3.7999077185413714,-1.5059632092649073,0.01943631236285313,-0.29936972084987756,0.3,0.0,12.140988495560853,2.552700675854373
45.0,8.745698989163804,3.769979356988319,-1.5193175576002764,0.015436810561325601,-0.2996025782260456,0.3,0.0,12.170988495560852,2.5827006758543725
45.1,8.746904449447406,3.7400095776507727,-1.531945277253934,0.011652382986989741,-0.29977361786975937,0.3,0.0,12.200988495560852,2.612700675854372
45.2,8.747696340495397,3.710020030995844,-1.5442262014440893,0.00797009975070404,-0.2998941104956278,0.3,0.0,12.230988495560853,2.642700675854373
45.300000000000004,8.748488231543389,3.6800304843409153,-1.5565071256342446,0.004286614470322999,-0.2999693733306499,0.3,0.0,12.260988495560852,2.6727006758543723
45.400000000000006,8.748876387246113,3.6500381813527123,-1.5684189928713241,0.0007131995052710567,-0.2999991522429116,0.3,0.0,12.290988495560853,2.7027006758543735
45.5,8.748494032963249,3.620040618031631,-1.5796265322091274,-0.0026490271987316557,-0.2999883041968476,0.3,0.0,12.32098849556085,2.732700675854371
45.6,8.748111678680386,3.5900430547105477,-1.5908340715469316,-0.006010921164724374,-0.29993977533290156,0.3,0.0,12.35098849556085,2.7627006758543704
45.7,8.747717928149042,3.5600458394172816,-1.6020301411957094,-0.009368620885358512,-0.29985367922156037,0.3,0.0,12.380988495560851,2.7927006758543715
45.800000000000004,8.746269097537349,3.530080845009496,-1.6121643315391685,-0.0124068620483766,-0.29974333983278517,0.3,0.0,12.41098849556085,2.822700675854371
45.900000000000006,8.744820266925656,3.50011585060171,-1.6222985218826276,-0.015443829015062542,-0.2996022165227646,0.3,0.0,12.440988495560852,2.852700675854372
46.0,8.743371436313964,3.4701508561939267,-1.632432712226086,-0.018479209886069253,-0.29943032378499446,0.3,0.0,12.47098849556085,2.8827006758543696
46.1,8.741273762015238,3.440227645464876,-1.6418397187227558,-0.021295093721324817,-0.29924324383918843,0.3,0.0,12.50098849556085,2.9127006758543708
46.2,8.738867244177255,3.4103243233769285,-1.650900592495288,-0.024005587728796067,-0.29903801055684387,0.3,0.0,12.53098849556085,2.94270067585437
46.300000000000004,8.736460726339274,3.380421001288981,-1.6599614662678204,-0.02671411090459723,-0.29880822659119827,0.3,0.0,12.560988495560851,2.9727006758543713
46.400000000000006,8.733762045051472,3.3505453741076976,-1.6686528023594134,-0.029310111955907388,-0.29856476238352736,0.3,0.0,12.59098849556085,3.0027006758543706
46.5,8.730506965838728,3.320722489282137,-1.6766403885500882,-0.0316939633598486,-0.29832112343336425,0.3,0.0,12.62098849556085,3.03270067585437
46.6,8.727251886625984,3.290899604456574,-1.6846279747407635,-0.03407579265108707,-0.2980584512393502,0.3,0.0,12.65098849556085,3.0627006758543693
46.7,8.723988620375204,3.2610777162440554,-1.6926036803610673,-0.03645191010571481,-0.2977771956507833,0.3,0.0,12.680988495560849,3.0927006758543687
46.800000000000004,8.719993943924033,3.2313448630333306,-1.6995180045248257,-0.03850995041878544,-0.2975180393165139,0.3,0.0,12.71098849556085,3.12270067585437
46.900000000000006,8.715999267472862,3.201612009822606,-1.706432328688584,-0.04056614966015478,-0.2972446593325941,0.3,0.0,12.74098849556085,3.152700675854371
47.0,8.712004591021692,3.1718791566118836,-1.7133466528523422,-0.04262040952769061,-0.2969570687686891,0.3,0.0,12.770988495560848,3.1827006758543686
47.1,8.707582129166276,3.1422084132753554,-1.719533524211175,-0.0444568172943793,-0.29668770010914536,0.3,0.0,12.80098849556085,3.2127006758543697
47.2,8.702956323982225,3.1125671932195074,-1.7253746084690165,-0.04618902690204517,-0.296422964349664,0.3,0.0,12.830988495560849,3.242700675854369
47.300000000000004,8.698330518798171,3.0829259731636594,-1.731215692726858,-0.047919660624717454,-0.29614811518159606,0.3,0.0,12.86098849556085,3.27270067585437
47.400000000000006,8.693524405480108,3.0533145271390216,-1.7366870207157954,-0.04953925876598073,-0.2958814996597746,0.3,0.0,12.89098849556085,3.3027006758543695
47.5,8.688375254158082,3.02375972650253,-1.7414548837549446,-0.05094941281232558,-0.2956419410944246,0.3,0.0,12.920988495560849,3.332700675854369
47.6,8.683226102836054,2.9942049258660366,-1.746222746794094,-0.05235840865242277,-0.2953956618560704,0.3,0.0,12.950988495560848,3.3627006758543683
47.7,8.678072275779325,2.9646509738707647,-1.7509785564612843,-0.05376265678805115,-0.29514331558598816,0.3,0.0,12.98098849556085,3.3927006758543694
47.800000000000004,8.672506807231741,2.935171734398793,-1.754673213535332,-0.05485274070305887,-0.2949426670343967,0.3,0.0,13.01098849556085,3.4227006758543705
47.900000000000006,8.66694133868416,2.9056924949268206,-1.7583678706093797,-0.05594207585208083,-0.2947379923751942,0.3,0.0,13.04098849556085,3.45270067585437
48.0,8.661375870136576,2.876213255454851,-1.7620625276834272,-0.057030647365174325,-0.29452929440228715,0.3,0.0,13.070988495560847,3.4827006758543675
48.1,8.655600241049664,2.846774839519355,-1.7650296461160033,-0.057904298338464014,-0.29435878147921823,0.3,0.0,13.100988495560848,3.5127006758543686
48.2,8.649724764143116,2.81735581895237,-1.7676511090450178,-0.05867574912711537,-0.294205976255364,0.3,0.0,13.13098849556085,3.5427006758543698
48.300000000000004,8.643849287236568,2.7879367983853856,-1.7702725719740322,-0.05944679669226624,-0.2940511492292257,0.3,0.0,13.16098849556085,3.572700675854371
48.400000000000006,8.637903407449246,2.7585320930361927,-1.772524219120279,-0.060108744868778714,-0.2939165507253718,0.3,0.0,13.190988495560852,3.602700675854372
48.5,8.631823625122218,2.7291546144708723,-1.7740724962908954,-0.06056373692733158,-0.29382313348236716,0.3,0.0,13.22098849556085,3.6327006758543696
48.6,8.625743842795192,2.69977713590555,-1.7756207734615121,-0.06101858380481291,-0.29372901189779504,0.3,0.0,13.250988495560849,3.662700675854369
48.7,8.619662944681965,2.6703998902191195,-1.777156959489458,-0.0614697340335492,-0.29363492945806824,0.3,0.0,13.280988495560848,3.6927006758543683
48.800000000000004,8.613484127849762,2.641043081425347,-1.7776320558549417,-0.06160923197869745,-0.29360569227280836,0.3,0.0,13.31098849556085,3.7227006758543695
48.900000000000006,8.607305311017559,2.611686272631575,-1.7781071522204253,-0.061748716017622274,-0.2935763888158839,0.3,0.0,13.34098849556085,3.7527006758543706
49.0,8.601126494185355,2.5823294638378043,-1.7785822485859086,-0.06188818611883974,-0.2935470190939091,0.3,0.0,13.37098849556085,3.78270067585437
49.1,8.59495175689707,2.5529717968466357,-1.7783298005634367,-0.061814078783086916,-0.29356263329006693,0.3,0.0,13.40098849556085,3.8127006758543693
49.2,8.588778957679873,2.523613722151176,-1.7777317176437186,-0.061638492941170034,-0.2935995507284392,0.3,0.0,13.43098849556085,3.8427006758543705
49.300000000000004,8.582606158462674,2.4942556474557165,-1.7771336347240003,-0.06146288505096888,-0.29363636314532193,0.3,0.0,13.460988495560851,3.8727006758543716
49.400000000000006,8.57647163862157,2.4648895997384717,-1.7761657325611744,-0.06117864503409634,-0.29369571565106634,0.3,0.0,13.49098849556085,3.902700675854371
49.5,8.57040992260916,2.4355083880720882,-1.7744944684428638,-0.06068771671158131,-0.2937975511135769,0.3,0.0,13.52098849556085,3.9327006758543703
49.6,8.564348206596751,2.406127176405703,-1.7728232043245533,-0.06019661888080267,-0.29389856596335984,0.3,0.0,13.550988495560851,3.9627006758543715
49.7,8.55828892975754,2.376745470857541,-1.7711398433114736,-0.059701796437027686,-0.2939994821461285,0.3,0.0,13.58098849556085,3.992700675854371
49.800000000000004,8.552443607117784,2.347320444039589,-1.768395392647843,-0.05889470553892655,-0.2941622233725519,0.3,0.0,13.610988495560852,4.022700675854372
49.900000000000006,8.546598284478028,2.3178954172216373,-1.7656509419842126,-0.05808717104562545,-0.29432274896772126,0.3,0.0,13.640988495560853,4.052700675854373
50.0,8.540752961838274,2.2884703904036874,-1.7629064913205823,-0.05727919903947807,-0.29448105772255684,0.3,0.0,13.670988495560852,4.0827006758543725
50.1,8.535126046211703,2.2590032168576824,-1.7594344676069862,-0.05625641062955809,-0.294678157085113,0.3,0.0,13.700988495560852,4.112700675854372
50.2,8.52960288144407,2.2295160221632115,-1.755616821617932,-0.055131026525940555,-0.29489077624469034,0.3,0.0,13.730988495560853,4.142700675854373
50.300000000000004,8.524079716676438,2.200028827468741,-1.7517991756288778,-0.05400483892051378,-0.29509909754719577,0.3,0.0,13.760988495560854,4.172700675854374
50.400000000000006,8.518704245351417,2.1705150766552364,-1.7476116599866596,-0.05276863695052356,-0.2953226556740675,0.3,0.0,13.790988495560855,4.202700675854375
50.5,8.513609625382506,2.1409508271742794,-1.7427208064586364,-0.051323631733010716,-0.29557720620124667,0.3,0.0,13.820988495560853,4.232700675854373
50.6,8.508515005413594,2.1113865776933203,-1.737829952930613,-0.049877398833669054,-0.29582468640326,0.3,0.0,13.850988495560854,4.262700675854374
50.7,8.503426461467752,2.0818213376768995,-1.7329269257708073,-0.04842636865598678,-0.29606567990700045,0.3,0.0,13.880988495560855,4.292700675854375
50.800000000000004,8.498867501600333,2.052169762930737,-1.7269628490567355,-0.04665975943114181,-0.2963492312286772,0.3,0.0,13.910988495560854,4.3227006758543745
50.900000000000006,8.494308541732915,2.022518188184574,-1.7209987723426639,-0.04489149051372598,-0.2966222413769002,0.3,0.0,13.940988495560855,4.352700675854376
51.0,8.489749581865498,1.9928666134384132,-1.7150346956285925,-0.04312162480125144,-0.29688470064066974,0.3,0.0,13.970988495560853,4.382700675854373
51.1,8.485626974809984,1.9631527804682867,-1.7083428912794907,-0.04113397980286412,-0.29716661270334116,0.3,0.0,14.000988495560852,4.4127006758543725
51.2,8.481711541804014,1.9334093881873815,-1.7013055722986419,-0.039041722267456495,-0.2974487248626068,0.3,0.0,14.030988495560853,4.442700675854374
51.300000000000004,8.477796108798046,1.9036659959064763,-1.694268253317793,-0.03694753124330162,-0.2977161062741236,0.3,0.0,14.060988495560855,4.472700675854375
51.400000000000006,8.474176351882562,1.8742346771441356,-1.6869540840512725,-0.034653122787606405,-0.29698514650704555,0.29900002703134365,-0.009999729686563374,14.090643687799373,4.502355868092893
51.5,8.471118428838707,1.8453963501008108,-1.6791138530811978,-0.0320101329642462,-0.29436461248009615,0.2960999386912228,-0.029000883401208433,14.119643687799371,4.531355868092891
51.6,8.46806050579485,1.816558023057484,-1.6712736221111226,-0.02941038326507633,-0.2917210681491993,0.29319985035110174,-0.029000883401210653,14.148643687799371,4.560355868092891
51.7,8.465002582750994,1.7877196960141575,-1.6634333911410475,-0.0268540706468728,-0.28905503059681353,0.2902997620109807,-0.029000883401210653,14.177643687799371,4.589355868092891
51.800000000000004,8.462759799548492,1.759707084154007,-1.6549373731646893,-0.0241611195394648,-0.2864722474648279,0.2874893185232278,-0.028104434877528894,14.205747050861397,4.617459231154918
51.900000000000006,8.460610984535803,1.7317896595944011,-1.6463657569722243,-0.02149333054405187,-0.2838767030944467,0.28468920916966367,-0.028001093535641175,14.233747050861398,4.645459231154918
52.0,8.458462169523115,1.7038722350347975,-1.63779414077976,-0.018871827725688513,-0.2812566776334795,0.2818890998160998,-0.028001093535638955,14.261747050861397,4.673459231154917
52.1,8.45662240497819,1.676261956996962,-1.6290078409009667,-0.016238911414528885,-0.2786487387101234,0.2791215180323286,-0.02767581783771178,14.289421703018713,4.701133883312233
52.2,8.455423497809411,1.6492885882492383,-1.6197763657570592,-0.013533717434903338,-0.27608987922277695,0.27642138650411147,-0.027001315282171312,14.316421703018712,4.728133883312232
52.300000000000004,8.45422459064063,1.6223152195015147,-1.6105448906131514,-0.010877162018126173,-0.27350505072486314,0.2737212549758943,-0.027001315282171867,14.343421703018713,4.755133883312233
52.400000000000006,8.45302568347185,1.5953418507537913,-1.6013134154692439,-0.008269491964483077,-0.2708949332444045,0.2710211234476771,-0.027001315282171867,14.370421703018712,4.782133883312232
52.5,8.452435819131457,1.5689743225525654,-1.5917161005955298,-0.005614105489517907,-0.26832443501267317,0.2683831600628432,-0.02637963384833908,14.396799878465723,4.808512058759243
52.6,8.452216356768227,1.542975248794619,-1.581896292732932,-0.0029501217269167295,-0.26576663222517016,0.26578300551862316,-0.026001545442200236,14.422799878465723,4.834512058759243
52.7,8.451996894404997,1.5169761750366726,-1.5720764848703344,-0.0003369155599684574,-0.2631826353217863,0.2631828509744032,-0.02600154544219968,14.448799878465723,4.860512058759243
52.800000000000004,8.451777432041768,1.4909771012787263,-1.5622566770077368,0.002225257921492384,-0.26057319491077324,0.26058269643018317,-0.026001545442200236,14.474799878465724,4.886512058759244
52.900000000000006,8.45233168467051,1.4657625965188836,-1.5520358796753415,0.004841039131520268,-0.25801470219292205,0.2580601135541391,-0.02522582876044066,14.500023979156769,4.911736159450289
53.0,8.453109407100515,1.440774696490634,-1.5416992657463264,0.007434993814466669,-0.2554517596057087,0.25555993547243266,-0.02500178081706439,14.525023979156767,4.936736159450287
53.1,8.45388712953052,1.4157867964623825,-1.5313626518173107,0.009976490155522658,-0.2528630270617472,0.25305975739072606,-0.025001780817066055,14.550023979156768,4.961736159450288
53.2,8.454664851960525,1.3907988964341311,-1.521026037888295,0.01246527491226737,-0.25024931509371684,0.2505595793090194,-0.02500178081706661,14.575023979156768,4.986736159450288
53.300000000000004,8.456220735005559,1.3666291096094947,-1.510343805785708,0.01499137237173307,-0.2476837300480668,0.2481370012233395,-0.024225780856798884,14.599247794937378,5.010959975230898
53.400000000000006,8.458001003732676,1.342695228953419,-1.4995619133197973,0.01749011620892667,-0.24511358676254663,0.24573679940253604,-0.024002018208034714,14.623247794937377,5.0349599752308976
53.5,8.459781272459795,1.318761348297345,-1.4887800208538873,0.019935201680033973,-0.2425186332153274,0.24333659758173273,-0.02400201820803305,14.647247794937376,5.058959975230897
53.6,8.461561541186912,1.2948274676412694,-1.4779981283879764,0.022326387265953818,-0.2398997274569477,0.24093639576092926,-0.024002018208034714,14.671247794937377,5.082959975230898
53.7,8.463948584808367,1.271565614584608,-1.4669882979917894,0.024723841165885063,-0.23731274608925051,0.23859716632520386,-0.023392294357253984,14.694637927030776,5.106350107324296
53.800000000000004,8.466723781925335,1.2487336571354102,-1.455832655853517,0.027105763682749303,-0.23473713350493075,0.2362969408835771,-0.02300225441626752,14.717637927030776,5.129350107324296
53.900000000000006,8.469498979042303,1.2259016996862124,-1.4446770137152445,0.029433331812958534,-0.23213819551295167,0.23399671544195036,-0.02300225441626752,14.740637927030777,5.152350107324297
54.0,8.472274176159273,1.2030697422370162,-1.4335213715769728,0.03170632474094624,-0.22951682389291594,0.23169649000032377,-0.023002254416265855,14.763637927030775,5.175350107324295
54.1,8.475304950030777,1.180540602592242,-1.4222864066353318,0.03394641364336643,-0.22689717257902903,0.22942250526834593,-0.02273984731977846,14.786375459087251,5.198087639380772
54.2,8.479053891792926,1.1588623776726588,-1.4108285454820282,0.03619341511633024,-0.22432117736994572,0.22722225664406567,-0.022002486242802544,14.808375459087253,5.220087639380774
54.300000000000004,8.482802833555073,1.1371841527530753,-1.3993706843287246,0.03838588962417569,-0.22172376410979716,0.22502200801978542,-0.022002486242802544,14.830375459087254,5.242087639380774
54.400000000000006,8.48655177531722,1.115505927833492,-1.3879128231754212,0.04052364462072865,-0.2191058435705476,0.22282175939550516,-0.022002486242802544,14.852375459087254,5.264087639380774
54.5,8.49030071707937,1.0938277029139103,-1.3764549620221185,0.04260650126552445,-0.21646832808724847,0.22062151077122508,-0.02200248624280088,14.874375459087252,5.2860876393807725
54.6,8.494723031406387,1.0730162834451709,-1.3648315773523365,0.04468435572852007,-0.2138749608065099,0.21849299875936315,-0.021285120118619272,14.8956579320607,5.307370112354221
54.7,8.499410436167075,1.0525461042420103,-1.3531430300919551,0.04672760380815622,-0.2112873485288294,0.2163927277105103,-0.02100271048852853,14.916657932060701,5.3283701123542215
54.800000000000004,8.504097840927763,1.0320759250388496,-1.3414544828315738,0.048716529172608256,-0.20868147202725676,0.21429245666165744,-0.02100271048852853,14.937657932060702,5.349370112354222
54.900000000000006,8.508785245688449,1.011605745835689,-1.3297659355711924,0.050650987287329176,-0.20605824691566638,0.2121921856128046,-0.02100271048852853,14.958657932060701,5.370370112354221
55.0,8.513472650449135,0.99113556663253,-1.318077388310812,0.05253084759116357,-0.20341858965320944,0.2100919145639519,-0.021002710488526866,14.9796579320607,5.39137011235422
55.1,8.519009816351346,0.9718733170171953,-1.306236655493181,0.05441154491117685,-0.20084741983493984,0.2080872467835874,-0.020046677803645108,14.999701695252124,5.4114138755456445
55.2,8.524585872473182,0.952666349580191,-1.2943889577421634,0.05624136788768402,-0.19826432182093295,0.2060869543881715,-0.020002923954158813,15.019701695252126,5.431413875545646
55.300000000000004,8.53016192859502,0.9334593821431869,-1.2825412599911457,0.05801769893773998,-0.19566632876740714,0.20408666199275566,-0.020002923954158536,15.039701695252125,5.451413875545645
55.400000000000006,8.535737984716855,0.9142524147061828,-1.270693562240128,0.059740445166031005,-0.19305434465040422,0.20208636959733978,-0.020002923954158813,15.059701695252127,5.471413875545647
55.5,8.54131404083869,0.89504544726918,-1.2588458644891112,0.061409527577144615,-0.19042927351855918,0.20008607720192403,-0.020002923954157426,15.079701695252124,5.4914138755456445
55.6,8.547678665666268,0.877099127737394,-1.2469143251644434,0.06307107495726592,-0.18787743764638823,0.19818146248536353,-0.019046147165605043,15.098744727561861,5.510456907855382
55.7,8.554078750345978,0.8592094962126103,-1.234979015705629,0.06468267413269706,-0.18531713781475104,0.19628115014134218,-0.019003123440213543,15.117744727561861,5.529456907855382
55.800000000000004,8.56047883502569,0.8413198646878266,-1.2230437062468145,0.06624223249368329,-0.18274538773123972,0.1943808377973208,-0.01900312344021382,15.136744727561862,5.548456907855382
55.900000000000006,8.5668789197054,0.823430233163043,-1.211108396788,0.0677497093382712,-0.180163063815417,0.19248052545329944,-0.019003123440213543,15.155744727561862,5.567456907855382
56.0,8.57327900438511,0.8055406016382605,-1.1991730873291866,0.06920507745833707,-0.17757104179106306,0.1905802131092782,-0.019003123440212433,15.174744727561862,5.586456907855382
56.1,8.580196288299991,0.7886014888911957,-1.1872266149310342,0.0706362685921584,-0.17503381614503394,0.18874935558808428,-0.018308575211939127,15.193050052689651,5.604762232983171
56.2,8.58734089283476,0.7720801503848341,-1.1752752361716237,0.07202942185444364,-0.17251579736583542,0.18694902501338537,-0.018003305746989162,15.21105005268965,5.62276223298317
56.300000000000004,8.594485497369527,0.7555588118784726,-1.1633238574122131,0.07337257727696232,-0.16998971720691303,0.18514869443868642,-0.01800330574698944,15.22905005268965,5.640762232983171
56.400000000000006,8.601630101904295,0.739037473372111,-1.1513724786528028,0.0746657439932676,-0.16745640986696503,0.1833483638639875,-0.018003305746989162,15.247050052689652,5.658762232983172
56.5,8.608774706439062,0.7225161348657506,-1.1394210998933931,0.07590894392015249,-0.16491670814121842,0.1815480332892887,-0.018003305746988052,15.26505005268965,5.676762232983171
56.6,8.616010445878596,0.7061929185420356,-1.1274774956751583,0.07710695952382832,-0.16238469987201937,0.17976171438750552,-0.01786318901783185,15.28290991326806,5.6946220935615806
56.7,8.623805366389636,0.6910853305735157,-1.1155815941047316,0.07828560435560106,-0.1599287803661413,0.17806136762005162,-0.017003467674538975,15.29990991326806,5.71162209356158
56.800000000000004,8.631600286900678,0.6759777426049959,-1.1036856925343048,0.0794168370687118,-0.15746801474004837,0.17636102085259772,-0.017003467674538975,15.316909913268061,5.728622093561581
56.900000000000006,8.639395207411718,0.660870154636476,-1.0917897909638783,0.08050071172225282,-0.15500318217406883,0.1746606740851438,-0.017003467674539252,15.33390991326806,5.745622093561581
57.0,8.647190127922759,0.6457625666679573,-1.0798938893934524,0.08153729418832414,-0.15253505984621749,0.17296032731769,-0.017003467674537864,15.35090991326806,5.76262209356158
57.1,8.6549850484338,0.6306549786994374,-1.0679979878230257,0.08252666211168537,-0.15006442276159584,0.1712599805502361,-0.017003467674538975,15.367909913268061,5.779622093561581
57.2,8.662920322349509,0.6159232321201381,-1.056134984798567,0.08347679582974853,-0.14761733008175928,0.16958552881206757,-0.016744517381685475,15.384650927144968,5.796363107438488
57.300000000000004,8.671257176934049,0.6022668469602127,-1.0443661114471634,0.08440416308968822,-0.1452410203475763,0.16798516820980286,-0.016003606022647054,15.400650927144968,5.812363107438488
57.400000000000006,8.67959403151859,0.5886104618002873,-1.0325972380957595,0.08528727197141643,-0.14286352033416766,0.16638480760753815,-0.016003606022647054,15.416650927144968,5.828363107438488
57.5,8.68793088610313,0.5749540766403628,-1.0208283647443566,0.08612622515158734,-0.14048554130575822,0.16478444700527356,-0.016003606022645944,15.432650927144968,5.844363107438488
57.6,8.69626774068767,0.5612976914804373,-1.0090594913929527,0.08692113590229222,-0.13810779191863107,0.16318408640300883,-0.016003606022647332,15.448650927144968,5.860363107438488
57.7,8.704604595272212,0.5476413063205119,-0.997290618041549,0.08767212804358744,-0.13573097807044224,0.16158372580074412,-0.016003606022647054,15.464650927144968,5.876363107438488
57.800000000000004,8.712945818404483,0.5340002842869486,-0.9855238088558965,0.08837963477593824,-0.13335685152087096,0.1599844045233405,-0.015993212774036147,15.480640532736672,5.892352713030192
57.900000000000006,8.721702951624088,0.5218219174927481,-0.9739535197521599,0.08907340215940168,-0.13108439140100758,0.15848403276426007,-0.015003717590804377,15.495640532736672,5.907352713030193
58.0,8.730460084843694,0.5096435506985484,-0.9623832306484241,0.08972652895253456,-0.12881389608547347,0.15698366100517971,-0.015003717590803545,15.510640532736671,5.922352713030191
58.1,8.739217218063299,0.4974651839043479,-0.9508129415446874,0.09033915541030989,-0.12654600046835954,0.15548328924609928,-0.015003717590804377,15.525640532736672,5.937352713030192
58.2,8.747974351282906,0.48528681711014743,-0.9392426524409508,0.09091143102326067,-0.12428133643921342,0.1539829174870188,-0.015003717590804655,15.540640532736672,5.9523527130301925
58.300000000000004,8.756731484502511,0.4731084503159469,-0.9276723633372141,0.09144351446647682,-0.12202053275450023,0.15248254572793837,-0.015003717590804377,15.555640532736673,5.967352713030193
58.400000000000006,8.765488617722117,0.46093008352174636,-0.9161020742334776,0.09193557354686518,-0.11976421490984453,0.15098217396885794,-0.015003717590804377,15.570640532736673,5.982352713030194
58.5,8.774344771196173,0.4492668509948669,-0.9046250879535929,0.09239816249118775,-0.11754877584742823,0.14951633735139735,-0.014658366174605808,15.585295153141857,5.997007333435377
58.6,8.783388604197519,0.4385799859426751,-0.8933249445829917,0.09284276008806004,-0.11540606026416743,0.14811595743357878,-0.014003799178185783,15.599295153141858,6.011007333435378
58.7,8.792432437198867,0.42789312089048337,-0.8820248012123905,0.09325084331118562,-0.11326844621312565,0.14671557751576017,-0.01400379917818606,15.613295153141857,6.0250073334353775
58.800000000000004,8.801476270200213,0.41720625583829163,-0.8707246578417893,0.09362258579293292,-0.11113648402920491,0.14531519759794156,-0.01400379917818606,15.627295153141858,6.039007333435379
58.900000000000006,8.81052010320156,0.40651939078609983,-0.8594245144711881,0.09395816892603046,-0.10901072075704556,0.143914817680123,-0.014003799178185783,15.641295153141858,6.053007333435378
59.0,8.819563936202906,0.3958325257339088,-0.8481243711005877,0.09425778181118066,-0.10689170004608224,0.1425144377623045,-0.01400379917818495,15.655295153141857,6.067007333435377
59.1,8.828607769204252,0.3851456606817171,-0.8368242277299865,0.09452162120329506,-0.10477996204636511,0.14111405784448589,-0.01400379917818606,15.669295153141858,6.0810073334353785
59.2,8.837680849399797,0.37476323103790055,-0.8255939511231734,0.09475658178323602,-0.10269768901786552,0.13973412296519885,-0.013799348792870314,15.683090692859553,6.094802873153073
59.300000000000004,8.846867728247839,0.3655653368750273,-0.8146355208862923,0.09498403758954684,-0.10070716199509537,0.13843373820683608,-0.01300384758362777,15.696090692859553,6.107802873153073
59.400000000000006,8.85605460709588,0.35636744271215404,-0.8036770906494113,0.09517935424930152,-0.09872409610986506,0.1371333534484733,-0.01300384758362777,15.709090692859553,6.120802873153073
59.5,8.86524148594392,0.3471695485492814,-0.792718660412531,0.09534272383662543,-0.09674895552191531,0.1358329686901106,-0.013003847583626937,15.722090692859553,6.133802873153073
59.6,8.874428364791962,0.3379716543864081,-0.78176023017565,0.09547434472588798,-0.09478220106388689,0.13453258393174783,-0.01300384758362777,15.735090692859552,6.146802873153073
59.7,8.883615243640003,0.32877376022353483,-0.7708017999387689,0.09557442154170273,-0.09282429015912512,0.13323219917338505,-0.01300384758362777,15.748090692859552,6.1598028731530725
59.800000000000004,8.892802122488044,0.3195758660606616,-0.7598433697018878,0.09564316510788425,-0.090875676740181,0.13193181441502227,-0.01300384758362777,15.761090692859554,6.172802873153074
59.900000000000006,8.901989001336085,0.31037797189778826,-0.7488849394650068,0.09568079239537093,-0.08893681116802371,0.1306314296566595,-0.01300384758362777,15.774090692859554,6.185802873153074
60.0,8.911171613811456,0.30193518218480636,-0.7381391158306431,0.09570707876150457,-0.08706309811426448,0.12938248713915992,-0.012489425174995739,15.786576264266476,6.198288444559996
60.1,8.920350199238937,0.2942051388763625,-0.727593972501562,0.09572341300093132,-0.08525068484190602,0.12818210117860002,-0.012003859605599076,15.798576264266476,6.210288444559996
60.2,8.92952878466642,0.2864750955679186,-0.7170488291724808,0.09571226584749547,-0.08344769718844129,0.1269817152180401,-0.012003859605599076,15.810576264266476,6.222288444559997
60.300000000000004,8.938707370093901,0.27874505225947477,-0.7065036858433996,0.09567383883345773,-0.08165451213893939,0.1257813292574802,-0.012003859605599076,15.822576264266477,6.234288444559997
60.400000000000006,8.947885955521384,0.27101500895103087,-0.6959585425143185,0.09560833837456281,-0.07987150346654037,0.1245809432969203,-0.012003859605599076,15.834576264266477,6.2462884445599975
60.5,8.957064540948865,0.2632849656425875,-0.6854133991852381,0.09551597572460815,-0.07809904167150196,0.12338055733636047,-0.012003859605598244,15.846576264266476,6.258288444559996
60.6,8.966243126376348,0.2555549223341437,-0.674868255856157,0.09539696692927141,-0.07633749392084792,0.12218017137580056,-0.012003859605599076,15.858576264266476,6.270288444559997
60.7,8.975421711803829,0.24782487902569977,-0.6643231125270759,0.09525153277920441,-0.07458722398862841,0.12097978541524065,-0.012003859605599076,15.870576264266475,6.282288444559995
60.800000000000004,8.984570092538165,0.24035685865428627,-0.6538670755700071,0.09508799439965533,-0.0728682427263376,0.11979777742918829,-0.011820079860523636,15.882392489586858,6.294104669880378
60.900000000000006,8.993584320758169,0.23405259901514733,-0.6438067997547636,0.09493614011121122,-0.07124746098340917,0.11869739422497,-0.011003832042182915,15.893392489586859,6.305104669880379
61.0,9.002598548978174,0.22774833937600886,-0.6337465239395209,0.09476138811788072,-0.06963717629964035,0.11759701102075179,-0.011003832042182082,15.904392489586858,6.316104669880378
61.1,9.011612777198177,0.22144407973686991,-0.6236862481242775,0.09456393492179842,-0.06803768444567908,0.1164966278165335,-0.011003832042182915,15.915392489586859,6.327104669880379
61.2,9.020627005418183,0.21513982009773097,-0.613625972309034,0.09434398064954681,-0.06644927829422395,0.11539624461231521,-0.011003832042182915,15.926392489586858,6.338104669880378
61.300000000000004,9.029641233638188,0.20883556045859206,-0.6035656964937905,0.09410172901366996,-0.06487224777712522,0.11429586140809693,-0.011003832042182776,15.937392489586859,6.349104669880379
61.400000000000006,9.038655461858191,0.20253130081945314,-0.5935054206785471,0.09383738727369154,-0.06330687984296808,0.11319547820387864,-0.011003832042182915,15.948392489586858,6.3601046698803785
61.5,9.047669690078196,0.19622704118031464,-0.5834451448633043,0.09355116619664368,-0.061753458415143424,0.11209509499966043,-0.011003832042182082,15.95939248958686,6.3711046698803795
61.6,9.0566839182982,0.1899227815411757,-0.5733848690480609,0.09324328001711174,-0.06021226435041082,0.11099471179544214,-0.011003832042182915,15.970392489586859,6.382104669880379
61.7,9.06566726259092,0.18374919705616066,-0.5633780304598774,0.09291892998463268,-0.058693669252944225,0.10990393241309922,-0.010907793823429213,15.981296458124028,6.393008638417548
61.800000000000004,9.074359888636227,0.17880569096873425,-0.5538742100550227,0.09262172631248601,-0.05728176304447843,0.10890355624399434,-0.010003761691048801,15.991296458124028,6.403008638417548
61.900000000000006,9.083052514681537,0.1738621848813078,-0.5443703896501679,0.09230615550172658,-0.055880854742613714,0.10790318007488946,-0.010003761691048801,16.001296458124028,6.413008638417548
62.0,9.091745140726845,0.16891867879388173,-0.5348665692453137,0.09197240019765965,-0.05449116519950901,0.10690280390578465,-0.010003761691048108,16.011296458124026,6.423008638417546
62.1,9.100437766772153,0.16397517270645529,-0.525362748840459,0.09162064557746899,-0.053112912784844445,0.10590242773667977,-0.010003761691048801,16.021296458124027,6.433008638417547
62.2,9.109130392817463,0.15903166661902884,-0.5158589284356042,0.09125107931948871,-0.05174631335771195,0.10490205156757489,-0.010003761691048801,16.03129645812403,6.443008638417549
62.300000000000004,9.11782301886277,0.1540881605316024,-0.5063551080307493,0.0908638915721699,-0.0503915802388651,0.10390167539847,-0.010003761691048801,16.041296458124027,6.453008638417547
62.400000000000006,9.12651564490808,0.14914465444417596,-0.4968512876258946,0.0904592749227463,-0.049048924183332926,0.10290129922936513,-0.010003761691048801,16.05129645812403,6.4630086384175485
62.5,9.135208270953388,0.14420114835674988,-0.4873474672210405,0.09003742436560352,-0.04771855335340039,0.10190092306026033,-0.010003761691047969,16.061296458124026,6.4730086384175465
62.6,9.143900896998696,0.13925764226932344,-0.4778436468161857,0.08959853727035512,-0.0464006732919582,0.10090054689115545,-0.010003761691048801,16.071296458124028,6.483008638417548
62.7,9.152541877915695,0.13443183990241162,-0.46840628300623527,0.08912528636998315,-0.04509405934377461,0.09988388688187586,-0.010166600092795935,16.081196666384646,6.492908846678166
62.800000000000004,9.160716974868595,0.1306678274408677,-0.4595684154679925,0.08847750715966662,-0.04378852327709329,0.09872033247501448,-0.011635544068613751,16.090196666384646,6.501908846678166
62.900000000000006,9.168892071821498,0.1269038149793238,-0.4507305479297497,0.08781369473661636,-0.04249799952636871,0.0975567780681531,-0.011635544068613751,16.099196666384646,6.510908846678166
63.0,9.1770671687744,0.12313980251778014,-0.44189268039150753,0.0871340642078366,-0.041222668793279654,0.0963932236612918,-0.011635544068613057,16.108196666384647,6.519908846678167
63.1,9.185242265727302,0.11937579005623622,-0.4330548128532647,0.08643883261562281,-0.039962709146860315,0.09522966925443042,-0.011635544068613751,16.117196666384647,6.528908846678167
63.2,9.193417362680202,0.11561177759469231,-0.4242169453150219,0.08572821890780291,-0.03871829600346425,0.09406611484756905,-0.011635544068613751,16.126196666384647,6.537908846678167
63.300000000000004,9.201592459633105,0.1118477651331484,-0.41537907777677907,0.08500244390777567,-0.03748960210704815,0.09290256044070766,-0.01163554406861389,16.135196666384648,6.546908846678168
63.400000000000006,9.209767556586007,0.10808375267160449,-0.4065412102385363,0.08426173028435031,-0.03627679750977869,0.09173900603384628,-0.011635544068613751,16.144196666384648,6.555908846678168
63.5,9.217942653538907,0.10431974021006084,-0.39770334270029406,0.08350630252138998,-0.0350800495529638,0.09057545162698499,-0.011635544068612919,16.15319666638465,6.564908846678168
63.6,9.225790095535,0.10108821716974241,-0.3895601777041432,0.08288266732940693,-0.034026722409764225,0.08959550424875284,-0.009799473782321488,16.161691229959494,6.573403410253015
63.7,9.23331693102414,0.09837772874153879,-0.3820967709437915,0.08239173483148532,-0.03310879177494898,0.08879521418037528,-0.008002900683775627,16.169691229959493,6.581403410253014
63.800000000000004,9.240843766513281,0.09566724031333516,-0.3746333641834399,0.08189175878993005,-0.032200101114253504,0.0879949241119977,-0.008002900683775765,16.177691229959493,6.589403410253013
63.900000000000006,9.24837060200242,0.09295675188513156,-0.3671699574230882,0.0813828499037208,-0.031300733977804585,0.08719463404362013,-0.008002900683775765,16.185691229959495,6.5974034102530155
64.0,9.25589743749156,0.09024626345692813,-0.35970655066273716,0.08086511961290684,-0.030410772777139494,0.08639434397524261,-0.00800290068377521,16.193691229959494,6.605403410253015
64.10000000000001,9.2634242729807,0.08753577502872431,-0.352243143902385,0.08033868008777102,-0.02953029877881513,0.08559405390686498,-0.00800290068377632,16.201691229959494,6.613403410253014
64.2,9.27095110846984,0.08482528660052088,-0.34477973714203386,0.07980364421794031,-0.02865939209811657,0.08479376383848747,-0.008002900683775072,16.209691229959496,6.621403410253016
64.3,9.278477943958979,0.08211479817231745,-0.33731633038168274,0.07926012560144222,-0.02779813169286295,0.08399347377010995,-0.00800290068377521,16.217691229959495,6.6294034102530155
64.4,9.28600477944812,0.07940430974411364,-0.32985292362133056,0.07870823853370988,-0.026946595357313807,0.08319318370173232,-0.00800290068377632,16.225691229959494,6.637403410253015
64.5,9.29353161493726,0.07669382131591021,-0.3223895168609795,0.07814809799653566,-0.02610485971617503,0.08239289363335481,-0.008002900683775072,16.233691229959494,6.645403410253014
64.60000000000001,9.3010584504264,0.07398333288770641,-0.3149261101006273,0.07757981964697341,-0.025273000218703823,0.08159260356497718,-0.00800290068377632,16.241691229959496,6.653403410253016
64.7,9.30858528591554,0.07127284445950298,-0.3074627033402762,0.07700351980619248,-0.02445109113291595,0.08079231349659965,-0.00800290068377521,16.249691229959495,6.6614034102530155
64.8,9.316104548785395,0.06857152336888295,-0.30001739442722464,0.07641984075952517,-0.023640883420811824,0.07999302113701919,-0.007992923595804696,16.2576812628587,6.66939344315222
64.9,9.322871622791364,0.06678079463517057,-0.2943697460974706,0.07588206537332379,-0.023005765483837502,0.07929283127003799,-0.00700189866981199,16.264681262858698,6.676393443152218
65.0,9.329638696797332,0.06499006590145846,-0.2887220977677173,0.07533957502777856,-0.022377482372760722,0.0785926414030569,-0.00700189866981088,16.2716812628587,6.6833934431522195
65.10000000000001,9.336405770803301,0.0631993371677461,-0.2830744494379632,0.07479242980731754,-0.021756066965731236,0.0778924515360757,-0.00700189866981199,16.2786812628587,6.690393443152221
65.2,9.34317284480927,0.061408608434033986,-0.27742680110820994,0.07424069001666503,-0.021141551680031054,0.0771922616690946,-0.007001898669811019,16.2856812628587,6.697393443152219
65.3,9.349939918815238,0.05961787970032187,-0.27177915277845666,0.07368441617755093,-0.020533968470638073,0.07649207180211351,-0.00700189866981088,16.2926812628587,6.70439344315222
65.4,9.356706992821207,0.0578271509666095,-0.2661315044487026,0.07312366902541127,-0.019933348828813046,0.07579188193513231,-0.00700189866981199,16.299681262858698,6.711393443152218
65.5,9.363474066827175,0.05603642223289739,-0.2604838561189493,0.07255850950608012,-0.01933972378070908,0.07509169206815121,-0.007001898669811019,16.3066812628587,6.71839344315222
65.60000000000001,9.370241140833144,0.054245693499185024,-0.2548362077891952,0.07198899877247156,-0.018753123886002872,0.07439150220117001,-0.00700189866981199,16.313681262858697,6.7253934431522175
65.7,9.377008214839114,0.052454964765472914,-0.24918855945944193,0.0714151981812543,-0.018173579236549862,0.07369131233418892,-0.00700189866981088,16.3206812628587,6.732393443152219
65.8,9.383775288845081,0.0506642360317608,-0.24354091112968868,0.07083716928951644,-0.017601119455060762,0.07299112246720782,-0.007001898669811019,16.327681262858697,6.739393443152217
65.9,9.39054236285105,0.04887350729804843,-0.23789326279993459,0.07025497385142264,-0.017035773693801784,0.07229093260022662,-0.00700189866981199,16.334681262858698,6.746393443152218
66.0,9.39730943685702,0.04708277856433632,-0.2322456144701813,0.06966867381486301,-0.016477570633317572,0.07159074273324553,-0.00700189866981088,16.3416812628587,6.75339344315222
66.10000000000001,9.40407651086299,0.045292049830623946,-0.2265979661404272,0.06907833131809303,-0.0159265384811762,0.07089055286626433,-0.00700189866981199,16.348681262858697,6.760393443152218
66.2,9.410843584868957,0.043501321096911835,-0.22095031781067395,0.06848400868636687,-0.015382704970738296,0.07019036299928323,-0.007001898669811019,16.3556812628587,6.767393443152219
66.3,9.416978117629883,0.04221370565461072,-0.21644097043556546,0.06793999152980622,-0.014939010611799787,0.0695630396628095,-0.006273233364737368,16.361953136257988,6.773665316551508
66.4,9.422876467372207,0.041113946445867244,-0.21235665045218977,0.06741380494604594,-0.014534915173293656,0.06896292378081408,-0.006001158819954194,16.367953136257988,6.779665316551508
66.5,9.428774817114531,0.040014187237123924,-0.2082723304688147,0.06688546059828326,-0.014135369268833747,0.06836280789881873,-0.0060011588199535,16.373953136257985,6.785665316551505
66.60000000000001,9.434673166856857,0.03891442802838045,-0.204188010485439,0.06635498688079777,-0.013740383743404113,0.0677626920168233,-0.006001158819954194,16.37995313625799,6.791665316551509
66.7,9.440571516599181,0.03781466881963713,-0.2001036905020639,0.06582241224029944,-0.01334996928590621,0.06716257613482796,-0.0060011588199535,16.385953136257985,6.797665316551505
66.8,9.446469866341506,0.03671490961089382,-0.19601937051868878,0.06528776517512666,-0.012964136428911819,0.0665624602528326,-0.0060011588199535,16.391953136257985,6.8036653165515055
66.9,9.452368216083832,0.03561515040215034,-0.19193505053531312,0.06475107423444385,-0.012582895548420455,0.06596234437083719,-0.006001158819954194,16.397953136257986,6.809665316551506
67.0,9.458266565826156,0.034515391193407026,-0.18785073055193802,0.06421236801743789,-0.01220625686362069,0.06536222848884184,-0.0060011588199535,16.403953136257986,6.815665316551506
67.10000000000001,9.464164915568482,0.033415631984663546,-0.18376641056856233,0.06367167517251297,-0.01183423043665496,0.06476211260684642,-0.006001158819954194,16.409953136257986,6.821665316551506
67.2,9.470063265310806,0.03231587277592023,-0.17968209058518722,0.0631290243964851,-0.011466826172389073,0.06416199672485107,-0.0060011588199535,16.415953136257986,6.827665316551506
67.3,9.47596161505313,0.031216113567176913,-0.17559777060181211,0.06258444443377478,-0.01110405381818492,0.06356188084285573,-0.006001158819953362,16.421953136257986,6.833665316551507
67.4,9.481859964795456,0.03011635435843344,-0.17151345061843642,0.06203796407559907,-0.01074592296367765,0.0629617649608603,-0.006001158819954333,16.427953136257987,6.839665316551507
67.5,9.48775831453778,0.02901659514969012,-0.16742913063506135,0.061489612159162946,-0.010392443040556852,0.062361649078864954,-0.006001158819953431,16.433953136257987,6.845665316551507
67.60000000000001,9.493656664280106,0.027916835940946648,-0.16334481065168566,0.06093941756684864,-0.010043623322351179,0.06176153319686953,-0.006001158819954264,16.439953136257987,6.851665316551507
67.7,9.49955501402243,0.026817076732203328,-0.15926049066831055,0.06038740922540525,-0.009699472924217713,0.061161417314874185,-0.006001158819953431,16.445953136257987,6.857665316551508
67.8,9.505453363764754,0.025717317523460008,-0.15517617068493544,0.05983361610513626,-0.009360000802734591,0.06056130143287884,-0.006001158819953431,16.451953136257988,6.863665316551508
67.9,9.511291183374668,0.024649147836655654,-0.15117664515151683,0.05928369908359877,-0.00903121674237212,0.05996765672329036,-0.005936447095884825,16.4578884580012,6.86960063829472
68.0,9.516253667875388,0.024037798852759026,-0.14840334457670054,0.058813949706833984,-0.00879283161463793,0.059467592585553466,-0.005000641377368928,16.462888458001203,6.874600638294723
68.10000000000001,9.521216152376109,0.02342644986886231,-0.14563004400188384,0.05834333787061643,-0.00855712202549095,0.0589675284478165,-0.005000641377369691,16.4678884580012,6.879600638294722
68.2,9.526178636876828,0.022815100884965685,-0.14285674342706756,0.057871874803702865,-0.008324090914626825,0.0584674643100796,-0.005000641377368997,16.4728884580012,6.884600638294721
68.3,9.531141121377548,0.022203751901069057,-0.14008344285225127,0.05739957174449254,-0.00809374118003354,0.057967400172342705,-0.005000641377368928,16.4778884580012,6.88960063829472
68.4,9.536103605878269,0.02159240291717234,-0.13731014227743457,0.05692643994088239,-0.007866075677960709,0.057467336034605736,-0.005000641377369691,16.482888458001202,6.8946006382947225
68.5,9.541066090378989,0.020981053933275717,-0.1345368417026183,0.05645249065012221,-0.007641097222889381,0.05696727189686884,-0.005000641377368928,16.4878884580012,6.8996006382947215
68.60000000000001,9.54602857487971,0.020369704949379,-0.1317635411278016,0.055977735138668924,-0.007418808587501972,0.056467207759131874,-0.005000641377369691,16.4928884580012,6.9046006382947205
68.7,9.55099105938043,0.019758355965482373,-0.1289902405529853,0.055502184682041975,-0.00719921250265319,0.05596714362139498,-0.005000641377368928,16.4978884580012,6.9096006382947195
68.8,9.555953543881149,0.019147006981585744,-0.12621693997816902,0.05502585056467736,-0.006982311657340949,0.05546707948365808,-0.005000641377368997,16.502888458001202,6.914600638294722
68.9,9.56091602838187,0.018535657997689033,-0.12344363940335233,0.054548744079782496,-0.0067681086986780955,0.05496701534592112,-0.005000641377369622,16.5078884580012,6.919600638294721
69.0,9.56587851288259,0.017924309013792404,-0.12067033882853603,0.054070876529190785,-0.006556606231864604,0.05446695120818422,-0.005000641377368997,16.5128884580012,6.92460063829472
69.10000000000001,9.57084099738331,0.017312960029895692,-0.11789703825371936,0.0535922592232156,-0.006347806820159979,0.05396688707044726,-0.005000641377369622,16.517888458001202,6.929600638294723
69.2,9.57580348188403,0.016701611045999064,-0.11512373767890306,0.05311290348050506,-0.006141712984856548,0.05346682293271036,-0.005000641377368997,16.5228884580012,6.934600638294722
69.3,9.580765966384751,0.016090262062102435,-0.11235043710408676,0.05263282062789579,-0.00593832720525285,0.052966758794973465,-0.005000641377368928,16.5278884580012,6.939600638294721
69.4,9.58572845088547,0.015478913078205722,-0.10957713652927009,0.052152022000267216,-0.005737651918627765,0.052466694657236496,-0.005000641377369691,16.5328884580012,6.94460063829472
69.5,9.590690935386192,0.014867564094309093,-0.1068038359544538,0.05167051894039584,-0.00553968952021514,0.0519666305194996,-0.005000641377368928,16.5378884580012,6.949600638294719
69.60000000000001,9.595653419886911,0.01425621511041238,-0.1040305353796371,0.05118832279880873,-0.005344442363178618,0.051466566381762634,-0.005000641377369691,16.5428884580012,6.954600638294721
69.7,9.600615904387633,0.013644866126515753,-0.10125723480482082,0.0507054449336379,-0.005151912758587375,0.05096650224402574,-0.005000641377368928,16.5478884580012,6.95960063829472
69.8,9.605578388888352,0.013033517142619125,-0.09848393423000454,0.0502218967104737,-0.004962102975391927,0.05046643810628884,-0.005000641377368997,16.5528884580012,6.964600638294719
69.9,9.610475428044493,0.012443547688353627,-0.09578183178458607,0.04974404516699954,-0.004779199759645854,0.049973100563394,-0.004933375428948436,16.557821214563987,6.969533394857507
70.0,9.614464652591657,0.012150140953061354,-0.09406734278082743,0.04935390384120847,-0.004656332808622022,0.04957306990284041,-0.004000306605535867,16.561821214563988,6.973533394857508
70.10000000000001,9.618453877138819,0.011856734217769041,-0.09235285377706855,0.048963488599450225,-0.004534817801740516,0.049173039242286776,-0.004000306605536352,16.56582121456399,6.97753339485751
70.2,9.622443101685983,0.011563327482476769,-0.09063836477330989,0.04857280293088759,-0.004414655315081515,0.04877300858173319,-0.004000306605535867,16.569821214563987,6.981533394857507
70.3,9.626432326233145,0.011269920747184498,-0.08892387576955124,0.04818185032584993,-0.0042958459167345775,0.04837297792117961,-0.004000306605535797,16.57382121456399,6.985533394857509
70.4,9.630421550780307,0.010976514011892185,-0.08720938676579236,0.047790634275816216,-0.004178390166796384,0.04797294726062597,-0.004000306605536422,16.577821214563986,6.9895333948575065
70.5,9.63441077532747,0.010683107276599912,-0.08549489776203371,0.04739915827339807,-0.004062288617368526,0.04757291660007239,-0.004000306605535797,16.581821214563988,6.993533394857508
70.60000000000001,9.638399999874633,0.0103897005413076,-0.08378040875827482,0.04700742581232219,-0.003947541812555156,0.047172885939518745,-0.004000306605536422,16.58582121456399,6.997533394857509
70.7,9.642389224421795,0.010096293806015327,-0.08206591975451617,0.04661544038741364,-0.003834150288460925,0.046772855278965166,-0.004000306605535797,16.589821214563987,7.001533394857507
70.8,9.646378448968958,0.009802887070723056,-0.08035143075075753,0.04622320549457832,-0.003722114573188708,0.04637282461841158,-0.004000306605535867,16.593821214563988,7.005533394857508
70.9,9.65036767351612,0.009509480335430743,-0.07863694174699863,0.04583072463078597,-0.0036114351868375277,0.045972793957857944,-0.004000306605536352,16.59782121456399,7.00953339485751
71.0,9.654356898063282,0.009216073600138472,-0.07692245274323999,0.04543800129405313,-0.0035021126415005106,0.04557276329730436,-0.004000306605535867,16.601821214563987,7.013533394857507
71.10000000000001,9.658346122610446,0.008922666864846157,-0.07520796373948109,0.04504503898342561,-0.003394147441262726,0.045172732636750715,-0.004000306605536422,16.60582121456399,7.017533394857509
71.2,9.662335347157608,0.008629260129553886,-0.07349347473572244,0.04465184119896177,-0.003287540082199289,0.044772701976197135,-0.004000306605535797,16.60982121456399,7.02153339485751
71.3,9.666324571704772,0.008335853394261614,-0.0717789857319638,0.04425841144171491,-0.0031822910523732688,0.044372671315643555,-0.004000306605535797,16.613821214563988,7.025533394857508
71.4,9.670313796251934,0.008042446658969301,-0.0700644967282049,0.04386475321371626,-0.0030784008318337883,0.04397264065508991,-0.004000306605536422,16.61782121456399,7.029533394857509
71.5,9.674303020799096,0.007749039923677029,-0.06835000772444626,0.043470870017958,-0.0029758698926141565,0.04357260999453633,-0.004000306605535867,16.621821214563987,7.033533394857507
71.60000000000001,9.67829224534626,0.0074556331883847155,-0.06663551872068738,0.043076765358375624,-0.002874698698729886,0.04317257933398269,-0.004000306605536352,16.625821214563988,7.037533394857508
71.7,9.682281469893422,0.0071622264530924445,-0.06492102971692872,0.042682442739831204,-0.002774887706176967,0.042772548673429105,-0.004000306605535867,16.62982121456399,7.04153339485751
71.8,9.686270694440584,0.0068688197178001726,-0.06320654071317007,0.04228790566809585,-0.0026764373629299615,0.042372518012875525,-0.004000306605535797,16.633821214563987,7.045533394857507
71.9,9.690259918987747,0.006575412982507859,-0.06149205170941118,0.041893157649832584,-0.002579348108940275,0.04197248735232188,-0.004000306605536422,16.63782121456399,7.049533394857509
72.0,9.69424914353491,0.006282006247215587,-0.059777562705652536,0.04149820219257939,-0.0024836203761344623,0.0415724566917683,-0.004000306605535797,16.64182121456399,7.05353339485751
72.10000000000001,9.698238368082073,0.0059885995119232744,-0.05806307370189364,0.04110304280473154,-0.002389254588412428,0.04117242603121466,-0.004000306605536422,16.645821214563988,7.057533394857508
72.2,9.702227592629235,0.0056951927766310025,-0.056348584698134994,0.04070768299552487,-0.002296251161645877,0.04077239537066108,-0.004000306605535797,16.64982121456399,7.061533394857509
72.3,9.706216817176397,0.005401786041338731,-0.05463409569437635,0.04031212627501819,-0.0022046105036765806,0.040372364710107495,-0.004000306605535867,16.653821214563987,7.065533394857507
72.4,9.710137486453958,0.00512102553143097,-0.052975396668612354,0.03992316571344523,-0.002116926219266147,0.03997925133367339,-0.003931133764341066,16.65775205498905,7.06946423528257
72.5,9.713135448841623,0.005010474538035007,-0.052067592466557164,0.03962546611755461,-0.002065069116130711,0.039679239855217305,-0.003000114784560831,16.66075205498905,7.07246423528257
72.60000000000001,9.71613341122929,0.004899923544639028,-0.05115978826450184,0.03932770551740826,-0.0020137542762534125,0.03937922837676118,-0.0030001147845612475,16.66375205498905,7.0754642352825705
72.7,9.719131373616955,0.004789372551243065,-0.05025198406244665,0.03902988465221869,-0.0019629817674340676,0.0390792168983051,-0.003000114784560831,16.66675205498905,7.078464235282571
72.8,9.72212933600462,0.004678821557847102,-0.04934417986039147,0.038732004261270915,-0.0019127516565772226,0.038779205419849014,-0.003000114784560831,16.66975205498905,7.081464235282571
72.9,9.725127298392287,0.004568270564451124,-0.048436375658336146,0.03843406508392155,-0.0018630640096921013,0.03847919394139289,-0.0030001147845612475,16.67275205498905,7.084464235282571
73.0,9.728125260779953,0.00445771957105516,-0.047528571456280956,0.03813606785959791,-0.001813918891892553,0.038179182462936806,-0.003000114784560831,16.67575205498905,7.087464235282571
73.10000000000001,9.731123223167618,0.004347168577659182,-0.04662076725422564,0.03783801332779674,-0.001765316367396926,0.03787917098448068,-0.0030001147845612475,16.67875205498905,7.090464235282571
73.2,9.734121185555285,0.004236617584263219,-0.04571296305217045,0.03753990222808349,-0.0017172564995280545,0.037579159506024605,-0.0030001147845607617,16.68175205498905,7.093464235282571
73.3,9.73711914794295,0.0041260665908672564,-0.04480515885011526,0.037241735300091026,-0.001669739350713136,0.03727914802756852,-0.003000114784560831,16.68475205498905,7.096464235282571
73.4,9.740117110330615,0.004015515597471277,-0.04389735464805994,0.036943513283518734,-0.0016227649824836839,0.0369791365491124,-0.0030001147845612475,16.68775205498905,7.099464235282571
73.5,9.743115072718282,0.0039049646040753144,-0.04298955044600475,0.03664523691813163,-0.0015763334554754782,0.036679125070656314,-0.003000114784560831,16.69075205498905,7.1024642352825715
73.60000000000001,9.746113035105948,0.003794413610679336,-0.04208174624394943,0.036346906943759055,-0.001530444829428449,0.03637911359220019,-0.0030001147845612475,16.69375205498905,7.105464235282572
73.7,9.749110997493613,0.003683862617283373,-0.04117394204189424,0.03604852410029399,-0.0014850991631866648,0.036079102113744106,-0.003000114784560831,16.69675205498905,7.108464235282572
73.8,9.75210895988128,0.0035733116238874096,-0.04026613783983905,0.035750089127691745,-0.0014402965146982187,0.03577909063528803,-0.0030001147845607617,16.69975205498905,7.111464235282572
73.9,9.755106922268945,0.0034627606304914313,-0.03935833363778374,0.03545160276596906,-0.0013960369410151844,0.035479079156831905,-0.0030001147845612475,16.702752054989052,7.114464235282572
74.0,9.75810488465661,0.0033522096370954685,-0.03845052943572855,0.035153065755203224,-0.0013523204982935717,0.03517906767837582,-0.003000114784560831,16.705752054989052,7.117464235282572
74.10000000000001,9.761102847044278,0.0032416586436994892,-0.03754272523367323,0.034854478835530764,-0.0013091472417932196,0.0348790561999197,-0.0030001147845612475,16.708752054989052,7.120464235282572
74.2,9.764100809431943,0.0031311076503035265,-0.03663492103161804,0.034555842747146764,-0.0012665172258777846,0.034579044721463614,-0.003000114784560831,16.71175205498905,7.123464235282569
74.3,9.767098771819608,0.0030205566569075637,-0.03572711682956285,0.03425715823030354,-0.0012244305040146374,0.03427903324300753,-0.003000114784560831,16.71475205498905,7.126464235282569
74.4,9.770096734207275,0.002910005663511585,-0.03481931262750753,0.03395842602530979,-0.0011828871287748225,0.033979021764551406,-0.0030001147845612475,16.71775205498905,7.129464235282569
74.5,9.77309469659494,0.002799454670115622,-0.03391150842545235,0.03365964687252962,-0.0011418871518330176,0.03367901028609532,-0.003000114784560831,16.72075205498905,7.132464235282569
74.60000000000001,9.776092658982606,0.0026889036767196433,-0.033003704223397025,0.033360821512381345,-0.0011014306239674346,0.0333789988076392,-0.0030001147845612475,16.72375205498905,7.135464235282569
74.7,9.779090621370273,0.0025783526833236805,-0.032095900021341835,0.033061950685336704,-0.0010615175950598123,0.03307898732918312,-0.0030001147845607617,16.72675205498905,7.138464235282569
74.8,9.782088583757938,0.0024678016899277173,-0.031188095819286644,0.032763035131919596,-0.001022148114095319,0.03277897585072704,-0.003000114784560831,16.72975205498905,7.1414642352825695
74.9,9.785086546145603,0.0023572506965317385,-0.030280291617231326,0.03246407559270521,-0.0009833222291625182,0.032478964372270915,-0.0030001147845612475,16.73275205498905,7.14446423528257
75.0,9.78808450853327,0.0022466997031357757,-0.029372487415176136,0.03216507280831909,-0.0009450399874533311,0.03217895289381483,-0.003000114784560831,16.73575205498905,7.14746423528257
75.10000000000001,9.791082470920935,0.002136148709739797,-0.028464683213120817,0.03186602751943584,-0.0009073014352629475,0.03187894141535871,-0.0030001147845612475,16.73875205498905,7.15046423528257
75.2,9.7940804333086,0.002025597716343834,-0.02755687901106563,0.03156694046677845,-0.0008701066179898191,0.031578929936902624,-0.003000114784560831,16.74175205498905,7.15346423528257
75.3,9.797078395696268,0.001915046722947871,-0.02664907480901044,0.031267812391116985,-0.0008334555801355715,0.03127891845844655,-0.0030001147845607617,16.74475205498905,7.15646423528257
75.4,9.800076358083933,0.0018044957295518926,-0.02574127060695512,0.03096864403326766,-0.0007973483653049735,0.03097890697999042,-0.003000114784561282,16.74775205498905,7.15946423528257
75.5,9.803074320471598,0.0016939447361559294,-0.02483346640489993,0.030669436134092,-0.0007617850162059056,0.03067889550153434,-0.0030001147845607964,16.75075205498905,7.16246423528257
75.60000000000001,9.806072282859265,0.0015833937427599505,-0.023925662202844613,0.03037018943449549,-0.0007267655746492769,0.030378884023078215,-0.0030001147845612475,16.75375205498905,7.16546423528257
75.7,9.80907024524693,0.0014728427493639878,-0.023017858000789423,0.030070904675426908,-0.0006922900815490222,0.03007887254462213,-0.003000114784560831,16.75675205498905,7.1684642352825705
75.8,9.81133248533169,0.001424762840956638,-0.022518864396731737,0.02984500896277927,-0.0006721893358302909,0.0298525777528772,-0.002262947917449319,16.75901495341223,7.17072713370575
75.9,9.813332318932165,0.0013989641896437937,-0.0221656792741275,0.029645291018234207,-0.0006572156500384946,0.029652575132127282,-0.0020000262074991795,16.761014953412232,7.172727133705752
76.0,9.81533215253264,0.0013731655383309527,-0.021812494151523313,0.02944556624452378,-0.0006423831234588944,0.02945257251137739,-0.002000026207498902,16.76301495341223,7.174727133705751
76.10000000000001,9.817331986133116,0.001347366887018108,-0.02145930902891908,0.029245834716446033,-0.0006276917590387826,0.029252569890627477,-0.002000026207499145,16.76501495341223,7.17672713370575
76.2,9.819331819733591,0.0013215682357052671,-0.02110612390631489,0.029046096508800336,-0.0006131415596902322,0.029052567269877587,-0.002000026207498902,16.767014953412232,7.1787271337057525
76.3,9.821331653334067,0.0012957695843924264,-0.020752938783710703,0.0288463516963872,-0.0005987325282900835,0.028852564649127697,-0.002000026207498902,16.76901495341223,7.180727133705751
76.4,9.823331486934542,0.0012699709330795817,-0.020399753661106468,0.02864660035400833,-0.0005844646676799479,0.028652562028377782,-0.002000026207499145,16.77101495341223,7.18272713370575
76.5,9.825331320535017,0.0012441722817667408,-0.020046568538502278,0.028446842556466685,-0.0005703379806662145,0.028452559407627892,-0.002000026207498902,16.77301495341223,7.184727133705749
76.60000000000001,9.827331154135493,0.0012183736304538961,-0.019693383415898044,0.02824707837856629,-0.0005563524700200361,0.028252556786877974,-0.0020000262074991795,16.77501495341223,7.186727133705752
76.7,9.829330987735968,0.0011925749791410552,-0.019340198293293857,0.028047307895112433,-0.0005425081384773428,0.028052554166128087,-0.0020000262074988673,16.77701495341223,7.188727133705751
76.80000000000001,9.831330821336444,0.0011667763278282108,-0.01898701317068962,0.027847531180911402,-0.0005288049887388276,0.02785255154537817,-0.0020000262074991795,16.77901495341223,7.1907271337057495
76.9,9.833330654936919,0.0011409776765153698,-0.018633828048085433,0.02764774831077074,-0.0005152430234699609,0.02765254892462828,-0.002000026207498902,16.78101495341223,7.192727133705752
77.0,9.835330488537394,0.0011151790252025289,-0.018280642925481247,0.02744795935949899,-0.0005018222453009762,0.027452546303878392,-0.0020000262074988673,16.78301495341223,7.194727133705751
77.10000000000001,9.83733032213787,0.0010893803738896844,-0.01792745780287701,0.027248164401905795,-0.0004885426568268758,0.027252543683128475,-0.0020000262074991795,16.78501495341223,7.19672713370575
77.2,9.839330155738345,0.0010635817225768435,-0.017574272680272823,0.02704836351280195,-0.000475404260607436,0.027052541062378584,-0.002000026207498902,16.787014953412232,7.198727133705752
77.30000000000001,9.84132998933882,0.0010377830712639988,-0.017221087557668584,0.026848556766999186,-0.0004624070591671934,0.026852538441628666,-0.0020000262074991795,16.78901495341223,7.200727133705751
77.4,9.843329822939296,0.001011984419951158,-0.0168679024350644,0.026648744239310396,-0.00044955105499545954,0.02665253582087878,-0.0020000262074988673,16.79101495341223,7.20272713370575
77.5,9.845329656539771,0.0009861857686383172,-0.016514717312460212,0.026448926004549404,-0.0004368362505463071,0.02645253320012889,-0.002000026207498902,16.793014953412232,7.204727133705752
77.60000000000001,9.847329490140247,0.0009603871173254725,-0.016161532189855974,0.02624910213753106,-0.00042426264823857546,0.02625253057937897,-0.0020000262074991795,16.79501495341223,7.206727133705751
77.7,9.849329323740722,0.0009345884660126316,-0.015808347067251788,0.026049272713071274,-0.0004118302504558761,0.026052527958629085,-0.0020000262074988673,16.79701495341223,7.20872713370575
77.80000000000001,9.851329157341198,0.000908789814699787,-0.015455161944647551,0.025849437805986825,-0.0003995390595465783,0.025852525337879167,-0.0020000262074991795,16.799014953412232,7.210727133705753
77.9,9.853328990941673,0.0008829911633869461,-0.015101976822043364,0.025649597491095574,-0.00038738907782382434,0.025652522717129277,-0.002000026207498902,16.80101495341223,7.2127271337057515
78.0,9.855328824542148,0.0008571925120741052,-0.014748791699439177,0.025449751843216246,-0.00037538030756551616,0.02545252009637939,-0.0020000262074988673,16.80301495341223,7.21472713370575
78.10000000000001,9.857328658142624,0.0008313938607612606,-0.014395606576834941,0.025249900937168484,-0.00036351275101432004,0.025252517475629472,-0.0020000262074991795,16.80501495341223,7.216727133705749
78.2,9.8593284917431,0.0008055952094484197,-0.014042421454230755,0.02505004484777294,-0.000351786410377672,0.025052514854879582,-0.002000026207498902,16.80701495341223,7.218727133705752
78.30000000000001,9.861328325343575,0.0007797965581355751,-0.013689236331626517,0.024850183649851063,-0.0003402012878277649,0.024852512234129667,-0.002000026207499145,16.80901495341223,7.220727133705751
78.4,9.86332815894405,0.0007539979068227343,-0.01333605120902233,0.024650317418225275,-0.000328757385501562,0.024652509613379777,-0.002000026207498902,16.81101495341223,7.2227271337057495
78.5,9.865327992544525,0.0007281992555098933,-0.012982866086418144,0.02445044622771881,-0.0003174547055007845,0.024452506992629887,-0.002000026207498902,16.81301495341223,7.224727133705752
78.60000000000001,9.867327826145,0.0007024006041970488,-0.012629680963813906,0.024250570153155737,-0.00030629324989191675,0.024252504371879972,-0.002000026207499145,16.81501495341223,7.226727133705751
78.7,9.869327659745476,0.0006766019528842078,-0.01227649584120972,0.024050689269361047,-0.00029527302070621016,0.024052501751130082,-0.002000026207498902,16.81701495341223,7.22872713370575
78.80000000000001,9.871327493345952,0.0006508033015713633,-0.011923310718605484,0.02385080365116046,-0.0002843940199396721,0.023852499130380164,-0.0020000262074991795,16.819014953412232,7.230727133705752
78.9,9.873327326946427,0.0006250046502585223,-0.011570125596001296,0.023650913373380593,-0.00027365624955307774,0.023652496509630277,-0.0020000262074988673,16.82101495341223,7.232727133705751
79.0,9.875327160546902,0.0005992059989456815,-0.01121694047339711,0.02345101851084878,-0.0002630597114719595,0.023452493888880387,-0.002000026207498902,16.82301495341223,7.23472713370575
79.10000000000001,9.877326994147378,0.0005734073476328369,-0.010863755350792873,0.023251119138393134,-0.00025260440758661064,0.02325249126813047,-0.0020000262074991795,16.825014953412232,7.236727133705752
79.2,9.879326827747853,0.000547608696319996,-0.010510570228188685,0.023051215330842614,-0.00024229033975209003,0.023052488647380583,-0.0020000262074988673,16.82701495341223,7.238727133705751
79.30000000000001,9.881326661348329,0.0005218100450071514,-0.010157385105584449,0.02285130716302679,-0.0002321175097882111,0.022852486026630665,-0.0020000262074991795,16.82901495341223,7.24072713370575
79.4,9.883326494948804,0.0004960113936943105,-0.009804199982980263,0.0226513947097761,-0.0002220859194795534,0.022652483405880774,-0.002000026207498902,16.83101495341223,7.242727133705749
79.5,9.88532632854928,0.0004702127423814696,-0.009451014860376075,0.022451478045921607,-0.00021219557057545213,0.022452480785130888,-0.0020000262074988673,16.83301495341223,7.2447271337057515
79.60000000000001,9.887326162149755,0.00044441409106862504,-0.009097829737771838,0.022251557246295052,-0.00020244646479000225,0.02225247816438097,-0.0020000262074991795,16.83501495341223,7.24672713370575
79.7,9.88932599575023,0.0004186154397557841,-0.008744644615167652,0.022051632385728964,-0.00019283860380206244,0.02205247554363108,-0.002000026207498902,16.83701495341223,7.248727133705749
79.80000000000001,9.891325829350706,0.00039281678844293945,-0.008391459492563414,0.021851703539056425,-0.00018337198925524488,0.021852472922881165,-0.002000026207499145,16.83901495341223,7.250727133705752
79.9,9.893325662951181,0.0003670181371300987,-0.008038274369959228,0.021651770781111263,-0.00017404662275792614,0.021652470302131275,-0.002000026207498902,16.84101495341223,7.252727133705751
80.0,9.895325496551656,0.00034121948581725776,-0.007685089247355042,0.021451834186727872,-0.00016486250588323748,0.021452467681381385,-0.002000026207498902,16.84301495341223,7.2547271337057495
80.10000000000001,9.897325330152132,0.0003154208345044131,-0.007331904124750804,0.021251893830741272,-0.00015581964016906857,0.02125246506063147,-0.002000026207499145,16.84501495341223,7.256727133705752
80.2,9.899325163752607,0.00028962218319157217,-0.0069787190021466175,0.021051949787987155,-0.00014691802711807114,0.02105246243988158,-0.002000026207498902,16.84701495341223,7.258727133705751
80.30000000000001,9.901324997353083,0.00026382353187872775,-0.006625533879542379,0.0208520021333017,-0.00013815766819764972,0.020852459819131662,-0.0020000262074991795,16.84901495341223,7.26072713370575
80.4,9.903324830953558,0.0002380248805658868,-0.006272348756938193,0.020652050941521772,-0.00012953856483997165,0.020652457198381775,-0.0020000262074988673,16.851014953412232,7.262727133705752
80.5,9.905324664554033,0.00021222622925304584,-0.005919163634334007,0.02045209628748471,-0.0001210607184419579,0.020452454577631885,-0.002000026207498902,16.85301495341223,7.264727133705751
80.60000000000001,9.907324498154509,0.0001864275779402012,-0.005565978511729769,0.02025213824602838,-0.00011272413036528683,0.020252451956881967,-0.0020000262074991795,16.85501495341223,7.26672713370575
80.7,9.909324331754984,0.00016062892662736046,-0.005212793389125583,0.020052176891991295,-0.00010452880193639754,0.02005244933613208,-0.0020000262074988673,16.85701495341223,7.268727133705749
80.72622432442908,10.0,0.0,0.0,0.0,0.0,0.0,-0.2005244933613208,16.94769079659561,3.552713678800501e-15
