frame,x,y,theta,velocity
0,0.0,0.0,0.0,0.10250000000000001
1,0.004999999999993542,5.989917565339825e-09,3.5939505392072106e-06,0.10500000000000001
2,0.009999999999793337,4.7919340522055426e-08,1.4375802156828842e-05,0.10750000000000001
3,0.014999999998430647,1.6172777425223834e-07,3.234555485286489e-05,0.11
4,0.019999999993386763,3.83354724091559e-07,5.750320862731537e-05,0.1125
5,0.024999999979818,7.487396952364243e-07,8.984876348018028e-05,0.115
6,0.029999999949780722,1.293822192567576e-06,0.00012938221941145956,0.11750000000000001
7,0.034999999891456364,2.0545417203622837e-06,0.00017610357642115337,0.12000000000000001
8,0.039999999788376386,3.0668377818672603e-06,0.00023001283450926148,0.12
9,0.04499999961864737,4.366649878704484e-06,0.000291109993675784,0.12
10,0.049999999354175984,5.989917510082029e-06,0.0003593950539207211,0.12
11,0.05499999895989396,7.972580171782079e-06,0.0004348680152440725,0.12
12,0.059999998392983186,1.0350577354898283e-05,0.0005175288776458382,0.12
13,0.06499999760210065,1.315984854429458e-05,0.0006073776411260187,0.12
14,0.06999999652660349,1.6436333216757595e-05,0.0007044143056846135,0.12
15,0.07499999509577396,2.0215970838814883e-05,0.0008086388713216224,0.12
16,0.07999999322804455,2.4534700864191044e-05,0.0009200513380370459,0.12
17,0.08499999083022286,2.9428462730873902e-05,0.001038651705830884,0.12
18,0.08999998779671667,3.493319585776284e-05,0.001164439974703136,0.12
19,0.09499998400875904,4.108483964087169e-05,0.001297416144653803,0.12
20,0.09999997933363322,4.7919333449057835e-05,0.0014375802156828845,0.12
21,0.10499997362389764,5.547261661925016e-05,0.0015849321877903799,0.12
22,0.10999996671661111,6.378062845114785e-05,0.00173947206097629,0.12
23,0.1149999584325576,7.287930820136195e-05,0.0019011998352406149,0.12
24,0.11999994857547149,8.280459507697205e-05,0.002070115510583353,0.12
25,0.1249999369312624,9.359242822847051e-05,0.0022462190870045067,0.12
26,0.1299999232672404,0.00010527874674206561,0.0024295105645040747,0.12
27,0.13499990733134087,0.0001178994896313166,0.002619989943082057,0.12
28,0.1399998888513497,0.00013149059582807232,0.002817657222738454,0.12
29,0.1449998675341282,0.00014608800417268545,0.0030225124034732637,0.12
30,0.1499998430648382,0.00016172765340347558,0.0032345554852864894,0.12
31,0.15499981510616712,0.00017844548214541087,0.0034537864681781294,0.12
32,0.15999978329755293,0.00019627742889798363,0.0036802053521481836,0.12
33,0.1649997472544094,0.00021525943202224936,0.003913812137196653,0.12
34,0.16999970656735094,0.0002354274297270026,0.004154606823323536,0.12
35,0.17499966080141782,0.00025681736005406177,0.004402589410528834,0.12
36,0.17999960949530128,0.0002794651608626342,0.004657759898812544,0.12
37,0.18499955216056846,0.00030340676981273584,0.004920118288174672,0.12
38,0.18999948828088772,0.00032867812434763326,0.005189664578615212,0.12
39,0.19499941731125356,0.00035531516167528637,0.005466398770134168,0.12
40,0.1999993386772119,0.00038335381874875815,0.005750320862731538,0.12
41,0.20499925177408507,0.0004128300322455672,0.006041430856407322,0.12
42,0.20999915596619714,0.0004437797385459537,0.0063397287511615195,0.12
43,0.21499905058609892,0.00047623887371003176,0.006645214546994133,0.12
44,0.2199989349337932,0.000510243373453799,0.00695788824390516,0.12
45,0.2249988082759601,0.0005458291731239773,0.007277749841894602,0.12
46,0.22999866984518208,0.0005830322076716567,0.007604799340962459,0.12
47,0.23499851883916917,0.000621888411624711,0.00793903674110873,0.12
48,0.2399983544199844,0.0006624337190589625,0.008280462042333412,0.12
49,0.2449981757132692,0.0007047040635680675,0.008629075244636512,0.12
50,0.24999798180746807,0.0007487353782320878,0.008984876348018027,0.12
51,0.2549977717530548,0.0007945635955847291,0.009347865352477955,0.12
52,0.2599975445617572,0.0008422246475792142,0.009718042258016299,0.12
53,0.26499729920578274,0.0008917544655527643,0.010095407064633057,0.12
54,0.26999703461704383,0.0009431889801896578,0.010479959772328228,0.12
55,0.2749967496863832,0.0009965641214828434,0.010871700381101813,0.12
56,0.2799964432628001,0.0010519158186940783,0.011270628890953815,0.12
57,0.28499611415267484,0.0011092800003125567,0.01167674530188423,0.12
58,0.28999576111899467,0.001168692594012015,0.012090049613893055,0.12
59,0.29499538288057997,0.0012301895266062734,0.012510541826980298,0.12
60,0.2999949781113092,0.0012938067240031868,0.012938221941145958,0.12
61,0.30499454543934484,0.00135958011115699,0.013373089956390031,0.12
62,0.3099940834463591,0.001427545612018989,0.013815145872712518,0.12
63,0.31499359066675964,0.0014977391494865936,0.01426438969011342,0.12
64,0.3199930655869158,0.00157019664535064,0.014720821408592735,0.12
65,0.32499250664438406,0.0016449540202409958,0.015184441028150468,0.12
66,0.3299919122271342,0.0017220471935704064,0.015655248548786613,0.12
67,0.3349912806727753,0.0018015120834765645,0.01613324397050117,0.12
68,0.33999061026778166,0.001883384606762359,0.016618427293294144,0.12
69,0.34498989924671924,0.0019677006788343036,0.017110798517165533,0.12
70,0.34998914579147183,0.0020544962136390854,0.017610357642115337,0.12
71,0.3549883480304672,0.0021438071235982247,0.018117104668143546,0.12
72,0.3599875040379034,0.002235669319540825,0.018631039595250178,0.12
73,0.3649866118329757,0.002330118710634351,0.019152162423435225,0.12
74,0.3699856693791022,0.0024271912043134568,0.019680473152698687,0.12
75,0.37498467458315166,0.0025269227062067923,0.020215971783040562,0.12
76,0.3799836252946695,0.0026293491200617826,0.02075865831446085,0.12
77,0.3849825193051041,0.0027345063476673535,0.021308532746959555,0.12
78,0.3899813543470352,0.0028424302887745606,0.021865595080536673,0.12
79,0.3949801280933993,0.0029531568410151162,0.022429845315192206,0.12
80,0.3999788381567178,0.00306672189981775,0.02300128345092615,0.12
81,0.4049774820883242,0.003183161358322434,0.023579909487738516,0.12
82,0.4099760573775906,0.0033025111072923774,0.02416572342562929,0.12
83,0.4149745614511562,0.0034248070350238126,0.024758725264598477,0.12
84,0.41997299167215424,0.0035500850272535242,0.025358915004646078,0.12
85,0.42497134533944003,0.0036783809670640996,0.025966292645772094,0.12
86,0.4299696196868184,0.003809730734786864,0.026580858187976533,0.12
87,0.4349678118822724,0.0039441702079024785,0.02720261163125938,0.12
88,0.4399659190271907,0.00408173526093919,0.02783155297562064,0.12
89,0.44496393815559615,0.004222461765368669,0.028467682221060317,0.12
90,0.44996186623337425,0.004366385589499438,0.029110999367578407,0.12
91,0.45495970015750203,0.004513542598367856,0.029761504415174913,0.12
92,0.4599574367552762,0.004663968653626615,0.030419197363849838,0.12
93,0.4649550727835425,0.004817699613430757,0.03108407821360317,0.12
94,0.4699526049279243,0.004974771332321126,0.03175614696443492,0.12
95,0.474950029802053,0.005135219661105304,0.03243540361634508,0.12
96,0.4799473439467963,0.005299080446735932,0.03312184816933365,0.12
97,0.48494454382948843,0.005466389532186442,0.033815480623400646,0.12
98,0.48994162584315987,0.0056371827563241,0.03451630097854605,0.12
99,0.4949385863057677,0.0058114959537804625,0.03522430923476987,0.12
100,0.49993542145942566,0.005989364954819048,0.03593950539207211,0.12
101,0.5049321274696343,0.0061708255852003634,0.036661889450452755,0.12
102,0.5099287004245125,0.006355913666044126,0.03739146140991182,0.12
103,0.514925136334028,0.006544665013688739,0.0381282212704493,0.12
104,0.5199214311292285,0.006737115439547935,0.038872169032065196,0.12
105,0.5249175806614733,0.006933300749964625,0.039623304694759505,0.12
106,0.5299135807016645,0.007133256746061849,0.040381628258532226,0.12
107,0.5349094269394806,0.007337019223590852,0.04114713972338336,0.12
108,0.5399051149826064,0.007544623972776264,0.04191983908931291,0.12
109,0.5449006403559673,0.007756106778158305,0.042699726356320876,0.12
110,0.5498959985009613,0.007971503418432054,0.04348680152440725,0.12
111,0.5548911847746926,0.00819084966628369,0.04428106459357205,0.12
112,0.5598861944492043,0.008414181288223717,0.04508251556381526,0.12
113,0.5648810227107127,0.008641534044417178,0.04589115443513689,0.12
114,0.5698756646588415,0.0088729436885107,0.04670698120753692,0.12
115,0.5748701153058554,0.009108445967456552,0.04752999588101538,0.12
116,0.5798643695758952,0.009348076621333436,0.04836019845557222,0.12
117,0.5848584223042133,0.00959187138316427,0.0491975889312075,0.12
118,0.5898522682364084,0.009839865978730614,0.050042167307921194,0.12
119,0.5948459020276612,0.010092096126384018,0.05089393358571331,0.12
120,0.5998393182419715,0.010348597536854076,0.05175288776458383,0.12
121,0.6048325113513937,0.010609405913053194,0.05261902984453277,0.12
122,0.6098254757352742,0.010874556949878078,0.053492359825560123,0.12
123,0.6148182056794887,0.01114408633400792,0.05437287770766589,0.12
124,0.6198106953756798,0.011418029743699196,0.05526058349085007,0.12
125,0.624802938920495,0.011696422848577115,0.05615547717511267,0.12
126,0.6297949303148258,0.011979301309423632,0.05705755876045368,0.12
127,0.6347866634630461,0.01226670077796207,0.0579668282468731,0.12
128,0.6397781321722527,0.012558656896638246,0.05888328563437094,0.12
129,0.6447693301515033,0.012855205298398153,0.0598069309229472,0.12
130,0.6497602510110596,0.013156381606462077,0.06073776411260187,0.12
131,0.6547508882616261,0.013462221434095215,0.06167578520333495,0.12
132,0.659741235313592,0.013772760384374711,0.06262099419514645,0.12
133,0.6647312854762741,0.01408803404995311,0.06357339108803636,0.12
134,0.6697210319571578,0.014408078012818178,0.06453297588200468,0.12
135,0.6747104678611415,0.01473292784404909,0.06549974857705142,0.12
136,0.679699586189779,0.015062619103568929,0.06647370917317658,0.12
137,0.6846883798405242,0.015397187339893486,0.06745485767038015,0.12
138,0.6896768416059755,0.01573666808987638,0.06844319406866213,0.12
139,0.6946649641731217,0.01608109687845035,0.06943871836802254,0.12
140,0.6996527401225872,0.016430509218364812,0.07044143056846135,0.12
141,0.7046401619278778,0.0167849406099196,0.07145133066997855,0.12
142,0.7096272219546302,0.017144426540694903,0.07246841867257418,0.12
143,0.7146139124598571,0.017509002485277297,0.07349269457624824,0.12
144,0.719600225591197,0.0178787039049819,0.07452415838100071,0.12
145,0.7245861533861627,0.018253566247570664,0.07556281008683159,0.12
146,0.7295716877713921,0.01863362494696665,0.0766086496937409,0.12
147,0.7345568205618964,0.019018915422964418,0.07766167720172862,0.12
148,0.7395415434603145,0.01940947308093638,0.07872189261079475,0.12
149,0.7445258480561616,0.019805333311535122,0.07978929592093928,0.12
150,0.749509725825084,0.020206531490391783,0.08086388713216225,0.12
151,0.7544931681281116,0.020613102977810185,0.08194566624446362,0.12
152,0.759476166210912,0.021025083118457064,0.0830346332578434,0.12
153,0.7644587112030458,0.021442507241048046,0.0841307881723016,0.12
154,0.7694407941172219,0.021865410658029525,0.08523413098783822,0.12
155,0.7744224058485546,0.0222938286652564,0.08634466170445325,0.12
156,0.7794035371738205,0.02272779654166552,0.08746238032214669,0.12
157,0.7843841787507169,0.02316734954894504,0.08858728684091854,0.12
158,0.7893643211171208,0.023612522931199358,0.08971938126076882,0.12
159,0.7943439546903492,0.024063351914609964,0.0908586635816975,0.12
160,0.7993230697664195,0.024519871707091807,0.0920051338037046,0.12
161,0.8043016565193115,0.02498211749794553,0.09315879192679012,0.12
162,0.8092797050002303,0.0254501244575051,0.09431963795095406,0.12
163,0.8142572051368699,0.025923927736781375,0.0954876718761964,0.12
164,0.8192341467326777,0.026403562467100933,0.09666289370251716,0.12
165,0.8242105194661201,0.026889063759740796,0.09784530342991633,0.12
166,0.8291863128899498,0.027380466705558416,0.09903490105839391,0.12
167,0.8341615164304724,0.02787780637461739,0.1002316865879499,0.12
168,0.8391361193868162,0.028381117815808564,0.10143566001858431,0.12
169,0.8441101109302012,0.028890436056466663,0.10264682135029714,0.12
170,0.8490834801032103,0.029405796101982237,0.10386517058308838,0.12
171,0.854056215819061,0.029927232935409363,0.10509070771695804,0.12
172,0.8590283068608798,0.03045478151706823,0.10632343275190613,0.12
173,0.8639997418809737,0.030988476784143574,0.1075633456879326,0.12
174,0.8689705094001083,0.031528353650278236,0.10881044652503752,0.12
175,0.8739405978067835,0.032074447005162016,0.11006473526322082,0.12
176,0.8789099953565105,0.03262679171411594,0.11132621190248256,0.12
177,0.8838786901710914,0.03318542261767171,0.11259487644282272,0.12
178,0.8888466702379004,0.03375037453114645,0.11387072888424127,0.12
179,0.8938139234091637,0.03432168224421268,0.11515376922673826,0.12
180,0.8987804374012421,0.034899380520463416,0.11644399747031363,0.12
181,0.9037461997939179,0.03548350409697264,0.11774141361496744,0.12
182,0.9087111980296771,0.03607408768385058,0.11904601766069965,0.12
183,0.9136754194129982,0.03667116596379456,0.12035780960751029,0.12
184,0.918638851109639,0.03727477359163454,0.12167678945539935,0.12
185,0.923601480145928,0.03788494519387406,0.1230029572043668,0.12
186,0.9285632934080533,0.038501715368225935,0.12433631285441268,0.12
187,0.9335242776413563,0.03912511868314337,0.12567685640553697,0.12
188,0.9384844194496251,0.039755189677345704,0.12702458785773968,0.12
189,0.9434437052943908,0.040391962859339284,0.1283795072110208,0.12
190,0.9484021214942239,0.041035472706933515,0.12974161446538032,0.12
191,0.9533596542240309,0.04168575366675142,0.13111090962081828,0.12
192,0.9583162895143583,0.04234284015373554,0.1324873926773346,0.12
193,0.9632720132506903,0.043006766550648466,0.13387106363492937,0.12
194,0.9682268111727544,0.0436775672075683,0.13526192249360258,0.12
195,0.9731806688738253,0.04435527644137901,0.1366599692533542,0.12
196,0.9781335718000315,0.04503992853525563,0.1380652039141842,0.12
197,0.9830855052496642,0.04573155773814419,0.13947762647609263,0.12
198,0.9880364543724861,0.04643019826423638,0.1408972369390795,0.12
199,0.992986404169044,0.04713588429243915,0.14232403530314475,0.12
200,0.9979353394899821,0.04784864996583899,0.14375802156828843,0.12
201,1.0028832450353569,0.04856852939116072,0.14519919573451054,0.12
202,1.007830105353954,0.04929555663822124,0.14664755780181102,0.12
203,1.0127759048426084,0.05002976573937785,0.14810310777018998,0.12
204,1.0177206277455237,0.05077119068897114,0.14956584563964728,0.12
205,1.0226642581535954,0.051519865442762686,0.151035771410183,0.12
206,1.0276067800037365,0.052275823917367154,0.1525128850817972,0.12
207,1.032548177078202,0.05303909998967905,0.15399718665448975,0.12
208,1.0374884330039194,0.053809727496294195,0.15548867612826078,0.12
209,1.0424275312518185,0.0545877402329255,0.15698735350311013,0.12
210,1.0473654551361644,0.05537317195381345,0.15849321877903802,0.12
211,1.0523021878138914,0.056166056371130785,0.16000627195604422,0.12
212,1.0572377122839407,0.056966427154382264,0.1615265130341289,0.12
213,1.0621720113865991,0.05777431792979809,0.16305394201329193,0.12
214,1.0671050678028409,0.05858976227972257,0.16458855889353344,0.12
215,1.0720368640536693,0.059412793741996435,0.16613036367485332,0.12
216,1.076967382499464,0.060243445809334314,0.16767935635725165,0.12
217,1.0818966053393277,0.061081751928695756,0.16923553694072835,0.12
218,1.0868245146104378,0.06192774550065153,0.1707989054252835,0.12
219,1.091751092187396,0.06278145987874346,0.17236946181091703,0.12
220,1.0966763197815865,0.06364292836883902,0.173947206097629,0.12
221,1.1016001789405314,0.06451218422848001,0.17553213828541936,0.12
222,1.10652265104725,0.0653892606662258,0.1771242583742882,0.12
223,1.1114437173196205,0.06627419084099047,0.17872356636423536,0.12
224,1.1163633588097486,0.06716700786137451,0.18033006225526105,0.12
225,1.1212815564033272,0.06806774478499046,0.18194374604736507,0.12
226,1.1261982908190136,0.0689764346177829,0.18356461774054755,0.12
227,1.1311135426077958,0.06989311031334275,0.18519267733480838,0.12
228,1.1360272921523724,0.07081780477221553,0.18682792483014768,0.12
229,1.1409395196665248,0.07175055084120376,0.18847036022656535,0.12
230,1.1458502051945023,0.07269138131266367,0.1901199835240615,0.12
231,1.1507593286104012,0.07364032892379582,0.19177679472263598,0.12
232,1.1556668696175523,0.0745974263559301,0.19344079382228888,0.12
233,1.1605728077479105,0.07556270623380447,0.19511198082302028,0.12
234,1.1654771223614422,0.07653620112483776,0.19679035572483,0.12
235,1.1703797926455233,0.07751794353839724,0.19847591852771823,0.12
236,1.1752807976143347,0.07850796592505878,0.20016866923168478,0.12
237,1.1801801161082621,0.07950630067586267,0.20186860783672983,0.12
238,1.185077726793299,0.08051298012156216,0.20357573434285323,0.12
239,1.1899736081604528,0.08152803653186677,0.2052900487500551,0.12
240,1.194867738525154,0.08255150211467888,0.20701155105833532,0.12
241,1.1997600960266692,0.08358340901532502,0.20874024126769405,0.12
242,1.2046506586275127,0.08462378931578031,0.21047611937813107,0.12
243,1.2095394041128702,0.08567267503388763,0.21221918538964663,0.12
244,1.2144263100900152,0.08673009812256988,0.2139694393022405,0.12
245,1.2193113539877392,0.08779609046903669,0.21572688111591287,0.12
246,1.2241945130557734,0.08887068389398464,0.21749151083066356,0.12
247,1.229075764364227,0.08995391015079195,0.21926332844649277,0.12
248,1.2339550848030154,0.09104580092470574,0.22104233396340028,0.12
249,1.2388324510813045,0.09214638783202483,0.2228285273813863,0.12
250,1.243707839726947,0.09325570241927461,0.22462190870045068,0.12
251,1.248581227085932,0.09437377616237737,0.22642247792059353,0.12
252,1.25345258932183,0.0955006404658148,0.22823023504181472,0.12
253,1.2583219024152477,0.09663632666178561,0.2300451800641144,0.12
254,1.2631891421632817,0.09778086600935594,0.2318673129874924,0.12
255,1.2680542841789808,0.09893428969360425,0.2336966338119489,0.12
256,1.2729173038908048,0.1000966288247593,0.23553314253748375,0.12
257,1.2777781765420966,0.10126791443733218,0.23737683916409702,0.12
258,1.2826368771905485,0.10244817748924241,0.2392277236917888,0.12
259,1.2874933807076785,0.10363744886093655,0.24108579612055886,0.12
260,1.2923476617783096,0.10483575935450203,0.2429510564504075,0.12
261,1.297199694900049,0.10604313969277339,0.2448235046813344,0.12
262,1.302049454382778,0.10725962051843291,0.2467031408133398,0.12
263,1.3068969143481388,0.10848523239310445,0.24858996484642354,0.12
264,1.3117420487290314,0.10972000579644149,0.2504839767805858,0.12
265,1.3165848312691104,0.11096397112520785,0.2523851766158264,0.12
266,1.3214252355222869,0.11221715869235328,0.25429356435214545,0.12
267,1.3262632348522367,0.11347959872608131,0.2562091399895428,0.12
268,1.33109880243191,0.11475132136891177,0.25813190352801874,0.12
269,1.3359319112430466,0.1160323566767364,0.26006185496757295,0.12
270,1.340762534075696,0.11732273461786819,0.26199899430820567,0.12
271,1.3455906435277396,0.1186224850720839,0.26394332154991673,0.12
272,1.350416212004421,0.11993163782966094,0.2658948366927063,0.12
273,1.3552392117178753,0.1212502225904067,0.2678535397365742,0.12
274,1.3600596146866704,0.12257826896268287,0.2698194306815206,0.12
275,1.364877392735345,0.12391580646242144,0.2717925095275453,0.12
276,1.369692517493957,0.12526286451213628,0.2737727762746485,0.12
277,1.3745049603976327,0.12661947243992638,0.2757602309228301,0.12
278,1.3793146926861242,0.12798565947847382,0.27775487347209016,0.12
279,1.384121685403368,0.12936145476403488,0.2797567039224285,0.12
280,1.3889259093970503,0.13074688733542458,0.2817657222738454,0.12
281,1.393727335318179,0.1321419861329944,0.2837819285263406,0.12
282,1.3985259336206552,0.13354677999760448,0.2858053226799142,0.12
283,1.4033216745608552,0.1349612976695883,0.28783590473456633,0.12
284,1.4081145281972152,0.13638556778771108,0.28987367469029673,0.12
285,1.4129044643898194,0.13781961888812205,0.2919186325471057,0.12
286,1.4176914527999955,0.13926347940329958,0.29397077830499296,0.12
287,1.4224754628899174,0.14071717766099087,0.29603011196395873,0.12
288,1.4272564639222047,0.14218074188314306,0.29809663352400284,0.12
289,1.4320344249595398,0.1436542001848305,0.30017034298512546,0.12
290,1.4368093148642778,0.14513758057317278,0.30225124034732637,0.12
291,1.441581102298071,0.14663091094624844,0.30433932561060584,0.12
292,1.4463497557214946,0.14813421909200047,0.3064345987749636,0.12
293,1.4511152433936778,0.14964753268713651,0.30853705984039986,0.12
294,1.4558775333719418,0.15117087929602144,0.3106467088069145,0.12
295,1.4606365935114438,0.15270428636956435,0.31276354567450754,0.12
296,1.4653923914648233,0.1542477812440981,0.314887570443179,0.12
297,1.4701448946818583,0.15580139114025307,0.3170187831129289,0.12
298,1.4748940704091247,0.15736514316182373,0.3191571836837571,0.12
299,1.4796398856896618,0.15893906429462934,0.3213027721556639,0.12
300,1.4843823073626436,0.1605231814053669,0.323455548528649,0.12
301,1.4891213020630587,0.16211752124045944,0.32561551280271256,0.12
302,1.493856836221389,0.16372211042489535,0.32778266497785447,0.12
303,1.4985888760633046,0.16533697546106374,0.3299570050540749,0.12
304,1.5033173876093537,0.16696214272758078,0.3321385330313736,0.12
305,1.50804233667467,0.16859763847811157,0.3343272489097508,0.12
306,1.5127636888686766,0.17024348884018395,0.3365231526892064,0.12
307,1.5174814095947993,0.17189971981399657,0.33872624436974047,0.12
308,1.5221954640501905,0.1735663572712202,0.3409365239513529,0.12
309,1.5269058172254535,0.17524342695379255,0.3431539914340436,0.12
310,1.531612433904375,0.17693095447270651,0.345378646817813,0.12
311,1.5363152786636654,0.1786289653067915,0.3476104901026606,0.12
312,1.5410143158727057,0.18033748480148942,0.34984952128858676,0.12
313,1.545709509693298,0.1820565381676224,0.3520957403755912,0.12
314,1.5504008240794265,0.18378615048015579,0.3543491473636742,0.12
315,1.5550882227770213,0.18552634667695303,0.3566097422528355,0.12
316,1.5597716693237342,0.18727715155752564,0.3588775250430753,0.12
317,1.5644511270487147,0.1890385897817749,0.3611524957343934,0.12
318,1.5691265590723984,0.19081068586872887,0.36343465432679,0.12
319,1.5737979283062988,0.19259346419527154,0.36572400082026496,0.12
320,1.5784651974528103,0.19438694899486644,0.3680205352148184,0.12
321,1.583128329005011,0.19619116435627293,0.37032425751045017,0.12
322,1.5877872852464814,0.198006134222257,0.3726351677071605,0.12
323,1.5924420282511218,0.19983188238829444,0.3749532658049491,0.12
324,1.5970925198829868,0.2016684325012693,0.37727855180381625,0.12
325,1.6017387217961145,0.20351580805816366,0.37961102570376165,0.12
326,1.6063805954343746,0.2053740324047435,0.3819506875047856,0.12
327,1.6110181020313186,0.2072431287342356,0.38429753720688786,0.12
328,1.6156512026100358,0.20912312008600062,0.3866515748100686,0.12
329,1.6202798579830224,0.21101402934419744,0.3890128003143277,0.12
330,1.624904028752053,0.21291587923644292,0.39138121371966533,0.12
331,1.6295236753080606,0.21482869233246443,0.39375681502608123,0.12
332,1.6341387578310294,0.21675249104274627,0.39613960423357564,0.12
333,1.6387492362898868,0.21868729761716943,0.3985295813421484,0.12
334,1.6433550704424116,0.22063313414364583,0.4009267463517996,0.12
335,1.6479562198351445,0.2225900225467458,0.40333109926252925,0.12
336,1.6525526438033087,0.2245579845863185,0.40574264007433725,0.12
337,1.6571443014707394,0.2265370418561084,0.40816136878722376,0.12
338,1.6617311517498192,0.22852721578236182,0.41058728540118855,0.12
339,1.6663131533414244,0.2305285276224316,0.41302038991623186,0.12
340,1.6708902647348753,0.2325409984633718,0.4154606823323535,0.12
341,1.6754624442079011,0.23456464922052897,0.4179081626495537,0.12
342,1.680029649826607,0.2365995006361251,0.42036283086783216,0.12
343,1.6845918394454535,0.23864557327783578,0.42282468698718917,0.12
344,1.6891489707072431,0.24070288753736213,0.4252937310076245,0.12
345,1.6937010010431148,0.2427714636289961,0.4277699629291383,0.12
346,1.6982478876725484,0.24485132158817954,0.4302533827517304,0.12
347,1.7027895876033792,0.2469424812700584,0.4327439904754011,0.12
348,1.7073260576318139,0.2490449623480294,0.4352417861001501,0.12
349,1.711857254342469,0.2511587843122818,0.4377467696259776,0.12
350,1.716383134108402,0.25328396646833207,0.44025894105288327,0.12
351,1.7209036530911634,0.2554205279355543,0.44277830038086763,0.12
352,1.7254187672408552,0.2575684876457027,0.4453048476099302,0.12
353,1.7299284322961936,0.2597278643414298,0.44783858274007143,0.12
354,1.7344326037845874,0.2618986765747965,0.4503795057712909,0.12
355,1.7389312370222225,0.2640809427057804,0.4529276167035888,0.12
356,1.743424287114153,0.2662746809007732,0.45548291553696507,0.12
357,1.7479117089544087,0.2684799091310761,0.4580454022714199,0.12
358,1.7523934572261057,0.27069664517138764,0.460615076906953,0.12
359,1.7568694864015693,0.2729249065982862,0.4631919394435645,0.12
360,1.761339750742467,0.2751647107887068,0.4657759898812545,0.12
361,1.765804204299948,0.2774160749184124,0.46836722822002286,0.12
362,1.7702628009147958,0.2796790159604585,0.47096565445986976,0.12
363,1.77223662149314,0.2806854824702909,0.472119374357237,0.12
364,1.7766866915058854,0.28296514534219463,0.4747183394853671,0.12
365,1.781130836041273,0.28525633835267716,0.4773048242448008,0.12
366,1.7855690539629967,0.28755899070945323,0.4798788286355381,0.12
367,1.7900013446032592,0.28987303176584023,0.4824403526575789,0.12
368,1.79442770775975,0.29219839102198597,0.48498939631092325,0.12
369,1.7988481436926287,0.2945349981260637,0.4875259595955712,0.12
370,1.8032626531215117,0.2968827828754383,0.4900500425115227,0.12
371,1.8076712372224637,0.2992416752178008,0.49256164505877775,0.12
372,1.8120738976249948,0.30161160525227226,0.49506076723733633,0.12
373,1.8164706364090613,0.3039925032304785,0.4975474090471985,0.12
374,1.820861456102071,0.3063842995575937,0.5000215704883643,0.12
375,1.8252463596758959,0.30878692479335523,0.5024832515608335,0.12
376,1.8296253505438875,0.3112003096530479,0.5049324522646064,0.12
377,1.8339984325578988,0.3136243850084598,0.5073691725996827,0.12
378,1.8383656100053123,0.3160590818888078,0.5097934125660627,0.12
379,1.842726887606072,0.3185043314816354,0.5122051721637463,0.12
380,1.8470822705097232,0.32096006513368075,0.5146044513927334,0.12
381,1.8514317642924558,0.3234262143517158,0.516991250253024,0.12
382,1.855775374954156,0.32590271080335936,0.5193655687446181,0.12
383,1.8601131089154623,0.328389486317858,0.521727406867516,0.12
384,1.8644449730148291,0.3308864728868432,0.5240767646217173,0.12
385,1.8687709745055958,0.33339360266505713,0.5264136420072221,0.12
386,1.8730911210530619,0.33591080797105327,0.5287380390240305,0.12
387,1.87740542073157,0.33843802128786904,0.5310499556721425,0.12
388,1.881713882021595,0.3409751752636695,0.5333493919515581,0.12
389,1.8860165138068397,0.3435222027123669,0.5356363478622772,0.12
390,1.8903133253713365,0.3460790366142114,0.5379108234042999,0.12
391,1.894604326396559,0.34864561011635525,0.5401728185776261,0.12
392,1.8988895269585369,0.3512218565333918,0.5424223333822559,0.12
393,1.903168937524981,0.3538077093478671,0.5446593678181892,0.12
394,1.907442568952414,0.356403102210766,0.5468839218854261,0.12
395,1.9117104324833083,0.359007968941972,0.5490959955839666,0.12
396,1.915972539743234,0.3616222435307021,0.5512955889138106,0.12
397,1.9202289027380097,0.36424586013591576,0.5534827018749582,0.12
398,1.9244795338508653,0.36687875308669826,0.5556573344674093,0.12
399,1.9287244458396104,0.3695208568826199,0.557819486691164,0.12
400,1.9329636518338107,0.37217210619406993,0.5599691585462223,0.12
401,1.937197165331972,0.3748324358625653,0.562106350032584,0.12
402,1.9414250001987323,0.3775017809010357,0.5642310611502495,0.12
403,1.9456471706620633,0.3801800764940838,0.5663432918992184,0.12
404,1.949863691310477,0.3828672579982216,0.5684430422794908,0.12
405,1.954074577090243,0.38556326094208304,0.5705303122910669,0.12
406,1.958279843302613,0.3882680210266125,0.5726051019339465,0.12
407,1.9624795056010522,0.3909814741252299,0.5746674112081297,0.12
408,1.9666735799884831,0.3937035562839727,0.5767172401136165,0.12
409,1.9708620828145318,0.396434203721615,0.5787545886504067,0.12
410,1.9750450307727874,0.3991733528297622,0.5807794568185005,0.12
411,1.9792224408980685,0.40192094017292496,0.5827918446178979,0.12
412,1.9833943305636974,0.4046769024885696,0.5847917520485989,0.12
413,1.987560717478783,0.4074411766871453,0.5867791791106034,0.12
414,1.9917216196855132,0.4102136998520908,0.5887541258039115,0.12
415,1.995877055556456,0.4129944092398177,0.5907165921285231,0.12
416,2.000027043791867,0.41578324227967206,0.5926665780844383,0.12
417,2.0041716034170096,0.41858013657387627,0.5946040836716571,0.12
418,2.0083107537794795,0.42138502989744553,0.5965291088901794,0.12
419,2.0124445145465426,0.4241978601980875,0.5984416537400052,0.12
420,2.0165729057024775,0.42701856559607765,0.6003417182211348,0.12
421,2.020695947545929,0.42984708438411545,0.6022293023335676,0.12
422,2.0248136606872706,0.4326833550271584,0.6041044060773042,0.12
423,2.0289260660459765,0.43552731616223705,0.6059670294523444,0.12
424,2.0330331848479997,0.43837890659824863,0.607817172458688,0.12
425,2.0371350386231626,0.44123806531573073,0.6096548350963352,0.12
426,2.0412316492025537,0.4441047314666151,0.611480017365286,0.12
427,2.045323038715937,0.4469788443739612,0.6132927192655404,0.12
428,2.0494092295891644,0.4498603435316716,0.6150929407970983,0.12
429,2.053490244541605,0.4527491686041847,0.6168806819599597,0.12
430,2.0575661065835757,0.45564525942615236,0.6186559427541247,0.12
431,2.061636839013788,0.45854855600209465,0.6204187231795933,0.12
432,2.065702465416796,0.4614589985060381,0.6221690232363655,0.12
433,2.069763009660463,0.464376527281134,0.6239068429244412,0.12
434,2.0738184958934296,0.4673010828392587,0.6256321822438204,0.12
435,2.077868948542592,0.4702326058605947,0.6273450411945033,0.12
436,2.081914392310595,0.47317103719319487,0.6290454197764896,0.12
437,2.085954852173326,0.4761163178525268,0.6307333179897796,0.12
438,2.0899903533774262,0.479068389021001,0.6324087358343731,0.12
439,2.0940209214378025,0.48202719204748,0.63407167331027,0.12
440,2.0980465821351575,0.4849926684467705,0.6357221304174707,0.12
441,2.1020673615135212,0.4879647598990987,0.6373601071559749,0.12
442,2.1060832858777974,0.49094340824956695,0.6389856035257826,0.12
443,2.1100943817913134,0.49392855550759485,0.6405986195268939,0.12
444,2.114100676073385,0.4969201438463423,0.6421991551593087,0.12
445,2.118102195796887,0.49991811560211646,0.6437872104230271,0.12
446,2.1220989682858327,0.5029224132737623,0.6453627853180491,0.12
447,2.1260910211129653,0.5059329795220364,0.6469258798443747,0.12
448,2.1300783820973526,0.5089497571689642,0.6484764940020037,0.12
449,2.1340610793019996,0.511972689197182,0.6500146277909363,0.12
450,2.138039141031462,0.5150017187492627,0.6515402812111726,0.12
451,2.1420125958294722,0.5180367891270256,0.6530534542627123,0.12
452,2.1459814724765742,0.5210778437908306,0.6545541469455556,0.12
453,2.149945799987769,0.5241248263588579,0.6560423592597024,0.12
454,2.153905607610165,0.5271776806063713,0.6575180912051529,0.12
455,2.1578609248206404,0.5302363504649659,0.6589813427819069,0.12
456,2.1618117813235145,0.5333007800218044,0.6604321139899645,0.12
457,2.165758207048226,0.536370913518833,0.6618704048293256,0.12
458,2.1697002321470227,0.5394466953519883,0.6632962152999903,0.12
459,2.1736378869926583,0.5425280700703854,0.6647095454019585,0.12
460,2.177571202176097,0.5456149823754946,0.6661103951352303,0.12
461,2.1815002085042305,0.5487073771203018,0.6674987644998056,0.12
462,2.1854249369976,0.5518051993084575,0.6688746534956844,0.12
463,2.18934541888813,0.554908394093409,0.670238062122867,0.12
464,2.193261685616867,0.5580169067775209,0.671588990381353,0.12
465,2.197173768831731,0.5611306828111815,0.6729274382711425,0.12
466,2.201081700385274,0.5642496677918959,0.6742534057922357,0.12
467,2.204985512332445,0.5673738074633656,0.6755668929446323,0.12
468,2.208885236928367,0.570503047714556,0.6768678997283326,0.12
469,2.2127809066261195,0.5736373345787485,0.6781564261433365,0.12
470,2.2166725540745316,0.5767766142325836,0.6794324721896439,0.12
471,2.2205602121159833,0.579920832995088,0.6806960378672547,0.12
472,2.224443913784213,0.5830699373266908,0.6819471231761692,0.12
473,2.2283236923021366,0.5862238738282277,0.6831857281163873,0.12
474,2.2321995810796706,0.5893825892399314,0.6844118526879089,0.12
475,2.2360716137115695,0.5925460304404118,0.685625496890734,0.12
476,2.2399398239752646,0.5957141444456232,0.6868266607248628,0.12
477,2.2438042458287155,0.5988868784078205,0.6880153441902951,0.12
478,2.2476649134082693,0.6020641796145024,0.6891915472870309,0.12
479,2.2515218610265246,0.6052459954873446,0.6903552700150704,0.12
480,2.255375123170208,0.6084322735811223,0.6915065123744133,0.12
481,2.259224734498055,0.6116229615826179,0.6926452743650598,0.12
482,2.2630707298386987,0.6148180073095222,0.6937715559870099,0.12
483,2.266913144188571,0.6180173587093225,0.6948853572402636,0.12
484,2.2707520127098055,0.6212209638581789,0.6959866781248207,0.12
485,2.2745873707281508,0.6244287709597928,0.6970755186406815,0.12
486,2.2784192537308927,0.6276407283442615,0.6981518787878458,0.12
487,2.282247697364782,0.6308567844669262,0.6992157585663137,0.12
488,2.286072737433969,0.6340768879072067,0.7002671579760851,0.12
489,2.2898944098979492,0.6373009873674276,0.7013060770171601,0.12
490,2.2937127508695134,0.6405290316716337,0.7023325156895387,0.12
491,2.2975277966127043,0.6437609697643973,0.7033464739932207,0.12
492,2.3013395835407837,0.6469967507096134,0.7043479519282064,0.12
493,2.3051481482142036,0.650236323689287,0.7053369494944957,0.12
494,2.3089535273385864,0.6534796380023115,0.7063134666920884,0.12
495,2.3127557577627122,0.6567266430632355,0.7072775035209848,0.12
496,2.316554876476511,0.6599772884010233,0.7082290599811847,0.12
497,2.320350920609066,0.6632315236578044,0.7091681360726881,0.12
498,2.3241439274266167,0.6664892985876145,0.7100947317954952,0.12
499,2.327933934330577,0.6697505630551295,0.7110088471496058,0.12
500,2.331720978855556,0.6730152670343881,0.71191048213502,0.12
501,2.335505098667382,0.6762833606075072,0.7127996367517375,0.12
502,2.3392863315611416,0.6795547939633909,0.7136763109997588,0.12
503,2.3430647154592146,0.6828295173964272,0.7145405048790836,0.12
504,2.3468402884093273,0.6861074813051804,0.715392218389712,0.12
505,2.350613088582601,0.6893886361910738,0.7162314515316439,0.12
506,2.3543831542716145,0.6926729326570646,0.7170582043048794,0.12
507,2.358150523888468,0.6959603214063111,0.7178724767094185,0.12
508,2.361915235962856,0.6992507532408329,0.7186742687452611,0.12
509,2.3656773291401474,0.7025441790601633,0.7194635804124072,0.12
510,2.3694368421794643,0.705840549859994,0.720240411710857,0.12
511,2.373193813951777,0.7091398167308136,0.7210047626406102,0.12
512,2.376948283437997,0.7124419308565378,0.7217566332016672,0.12
513,2.3807002897270797,0.7157468435131336,0.7224960233940275,0.12
514,2.3844498720141294,0.719054506067236,0.7232229332176915,0.12
515,2.3881970695985135,0.7223648699747584,0.723937362672659,0.12
516,2.391941921881981,0.7256778867794964,0.72463931175893,0.12
517,2.3956844683667846,0.7289935081117254,0.7253287804765047,0.12
518,2.39942474865381,0.7323116856867906,0.7260057688253829,0.12
519,2.40316280244071,0.7356323713036923,0.7266702768055646,0.12
520,2.4068986695200434,0.7389555168436645,0.72732230441705,0.12
521,2.4106323897774202,0.7422810742687473,0.727961851659839,0.12
522,2.414364003189649,0.7456089956203534,0.7285889185339314,0.12
523,2.4180935498228915,0.7489392330178299,0.7292035050393273,0.12
524,2.4218210698308242,0.7522717386570128,0.7298056111760268,0.12
525,2.425546603452797,0.7556064648087766,0.7303952369440299,0.12
526,2.4292701910120047,0.75894336381758,0.7309723823433366,0.12
527,2.432991872913661,0.7622823881000043,0.7315370473739469,0.12
528,2.436711689643171,0.7656234901432866,0.7320892320358606,0.12
529,2.4404296817643174,0.7689666225038507,0.732628936329078,0.12
530,2.4441458899174444,0.7723117378058295,0.7331561602535989,0.12
531,2.4478603548176476,0.7756587887395847,0.7336709038094233,0.12
532,2.451573117252968,0.7790077280602217,0.7341731669965513,0.12
533,2.4552842180825913,0.7823585085860991,0.7346629498149829,0.12
534,2.458993698235049,0.7857110831973342,0.7351402522647181,0.12
535,2.462701598706424,0.7890654048343044,0.7356050743457567,0.12
536,2.4664079605585614,0.7924214264961442,0.736057416058099,0.12
537,2.470112824917281,0.7957791012392371,0.7364972774017449,0.12
538,2.4738162329705937,0.7991383821757059,0.7369246583766942,0.12
539,2.4775182259669233,0.8024992224718958,0.7373395589829472,0.12
540,2.4812188452133275,0.8058615753468564,0.7377419792205036,0.12
541,2.4849181320737284,0.8092253940708197,0.7381319190893636,0.12
542,2.4886161279671386,0.8125906319636724,0.7385093785895274,0.12
543,2.492312874365897,0.8159572423934275,0.7388743577209944,0.12
544,2.4960084127939064,0.819325178774691,0.7392268564837652,0.12
545,2.499702784824867,0.8226943945671255,0.7395668748778395,0.12
546,2.5033960320805244,0.826064843273911,0.7398944129032172,0.12
547,2.50708819622891,0.8294364784402027,0.7402094705598987,0.12
548,2.5107793189825904,0.8328092536515861,0.7405120478478837,0.12
549,2.5144694420969165,0.8361831225325279,0.7408021447671722,0.12
550,2.5181586073682745,0.8395580387448265,0.7410797613177642,0.12
551,2.521846856632342,0.8429339559860584,0.7413448974996599,0.12
552,2.525534231762344,0.8463108279880225,0.7415975533128591,0.12
553,2.529220774667311,0.8496886085151811,0.7418377287573619,0.12
554,2.5329065272903417,0.8530672513631021,0.7420654238331681,0.12
555,2.5365915316068635,0.8564467103568936,0.742280638540278,0.12
556,2.5402758296228978,0.8598269393496415,0.7424833728786915,0.12
557,2.5439594633733273,0.8632078922208425,0.7426736268484084,0.12
558,2.5476424749201634,0.8665895228748357,0.742851400449429,0.12
559,2.551324906350815,0.8699717852392334,0.7430166936817532,0.12
560,2.5550067997763612,0.8733546332633493,0.7431695065453807,0.12
561,2.558688197329822,0.8767380209166253,0.7433098390403121,0.12
562,2.562369141164432,0.880121902187058,0.7434376911665468,0.12
563,2.566049673451917,0.8835062310796227,0.7435530629240852,0.12
564,2.5697298363807666,0.8868909616146959,0.7436559543129271,0.12
565,2.5734096721545145,0.8902760478264797,0.7437463653330725,0.12
566,2.5770892229900144,0.8936614437614211,0.7438242959845216,0.12
567,2.580768531115717,0.8970471034766327,0.7438897462672741,0.12
568,2.584447638769952,0.9004329810383144,0.7439427161813302,0.12
569,2.5881265881992053,0.9038190305201701,0.74398320572669,0.12
570,2.5918054216564013,0.9072052060018273,0.7440112149033532,0.12
571,2.5954841813991805,0.9105914615672565,0.74402674371132,0.12
572,2.599162909688183,0.9139777513031867,0.7440297921505904,0.12
573,2.6028416487853283,0.9173640292975255,0.7440203602211644,0.12
574,2.606520440952096,0.9207502496377755,0.7439984479230418,0.12
575,2.610199328447807,0.9241363664094526,0.7439640552562229,0.12
576,2.613878353527904,0.9275223336945032,0.7439171822207076,0.12
577,2.6175575584422335,0.9309081055697231,0.7438578288164956,0.12
578,2.621236985433324,0.9342936361051751,0.7437859950435873,0.12
579,2.624916676734668,0.9376788793626087,0.7437016809019826,0.12
580,2.6285966745689993,0.9410637893938786,0.7436048863916815,0.12
581,2.6322770211465736,0.944448320239366,0.7434956115126838,0.12
582,2.635957758663445,0.9478324259263987,0.7433738562649899,0.12
583,2.639638929299744,0.9512160604676728,0.7432396206485994,0.12
584,2.6433205752179543,0.9545991778596763,0.7430929046635124,0.12
585,2.647002738561186,0.9579817320811119,0.7429337083097292,0.12
586,2.650685461451454,0.9613636770913232,0.7427620315872493,0.12
587,2.6543687859879443,0.9647449668287202,0.742577874496073,0.12
588,2.6580527542452934,0.9681255552092074,0.7423812370362004,0.12
589,2.661737408271852,0.971505396124614,0.7421721192076313,0.12
590,2.6654227900879572,0.9748844434411233,0.7419505210103656,0.12
591,2.6691089416842004,0.9782626509977072,0.7417164424444037,0.12
592,2.672795905019689,0.9816399726045594,0.7414698835097453,0.12
593,2.676483722020313,0.9850163620415329,0.7412108442063903,0.12
594,2.6801724345770075,0.9883917730565782,0.740939324534339,0.12
595,2.6838620845440095,0.9917661593641843,0.7406553244935912,0.12
596,2.687552713737119,0.9951394746438225,0.740358844084147,0.12
597,2.6912443639319505,0.99851167253839,0.7400498833060063,0.12
598,2.6949370768621903,1.0018827066526605,0.7397284421591692,0.12
599,2.6986308942178447,1.0052525305517332,0.7393945206436356,0.12
600,2.70232585764349,1.0086210977594865,0.7390481187594058,0.12
601,2.706022008736517,1.0119883617570342,0.7386892365064793,0.12
602,2.7097193890453752,1.0153542759811862,0.7383178738848565,0.12
603,2.713418040067814,1.018718793822908,0.7379340308945372,0.12
604,2.717118003249116,1.0220818686257886,0.7375377075355214,0.12
605,2.7208193199803374,1.0254434536845074,0.7371289038078093,0.12
606,2.7245220315965377,1.0288035022433086,0.7367076197114006,0.12
607,2.728226179375005,1.0321619674944744,0.7362738552462955,0.12
608,2.7319318045334855,1.0355188025768056,0.735827610412494,0.12
609,2.7356389482284023,1.038873960574104,0.735368885209996,0.12
610,2.7393476515530777,1.0422273945136602,0.7348976796388016,0.12
611,2.7430579555359427,1.0455790573647434,0.7344139936989109,0.12
612,2.746769901138753,1.0489289020370967,0.7339178273903235,0.12
613,2.7504835292547956,1.0522768813794356,0.7334091807130398,0.12
614,2.754198880707092,1.0556229481779527,0.7328880536670597,0.12
615,2.757915996246598,1.0589670551548234,0.7323544462523831,0.12
616,2.761634916550401,1.0623091549667205,0.73180835846901,0.12
617,2.7653556822199112,1.0656492002033289,0.7312497903169406,0.12
618,2.7690783337790505,1.0689871433858689,0.7306787417961746,0.12
619,2.772802911672434,1.072322936965622,0.7300952129067123,0.12
620,2.776529456263553,1.0756565333224626,0.7294992036485535,0.12
621,2.7802580078329453,1.0789878847633951,0.7288907140216982,0.12
622,2.7839886065763695,1.0823169435210946,0.7282697440261466,0.12
623,2.7877212926029693,1.0856436617524545,0.7276362936618984,0.12
624,2.791456105933435,1.0889679915371406,0.7269903629289538,0.12
625,2.795193086498159,1.092289884876147,0.7263319518273128,0.12
626,2.798932274135388,1.0956092936903619,0.7256610603569754,0.12
627,2.8026737085893716,1.0989261698191357,0.7249776885179415,0.12
628,2.8064174295085,1.1022404650188582,0.7242818363102113,0.12
629,2.8101634764434436,1.1055521309615393,0.7235735037337845,0.12
630,2.813911888845283,1.1088611192333966,0.7228526907886612,0.12
631,2.8176627060636363,1.112167381333451,0.7221193974748416,0.12
632,2.8214159673447763,1.115470868672125,0.7213736237923255,0.12
633,2.8251717118297517,1.1187715325698526,0.720615369741113,0.12
634,2.828929978552491,1.1220693242556896,0.719844635321204,0.12
635,2.832690806437911,1.1253641948659374,0.7190614205325985,0.12
636,2.836454234300011,1.128656095442768,0.7182657253752966,0.12
637,2.840220300839971,1.1319449769328598,0.7174575498492983,0.12
638,2.8439890446442324,1.135230790186038,0.7166368939546036,0.12
639,2.8477605041825838,1.1385134859539243,0.7158037576912124,0.12
640,2.851534717806233,1.141793014888593,0.7149581410591248,0.12
641,2.855311723745878,1.145069327541235,0.7141000440583407,0.12
642,2.8590915601097677,1.1483423743608268,0.7132294666888602,0.12
643,2.8628742648817607,1.1516121056928137,0.7123464089506832,0.12
644,2.866659875919371,1.1548784717777925,0.7114508708438099,0.12
645,2.8704484309518197,1.1581414227502103,0.7105428523682401,0.12
646,2.874239967578063,1.1614009086370647,0.7096223535239738,0.12
647,2.87803452326483,1.1646568793566172,0.7086893743110111,0.12
648,2.881832135344643,1.1679092847171115,0.7077439147293519,0.12
649,2.8856328410138374,1.171158074415504,0.7067859747789964,0.12
650,2.889436677330571,1.174403198036198,0.7058155544599443,0.12
651,2.893243681212828,1.1776446050497924,0.7048326537721958,0.12
652,2.8970538894364175,1.1808822448118343,0.7038372727157508,0.12
653,2.9008673386329615,1.1841160665615837,0.7028294112906095,0.12
654,2.90468406528788,1.1873460194207877,0.7018090694967717,0.12
655,2.908504105738365,1.1905720523924594,0.7007762473342375,0.12
656,2.9123274961713523,1.1937941143596742,0.6997309448030068,0.12
657,2.916154272621478,1.197012154084367,0.6986731619030797,0.12
658,2.91998447096904,1.2002261202061462,0.697602898634456,0.12
659,2.923818126937938,1.203435961241114,0.696520154997136,0.12
660,2.9276552760936188,1.2066416255806962,0.6954249309911196,0.12
661,2.931495953841002,1.209843061490484,0.6943172266164068,0.12
662,2.9353401954224116,1.2130402171090862,0.6931970418729974,0.12
663,2.9391880359154885,1.2162330404469899,0.6920643767608916,0.12
664,2.9430395102311007,1.219421479385433,0.6909192312800894,0.12
665,2.9468946531112445,1.2226054816752874,0.6897616054305908,0.12
666,2.9507534991269404,1.2257849949359532,0.6885914992123957,0.12
667,2.9546160826761168,1.2289599666542625,0.6874089126255041,0.12
668,2.9584824379814885,1.2321303441833966,0.6862138456699161,0.12
669,2.962352599088427,1.2352960747418105,0.6850062983456318,0.12
670,2.966226599862823,1.2384571054121767,0.6837862706526509,0.12
671,2.9701044739889424,1.2416133831403289,0.6825537625909736,0.12
672,2.9739862549672673,1.2447648547342278,0.6813087741605999,0.12
673,2.977871976112338,1.2479114668629343,0.6800513053615296,0.12
674,2.981761670550581,1.251053166055593,0.678781356193763,0.12
675,2.985655371218132,1.2541898987004327,0.6774989266572999,0.12
676,2.9895531108586475,1.257321611043774,0.6762040167521405,0.12
677,2.993454922021109,1.2604482491890516,0.6748966264782845,0.12
678,2.997360837057622,1.263569759095852,0.6735767558357322,0.12
679,3.0012708881212005,1.2666860865789569,0.6722444048244833,0.12
680,3.005185107163549,1.269797177307407,0.670899573444538,0.12
681,3.0091035259328347,1.2729029768035742,0.6695422616958964,0.12
682,3.0130261759714445,1.2760034304422478,0.6681724695785581,0.12
683,3.0169530886137466,1.2790984834497348,0.6667901970925234,0.12
684,3.0208842949838264,1.2821880809029722,0.6653954442377925,0.12
685,3.0248198259932337,1.285272167728656,0.663988211014365,0.12
686,3.0287597123387,1.2883506887023801,0.6625684974222411,0.12
687,3.0327039844998662,1.2914235884477923,0.6611363034614207,0.12
688,3.036652672736987,1.2944908114357607,0.6596916291319039,0.12
689,3.040605807088637,1.29755230198356,0.6582344744336907,0.12
690,3.0445634173693983,1.3006080042540646,0.656764839366781,0.12
691,3.048525533167549,1.3036578622549642,0.6552827239311748,0.12
692,3.0524921838427357,1.3067018198379883,0.6537881281268723,0.12
693,3.0564633985236407,1.3097398206981476,0.6522810519538733,0.12
694,3.060439206105638,1.3127718083729918,0.6507614954121779,0.12
695,3.0644196352484414,1.3157977262418783,0.6492294585017859,0.12
696,3.068404714373745,1.318817517525262,0.6476849412226977,0.12
697,3.0723944716628524,1.3218311252839967,0.6461279435749129,0.12
698,3.0763889350542977,1.324838492418652,0.6445584655584315,0.12
699,3.0803881322414575,1.3278395616688485,0.6429765071732539,0.12
700,3.0843920906701543,1.330834275612607,0.6413820684193798,0.12
701,3.08840083753625,1.3338225766657137,0.6397751492968093,0.12
702,3.092414399783231,1.3368044070811052,0.6381557498055423,0.12
703,3.096432804099785,1.3397797089482637,0.636523869945579,0.12
704,3.1004560769173644,1.342748424192634,0.6348795097169191,0.12
705,3.104484244407746,1.3457104945750562,0.6332226691195628,0.12
706,3.1085173324805813,1.3486658616912146,0.63155334815351,0.12
707,3.1125553667809305,1.3516144669711017,0.6298715468187609,0.12
708,3.116598372686798,1.3545562516785061,0.6281772651153152,0.12
709,3.1206463753066496,1.3574911569105095,0.6264705030431732,0.12
710,3.124699399476926,1.3604191235970082,0.6247512606023347,0.12
711,3.1287574697595444,1.3633400925002477,0.6230195377927997,0.12
712,3.132820610439393,1.3662540042143785,0.6212753346145683,0.12
713,3.1368888455218134,1.3691607991650276,0.6195186510676405,0.12
714,3.1409621987300795,1.3720604176088913,0.6177494871520162,0.12
715,3.1450406935028594,1.3749527996333426,0.6159678428676955,0.12
716,3.1491243529916737,1.3778378851560613,0.6141737182146783,0.12
717,3.153213200058346,1.38071561392468,0.6123671131929648,0.12
718,3.1573072572724366,1.3835859255164502,0.6105480278025547,0.12
719,3.161406546908676,1.3864487593379278,0.6087164620434482,0.12
720,3.1655110909443844,1.389304054624678,0.6068724159156453,0.12
721,3.1696209110568825,1.3921517504409995,0.605015889419146,0.12
722,3.1737360286208944,1.3949917856796687,0.6031468825539502,0.12
723,3.177856464705942,1.3978240990617028,0.601265395320058,0.12
724,3.1819822400737263,1.400648629136144,0.5993714277174693,0.12
725,3.1861133751755073,1.4034653142798656,0.5974649797461842,0.12
726,3.1902498901494667,1.4062740926973938,0.5955460514062025,0.12
727,3.1943918048180686,1.4090749024207558,0.5936146426975244,0.12
728,3.198539138685404,1.411867681309344,0.5916707536201501,0.12
729,3.2026919109345355,1.4146523670498055,0.5897143841740791,0.12
730,3.2068501404248257,1.4174288971559466,0.5877455343593119,0.12
731,3.211013845689259,1.4201972089686674,0.5857642041758481,0.12
732,3.2151830449317558,1.4229572396559105,0.5837703936236879,0.12
733,3.219357756024479,1.4257089262126337,0.5817641027028312,0.12
734,3.2235379965051267,1.4284522054608069,0.5797453314132781,0.12
735,3.2277237835742216,1.431187014049427,0.5777140797550285,0.12
736,3.2319151340923917,1.433913288454559,0.5756703477280827,0.12
737,3.2361120645776373,1.4366309649793985,0.5736141353324402,0.12
738,3.2403145912025937,1.4393399797543536,0.5715454425681014,0.12
739,3.2445227297917865,1.4420402687371545,0.569464269435066,0.12
740,3.248736495818876,1.4447317677129845,0.5673706159333343,0.12
741,3.2529559044038914,1.4474144122946315,0.565264482062906,0.12
742,3.257180970310465,1.4500881379226669,0.5631458678237814,0.12
743,3.2614117079430445,1.4527528798656462,0.5610147732159603,0.12
744,3.265648131344114,1.455408573220334,0.5588711982394429,0.12
745,3.2698902541913912,1.4580551529119508,0.5567151428942289,0.12
746,3.2741380897950263,1.4606925536944468,0.5545466071803185,0.12
747,3.2783916510947906,1.463320710150801,0.5523655910977118,0.12
748,3.2796284180443642,1.4640824673141206,0.5517296499068677,0.12
749,3.283889378546936,1.4666986105873985,0.5495421352600479,0.12
750,3.288156042929231,1.4693054410653796,0.5473613551372293,0.12
751,3.2924283733440762,1.4719029750843229,0.5451873095384118,0.12
752,3.2967063321052548,1.4744912291390369,0.5430199984635953,0.12
753,3.300989881687518,1.4770702198817698,0.5408594219127799,0.12
754,3.305278984726589,1.4796399641211013,0.5387055798859657,0.12
755,3.3095736040191577,1.4822004788208407,0.5365584723831526,0.12
756,3.3138737025228746,1.4847517810989275,0.5344180994043406,0.12
757,3.3181792433563317,1.4872938882263396,0.5322844609495296,0.12
758,3.3224901897990424,1.4898268176260003,0.5301575570187198,0.12
759,3.326806505291409,1.4923505868716969,0.5280373876119111,0.12
760,3.331128153434692,1.4948652136869969,0.5259239527291035,0.12
761,3.335455097990965,1.4973707159441734,0.5238172523702971,0.12
762,3.3397873028830682,1.4998671116631326,0.5217172865354917,0.12
763,3.3441247321945538,1.5023544190103453,0.5196240552246874,0.12
764,3.348467350169625,1.5048326562977858,0.5175375584378842,0.12
765,3.3528151212130712,1.5073018419818718,0.5154577961750821,0.12
766,3.357168009890195,1.5097619946624106,0.5133847684362811,0.12
767,3.361525980926731,1.5122131330815498,0.5113184752214812,0.12
768,3.365888999208764,1.514655276122732,0.5092589165306824,0.12
769,3.3702570297826395,1.5170884428096536,0.5072060923638848,0.12
770,3.3746300378548617,1.519512652305229,0.5051600027210883,0.12
771,3.3790079887919973,1.5219279239105596,0.5031206476022928,0.12
772,3.3833908481205626,1.5243342770639057,0.5010880270074985,0.12
773,3.3877785815269124,1.5267317313396647,0.49906214093670526,0.12
774,3.392171154857119,1.5291203064473522,0.49704298938991315,0.12
775,3.396568534116846,1.5315000222305895,0.4950305723671221,0.12
776,3.40097068547122,1.5338708986660943,0.49302488986833215,0.12
777,3.4053775752446893,1.5362329558626755,0.49102594189354337,0.12
778,3.4097891699208858,1.5385862140602353,0.48903372844275567,0.12
779,3.4142054361424745,1.5409306936287726,0.48704824951596903,0.12
780,3.4186263407110022,1.543266415067392,0.48506950511318353,0.12
781,3.4230518505867362,1.5455933990033195,0.48309749523439915,0.12
782,3.427481932888503,1.5479116661909187,0.48113221987961585,0.12
783,3.431916554893516,1.550221237510717,0.4791736790488337,0.12
784,3.4363556840372023,1.5525221339684299,0.47722187274205263,0.12
785,3.440799287913022,1.5548143766939968,0.4752768009592726,0.12
786,3.445247334272284,1.5570979869406152,0.47333846370049376,0.12
787,3.4496997910239524,1.5593729860837842,0.471406860965716,0.12
788,3.4541566262344543,1.5616393956203496,0.4694819927549393,0.12
789,3.4586178081274768,1.5638972371675552,0.4675638590681638,0.12
790,3.4630833050837624,1.566146532462099,0.46565245990538934,0.12
791,3.4675530856408967,1.5683873033591913,0.46374779526661597,0.12
792,3.4720271184930938,1.5706195718316223,0.46184986515184373,0.12
793,3.476505372490973,1.5728433599688287,0.45995866956107256,0.12
794,3.480987816641338,1.57505868997597,0.4580742084943025,0.12
795,3.4854744201069403,1.5772655841730052,0.4561964819515336,0.12
796,3.489965152206248,1.5794640649937781,0.4543254899327658,0.12
797,3.4944599824132037,1.5816541549851035,0.4524612324379991,0.12
798,3.4989588803569798,1.5838358768058611,0.4506037094672335,0.12
799,3.5034618158217294,1.5860092532260919,0.448752921020469,0.12
800,3.50796875874633,1.5881743071261003,0.44690886709770555,0.12
801,3.512479679224128,1.5903310614955608,0.4450715476989433,0.12
802,3.516994547502671,1.5924795394326294,0.44324096282418207,0.12
803,3.5215133339834424,1.5946197641430588,0.44141711247342197,0.12
804,3.5260360092215883,1.5967517589393192,0.439599996646663,0.12
805,3.53056254392564,1.5988755472397234,0.43778961534390515,0.12
806,3.535092908957231,1.6009911525675564,0.4359859685651484,0.12
807,3.5396270753308143,1.6030985985502102,0.43418905631039273,0.12
808,3.5441650142133687,1.6051979089183224,0.43239887857963816,0.12
809,3.548706696924107,1.6072891075049198,0.4306154353728847,0.12
810,3.553252094934174,1.609372218244567,0.42883872669013234,0.12
811,3.5578011798663454,1.6114472651725196,0.4270687525313811,0.12
812,3.56235392349472,1.6135142724238802,0.42530551289663093,0.12
813,3.5669102977444087,1.615573264232763,0.4235490077858819,0.12
814,3.571470274691216,1.617624264931458,0.421799237199134,0.12
815,3.576033826561324,1.6196672989496053,0.42005620113638714,0.12
816,3.5806009257309643,1.6217023908133679,0.41831989959764143,0.12
817,3.5851715447260943,1.6237295651446149,0.4165903325828968,0.12
818,3.5897456562220627,1.6257488466601058,0.4148675000921533,0.12
819,3.5943232330432724,1.6277602601706802,0.4131514021254109,0.12
820,3.598904248162844,1.629763830580452,0.4114420386826696,0.12
821,3.6034886747022696,1.63175958288601,0.4097394097639294,0.12
822,3.6080764859310657,1.6337475421756191,0.4080435153691903,0.12
823,3.6126676552664225,1.6357277336284308,0.40635435549845234,0.12
824,3.6172621562728464,1.6377001825136945,0.40467193015171543,0.12
825,3.6218599626618047,1.639664914189975,0.40299623932897966,0.12
826,3.626461048291359,1.641621954104376,0.401327283030245,0.12
827,3.631065387165802,1.6435713277917638,0.3996650612555114,0.12
828,3.635672953435285,1.6455130608740016,0.398009574004779,0.12
829,3.6402837213954466,1.6474471790591825,0.3963608212780476,0.12
830,3.644897665487032,1.6493737081408704,0.39471880307531737,0.12
831,3.6495147602955162,1.6512926739973453,0.3930835193965882,0.12
832,3.6541349805507166,1.653204102590852,0.39145497024186016,0.12
833,3.6587583011264067,1.6551080199668542,0.38983315561113324,0.12
834,3.6633846970399246,1.6570044522532914,0.3882180755044074,0.12
835,3.668014143451778,1.6588934256598438,0.38660972992168263,0.12
836,3.6726466156652458,1.6607749664771978,0.38500811886295905,0.12
837,3.677282089125977,1.6626491010763187,0.38341324232823654,0.12
838,3.6819205394215873,1.664515855907726,0.3818251003175151,0.12
839,3.686561942281247,1.6663752575007753,0.38024369283079484,0.12
840,3.6912062735752755,1.6682273324629422,0.3786690198680756,0.12
841,3.695853509314721,1.6700721074791132,0.3771010814293575,0.12
842,3.7005036256509465,1.6719096093108783,0.3755398775146405,0.12
843,3.705156598875207,1.6737398647958308,0.37398540812392467,0.12
844,3.709812405418226,1.6755629008468695,0.3724376732572099,0.12
845,3.714471021849769,1.6773787444515065,0.3708966729144962,0.12
846,3.719132424878212,1.6791874226711783,0.3693624070957836,0.12
847,3.723796591350108,1.6809889626405625,0.3678348758010721,0.12
848,3.7284634982497527,1.6827833915668984,0.3663140790303618,0.12
849,3.733133122698742,1.6845707367293112,0.36480001678365254,0.12
850,3.7378054419555315,1.6863510254781426,0.36329268906094436,0.12
851,3.742480433414994,1.6881242852342833,0.3617920958622373,0.12
852,3.7471580746079645,1.6898905434885112,0.3602982371875314,0.12
853,3.7518383432007956,1.6916498278008343,0.35881111303682656,0.12
854,3.7565212169949005,1.6934021657998366,0.35733072341012284,0.12
855,3.761206673926297,1.6951475851820301,0.3558570683074202,0.12
856,3.765894692065148,1.6968861137112092,0.3543901477287187,0.12
857,3.770585249615299,1.6986177792178108,0.35292996167401824,0.12
858,3.775278324913814,1.7003426095982774,0.35147651014331893,0.12
859,3.7799738964305067,1.7020606328144265,0.35002979313662075,0.12
860,3.7846719427674707,1.7037718768928223,0.3485898106539236,0.12
861,3.789372442658606,1.7054763699241522,0.34715656269522766,0.12
862,3.794075374969145,1.7071741400626075,0.34573004926053275,0.12
863,3.7987807186951708,1.7088652155252702,0.34431027034983896,0.12
864,3.8034884529631414,1.710549624591499,0.3428972259631463,0.12
865,3.8081985570294017,1.712227395602327,0.3414909161004547,0.12
866,3.8129110102796995,1.7138985569598555,0.3400913407617643,0.12
867,3.8176257922286982,1.715563137126659,0.3386984999470749,0.12
868,3.8223428825194845,1.717221164625189,0.3373123936563866,0.12
869,3.827062260923075,1.718872668037185,0.3359330218896994,0.12
870,3.8317839073379214,1.7205176760030896,0.3345603846470134,0.12
871,3.8365078017894123,1.7221562172214657,0.33319448192832846,0.12
872,3.8412339244293725,1.7237883204484192,0.3318353137336446,0.12
873,3.84596225553556,1.7254140144970274,0.3304828800629619,0.12
874,3.8506927755111624,1.7270333282367667,0.32913718091628025,0.12
875,3.8554254648842865,1.7286462905929494,0.32779821629359973,0.12
876,3.8601603043074517,1.7302529305461627,0.3264659861949203,0.12
877,3.8648972745570767,1.7318532771317106,0.325140490620242,0.12
878,3.8696363565329666,1.7334473594390611,0.3238217295695648,0.12
879,3.8743775312577933,1.7350352066112977,0.3225097030428887,0.12
880,3.8791207798765828,1.7366168478445732,0.32120441104021363,0.12
881,3.883866083656188,1.7381923123875693,0.3199058535615398,0.12
882,3.8886134239847716,1.739761629540959,0.31861403060686694,0.12
883,3.8933627823712778,1.7413248286568745,0.31732894217619523,0.12
884,3.898114140444906,1.7428819391383765,0.3160505882695247,0.12
885,3.9028674799545846,1.7444329904389295,0.3147789688868552,0.12
886,3.9076227827684353,1.7459780120618804,0.3135140840281868,0.12
887,3.9123800308732446,1.7475170335599408,0.31225593369351956,0.12
888,3.9171392063739257,1.749050084534673,0.3110045178828534,0.12
889,3.9219002914929835,1.7505771946359812,0.3097598365961884,0.12
890,3.926663268569975,1.7520983935616041,0.30852188983352447,0.12
891,3.9314281200609686,1.7536137110566143,0.30729067759486156,0.12
892,3.9361948285380017,1.7551231769129183,0.30606619988019984,0.12
893,3.9409633766885346,1.7566268209687625,0.3048484566895392,0.12
894,3.9457337473149066,1.7581246731082443,0.3036374480228796,0.12
895,3.9505059233337865,1.759616763260821,0.3024331738802213,0.12
896,3.9552798877756223,1.7611031214008315,0.3012356342615639,0.12
897,3.96005562378409,1.7625837775470123,0.30004482916690767,0.12
898,3.964833114615539,1.764058761762025,0.2988607585962526,0.12
899,3.9696123436384387,1.7655281041519812,0.2976834225495986,0.12
900,3.9743932943328186,1.7669918348659777,0.29651282102694565,0.12
901,3.9791759502897124,1.7684499840956278,0.29534895402829386,0.12
902,3.983960295210596,1.7699025820746035,0.2941918215536432,0.12
903,3.9887463129068252,1.7713496590781754,0.29304142360299357,0.12
904,3.993533987299072,1.7727912454227603,0.2918977601763451,0.12
905,3.99832330241676,1.774227371465471,0.2907608312736978,0.12
906,4.003114242397497,1.7756580676036684,0.2896306368950515,0.12
907,4.007906791486505,1.7770833642745198,0.2885071770404063,0.12
908,4.012700934036053,1.7785032919545578,0.28739045170976224,0.12
909,4.017496654504882,1.7799178811592455,0.2862804609031193,0.12
910,4.0222939374576345,1.7813271624425435,0.2851772046204774,0.12
911,4.027092767564276,1.7827311663964802,0.2840806828618367,0.12
912,4.031893129599524,1.784129923650727,0.28299089562719704,0.12
913,4.036695008442265,1.7855234648721763,0.2819078429165585,0.12
914,4.041498389074978,1.7869118207645218,0.28083152472992107,0.12
915,4.046303256583156,1.7882950220678433,0.27976194106728475,0.12
916,4.051109596154715,1.7896730995581966,0.27869909192864956,0.12
917,4.055917393079425,1.791046084047203,0.27764297731401544,0.12
918,4.060726632748309,1.7924140063816443,0.2765935972233824,0.12
919,4.0655373006530695,1.7937768974430623,0.27555095165675053,0.12
920,4.070349382385494,1.7951347881473592,0.27451504061411974,0.12
921,4.075162863636868,1.796487709444403,0.27348586409549,0.12
922,4.079977730197385,1.7978356923176353,0.27246342210086144,0.12
923,4.0847939679555525,1.7991787677836835,0.2714477146302339,0.12
924,4.089611562897604,1.800516966891974,0.27043874168360754,0.12
925,4.0944305011069,1.8018503207243515,0.2694365032609823,0.12
926,4.099250768763334,1.8031788603946994,0.26844099936235816,0.12
927,4.1040723521427385,1.8045026170485647,0.26745222998773505,0.12
928,4.108895237616281,1.805821621862785,0.26647019513711306,0.12
929,4.113719411649873,1.807135906045119,0.2654948948104922,0.12
930,4.118544860803561,1.808445500833881,0.2645263290078725,0.12
931,4.123371571730932,1.8097504374975772,0.26356449772925383,0.12
932,4.128199531178509,1.811050747334547,0.2626094009746363,0.12
933,4.133028725985143,1.8123464616726035,0.26166103874401986,0.12
934,4.137859143081414,1.8136376118686832,0.26071941103740454,0.12
935,4.142690769489022,1.814924229308492,0.25978451785479023,0.12
936,4.147523592320179,1.8162063454061594,0.25885635919617717,0.12
937,4.1523575987770025,1.8174839916038936,0.2579349350615652,0.12
938,4.157192776150907,1.818757199371639,0.25702024545095425,0.12
939,4.162029111821989,1.820026000206738,0.2561122903643444,0.12
940,4.166866593258423,1.8212904256335951,0.2552110698017357,0.12
941,4.171705208015839,1.8225505072033443,0.25431658376312816,0.12
942,4.176544943736721,1.8238062764935183,0.25342883224852164,0.12
943,4.181385788149781,1.8250577651077222,0.2525478152579163,0.12
944,4.18622772906935,1.8263050046753093,0.25167353279131205,0.12
945,4.191070754394764,1.8275480268510589,0.2508059848487088,0.12
946,4.195914852109738,1.8287868633148583,0.2499451714301067,0.12
947,4.200760010281752,1.8300215457713884,0.24909109253550576,0.12
948,4.205606217061438,1.8312521059498084,0.2482437481649059,0.12
949,4.210453460681947,1.8324785756034465,0.24740313831830713,0.12
950,4.215301729458338,1.8337009865094944,0.24656926299570953,0.12
951,4.220151011786953,1.8349193704686988,0.245742122197113,0.12
952,4.225001296144791,1.8361337593050633,0.2449217159225175,0.12
953,4.229852571088889,1.837344184865547,0.24410804417192317,0.12
954,4.234704825255694,1.838550679019768,0.24330110694532991,0.12
955,4.239558047360437,1.8397532736597109,0.24250090424273785,0.12
956,4.244412226196511,1.8409520006994327,0.24170743606414685,0.12
957,4.249267350634838,1.8421468920747777,0.24092070240955693,0.12
958,4.254123409623247,1.8433379797430884,0.24014070327896803,0.12
959,4.258980392185837,1.844525295682923,0.23936743867238036,0.12
960,4.263838287422357,1.8457088718937746,0.23860090858979377,0.12
961,4.2686970845075685,1.846888740395793,0.2378411130312083,0.12
962,4.2735567726906165,1.848064933229508,0.23708805199662392,0.12
963,4.278417341294398,1.8492374824555555,0.2363417254860406,0.12
964,4.28327877971493,1.8504064201544088,0.23560213349945835,0.12
965,4.288141077420714,1.8515717784261068,0.23486927603687735,0.12
966,4.293004223952102,1.8527335893899899,0.23414315309829736,0.12
967,4.297868208920664,1.8538918851844366,0.23342376468371856,0.12
968,4.302733022008551,1.8550466979666003,0.23271111079314077,0.12
969,4.307598652967857,1.856198059912152,0.23200519142656412,0.12
970,4.312465091619987,1.8573460032150224,0.23130600658398853,0.12
971,4.317332327855011,1.858490560087149,0.23061355626541408,0.12
972,4.322200351631035,1.8596317627582224,0.2299278404708407,0.12
973,4.327069152973556,1.8607696434754375,0.22924885920026855,0.12
974,4.331938721974827,1.8619042345032457,0.22857661245369737,0.12
975,4.3368090487932065,1.8630355681231099,0.22791110023112737,0.12
976,4.3416801236525355,1.8641636766332614,0.22725232253255845,0.12
977,4.346551936841477,1.8652885923484583,0.2266002793579906,0.12
978,4.3514244787128895,1.8664103475997476,0.22595497070742387,0.12
979,4.35629773968317,1.867528974734229,0.22531639658085834,0.12
980,4.361171710231625,1.8686445061148185,0.22468455697829381,0.12
981,4.3660463808998164,1.869756974120019,0.22405945189973042,0.12
982,4.370921742290922,1.8708664111436872,0.2234410813451681,0.12
983,4.375797785069088,1.8719728495948078,0.2228294453146069,0.12
984,4.380674499958786,1.873076321897266,0.22222454380804685,0.12
985,4.385551877744166,1.8741768604896234,0.22162637682548791,0.12
986,4.390429909268406,1.875274497824896,0.22103494436693,0.12
987,4.395308585433072,1.876369266370336,0.2204502464323732,0.12
988,4.4001878971974655,1.8774611986072096,0.21987228302181755,0.12
989,4.405067835577977,1.8785503270305848,0.21930105413526296,0.12
990,4.40994839164744,1.8796366841491148,0.21873655977270956,0.12
991,4.414829556534471,1.8807203024848262,0.21817879993415723,0.12
992,4.419711321422836,1.8818012145729086,0.21762777461960597,0.12
993,4.4245936775507895,1.8828794529615058,0.21708348382905585,0.12
994,4.429476616210426,1.8839550502115086,0.2165459275625068,0.12
995,4.434360128747031,1.88502803889635,0.21601510581995886,0.12
996,4.439244206558428,1.886098451601802,0.21549101860141207,0.12
997,4.444128841094328,1.887166320925775,0.21497366590686634,0.12
998,4.449014023855675,1.8882316794781155,0.21446304773632174,0.12
999,4.453899746393995,1.8892945598804105,0.21395916408977822,0.12
1000,4.458786000310746,1.8903549947657903,0.21346201496723582,0.12
1001,4.463672777256655,1.891413016778733,0.2129716003686945,0.12
1002,4.468560068931075,1.8924686585748733,0.21248792029415436,0.12
1003,4.473447867081323,1.89352195282081,0.21201097474361524,0.12
1004,4.4783361635020285,1.8945729321939146,0.21154076371707725,0.12
1005,4.4832249500344785,1.8956216293821466,0.2110772872145404,0.12
1006,4.488114218565963,1.8966680770838655,0.2106205452360046,0.12
1007,4.493003961029113,1.8977123080076432,0.21017053778147,0.12
1008,4.4978941694012535,1.8987543548720838,0.2097272648509364,0.12
1009,4.502784835703739,1.8997942504056409,0.20929072644440394,0.12
1010,4.507675952001303,1.9008320273464347,0.20886092256187255,0.12
1011,4.5125675104013965,1.9018677184420765,0.2084378532033423,0.12
1012,4.517459503053529,1.9029013564494879,0.20802151836881316,0.12
1013,4.522351922148616,1.9039329741347255,0.20761191805828516,0.12
1014,4.527244759918318,1.9049626042728076,0.20720905227175823,0.12
1015,4.532138008634382,1.9059902796475383,0.20681292100923238,0.12
1016,4.53703166060798,1.9070160330513368,0.20642352427070765,0.12
1017,4.541925708189055,1.9080398972850663,0.20604086205618405,0.12
1018,4.5468201437656575,1.909061905157864,0.20566493436566152,0.12
1019,4.55171495976329,1.910082089486973,0.20529574119914018,0.12
1020,4.55661014864424,1.9111004830975764,0.20493328255661986,0.12
1021,4.561505702906928,1.9121171188226302,0.20457755843810066,0.12
1022,4.56640161508524,1.9131320295026992,0.20422856884358254,0.12
1023,4.57129787774787,1.9141452479857934,0.20388631377306554,0.12
1024,4.5761944834976624,1.915156807127207,0.20355079322654968,0.12
1025,4.581091424970941,1.9161667397893551,0.20322200720403494,0.12
1026,4.585988694836857,1.9171750788416162,0.20289995570552127,0.12
1027,4.590886285796722,1.9181818571601723,0.20258463873100868,0.12
1028,4.595784190583347,1.9191871076278515,0.20227605628049722,0.12
1029,4.600682401960382,1.92019086313397,0.20197420835398688,0.12
1030,4.605580912721651,1.9211931565741789,0.20167909495147762,0.12
1031,4.6104797156904915,1.9221940208503077,0.2013907160729695,0.12
1032,4.615378803719087,1.923193488870211,0.20110907171846243,0.12
1033,4.620278169687811,1.9241915935476168,0.2008341618879565,0.12
1034,4.625177806504557,1.925188367801974,0.20056598658145164,0.12
1035,4.630077707104081,1.9261838445583013,0.2003045457989479,0.12
1036,4.634977864447331,1.9271780567470387,0.2000498395404453,0.12
1037,4.639878271520789,1.928171037303897,0.19980186780594383,0.12
1038,4.644778921335804,1.9291628191697099,0.19956063059544343,0.12
1039,4.649679806927927,1.9301534352902894,0.19932612790894405,0.12
1040,4.65458092135625,1.9311429186162736,0.19909835974644585,0.12
1041,4.659482257702738,1.9321313021029873,0.19887732610794878,0.12
1042,4.664383809071566,1.9331186187102938,0.19866302699345278,0.12
1043,4.669285568588454,1.93410490140245,0.19845546240295792,0.12
1044,4.674187529399999,1.9350901831479657,0.19825463233646412,0.12
1045,4.6790896846730154,1.936074496919459,0.19806053679397145,0.12
1046,4.683992027593865,1.9370578756935133,0.19787317577547986,0.12
1047,4.6888945513677935,1.938040352450539,0.1976925492809894,0.12
1048,4.693797249218264,1.939021960174631,0.19751865731050006,0.12
1049,4.698700114386291,1.9400027318534268,0.1973514998640118,0.12
1050,4.703603140129777,1.9409827004779698,0.19719107694152466,0.12
1051,4.708506319722845,1.9419618990425702,0.1970373885430386,0.12
1052,4.71340964645517,1.9429403605446636,0.19689043466855366,0.12
1053,4.718313113631316,1.9439181179846763,0.1967502153180698,0.12
1054,4.723216714570068,1.9448952043658865,0.19661673049158707,0.12
1055,4.7281204426037675,1.9458716526942872,0.19648998018910546,0.12
1056,4.733024291077644,1.9468474959784494,0.196369964410625,0.12
1057,4.73792825334915,1.9478227672293889,0.19625668315614553,0.12
1058,4.742832322787293,1.948797499460426,0.1961501364256672,0.12
1059,4.747736492771969,1.949771725687054,0.19605032421919,0.12
1060,4.752640756693296,1.9507454789268026,0.19595724653671392,0.12
1061,4.757545107950947,1.9517187921991037,0.19587090337823893,0.12
1062,4.762449539953486,1.952691698525158,0.19579129474376505,0.12
1063,4.767354046117692,1.953664230927799,0.19571842063329226,0.12
1064,4.772258619867906,1.9546364224313626,0.19565228104682053,0.12
1065,4.77716325463535,1.9556083060615501,0.19559287598435,0.12
1066,4.782067943857468,1.9565799148452987,0.19554020544588052,0.12
1067,4.786972680977257,1.957551281810644,0.19549426943141213,0.12
1068,4.7918774594426,1.958522439986592,0.19545506794094492,0.12
1069,4.796782272705595,1.959493422402984,0.19542260097447872,0.12
1070,4.801687114221896,1.9604642620903645,0.1953968685320137,0.12
1071,4.8065919774500365,1.9614349920798486,0.19537787061354972,0.12
1072,4.811496855850768,1.9624056454029908,0.1953656072190869,0.12
1073,4.81640174288639,1.9633762550916511,0.19536007834862518,0.12
1074,4.821306632020084,1.964346854177865,0.19536128400216451,0.12
1075,4.826211516715247,1.96531747569371,0.19536922417970504,0.12
1076,4.831116390434822,1.9662881526711744,0.19538389888124658,0.12
1077,4.836021246640629,1.9672589181420232,0.19540530810678924,0.12
1078,4.840926078792705,1.9682298051376699,0.19543345185633304,0.12
1079,4.845830880348627,1.9692008466890396,0.19546833012987797,0.12
1080,4.850735644762853,1.9701720758264403,0.19550994292742396,0.12
1081,4.855640365486049,1.9711435255794294,0.1955582902489711,0.12
1082,4.860545035964424,1.9721152289766808,0.1956133720945193,0.12
1083,4.865449649639064,1.9730872190458526,0.19567518846406856,0.12
1084,4.870354199945263,1.9740595288134544,0.19574373935761896,0.12
1085,4.875258680311855,1.9750321913047137,0.1958190247751705,0.12
1086,4.880163084160549,1.976005239543444,0.19590104471672315,0.12
1087,4.8850674049052625,1.9769787065519098,0.19598979918227688,0.12
1088,4.889971635951449,1.9779526253506934,0.19608528817183174,0.12
1089,4.894875770695437,1.978927028958561,0.19618751168538767,0.12
1090,4.899779802523764,1.9799019503923292,0.19629646972294468,0.12
1091,4.904683724812504,1.9808774226667283,0.19641216228450287,0.12
1092,4.9095875309266015,1.9818534787942699,0.19653458937006213,0.12
1093,4.91449121421921,1.9828301517851086,0.19666375097962252,0.12
1094,4.919394768031021,1.983807474646909,0.19679964711318398,0.12
1095,4.924298185689598,1.9847854803847076,0.19694227777074658,0.12
1096,4.929201460508712,1.9857642020007769,0.1970916429523102,0.12
1097,4.934104585787672,1.986743672494489,0.19724774265787498,0.12
1098,4.939007554810663,1.9877239248621756,0.1974105768874409,0.12
1099,4.943910360846075,1.9887049920969933,0.1975801456410079,0.12
1100,4.948812997145838,1.9896869071887822,0.19775644891857602,0.12
1101,4.953715456944762,1.990669703123927,0.19793948672014522,0.12
1102,4.958617733459862,1.99165341288522,0.1981292590457155,0.12
1103,4.963519819889701,1.992638069451717,0.1983257658952869,0.12
1104,4.9684217094137155,1.9936237057985986,0.19852900726885941,0.12
1105,4.973323395191559,1.9946103548970278,0.19873898316643307,0.12
1106,4.978224870362431,1.9955980497140082,0.1989556935880078,0.12
1107,4.983126128044411,1.99658682321224,0.19917913853358366,0.12
1108,4.9880271613338,1.9975767083499782,0.19940931800316053,0.12
1109,4.99292796330445,1.9985677380808862,0.1996462319967386,0.12
1110,4.9978285270070995,1.9995599453538913,0.19988988051431777,0.12
1111,5.0,2.0,0.2,0.12
1112,5.0,2.0,0.20000000000000007,0.12
1113,5.004900201167131,2.0009939961603163,0.2002726371584723,0.12
1114,5.009800108613653,2.0019894391797233,0.200590548633889,0.12
1115,5.014699676772997,2.0029865507968814,0.20095373442625017,0.12
1116,5.019598859852,2.003985552704169,0.20136219453555582,0.12
1117,5.02449761180081,2.0049866665413743,0.20181592896180592,0.12
1118,5.029395886282814,2.0059901138893235,0.20231493770500047,0.12
1119,5.034293636644561,2.0069961162634593,0.20285922076513951,0.12
1120,5.0391908158857115,2.008004895107332,0.203448778142223,0.12
1121,5.044087376629009,2.009016671786014,0.20408360983625098,0.12
1122,5.0489832710902505,2.0100316675794425,0.20476371584722342,0.12
1123,5.0538784510482975,2.0110501036756507,0.20548909617514033,0.12
1124,5.058772867815094,2.0120722011639187,0.2062597508200017,0.12
1125,5.063666472205712,2.013098181027802,0.20707567978180752,0.12
1126,5.068559214508423,2.014128264138064,0.20793688306055785,0.12
1127,5.073451044454792,2.0151626712454713,0.2088433606562526,0.12
1128,5.078341911189804,2.0162016229734827,0.20979511256889186,0.12
1129,5.083231763242012,2.01724533981079,0.21079213879847555,0.12
1130,5.0881205484937295,2.0182940421037263,0.21183443934500373,0.12
1131,5.093008214151239,2.019347950048528,0.21292201420847637,0.12
1132,5.0978947067150555,2.0204072836834417,0.21405486338889348,0.12
1133,5.1027799719502065,2.021472262880675,0.21523298688625506,0.12
1134,5.1076639548565685,2.0225431073381777,0.2164563847005611,0.12
1135,5.112546599639234,2.0236200365712524,0.2177250568318116,0.12
1136,5.117427849678927,2.024703269903985,0.21903900328000658,0.12
1137,5.122307647502462,2.025793026460489,0.22039822404514603,0.12
1138,5.127185934753246,2.026889525155956,0.22180271912722993,0.12
1139,5.132062652161846,2.02799298468751,0.2232524885262583,0.12
1140,5.136937739516585,2.0291036235248514,0.22474753224223115,0.12
1141,5.141811135634217,2.030221659900693,0.22628785027514847,0.12
1142,5.146682778330641,2.031347311800971,0.22787344262501025,0.12
1143,5.151552604391682,2.032480796954839,0.2295043092918165,0.12
1144,5.156420549543937,2.0336223328244207,0.23118045027556722,0.12
1145,5.161286548425683,2.034772136594329,0.23290186557626238,0.12
1146,5.16615053455785,2.0359304251609394,0.23466855519390203,0.12
1147,5.171012440315066,2.0370974151214125,0.23648051912848617,0.12
1148,5.175872196896785,2.0382733227624548,0.23833775738001473,0.12
1149,5.180729734298473,2.03945836404882,0.24024026994848777,0.12
1150,5.185584981282894,2.040652754611536,0.2421880568339053,0.12
1151,5.19043786535146,2.0418567097358555,0.24418111803626727,0.12
1152,5.195288312715684,2.043070444348925,0.24621945355557373,0.12
1153,5.20013624826871,2.044294173007161,0.24830306339182465,0.12
1154,5.2049815955569425,2.0455281098833322,0.25043194754502,0.12
1155,5.209824276751768,2.0467724687533395,0.25260610601515987,0.12
1156,5.214664212621383,2.048027462982687,0.2548255388022442,0.12
1157,5.219501322502717,2.049293305512637,0.257090245906273,0.12
1158,5.224335524273471,2.0505702088460467,0.2594002273272462,0.12
1159,5.229166734324264,2.051858385032877,0.26175548306516394,0.12
1160,5.233994867530895,2.0531580456553677,0.2641560131200261,0.12
1161,5.238819837226726,2.0544694018128764,0.26660181749183276,0.12
1162,5.243641555175184,2.0557926641063675,0.2690928961805839,0.12
1163,5.248459931542403,2.0571280426225567,0.2716292491862795,0.12
1164,5.253274874869982,2.058475746917693,0.2742108765089195,0.12
1165,5.258086292047898,2.059835986000984,0.2768377781485041,0.12
1166,5.262894088287546,2.061208968317647,0.27950995410503304,0.12
1167,5.2676981670949345,2.0625949017315905,0.2822274043785065,0.12
1168,5.27249843024403,2.0639939935077143,0.28499012896892445,0.12
1169,5.27729477775026,2.065406450293825,0.28779812787628684,0.12
1170,5.2820871078441725,2.0668324781021594,0.2906514011005937,0.12
1171,5.286875316945271,2.0682722822905135,0.29354994864184497,0.12
1172,5.291659299636016,2.069726067542966,0.2964937705000408,0.12
1173,5.296438948636,2.0711940378502014,0.29948286667518104,0.12
1174,5.301214154776326,2.0726763964894124,0.30251723716726575,0.12
1175,5.305984806974146,2.0741733460037906,0.305596881976295,0.12
1176,5.31075079220742,2.0756850881815914,0.30872180110226866,0.12
1177,5.315511995489867,2.077211824034772,0.31189199454518673,0.12
1178,5.320268299846119,2.0787537537771965,0.3151074623050494,0.12
1179,5.325019586287094,2.0803110768024,0.3183682043818564,0.12
1180,5.3297657337855915,2.0818839916609155,0.3216742207756079,0.12
1181,5.334506619252111,2.083472696037147,0.325025511486304,0.12
1182,5.339242117510902,2.085077386725793,0.3284220765139444,0.12
1183,5.343972101276261,2.086698259607813,0.33186391585852926,0.12
1184,5.348696441129071,2.088335509625935,0.3353510295200587,0.12
1185,5.353415005493595,2.0899893307596873,0.33888341749853257,0.12
1186,5.358127660614533,2.0916599159999723,0.3424610797939509,0.12
1187,5.362834270534353,2.0933474573231563,0.3460840164063137,0.12
1188,5.3675346970708855,2.095052145664685,0.34975222733562095,0.12
1189,5.372228799795217,2.096774170892215,0.35346571258187265,0.12
1190,5.376916436009869,2.098513721778257,0.3572244721450689,0.12
1191,5.3815974607272725,2.1002709859723288,0.36102850602520953,0.12
1192,5.38627172664856,2.1020461499726157,0.3648778142222947,0.12
1193,5.390939084142672,2.1038393990971316,0.36877239673632434,0.12
1194,5.395599381225781,2.1056509174543745,0.37271225356729837,0.12
1195,5.400252463541059,2.1074808879134843,0.3766973847152169,0.12
1196,5.404898174338781,2.109329492073887,0.38072779018007985,0.12
1197,5.409536354456783,2.1111969102344292,0.3848034699618873,0.12
1198,5.414166842301279,2.1130833213619957,0.38892442406063926,0.12
1199,5.418789473828048,2.114988903059615,0.3930906524763357,0.12
1200,5.423404082523997,2.1169138315340392,0.39730215520897655,0.12
1201,5.428010499389118,2.118858281562804,0.4015589322585619,0.12
1202,5.432608552918838,2.1208224264607654,0.4058609836250917,0.12
1203,5.4371980690867785,2.122806438046102,0.410208309308566,0.12
1204,5.441778871327933,2.124810486605797,0.41460090930898474,0.12
1205,5.446350780522269,2.126834740860582,0.41903878362634794,0.12
1206,5.450913614978776,2.128879367929349,0.4235219322606556,0.12
1207,5.455467190419954,2.1309445332930306,0.4280503552119077,0.12
1208,5.460011319966761,2.1330304007579364,0.43262405248010427,0.12
1209,5.464545814124038,2.1351371324185604,0.4372430240652454,0.12
1210,5.469070480766406,2.137264888619842,0.4419072699673309,0.12
1211,5.473585125124658,2.1394138279188923,0.4466167901863609,0.12
1212,5.4780895497726565,2.141584107046176,0.4513715847223354,0.12
1213,5.482583554614738,2.143775880866153,0.45617165357525435,0.12
1214,5.487066936873651,2.1459893023373793,0.4610169967451178,0.12
1215,5.491539491079025,2.1482245224720655,0.46590761423192567,0.12
1216,5.49600100905639,2.1504816902950914,0.470843506035678,0.12
1217,5.500451279916762,2.152760952802483,0.4758246721563748,0.12
1218,5.504890090046789,2.155062454919342,0.4808511125940161,0.12
1219,5.509317223099498,2.157386339457241,0.4859228273486018,0.12
1220,5.513732459985622,2.159732747071075,0.4910398164201321,0.12
1221,5.518135578865556,2.1621018162153756,0.49620207980860676,0.12
1222,5.522526355141916,2.1644936831000847,0.5014096175140259,0.12
1223,5.526904561452747,2.1669084816457986,0.5066624295363895,0.12
1224,5.531269967665373,2.1693463434384697,0.5119605158756976,0.12
1225,5.535622340870912,2.171807397683583,0.5173038765319502,0.12
1226,5.5399614453794594,2.174291771159801,0.5226925115051472,0.12
1227,5.544287042715965,2.176799588172076,0.5281264207952887,0.12
1228,5.548598891616805,2.1793309705042443,0.5336056044023745,0.12
1229,5.552896748027078,2.181886037371099,0.5391300623264048,0.12
1230,5.557180365098616,2.184464905369937,0.5446997945673797,0.12
1231,5.561449493188749,2.1870676884315996,0.5503148011252992,0.12
1232,5.565703879859821,2.189694497770998,0.555975082000163,0.12
1233,5.569943269879473,2.1923454418371335,0.5616806371919713,0.12
1234,5.574167405221716,2.195020626262614,0.567431466700724,0.12
1235,5.578376025068799,2.197720153812675,0.5732275705264211,0.12
1236,5.582568865813889,2.2004441243337065,0.5790689486690629,0.12
1237,5.586745661064581,2.203192634701293,0.5849556011286491,0.12
1238,5.590906141647247,2.205965778767772,0.5908875279051797,0.12
1239,5.5950500356122435,2.208763647309319,0.5968647289986548,0.12
1240,5.599177068239987,2.2115863279725576,0.6028872044090743,0.12
1241,5.603286962047922,2.2144339052207136,0.6089549541364383,0.12
1242,5.607379436798381,2.217306460279309,0.6150679781807469,0.12
1243,5.611454209507372,2.220204071081407,0.6212262765419998,0.12
1244,5.615510994454281,2.223126812212419,0.6274298492201973,0.12
1245,5.619549503192539,2.226074754854477,0.6336786962153391,0.12
1246,5.6235694445612365,2.2290479667303797,0.6399728175274255,0.12
1247,5.627570524697723,2.232046512047127,0.6463122131564563,0.12
1248,5.6315524470511935,2.235070451439039,0.6526968831024316,0.12
1249,5.635514912397284,2.238119841910488,0.6591268273653514,0.12
1250,5.639457618853694,2.2411947367782337,0.6656020459452157,0.12
1251,5.64338026189684,2.2442951856133844,0.6721225388420243,0.12
1252,5.645578393857844,2.2460508980965903,0.6758111842168448,0.12
1253,5.64946910536154,2.249191323933709,0.682367647052142,0.12
1254,5.653339181789245,2.2523571444512456,0.6888998284393327,0.12
1255,5.657188534875491,2.25554813059703,0.6954077283784169,0.12
1256,5.661017079068941,2.258764053758609,0.7018913468693947,0.12
1257,5.664824731512794,2.262004685787076,0.708350683912266,0.12
1258,5.668611412025088,2.2652697990205186,0.7147857395070307,0.12
1259,5.672377043078894,2.2685591663070683,0.721196513653689,0.12
1260,5.676121549782415,2.271872561027572,0.7275830063522408,0.12
1261,5.679844859858991,2.275209757117877,0.7339452176026862,0.12
1262,5.68354690362702,2.278570529090734,0.7402831474050249,0.12
1263,5.687227613979788,2.281954652057318,0.7465967957592573,0.12
1264,5.690886926365233,2.2853619017483737,0.7528861626653831,0.12
1265,5.69452477876563,2.2887920545349822,0.7591512481234025,0.12
1266,5.698141111677208,2.2922448874489563,0.7653920521333154,0.12
1267,5.701735868089705,2.2957201782028576,0.7716085746951218,0.12
1268,5.705308993465872,2.299217705209652,0.7778008158088217,0.12
1269,5.708860435720908,2.302737247601989,0.7839687754744151,0.12
1270,5.712390145201867,2.30627858525112,0.790112453691902,0.12
1271,5.715898074666999,2.3098414987854503,0.7962318504612825,0.12
1272,5.719384179265073,2.3134257696087324,0.8023269657825565,0.12
1273,5.722848416514648,2.3170311799178975,0.8083977996557239,0.12
1274,5.726290746283319,2.320657512720532,0.8144443520807849,0.12
1275,5.729711130766944,2.3243045518519976,0.8204666230577394,0.12
1276,5.7331095344688325,2.3279720819922027,0.8264646125865874,0.12
1277,5.736485924178933,2.3316598886820183,0.8324383206673289,0.12
1278,5.739840268952994,2.3353677583393564,0.838387747299964,0.12
1279,5.743172540091721,2.339095478274889,0.8443128924844926,0.12
1280,5.746482711119928,2.3428428367074408,0.8502137562209147,0.12
1281,5.749770757765681,2.34660962277903,0.8560903385092302,0.12
1282,5.753036657939453,2.3503956265695787,0.8619426393494394,0.12
1283,5.756280391713273,2.3542006391112844,0.867770658741542,0.12
1284,5.759501941299892,2.358024452402662,0.8735743966855382,0.12
1285,5.762701291031961,2.361866859422256,0.8793538531814278,0.12
1286,5.765878427341223,2.3657276541420225,0.8851090282292109,0.12
1287,5.7690333387377235,2.3696066315403934,0.8908399218288876,0.12
1288,5.772166015789052,2.3735035876150112,0.8965465339804578,0.12
1289,5.775276451099603,2.37741831939515,0.9022288646839215,0.12
1290,5.7783646392898635,2.3813506249538205,0.9078869139392787,0.12
1291,5.781430576975748,2.3853003034195557,0.9135206817465295,0.12
1292,5.784474262747959,2.3892671549878934,0.9191301681056737,0.12
1293,5.7874956971513845,2.393250980932544,0.9247153730167115,0.12
1294,5.79049488266455,2.397251583616258,0.9302762964796427,0.12
1295,5.7934718236791065,2.4012687665013837,0.9358129384944676,0.12
1296,5.796426526479372,2.4053023341601363,0.9413252990611858,0.12
1297,5.799358999221923,2.4093520922845553,0.9468133781797976,0.12
1298,5.802269251915236,2.4134178476961825,0.952277175850303,0.12
1299,5.805157296399401,2.4174994083554346,0.9577166920727018,0.12
1300,5.808023146325877,2.4215965833706976,0.9631319268469942,0.12
1301,5.8108668171373195,2.4257091830071276,0.96852288017318,0.12
1302,5.813688326047474,2.4298370186951757,0.9738895520512594,0.12
1303,5.816487692021137,2.433979903038823,0.9792319424812324,0.12
1304,5.8192649357541795,2.438137649823547,0.9845500514630987,0.12
1305,5.822020079653659,2.4423100740240087,0.9898438789968587,0.12
1306,5.8247531478179875,2.4464969918114656,0.9951134250825122,0.12
1307,5.827464166017196,2.4506982205609216,1.0003586897200591,0.12
1308,5.830153161673266,2.454913578858004,1.0055796729094997,0.12
1309,5.8328201638405455,2.4591428865055827,1.0107763746508336,0.12
1310,5.835465203186252,2.4633859645301226,1.015948794944061,0.12
1311,5.838088311971064,2.4676426351877834,1.021096933789182,0.12
1312,5.840689524029794,2.471912721970261,1.0262207911861967,0.12
1313,5.843268874752156,2.4761960496103774,1.0313203671351046,0.12
1314,5.845826401063628,2.4804924440874214,1.0363956616359062,0.12
1315,5.848362141406403,2.4848017326322425,1.0414466746886013,0.12
1316,5.850876135720439,2.489123743732099,1.04647340629319,0.12
1317,5.8533684254246126,2.493458307135269,1.051475856449672,0.12
1318,5.855839053397961,2.49780525385542,1.0564540251580476,0.12
1319,5.858288063961036,2.502164416175738,1.0614079124183167,0.12
1320,5.860715502857356,2.5065356276528394,1.0663375182304793,0.12
1321,5.863121417234963,2.5109187231204344,1.0712428425945355,0.12
1322,5.865505855628086,2.5153135386927734,1.0761238855104853,0.12
1323,5.86786886793892,2.5197199117678686,1.0809806469783283,0.12
1324,5.870210505419499,2.5241376810304903,1.085813126998065,0.12
1325,5.872530820653696,2.528566686454946,1.0906213255696953,0.12
1326,5.874829867539324,2.5330067693076437,1.095405242693219,0.12
1327,5.877107701270354,2.537457772149441,1.1001648783686362,0.12
1328,5.879364378319254,2.541919538837783,1.104900232595947,0.12
1329,5.881599956419434,2.5463919145286296,1.1096113053751513,0.12
1330,5.883814494547814,2.550874745678186,1.114298096706249,0.12
1331,5.886008052907515,2.5553678800444186,1.1189606065892403,0.12
1332,5.888180692910657,2.559871166688379,1.1235988350241253,0.12
1333,5.890332477161291,2.5643844559753264,1.1282127820109036,0.12
1334,5.892463469438446,2.56890759957566,1.1328024475495753,0.12
1335,5.8945737346793,2.573440450465651,1.1373678316401408,0.12
1336,5.896663338962477,2.577982862927994,1.1419089342825994,0.12
1337,5.898732349491466,2.582534692552162,1.146425755476952,0.12
1338,5.900780834578164,2.5870957962345886,1.1509182952231978,0.12
1339,5.9028088636265545,2.591666032178656,1.1553865535213372,0.12
1340,5.904816507116503,2.596245259894513,1.1598305303713703,0.12
1341,5.906803836587684,2.60083334019871,1.1642502257732965,0.12
1342,5.90877092462364,2.605430135213663,1.1686456397271165,0.12
1343,5.910717844835971,2.6100355083669475,1.17301677223283,0.12
1344,5.912644671848642,2.6146493243904176,1.177363623290437,0.12
1345,5.914551481282438,2.619271449319162,1.1816861928999374,0.12
1346,5.916438349739544,2.623901750490297,1.1859844810613316,0.12
1347,5.918305354788249,2.6285400965415944,1.190258487774619,0.12
1348,5.920152574947794,2.6331863574099517,1.1945082130398,0.12
1349,5.921980089673352,2.6378404043297037,1.1987336568568745,0.12
1350,5.92378797934113,2.6425021098307835,1.2029348192258427,0.12
1351,5.92557632523362,2.647171347736726,1.2071117001467042,0.12
1352,5.927345209524976,2.651847993162522,1.2112642996194594,0.12
1353,5.929094715266524,2.656531922512333,1.2153926176441079,0.12
1354,5.9308249263724155,2.661223013477047,1.21949665422065,0.12
1355,5.932535927605407,2.665921145031704,1.2235764093490857,0.12
1356,5.9342278045627825,2.670626197432772,1.2276318830294148,0.12
1357,5.935900643662404,2.6753380522152908,1.2316630752616375,0.12
1358,5.9375545321289085,2.6800565921898745,1.2356699860457536,0.12
1359,5.939189557980032,2.6847817014395856,1.2396526153817633,0.12
1360,5.940805810013073,2.689513265316671,1.2436109632696666,0.12
1361,5.942403377791496,2.6942511704391743,1.2475450297094635,0.12
1362,5.943982351631669,2.6989953046874167,1.2514548147011535,0.12
1363,5.945542822589728,2.703745557200355,1.2553403182447374,0.12
1364,5.947084882448605,2.7085018183718157,1.2592015403402144,0.12
1365,5.948608623705157,2.7132639798466087,1.2630384809875854,0.12
1366,5.950114139557463,2.718031934516522,1.2668511401868496,0.12
1367,5.95160152389224,2.7228055765161967,1.2706395179380077,0.12
1368,5.9530708712724,2.7275848012188932,1.2744036142410586,0.12
1369,5.95452227692475,2.732369505232139,1.2781434290960036,0.12
1370,5.955955836727814,2.7371595863932705,1.281858962502842,0.12
1371,5.957371647199804,2.7419549437648607,1.2855502144615736,0.12
1372,5.958769805486731,2.746755477630046,1.2892171849721992,0.12
1373,5.96015040935063,2.7515610894877436,1.292859874034718,0.12
1374,5.961513557157949,2.756371682047769,1.2964782816491305,0.12
1375,5.96285934786805,2.7611871592258517,1.3000724078154362,0.12
1376,5.964187881021861,2.7660074261385494,1.3036422525336357,0.12
1377,5.965499256730657,2.7708323890980706,1.307187815803729,0.12
1378,5.966793575664974,2.7756619556069944,1.3107090976257152,0.12
1379,5.968070939043662,2.7804960343529057,1.314206097999595,0.12
1380,5.96933144862307,2.785334535202929,1.3176788169253686,0.12
1381,5.970575206686364,2.79017736919818,1.3211272544030357,0.12
1382,5.97180231603298,2.7950244485481264,1.3245514104325962,0.12
1383,5.97301287996821,2.79987568662486,1.3279512850140502,0.12
1384,5.974207002292922,2.8047309979572885,1.3313268781473977,0.12
1385,5.975384787293407,2.8095902982252383,1.3346781898326388,0.12
1386,5.9765463397313665,2.8144535042534846,1.3380052200697734,0.12
1387,5.977691764834019,2.8193205340056937,1.3413079688588017,0.12
1388,5.978821168284357,2.8241913065782907,1.344586436199723,0.12
1389,5.979934656211509,2.829065742194251,1.3478406220925383,0.12
1390,5.981032335181257,2.8339437621968178,1.3510705265372467,0.12
1391,5.982114312186662,2.8388252890431422,1.354276149533849,0.12
1392,5.9831806946388335,2.843710246297859,1.3574574910823447,0.12
1393,5.984231590357822,2.848598558626583,1.3606145511827337,0.12
1394,5.985267107563633,2.8534901517893463,1.3637473298350165,0.12
1395,5.986287354867383,2.85838495263396,1.3668558270391926,0.12
1396,5.987292441262568,2.863282889089319,1.3699400427952624,0.12
1397,5.98828247611646,2.8681838901586314,1.3729999771032255,0.12
1398,5.989257569161642,2.873087885912597,1.3760356299630825,0.12
1399,5.990217830487649,2.8779948074825175,1.3790470013748326,0.12
1400,5.991163370532747,2.8829045870533463,1.3820340913384763,0.12
1401,5.992094300075829,2.8878171578566847,1.3849968998540136,0.12
1402,5.993010730228435,2.892732454163716,1.3879354269214446,0.12
1403,5.993912772426897,2.897650411278087,1.3908496725407686,0.12
1404,5.994800538424595,2.9025709655287315,1.3937396367119868,0.12
1405,5.995674140284353,2.9074940542626457,1.396605319435098,0.12
1406,5.996533690370935,2.9124196158376057,1.399446720710103,0.12
1407,5.9973793013436705,2.917347589614839,1.4022638405370011,0.12
1408,5.998211086149196,2.9222779159516437,1.405056678915793,0.12
1409,5.999029158014316,2.9272105361939618,1.4078252358464785,0.12
1410,5.999833630438979,2.932145392668902,1.4105695113290573,0.12
1411,6.000624617189372,2.9370824286772192,1.41328950536353,0.12
1412,6.001402232291122,2.9420215884857503,1.4159852179498957,0.12
1413,6.002166590022627,2.9469628173198026,1.4186566490881551,0.12
1414,6.002917804908489,2.951906061355503,1.4213037987783081,0.12
1415,6.003655991713062,2.956851267712105,1.4239266670203548,0.12
1416,6.004381265434112,2.9617983844442537,1.4265252538142947,0.12
1417,6.005093741296598,2.966747360534215,1.429099559160128,0.12
1418,6.005793534746544,2.9716981458840626,1.431649583057855,0.12
1419,6.006480761445038,2.9766506913078317,1.4341753255074756,0.12
1420,6.007155537262337,2.981604948523633,1.4366767865089898,0.12
1421,6.007817978272066,2.986560870145733,1.4391539660623973,0.12
1422,6.008468200745545,2.9915184096766048,1.4416068641676985,0.12
1423,6.009106321146203,2.9964775214989348,1.4440354808248932,0.12
1424,6.009732456124111,3.0014381608676084,1.446439816033981,0.12
1425,6.010346722510614,3.0064002839016557,1.4488198697949626,0.12
1426,6.010949237313063,3.0113638475761757,1.451175642107838,0.12
1427,6.011540117709653,3.0163288097142207,1.4535071329726064,0.12
1428,6.012119481044367,3.02129512897866,1.4558143423892687,0.12
1429,6.012687444822012,3.0262627648640112,1.4580972703578243,0.12
1430,6.013244126703361,3.031231677688248,1.4603559168782736,0.12
1431,6.013789644500391,3.036201828584579,1.4625902819506162,0.12
1432,6.014324116171618,3.0411731794932013,1.4648003655748525,0.12
1433,6.014847659817535,3.046145693153031,1.4669861677509823,0.12
1434,6.0153603936761355,3.0511193330934105,1.4691476884790053,0.12
1435,6.015862436118543,3.0560940636257876,1.4712849277589224,0.12
1436,6.0163539056447295,3.0610698498353814,1.4733978855907326,0.12
1437,6.016834920879322,3.0660466575728154,1.4754865619744364,0.12
1438,6.017305600567513,3.0710244534457405,1.4775509569100338,0.12
1439,6.0177660635710515,3.076003204810429,1.4795910703975244,0.12
1440,6.018216428864329,3.0809828797633556,1.4816069024369087,0.12
1441,6.018656815530552,3.0859634471327544,1.4835984530281867,0.12
1442,6.019087342758012,3.0909448764701626,1.485565722171358,0.12
1443,6.019508129836426,3.0959271380419406,1.487508709866423,0.12
1444,6.019919296153375,3.1009102028207827,1.4894274161133811,0.12
1445,6.020320961190832,3.1058940424772024,1.4913218409122333,0.12
1446,6.020713244521757,3.1108786293710113,1.4931919842629786,0.12
1447,6.021096265806794,3.115863936542776,1.4950378461656175,0.12
1448,6.021470144791039,3.12084993770526,1.49685942662015,0.12
1449,6.0218350013008894,3.1258366072348602,1.4986567256265757,0.12
1450,6.022190955240981,3.1308239201630172,1.5004297431848954,0.12
1451,6.022538126591197,3.1358118521676235,1.5021784792951083,0.12
1452,6.022876635403758,3.140800379564411,1.5039029339572147,0.12
1453,6.0232066018003865,3.1457894792983327,1.505603107171215,0.12
1454,6.023528145969555,3.150779128934928,1.5072789989371085,0.12
1455,6.023841388163799,3.1557693066516808,1.5089306092548955,0.12
1456,6.02414644869711,3.1607599912293627,1.510557938124576,0.12
1457,6.024443447942403,3.165751162043371,1.5121609855461502,0.12
1458,6.024732506329048,3.170742799055051,1.5137397515196178,0.12
1459,6.0250137443404865,3.1757348828030154,1.5152942360449786,0.12
1460,6.025287282511899,3.1807273943944483,1.5168244391222334,0.12
1461,6.025553241427958,3.185720315496405,1.5183303607513814,0.12
1462,6.025811741720641,3.1907136283271025,1.5198120009324232,0.12
1463,6.026062904067113,3.1957073156472013,1.5212693596653581,0.12
1464,6.0263068491876695,3.2007013607510797,1.522702436950187,0.12
1465,6.026543697843749,3.205695747458103,1.5241112327869093,0.12
1466,6.026773570836014,3.2106904601038826,1.5254957471755248,0.12
1467,6.026996589002481,3.21568548353153,1.526855980116034,0.12
1468,6.027212873216722,3.220680803082909,1.528191931608437,0.12
1469,6.027422544386126,3.225676404589872,1.529503601652733,0.12
1470,6.0276257234502175,3.2306722743655008,1.530790990248923,0.12
1471,6.027822531379032,3.2356683991953363,1.532054097397006,0.12
1472,6.028013089171552,3.2406647663286066,1.533292923096983,0.12
1473,6.0281975178542,3.245661363469445,1.534507467348853,0.12
1474,6.028375938479379,3.2506581787681106,1.5356977301526171,0.12
1475,6.028548472124078,3.2556552008121993,1.5368637115082744,0.12
1476,6.028715239888523,3.2606524186178527,1.538005411415825,0.12
1477,6.028876362894883,3.2656498216209635,1.5391228298752695,0.12
1478,6.029031962286024,3.270647399668376,1.5402159668866076,0.12
1479,6.029182159224319,3.275645143009085,1.5412848224498388,0.12
1480,6.029327074890496,3.280643042285429,1.5423293965649636,0.12
1481,6.0294668304825505,3.285641088524283,1.5433496892319822,0.12
1482,6.029601547214685,3.2906392731282486,1.544345700450894,0.12
1483,6.029731346316308,3.295637587866837,1.5453174302216994,0.12
1484,6.029856349031074,3.300636024867656,1.5462648785443984,0.12
1485,6.029976676615966,3.3056345766075905,1.547188045418991,0.12
1486,6.030092450340417,3.31063323590398,1.5480869308454768,0.12
1487,6.030203791485481,3.315631995905799,1.5489615348238563,0.12
1488,6.030310821343037,3.3206308500848305,1.5498118573541295,0.12
1489,6.030413661215037,3.3256297922268407,1.550637898436296,0.12
1490,6.030512432412786,3.3306288164227476,1.5514396580703558,0.12
1491,6.030607256256269,3.335627917059799,1.5522171362563095,0.12
1492,6.030698254073502,3.3406270888127354,1.5529703329941564,0.12
1493,6.030785547199926,3.3456263266349584,1.5536992482838972,0.12
1494,6.030869256977836,3.350625625749701,1.554403882125531,0.12
1495,6.030949504755835,3.355624981641191,1.5550842345190588,0.12
1496,6.031026411888323,3.360624390045815,1.55574030546448,0.12
1497,6.031100099735025,3.3656238469432838,1.5563720949617945,0.12
1498,6.031170689660534,3.3706233485477948,1.5569796030110028,0.12
1499,6.031238303033891,3.3756228912991944,1.5575628296121045,0.12
1500,6.031303061228196,3.3806224718541387,1.5581217747650995,0.12
1501,6.0313650856202345,3.385622087077255,1.5586564384699884,0.12
1502,6.031424497590138,3.3906217340323033,1.5591668207267706,0.12
1503,6.031481418521065,3.395621409973334,1.5596529215354462,0.12
1504,6.031535969798909,3.400621112335849,1.5601147408960154,0.12
1505,6.0315882728120185,3.40562083872796,1.5605522788084782,0.12
1506,6.031638448950953,3.410620586921546,1.5609655352728344,0.12
1507,6.031686619608246,3.415620354843414,1.5613545102890842,0.12
1508,6.031732906178193,3.420620140566456,1.5617192038572276,0.12
1509,6.031777430056654,3.425619942300806,1.5620596159772644,0.12
1510,6.03182031264088,3.430619758384998,1.5623757466491948,0.12
1511,6.031861675329343,3.435619587277124,1.5626675958730185,0.12
1512,6.031901639521589,3.4406194275459887,1.5629351636487359,0.12
1513,6.031940326618107,3.4456192778622716,1.5631784499763466,0.12
1514,6.031977858020201,3.4506191369896784,1.563397454855851,0.12
1515,6.032014355129879,3.4556190037761008,1.563592178287249,0.12
1516,6.0320499393497515,3.460618877144773,1.5637626202705404,0.12
1517,6.032084732082943,3.4656187560854264,1.5639087808057253,0.12
1518,6.032118854733001,3.4706186396454495,1.5640306598928038,0.12
1519,6.032152428703826,3.4756185269210405,1.5641282575317756,0.12
1520,6.032185575399594,3.480618417048367,1.5642015737226411,0.12
1521,6.03221841622469,3.4856183091947215,1.5642506084654002,0.12
1522,6.0322510725836525,3.4906182025496766,1.5642753617600527,0.12
1523,6.0322836658811045,3.495618096316242,1.5642758336065987,0.12
1524,6.032316317521703,3.5006179897020218,1.5642520240050382,0.12
1525,6.032349148910072,3.5056178819103696,1.5642039329553712,0.12
1526,6.0323822814507535,3.510617772131546,1.5641315604575978,0.12
1527,6.032415836548141,3.5156176595338744,1.5640349065117178,0.12
1528,6.032449935606423,3.5206175432548954,1.5639139711177314,0.12
1529,6.0324847000295065,3.5256174223925276,1.5637687542756384,0.12
1530,6.032520251220958,3.5306172959962216,1.563599255985439,0.12
1531,6.032556710583917,3.535617163058115,1.5634054762471332,0.12
1532,6.032594199521017,3.54061702250419,1.563187415060721,0.12
1533,6.032632839434291,3.545616873185433,1.562945072426202,0.12
1534,6.032672751725075,3.5506167138689873,1.5626784483435765,0.12
1535,6.032714057793888,3.555616543229311,1.5623875428128446,0.12
1536,6.032756879040317,3.5606163598393348,1.5620723558340064,0.12
1537,6.03280133686288,3.5656161621616183,1.5617328874070617,0.12
1538,6.032847552658874,3.5706159485395075,1.5613691375320102,0.12
1539,6.032895647824219,3.575615717188292,1.5609811062088528,0.12
1540,6.0329457437532765,3.5806154661863614,1.5605687934375885,0.12
1541,6.03299796183865,3.5856151934663667,1.5601321992182176,0.12
1542,6.033052423470979,3.5906148968063727,1.5596713235507405,0.12
1543,6.033109250038705,3.595614573821022,1.5591861664351567,0.12
1544,6.0331685629278216,3.6006142219526893,1.5586767278714664,0.12
1545,6.033230483521597,3.6056138384626415,1.5581430078596696,0.12
1546,6.033295133200288,3.610613420422201,1.5575850063997667,0.12
1547,6.033362633340817,3.6156129647038977,1.557002723491757,0.12
1548,6.033433105316431,3.620612467972636,1.5563961591356408,0.12
1549,6.033506670496338,3.6256119266768554,1.5557653133314182,0.12
1550,6.033583450245311,3.630611337039686,1.555110186079089,0.12
1551,6.0336635659232725,3.6356106950501172,1.5544307773786534,0.12
1552,6.03374713888484,3.6406099964541587,1.5537270872301114,0.12
1553,6.033834290478848,3.6456092367460027,1.5529991156334628,0.12
1554,6.033925142047848,3.6506084111591894,1.5522468625887078,0.12
1555,6.034019814927557,3.6556075146577744,1.5514703280958462,0.12
1556,6.034118430446294,3.660606541927493,1.5506695121548781,0.12
1557,6.034221109924363,3.6656054873669293,1.5498444147658037,0.12
1558,6.034327974673423,3.6706043450786847,1.5489950359286226,0.12
1559,6.034439145995799,3.6756031088605505,1.5481213756433352,0.12
1560,6.0345547451837795,3.680601772196676,1.547223433909941,0.12
1561,6.03467489351885,3.6856003282487464,1.5463012107284406,0.12
1562,6.034799712270913,3.6905987698471567,1.5453547060988337,0.12
1563,6.03492932269745,3.6955970894821863,1.5443839200211205,0.12
1564,6.03506384604265,3.7005952792951833,1.5433888524953003,0.12
1565,6.035203403536494,3.705593331069741,1.542369503521374,0.12
1566,6.035348116393795,3.7105912362228843,1.5413258730993413,0.12
1567,6.035498105813193,3.715588985796256,1.5402579612292018,0.12
1568,6.035653492976113,3.720586570447306,1.5391657679109558,0.12
1569,6.03581439904566,3.7255839804404767,1.5380492931446037,0.12
1570,6.03598094516548,3.7305812056384107,1.5369085369301447,0.12
1571,6.036153252458569,3.7355782354931333,1.5357434992675794,0.12
1572,6.03633144202603,3.740575059037266,1.5345541801569076,0.12
1573,6.036515634945779,3.7455716648752224,1.5333405795981294,0.12
1574,6.036705952271203,3.750568041174424,1.5321026975912444,0.12
1575,6.036902515029759,3.7555641756565077,1.5308405341362534,0.12
1576,6.037105444221524,3.7605600555885434,1.5295540892331556,0.12
1577,6.037314860817687,3.7655556677742577,1.5282433628819514,0.12
1578,6.037530885758989,3.770550998545258,1.5269083550826406,0.12
1579,6.037753639954099,3.7755460337522644,1.5255490658352233,0.12
1580,6.037983244277934,3.780540758756346,1.5241654951396997,0.12
1581,6.038219819569929,3.7855351584201626,1.5227576429960696,0.12
1582,6.038463486632228,3.790529217099213,1.5213255094043328,0.12
1583,6.038714366227833,3.795522918633089,1.51986909436449,0.12
1584,6.038972579078674,3.8005162463367363,1.51838839787654,0.12
1585,6.03923824586363,3.805509182991721,1.516883419940484,0.12
1586,6.039511487216473,3.810501710837504,1.5153541605563214,0.12
1587,6.039792423723756,3.8154938115627255,1.5138006197240523,0.12
1588,6.040081175922626,3.820485466296491,1.5122227974436768,0.12
1589,6.0403778642985735,3.8254766555996715,1.5106206937151945,0.12
1590,6.0406826092831185,3.8304673594562124,1.5089943085386062,0.12
1591,6.040995531251415,3.835457557264444,1.507343641913911,0.12
1592,6.04131675051979,3.8404472278284105,1.5056686938411095,0.12
1593,6.041646387343215,3.845436349349204,1.5039694643202015,0.12
1594,6.041984561912705,3.850424899416309,1.5022459533511872,0.12
1595,6.042331394352625,3.8554128549989577,1.500498160934066,0.12
1596,6.04268700471795,3.8604001924374987,1.4987260870688384,0.12
1597,6.043051512991429,3.8653868874347745,1.4969297317555046,0.12
1598,6.043425039080677,3.8703729150475104,1.4951090949940642,0.12
1599,6.04380770281519,3.8753582496777215,1.4932641767845172,0.12
1600,6.044199623943281,3.880342865064124,1.491394977126864,0.12
1601,6.044600922128935,3.8853267342735696,1.489501496021104,0.12
1602,6.045011716948584,3.8903098296924847,1.4875837334672375,0.12
1603,6.045432127887796,3.895292123018335,1.4856416894652646,0.12
1604,6.045862274337888,3.9002735852510915,1.4836753640151854,0.12
1605,6.046302275592447,3.9052541866847266,1.4816847571169993,0.12
1606,6.046752250843771,3.9102338968987156,1.479669868770707,0.12
1607,6.047212319179223,3.915212684749564,1.4776306989763084,0.12
1608,6.047682599577492,3.920190518362342,1.475567247733803,0.12
1609,6.048163210904779,3.925167365122248,1.4734795150431912,0.12
1610,6.048654271910879,3.9301431916661844,1.471367500904473,0.12
1611,6.049155901225183,3.9351179638743545,1.4692312053176484,0.12
1612,6.0496682173525835,3.9400916468618794,1.467070628282717,0.12
1613,6.050191338669291,3.9450642049704356,1.4648857697996793,0.12
1614,6.0507253834185555,3.950035601759918,1.4626766298685352,0.12
1615,6.051270469706295,3.955005800000117,1.4604432084892844,0.12
1616,6.05182671549663,3.9599747616624272,1.458185505661927,0.12
1617,6.052394238607318,3.9649424479115734,1.4559035213864635,0.12
1618,6.0529731567050975,3.969908819097367,1.4535972556628933,0.12
1619,6.053563587300927,3.974873834746484,1.4512667084912168,0.12
1620,6.05416564774513,3.979837453554266,1.4489118798714338,0.12
1621,6.054779455222441,3.984799633376558,1.446532769803544,0.12
1622,6.055405126746947,3.989760331221566,1.4441293782875477,0.12
1623,6.056042779156929,3.9947195032417424,1.441701705323445,0.12
1624,6.056692529109603,3.999677104725708,1.4392497509112363,0.12
1625,6.0573544930757555,4.004633090090197,1.4367735150509207,0.12
1626,6.0580287873342735,4.00958741287204,1.4342729977424984,0.12
1627,6.058715527966574,4.014540025720174,1.4317481989859702,0.12
1628,6.059414830850922,4.019490880387686,1.429199118781335,0.12
1629,6.060126811656645,4.024439927723893,1.4266257571285936,0.12
1630,6.06085158583824,4.029387117666464,1.4240281140277458,0.12
1631,6.061589268629366,4.034332399233555,1.421406189478791,0.12
1632,6.06233997503674,4.0392757205160095,1.41875998348173,0.12
1633,6.063103819833902,4.044217028669578,1.4160894960365626,0.12
1634,6.063880917554892,4.049156269907188,1.413394727143289,0.12
1635,6.064671382487797,4.054093389491243,1.4106756768019084,0.12
1636,6.065475328668194,4.0590283317259725,1.4079323450124215,0.12
1637,6.06629286987248,4.063961039949819,1.4051647317748281,0.12
1638,6.067124119611076,4.068891456527875,1.4023728370891284,0.12
1639,6.067969191121534,4.073819522844351,1.3995566609553218,0.12
1640,6.068828197361514,4.078745179295111,1.3967162033734088,0.12
1641,6.069701251001644,4.083668365280232,1.3938514643433897,0.12
1642,6.0705884644182735,4.088589019196625,1.390962443865264,0.12
1643,6.0714899496861,4.093507078430708,1.3880491419390315,0.12
1644,6.072405818570673,4.0984224793511155,1.385111558564693,0.12
1645,6.073336182520789,4.103335157301478,1.3821496937422475,0.12
1646,6.074281152660758,4.108245046593236,1.3791635474716957,0.12
1647,6.075240839782548,4.113152080498526,1.3761531197530377,0.12
1648,6.076215354337815,4.118056191243115,1.3731184105862728,0.12
1649,6.077204806429801,4.122957309999381,1.3700594199714016,0.12
1650,6.078209305805114,4.1278553668793725,1.366976147908424,0.12
1651,6.079228961845384,4.132750290927916,1.3638685943973397,0.12
1652,6.080263883558795,4.137642010115783,1.360736759438149,0.12
1653,6.081314179571482,4.142530451332929,1.3575806430308517,0.12
1654,6.082379958118819,4.147415540381785,1.354400245175448,0.12
1655,6.083461327036566,4.152297201970624,1.351195565871938,0.12
1656,6.084558393751895,4.157175359706992,1.3479666051203214,0.12
1657,6.0856712652742875,4.1620499360912016,1.3447133629205983,0.12
1658,6.086800048186305,4.166920852509908,1.3414358392727685,0.12
1659,6.087944848634223,4.171788029229744,1.3381340341768326,0.12
1660,6.0891057723185495,4.1766513853910325,1.33480794763279,0.12
1661,6.090282924484403,4.1815108390015805,1.3314575796406412,0.12
1662,6.091476409911757,4.186366306930539,1.3280829302003856,0.12
1663,6.092686332905568,4.191217704902346,1.3246839993120232,0.12
1664,6.093912797285755,4.196064947490749,1.321260786975555,0.12
1665,6.095155906377065,4.200907948112907,1.3178132931909798,0.12
1666,6.0964157629987845,4.205746619023582,1.3143415179582987,0.12
1667,6.097692469454345,4.2105808713094035,1.3108454612775104,0.12
1668,6.098986127520765,4.215410614883226,1.3073251231486158,0.12
1669,6.100296838437986,4.22023575847858,1.3037805035716152,0.12
1670,6.101624702898058,4.225056209644201,1.300211602546508,0.12
1671,6.102969821034199,4.229871874738659,1.2966184200732935,0.12
1672,6.104332292409709,4.234682658925079,1.2930009561519733,0.12
1673,6.105712216006768,4.239488466165956,1.2893592107825467,0.12
1674,6.1071096902150765,4.244289199218065,1.2856931839650132,0.12
1675,6.10852481282038,4.249084759627479,1.2820028756993733,0.12
1676,6.1099576809928475,4.253875047724674,1.278288285985627,0.12
1677,6.111408391275312,4.258659962619747,1.274549414823774,0.12
1678,6.112877039571383,4.263439402197742,1.2707862622138149,0.12
1679,6.114363721133423,4.268213263114063,1.2669988281557485,0.12
1680,6.115868530550374,4.272981440790025,1.2631871126495766,0.12
1681,6.117391561735467,4.277743829408486,1.2593511156952981,0.12
1682,6.118932907913775,4.282500321909614,1.2554908372929128,0.12
1683,6.12049266160965,4.287250809986761,1.2516062774424208,0.12
1684,6.122070914634003,4.2919951840824435,1.247697436143823,0.12
1685,6.1236677580714645,4.296733333384459,1.243764313397118,0.12
1686,6.125283282267395,4.301465145822117,1.239806909202307,0.12
1687,6.126917576814766,4.306190508062586,1.2358252235593892,0.12
1688,6.128570730540905,4.310909305507369,1.2318192564683648,0.12
1689,6.130242831494095,4.315621422288918,1.2277890079292344,0.12
1690,6.131933966930052,4.32032674126736,1.2237344779419974,0.12
1691,6.133644223298251,4.325025144027366,1.2196556665066536,0.12
1692,6.135373686228127,4.329716510875151,1.2155525736232033,0.12
1693,6.137122440515132,4.334400720835608,1.211425199291647,0.12
1694,6.138890570106662,4.339077651649583,1.2072735435119837,0.12
1695,6.1406781580878445,4.343747179771292,1.2030976062842145,0.12
1696,6.142485286667194,4.348409180365872,1.1988973876083384,0.12
1697,6.1443120371621305,4.353063527307093,1.1946728874843555,0.12
1698,6.146158489984356,4.3577100931752,1.1904241059122667,0.12
1699,6.148024724625118,4.362348749254918,1.186151042892071,0.12
1700,6.1499108196403105,4.3669793655336,1.1818536984237689,0.12
1701,6.1518168526354655,4.37160181069954,1.1775320725073608,0.12
1702,6.153742900250599,4.376215952140425,1.1731861651428455,0.12
1703,6.155689038144924,4.380821655941977,1.1688159763302242,0.12
1704,6.157655340981439,4.385418786886719,1.1644215060694962,0.12
1705,6.159641882411379,4.390007208452933,1.1600027543606615,0.12
1706,6.161648735058537,4.394586782813773,1.155559721203721,0.12
1707,6.163675970503454,4.399157370836557,1.1510924065986738,0.12
1708,6.165723659267486,4.40371883208221,1.1466008105455192,0.12
1709,6.167791870796727,4.408271024804908,1.1420849330442593,0.12
1710,6.169880673445827,4.412813805951879,1.1375447740948925,0.12
1711,6.171990134461659,4.417347031163391,1.132980333697419,0.12
1712,6.174120319966871,4.42187055477292,1.1283916118518391,0.12
1713,6.176271294943314,4.4263842298075025,1.123778608558153,0.12
1714,6.178443123215345,4.430887907988274,1.11914132381636,0.12
1715,6.1806358674329935,4.435381439731206,1.114479757626461,0.12
1716,6.182849589055024,4.439864674148016,1.109793909988455,0.12
1717,6.185084348331863,4.444337459047292,1.1050837809023426,0.12
1718,6.187340204288409,4.4487996409358015,1.1003493703681242,0.12
1719,6.189617214706728,4.453251065020012,1.0955906783857987,0.12
1720,6.191915436108618,4.457691575207798,1.0908077049553673,0.12
1721,6.194234923738072,4.462121014110373,1.0860004500768288,0.12
1722,6.196575731543605,4.466539223044405,1.0811689137501839,0.12
1723,6.198937912160492,4.470946042034377,1.076313095975433,0.12
1724,6.201321516892865,4.475341309815125,1.0714329967525758,0.12
1725,6.203726595695713,4.479724863834616,1.066528616081611,0.12
1726,6.206153197156775,4.484096540256935,1.0615999539625405,0.12
1727,6.208601368478308,4.488456173965498,1.0566470103953636,0.12
1728,6.21107115545876,4.4928035985664865,1.0516697853800798,0.12
1729,6.213562602474332,4.497138646392509,1.0466682789166897,0.12
1730,6.216075752460433,4.501461148506495,1.0416424910051933,0.12
1731,6.218610646893037,4.505770934705822,1.03659242164559,0.12
1732,6.221167325769932,4.510067833526674,1.0315180708378808,0.12
1733,6.223745827591876,4.51435167224864,1.026419438582064,0.12
1734,6.226346189343648,4.518622276899559,1.0212965248781418,0.12
1735,6.228968446475004,4.5228794722605965,1.016149329726113,0.12
1736,6.231612632881549,4.527123081871582,1.0109778531259774,0.12
1737,6.234278780885497,4.531352928036588,1.0057820950777352,0.12
1738,6.236966921216361,4.535568831829757,1.000562055581387,0.12
1739,6.239677082991534,4.539770613101397,0.995317734636932,0.12
1740,6.242409293696804,4.543958090484322,0.9900491322443707,0.12
1741,6.245163579166771,4.54813108140046,0.9847562484037031,0.12
1742,6.2479399635651856,4.552289402067721,0.979439083114928,0.12
1743,6.250738469365205,4.556432867507132,0.9740976363780474,0.12
1744,6.253559117329581,4.560561291550248,0.9687319081930603,0.12
1745,6.256401926490755,4.564674486846821,0.9633418985599662,0.12
1746,6.259266914130904,4.568772264872759,0.9579276074787657,0.12
1747,6.262154095761891,4.57285443593835,0.9524890349494592,0.12
1748,6.265063485105165,4.576920809196775,0.9470261809720457,0.12
1749,6.267995094071592,4.5809711926529,0.9415390455465262,0.12
1750,6.270948932741216,4.585005393172352,0.9360276286728991,0.12
1751,6.273925009342962,4.589023216490892,0.9304919303511667,0.12
1752,6.276923330234295,4.593024467224072,0.9249319505813277,0.12
1753,6.279943899880808,4.5970089488771855,0.9193476893633817,0.12
1754,6.282986720835761,4.600976463855523,0.9137391466973293,0.12
1755,6.286051793719577,4.60492681347492,0.9081063225831709,0.12
1756,6.289139117199291,4.60885979797261,0.9024492170209054,0.12
1757,6.292248687967951,4.612775216518383,0.8967678300105341,0.12
1758,6.295380500723985,4.616672867226055,0.8910621615520556,0.12
1759,6.298534548150526,4.6205525471652376,0.8853322116454707,0.12
1760,6.301710820894711,4.6244140523734405,0.8795779802907799,0.12
1761,6.304909307546941,4.62825717786847,0.8737994674879827,0.12
1762,6.308129994620121,4.632081717661157,0.8679966732370777,0.12
1763,6.311372866528864,4.635887464768405,0.8621695975380674,0.12
1764,6.314637905568707,4.639674211226568,0.8563182403909507,0.12
1765,6.317925091895266,4.643441748105135,0.8504426017957268,0.12
1766,6.321234403503409,4.647189865520772,0.8445426817523971,0.12
1767,6.324565816206411,4.650918352651681,0.8386184802609598,0.12
1768,6.3279193036151025,4.654626997752281,0.8326699973214171,0.12
1769,6.33129483711702,4.658315588168259,0.8266972329337678,0.12
1770,6.334692385855552,4.661983910351928,0.8207001870980116,0.12
1771,6.338111916709094,4.665631749877951,0.8146788598141489,0.12
1772,6.341553394270218,4.669258891459391,0.8086332510821803,0.12
1773,6.345016780824843,4.672865118964122,0.8025633609021046,0.12
1774,6.348502036331444,4.676450215431585,0.796469189273923,0.12
1775,6.352009118400263,4.680013963089893,0.7903507361976343,0.12
1776,6.355537982272554,4.683556143373291,0.7842080016732391,0.12
1777,6.359088580799864,4.687076536939987,0.778040985700738,0.12
1778,6.362660864423342,4.690574923690312,0.7718496882801305,0.12
1779,6.366254781153087,4.6940510827852675,0.7656341094114153,0.12
1780,6.369870276547546,4.697504792665434,0.7593942490945947,0.12
1781,6.3735072936929535,4.700935831070232,0.7531301073296678,0.12
1782,6.377165773182833,4.704343975057556,0.7468416841166337,0.12
1783,6.380845653097544,4.7077290010237896,0.7405289794554931,0.12
1784,6.384546868983897,4.7110906847241765,0.7341919933462461,0.12
1785,6.388269353834848,4.714428801293583,0.7278307257888931,0.12
1786,6.392013038069241,4.717743125267615,0.7214451767834337,0.12
1787,6.39577784951165,4.721033430604134,0.7150353463298665,0.12
1788,6.396607014134479,4.721752388005049,0.7136251927881478,0.12
1789,6.400397448335906,4.725013143004758,0.7072228226357602,0.12
1790,6.404208600683765,4.728249658679035,0.7008703136809803,0.12
1791,6.408040156006555,4.731461994441591,0.694567665923808,0.12
1792,6.411891801932655,4.734650213726269,0.6883148793642435,0.12
1793,6.4157632289059645,4.737814383922611,0.6821119540022866,0.12
1794,6.419654130200366,4.740954576311913,0.6759588898379375,0.12
1795,6.423564201933,4.744070866003741,0.6698556868711961,0.12
1796,6.427493143076404,4.747163331872947,0.6638023451020624,0.12
1797,6.431440655469495,4.750232056497178,0.6577988645305364,0.12
1798,6.435406443827452,4.753277126094893,0.651845245156618,0.12
1799,6.439390215750491,4.756298630463905,0.6459414869803074,0.12
1800,6.443391681731565,4.759296662920435,0.6400875900016044,0.12
1801,6.4474105551630005,4.762271320238714,0.6342835542205092,0.12
1802,6.45144655234209,4.765222702591123,0.6285293796370217,0.12
1803,6.455499392475662,4.768150913488874,0.6228250662511419,0.12
1804,6.459568797683641,4.771056059723266,0.6171706140628698,0.12
1805,6.463654493001617,4.773938251307486,0.6115660230722053,0.12
1806,6.467756206382455,4.776797601418988,0.6060112932791486,0.12
1807,6.4718736686969285,4.77963422634245,0.6005064246836996,0.12
1808,6.476006613733443,4.782448245413309,0.5950514172858583,0.12
1809,6.480154778196817,4.785239780961878,0.5896462710856247,0.12
1810,6.484317901706178,4.788008958258061,0.5842909860829988,0.12
1811,6.488495726791965,4.790755905456657,0.5789855622779805,0.12
1812,6.492687998892059,4.793480753543269,0.57372999967057,0.12
1813,6.4968944663470785,4.7961836362808095,0.5685242982607672,0.12
1814,6.501114880394821,4.798864690156616,0.563368458048572,0.12
1815,6.505348995163899,4.801524054330176,0.5582624790339847,0.12
1816,6.509596567666567,4.804161870581456,0.553206361217005,0.12
1817,6.5138573577907675,4.806778283259861,0.548200104597633,0.12
1818,6.5181311282914,4.809373439233788,0.5432437091758687,0.12
1819,6.522417644780845,4.811947487840817,0.5383371749517121,0.12
1820,6.5267166757187365,4.814500580838506,0.5334805019251632,0.12
1821,6.5310279924010235,4.817032872355818,0.5286736900962219,0.12
1822,6.535351368948314,4.819544518845158,0.5239167394648885,0.12
1823,6.539686582293527,4.822035679035042,0.5192096500311627,0.12
1824,6.5440334121688695,4.824506513883377,0.5145524217950446,0.12
1825,6.548391641092145,4.826957186531368,0.5099450547565342,0.12
1826,6.552761054352416,4.829387862258053,0.5053875489156314,0.12
1827,6.557141439995024,4.831798708435439,0.5008799042723364,0.12
1828,6.5615325888059965,4.8341898944842825,0.49642212082664916,0.12
1829,6.565934294295842,4.836561591830466,0.49201419857856954,0.12
1830,6.570346352682751,4.83891397386201,0.4876561375280977,0.12
1831,6.574768562875214,4.841247215886689,0.48334793767523343,0.12
1832,6.579200726454079,4.843561495090263,0.47908959901997705,0.12
1833,6.58364264765405,4.845856990495331,0.4748811215623282,0.12
1834,6.58809413334464,4.848133882920775,0.4707225053022871,0.12
1835,6.592554993010609,4.850392354941836,0.46661375023985374,0.12
1836,6.597025038731866,4.85263259085077,0.462554856375028,0.12
1837,6.6015040851628894,4.854854776618122,0.45854582370781005,0.12
1838,6.605991949511637,4.857059099854593,0.4545866522381998,0.12
1839,6.610488451517985,4.8592457497735015,0.4506773419661972,0.12
1840,6.6149934134317006,4.86141491715384,0.4468178928918023,0.12
1841,6.619506659989954,4.863566794303915,0.44300830501501515,0.12
1842,6.624028018394383,4.865701575025575,0.43924857833583564,0.12
1843,6.628557318287733,4.8678194545790205,0.4355387128542639,0.12
1844,6.633094391730063,4.86992062964818,0.4318787085702998,0.12
1845,6.63763907317455,4.872005298306673,0.42826856548394343,0.12
1846,6.642191199442879,4.8740736599843295,0.42470828359519475,0.12
1847,6.646750609700257,4.876125915434271,0.42119786290405375,0.12
1848,6.651317145430033,4.878162266700556,0.41773730341052046,0.12
1849,6.655890650407954,4.880182917086379,0.4143266051145949,0.12
1850,6.660470970676058,4.882188071122806,0.41096576801627704,0.12
1851,6.665057954516217,4.8841779345380605,0.4076547921155669,0.12
1852,6.669651452423336,4.886152714227351,0.4043936774124644,0.12
1853,6.6742513170782205,4.88811261822322,0.4011824239069696,0.12
1854,6.678857403320121,4.890057855666421,0.3980210315990826,0.12
1855,6.68346956811896,4.89198863677732,0.3949095004888032,0.12
1856,6.688087670547263,4.89390517282781,0.39184783057613154,0.12
1857,6.6927115717517776,4.895807676113725,0.3888360218610675,0.12
1858,6.697341134924814,4.8976963599277665,0.38587407434361126,0.12
1859,6.701976225275306,4.899571438532922,0.38296198802376274,0.12
1860,6.706616709999595,4.901433127136369,0.38009976290152186,0.12
1861,6.711262458251949,4.903281641863864,0.3772873989768887,0.12
1862,6.715913341114832,4.905117199734611,0.37452489624986324,0.12
1863,6.720569231568918,4.906940018636591,0.3718122547204455,0.12
1864,6.725230004462866,4.908750317302362,0.36914947438863543,0.12
1865,6.729895536482861,4.910548315285311,0.36653655525443307,0.12
1866,6.734565706121924,4.912334232936356,0.36397349731783846,0.12
1867,6.739240393649015,4.914108291381085,0.3614603005788515,0.12
1868,6.743919481077904,4.915870712497339,0.35899696503747225,0.12
1869,6.74860285213585,4.917621718893212,0.35658349069370066,0.12
1870,6.753290392232075,4.919361533885477,0.3542198775475368,0.12
1871,6.757981988426045,4.921090381478419,0.35190612559898066,0.12
1872,6.762677529395563,4.9228084863430865,0.3496422348480322,0.12
1873,6.767376905404681,4.924516073796921,0.34742820529469143,0.12
1874,6.772080008271439,4.926213369783793,0.3452640369389584,0.12
1875,6.776786731335434,4.92790060085441,0.3431497297808331,0.12
1876,6.781496969425223,4.929577994147105,0.34108528382031544,0.12
1877,6.786210618825571,4.931245777368993,0.3390706990574055,0.12
1878,6.790927577244542,4.932904178777475,0.33710597549210325,0.12
1879,6.795647743780453,4.934553427162112,0.3351911131244087,0.12
1880,6.800371018888674,4.936193751826823,0.3333261119543219,0.12
1881,6.805097304348299,4.937825382572434,0.33151097198184276,0.12
1882,6.809826503228683,4.939448549679541,0.3297456932069713,0.12
1883,6.814558519855848,4.941063483891701,0.32803027562970755,0.12
1884,6.819293259778778,4.942670416398933,0.3263647192500515,0.12
1885,6.824030629735582,4.944269578821516,0.32474902406800316,0.12
1886,6.828770537619556,4.945861203194088,0.32318319008356255,0.12
1887,6.833512892445129,4.9474455219500255,0.3216672172967296,0.12
1888,6.838257604313711,4.949022767906105,0.3202011057075044,0.12
1889,6.843004584379431,4.950593174247434,0.31878485531588685,0.12
1890,6.847753744814796,4.95215697451264,0.317418466121877,0.12
1891,6.852504998776238,4.953714402579314,0.3161019381254749,0.12
1892,6.8572582603695915,4.955265692649697,0.3148352713266805,0.12
1893,6.862013444615474,4.956811079236609,0.3136184657254937,0.12
1894,6.866770467414595,4.958350797149593,0.31245152132191467,0.12
1895,6.871529245512983,4.959885081481285,0.31133443811594336,0.12
1896,6.876289696467145,4.961414167593997,0.31026721610757974,0.12
1897,6.881051738609154,4.962938291106495,0.3092498552968238,0.12
1898,6.885815291011669,4.964457687880974,0.3082823556836756,0.12
1899,6.890580273452896,4.965972594010215,0.3073647172681351,0.12
1900,6.895346606381495,4.967483245804917,0.3064969400502023,0.12
1901,6.90011421088142,4.968989879781201,0.3056790240298771,0.12
1902,6.904883008636714,4.970492732648263,0.3049109692071597,0.12
1903,6.909652921896259,4.971992041296188,0.30419277558205,0.12
1904,6.914423873438472,4.973488042783891,0.303524443154548,0.12
1905,6.919195786535964,4.974980974327203,0.3029059719246537,0.12
1906,6.923968584920154,4.9764710732870725,0.3023373618923671,0.12
1907,6.928742192745857,4.977958577157882,0.3018186130576882,0.12
1908,6.933516534555827,4.979443723555869,0.301349725420617,0.12
1909,6.938291535245273,4.9809267502076535,0.30093069898115343,0.12
1910,6.943067120026353,4.982407894938835,0.3005615337392976,0.12
1911,6.947843214392635,4.983887395662688,0.30024222969504955,0.12
1912,6.952619744083541,4.98536549036891,0.2999727868484091,0.12
1913,6.95739663504877,4.986842417112448,0.2997532051993764,0.12
1914,6.962173813412706,4.988318414002363,0.29958348474795143,0.12
1915,6.966951205438814,4.989793719190745,0.29946362549413413,0.12
1916,6.971728737494018,4.991268570861663,0.2993936274379245,0.12
1917,6.976506336013079,4.992743207220136,0.29937349057932267,0.12
1918,6.981283927462966,4.994217866481129,0.2994032149183284,0.12
1919,6.986061438307223,4.995692786858549,0.2994828004549419,0.12
1920,6.990838794970334,4.9971682065542415,0.29961224718916313,0.12
1921,6.995615923802095,4.998644363746983,0.29979155512099204,0.12
1922,7.0,5.0,0.3,0.12
1923,7.0,5.0,0.30000000000000004,0.12
1924,7.004776507979842,5.00147816487885,0.30022913223353415,0.12
1925,7.009552708010337,5.002957324503596,0.3004165289341365,0.12
1926,7.014328661654497,5.004437279484185,0.3005621901018071,0.12
1927,7.0191044305749255,5.005917830461391,0.300666115736546,0.12
1928,7.023880076508853,5.0073987780991045,0.3007283058383531,0.12
1929,7.0286556612431745,5.0088799230766075,0.30074876040722837,0.12
1930,7.033431246589494,5.010361066080848,0.30072747944317196,0.12
1931,7.038206894359169,5.011842007798697,0.30066446294618376,0.12
1932,7.042982666338354,5.0133225489092075,0.3005597109162638,0.12
1933,7.047758624263043,5.014802490075889,0.30041322335341214,0.12
1934,7.0525348297941095,5.016281631938976,0.30022500025762866,0.12
1935,7.0573113444923425,5.01775977510773,0.29999504162891344,0.12
1936,7.062088229793473,5.019236720152746,0.2997233474672665,0.12
1937,7.066865546983193,5.0207122675983,0.2994099177726877,0.12
1938,7.07164335717217,5.0221862179147125,0.2990547525451772,0.12
1939,7.076421721271042,5.023658371510763,0.298657851784735,0.12
1940,7.081200699965406,5.025128528726137,0.29821921549136093,0.12
1941,7.085980353690791,5.026596489823923,0.2977388436650552,0.12
1942,7.0907607426076105,5.028062054983161,0.29721673630581763,0.12
1943,7.095541926576107,5.029525024291451,0.29665289341364837,0.12
1944,7.100323965131268,5.030985197737619,0.2960473149885473,0.12
1945,7.1051069174577215,5.032442375204456,0.2954000010305145,0.12
1946,7.109890842364624,5.0338963564615264,0.29471095153954996,0.12
1947,7.114675798260505,5.035346941158061,0.2939801665156536,0.12
1948,7.119461843128099,5.036793928815924,0.29320764595882554,0.12
1949,7.124249034499151,5.038237118822676,0.2923933898690657,0.12
1950,7.1290374294291885,5.039676310424731,0.2915373982463741,0.12
1951,7.13382708447227,5.041111302720609,0.29063967109075073,0.12
1952,7.1386180556557015,5.042541894654301,0.2897002084021956,0.12
1953,7.143410398454718,5.043967885008729,0.2887190101807088,0.12
1954,7.14820416776714,5.045389072399342,0.28769607642629014,0.12
1955,7.152999417887987,5.046805255267816,0.28663140713893975,0.12
1956,7.157796202484061,5.048216231875888,0.2855250023186576,0.12
1957,7.162594574568496,5.049621800299321,0.28437686196544365,0.12
1958,7.167394586475261,5.051021758422001,0.283186986079298,0.12
1959,7.172196289833635,5.052415903930183,0.2819553746602206,0.12
1960,7.176999735542633,5.053804034306878,0.2806820277082114,0.12
1961,7.1818049737453995,5.055185946826398,0.2793669452232705,0.12
1962,7.186612053803555,5.05656143854906,0.27801012720539775,0.12
1963,7.191421024271498,5.057930306316043,0.2766115736545933,0.12
1964,7.196231932870676,5.05929234674443,0.2751712845708571,0.12
1965,7.201044826463796,5.060647356222414,0.27368925995418913,0.12
1966,7.205859751028998,5.061995130904683,0.2721654998045894,0.12
1967,7.210676751633991,5.0633354667080015,0.2706000041220579,0.12
1968,7.215495872410123,5.064668159306969,0.2689927729065946,0.12
1969,7.220317156526424,5.065993004129983,0.26734380615819964,0.12
1970,7.225140646163591,5.067309796355405,0.26565310387687285,0.12
1971,7.229966382487925,5.068618330907927,0.26392066606261433,0.12
1972,7.2347944056252285,5.069918402455158,0.26214649271542406,0.12
1973,7.23962475463464,5.071209805404424,0.26033058383530205,0.12
1974,7.244457467482435,5.072492333899797,0.25847293942224825,0.12
1975,7.249292581015767,5.073765781819347,0.25657355947626265,0.12
1976,7.254130130936364,5.075029942772634,0.25463244399734536,0.12
1977,7.258970151774176,5.0762846100984405,0.2526495929854963,0.12
1978,7.2638126768609705,5.077529576862745,0.25062500644071545,0.12
1979,7.26865773830388,5.078764635856959,0.24855868436300282,0.12
1980,7.273505366958903,5.079989579596403,0.2464506267523585,0.12
1981,7.27835559240435,5.0812042003190685,0.2443008336087824,0.12
1982,7.283208442914247,5.082408289984627,0.2421093049322745,0.12
1983,7.288063945431689,5.083601640273728,0.23987604072283492,0.12
1984,7.292922125542142,5.084784042587574,0.2376010409804635,0.12
1985,7.2977830074467045,5.085955288047774,0.23528430570516035,0.12
1986,7.302646613935316,5.087115167496499,0.23292583489692548,0.12
1987,7.307512966359924,5.0882634714969255,0.2305256285557588,0.12
1988,7.3123820846076,5.089399990333991,0.2280836866816604,0.12
1989,7.317253987073621,5.090524514015449,0.2256000092746302,0.12
1990,7.322128690634497,5.0916368322732435,0.22307459633466825,0.12
1991,7.327006210620966,5.092736734565202,0.22050744786177456,0.12
1992,7.331886560790935,5.093824010077056,0.2178985638559491,0.12
1993,7.3367697533024,5.094898447724791,0.2152479443171919,0.12
1994,7.341655798686306,5.095959836157334,0.21255558924550294,0.12
1995,7.346544705819389,5.097007963759583,0.20982149864088223,0.12
1996,7.351436481896968,5.098042618655789,0.20704567250332973,0.12
1997,7.356331132405714,5.099063588713291,0.20422811083284548,0.12
1998,7.361228661096379,5.100070661546605,0.2013688136294295,0.12
1999,7.366129069956498,5.101063624521893,0.19846778089308173,0.12
2000,7.371032359183066,5.102042264761789,0.19552501262380223,0.12
2001,7.3759385271551805,5.103006369150611,0.1925405088215909,0.12
2002,7.380847570406669,5.103955724339954,0.1895142694864479,0.12
2003,7.385759483598689,5.104890116754678,0.1864462946183731,0.12
2004,7.390674259492312,5.105809332599276,0.18333658421736654,0.12
2005,7.395591888921085,5.106713157864662,0.18018513828342822,0.12
2006,7.40051236076359,5.10760137833535,0.17699195681655816,0.12
2007,7.405435661915975,5.108473779597058,0.17375703981675633,0.12
2008,7.410361777264496,5.109330147044713,0.17048038728402276,0.12
2009,7.415290689658036,5.110170265890903,0.16716199921835742,0.12
2010,7.42022237988063,5.110993921174736,0.1638018756197603,0.12
2011,7.425156826623995,5.1118008977711495,0.16040001648823143,0.12
2012,7.430094006460058,5.112590980400655,0.15695642182377084,0.12
2013,7.43503389381349,5.113363953639527,0.15347109162637845,0.12
2014,7.439976460934258,5.114119601930453,0.1499440258960543,0.12
2015,7.444921677870193,5.114857709593631,0.1463752246327984,0.12
2016,7.4498695124395695,5.115578060838338,0.14276468783661073,0.12
2017,7.454819930203714,5.116280439774968,0.13911241550749134,0.12
2018,7.459772894439639,5.116964630427539,0.13541840764544016,0.12
2019,7.464728366112714,5.117630416746685,0.13168266425045724,0.12
2020,7.469686303849365,5.118277582623139,0.12790518532254258,0.12
2021,7.474646663909818,5.118905911901694,0.12408597086169612,0.12
2022,7.479609400160891,5.11951518839568,0.12022502086791792,0.12
2023,7.484574464048836,5.120105195901924,0.11632233534120795,0.12
2024,7.489541804572232,5.1206757182162335,0.11237791428156621,0.12
2025,7.494511368254946,5.12122653914939,0.10839175768899276,0.12
2026,7.499483099119152,5.121757442543653,0.10436386556348748,0.12
2027,7.504456938658429,5.122268212289803,0.10029423790505052,0.12
2028,7.509432825810936,5.1227586323447,0.09618287471368173,0.12
2029,7.514410696932666,5.12322848674939,0.09202977598938125,0.12
2030,7.519390485770787,5.1236775596477395,0.08783494173214895,0.12
2031,7.52437212343709,5.124105635305624,0.08359837194198491,0.12
2032,7.529355538381528,5.124512498130668,0.07932006661888913,0.12
2033,7.534340656365864,5.124897932692527,0.07500002576286158,0.12
2034,7.53932740043744,5.125261723743754,0.07063824937390228,0.12
2035,7.544315690903061,5.125603656241207,0.0662347374520112,0.12
2036,7.54930544530301,5.125923515368045,0.06178948999718839,0.12
2037,7.554296578385198,5.1262210865562885,0.05730250700943379,0.12
2038,7.559289002079457,5.126496155509966,0.05277378848874742,0.12
2039,7.564282625471984,5.126748508228843,0.04820333443512942,0.12
2040,7.569277354779939,5.126977931032743,0.043591144848579566,0.12
2041,7.574273093326214,5.127184210586457,0.03893721972909797,0.12
2042,7.57926974151437,5.127367133925264,0.03424155907668458,0.12
2043,7.584267196803758,5.127526488481035,0.029504162891339503,0.12
2044,7.589265353684834,5.127662062108963,0.024725031173062517,0.12
2045,7.594264103654661,5.127773643114896,0.0199041639218539,0.12
2046,7.599263335192627,5.127861020283285,0.015041561137713488,0.12
2047,7.604262933736381,5.127923982905754,0.010137222820641278,0.12
2048,7.609262781657981,5.127962320810296,0.0051911489706373826,0.12
2049,7.6142627582402875,5.127975824391091,0.0002033395877017452,0.12
2050,7.619262739653597,5.12796428463896,-0.004826205328165689,0.12
2051,7.624262598932521,5.127927493172454,-0.009897485776964976,0.12
2052,7.629262205953141,5.127865242269575,-0.015010501758695893,0.12
2053,7.634261427410421,5.127777324900152,-0.020165253273358608,0.12
2054,7.63926012679591,5.127663534758847,-0.02536174032095312,0.12
2055,7.644258164375736,5.127523666298822,-0.030599962901479316,0.12
2056,7.6492553971689,5.127357514766051,-0.035879921014937255,0.12
2057,7.654251678925886,5.1271648762342865,-0.04120161466132699,0.12
2058,7.659246860107594,5.126945547640688,-0.04656504384064858,0.12
2059,7.664240787864603,5.126699326822106,-0.0519702085529018,0.12
2060,7.669233306016792,5.1264260125520265,-0.05741710879808681,0.12
2061,7.674224255033302,5.126125404578191,-0.06290574457620368,0.12
2062,7.677213829678208,5.125932132678944,-0.06621432877916544,0.12
2063,7.68220193240522,5.125587506107503,-0.07174436714685344,0.12
2064,7.687188054757414,5.125215322841056,-0.07726546235514999,0.12
2065,7.692172048074033,5.124815638815439,-0.0827776144040551,0.12
2066,7.697153764496936,5.124388510746303,-0.08828082329356876,0.12
2067,7.702133056973352,5.123933996120715,-0.09377508902369097,0.12
2068,7.70710977925856,5.123452153188778,-0.09926041159442175,0.12
2069,7.712083785918491,5.122943040955252,-0.10473679100576108,0.12
2070,7.71705493233227,5.122406719171208,-0.11020422725770895,0.12
2071,7.722023074694671,5.121843248325679,-0.1156627203502654,0.12
2072,7.726988070018505,5.121252689637343,-0.12111227028343038,0.12
2073,7.731949776136945,5.120635105046209,-0.12655287705720392,0.12
2074,7.736908051705766,5.1199905572053295,-0.13198454067158605,0.12
2075,7.74186275620552,5.119319109472529,-0.1374072611265767,0.12
2076,7.74681374994365,5.118620825902141,-0.14282103842217592,0.12
2077,7.751760894056517,5.11789577123678,-0.14822587255838368,0.12
2078,7.756704050511373,5.117144010899113,-0.15362176353520002,0.12
2079,7.7616430821082565,5.116365610983671,-0.1590087113526249,0.12
2080,7.766577852481823,5.115560638248657,-0.16438671601065832,0.12
2081,7.771508226103107,5.114729160107799,-0.16975577750930032,0.12
2082,7.776434068281217,5.113871244622202,-0.17511589584855086,0.12
2083,7.781355245164965,5.112986960492237,-0.18046707102840998,0.12
2084,7.786271623744426,5.112076377049437,-0.1858093030488776,0.12
2085,7.7911830718524335,5.11113956424843,-0.19114259190995384,0.12
2086,7.796089458166013,5.110176592658885,-0.19646693761163858,0.12
2087,7.8009906522077435,5.109187533457478,-0.20178234015393193,0.12
2088,7.805886524347063,5.108172458419893,-0.2070887995368338,0.12
2089,7.810776945801499,5.107131439912834,-0.21238631576034425,0.12
2090,7.815661788637851,5.10606455088607,-0.21767488882446323,0.12
2091,7.820540925773294,5.104971864864497,-0.22295451872919075,0.12
2092,7.825414230976428,5.103853455940233,-0.22822520547452685,0.12
2093,7.830281578868265,5.102709398764728,-0.23348694906047154,0.12
2094,7.835142844923155,5.101539768540907,-0.23873974948702473,0.12
2095,7.839997905469646,5.100344641015342,-0.2439836067541865,0.12
2096,7.844846637691295,5.099124092470437,-0.24921852086195684,0.12
2097,7.849688919627393,5.097878199716648,-0.25444449181033574,0.12
2098,7.85452463017367,5.096607040084737,-0.25966151959932315,0.12
2099,7.859353649082907,5.095310691418038,-0.2648696042289191,0.12
2100,7.8641758569655,5.093989232064761,-0.27006874569912365,0.12
2101,7.868991135289977,5.092642740870319,-0.2752589440099367,0.12
2102,7.873799366383438,5.09127129716969,-0.2804401991613584,0.12
2103,7.878600433431953,5.089874980779796,-0.2856125111533886,0.12
2104,7.883394220480897,5.088453871991921,-0.2907758799860274,0.12
2105,7.888180612435228,5.087008051564158,-0.2959303056592747,0.12
2106,7.892959495059716,5.085537600713875,-0.3010757881731306,0.12
2107,7.897730754979106,5.08404260111022,-0.306212327527595,0.12
2108,7.902494279678236,5.08252313486666,-0.311339923722668,0.12
2109,7.907249957502097,5.080979284533538,-0.31645857675834954,0.12
2110,7.911997677655838,5.079411133090667,-0.3215682866346396,0.12
2111,7.916737330204718,5.0778187639399555,-0.32666905335153823,0.12
2112,7.921468806074012,5.076202260898064,-0.3317608769090455,0.12
2113,7.9261919970488535,5.074561708189094,-0.3368437573071612,0.12
2114,7.930906795774031,5.072897190437305,-0.34191769454588555,0.12
2115,7.935613095753738,5.0712087926598635,-0.3469826886252184,0.12
2116,7.940310791351264,5.069496600259625,-0.35203873954515985,0.12
2117,7.9449997777886345,5.06776069901796,-0.35708584730570986,0.12
2118,7.9496799511462175,5.066001175087586,-0.3621240119068684,0.12
2119,7.954351208362252,5.06421811498546,-0.3671532333486355,0.12
2120,7.959013447232358,5.062411605585691,-0.37217351163101103,0.12
2121,7.963666566408977,5.06058173411248,-0.3771848467539953,0.12
2122,7.968310465400775,5.058728588133112,-0.38218723871758803,0.12
2123,7.972945044571991,5.056852255550964,-0.38718068752178936,0.12
2124,7.977570205141745,5.054952824598548,-0.3921651931665992,0.12
2125,7.9821858491833,5.05303038383061,-0.3971407556520177,0.12
2126,7.98679187962327,5.0510850221172285,-0.40210737497804466,0.12
2127,7.99138820024079,5.049116828636982,-0.4070650511446802,0.12
2128,7.995974715666638,5.047125892870126,-0.4120137841519243,0.12
2129,8.000551331382315,5.045112304591816,-0.41695357399977695,0.12
2130,8.005117953719077,5.043076153865367,-0.4218844206882381,0.12
2131,8.009674489856927,5.041017531035541,-0.42680632421730796,0.12
2132,8.014220847823559,5.038936526721877,-0.4317192845869862,0.12
2133,8.01875693649327,5.036833231812057,-0.4366233017972731,0.12
2134,8.023282665585814,5.034707737455296,-0.44151837584816844,0.12
2135,8.02779794566523,5.032560135055782,-0.4464045067396724,0.12
2136,8.032302688138618,5.0303905162661495,-0.451281694471785,0.12
2137,8.036796805254879,5.028198972980981,-0.45614993904450607,0.12
2138,8.041280210103414,5.02598559733035,-0.46100924045783576,0.12
2139,8.045752816612787,5.023750481673406,-0.4658595987117739,0.12
2140,8.050214539549334,5.021493718591988,-0.4707010138063207,0.12
2141,8.054665294515754,5.019215400884274,-0.47553348574147597,0.12
2142,8.059104997949648,5.016915621558477,-0.4803570145172399,0.12
2143,8.063533567122025,5.014594473826567,-0.48517160013361227,0.12
2144,8.067950920135766,5.0122520510980415,-0.4899772425905933,0.12
2145,8.072356975924055,5.0098884469737195,-0.4947739418881828,0.12
2146,8.076751654248772,5.007503755239582,-0.4995616980263809,0.12
2147,8.081134875698854,5.005098069860655,-0.5043405110051875,0.12
2148,8.085506561688613,5.002671484974916,-0.5091103808246027,0.12
2149,8.089866634456017,5.000224094887241,-0.5138713074846264,0.12
2150,8.09421501706096,4.997755994063411,-0.5186232909852588,0.12
2151,8.098551633383458,4.995267277124119,-0.5233663313264996,0.12
2152,8.102876408121842,4.992758038839047,-0.528100428508349,0.12
2153,8.107189266790911,4.990228374120963,-0.532825582530807,0.12
2154,8.111490135720043,4.987678378019866,-0.5375417933938735,0.12
2155,8.115778942051287,4.985108145717166,-0.5422490610975487,0.12
2156,8.120055613737405,4.982517772519891,-0.5469473856418323,0.12
2157,8.1243200795399,4.979907353854954,-0.5516367670267245,0.12
2158,8.12857226902701,4.977276985263443,-0.5563172052522252,0.12
2159,8.132812112571651,4.97462676239495,-0.5609887003183345,0.12
2160,8.137039541349363,4.971956781001943,-0.5656512522250523,0.12
2161,8.1412544873362,4.969267136934178,-0.5703048609723788,0.12
2162,8.145456883306597,4.9665579261331425,-0.5749495265603137,0.12
2163,8.149646662831215,4.963829244626545,-0.5795852489888573,0.12
2164,8.153823760274753,4.9610811885228365,-0.5842120282580093,0.12
2165,8.157988110793722,4.958313854005774,-0.5888298643677701,0.12
2166,8.162139650334215,4.955527337329023,-0.5934387573181392,0.12
2167,8.166278315629622,4.952721734810803,-0.598038707109117,0.12
2168,8.170404044198339,4.949897142828556,-0.6026297137407033,0.12
2169,8.174516774341438,4.947053657813674,-0.6072117772128982,0.12
2170,8.178616445140316,4.944191376246253,-0.6117848975257015,0.12
2171,8.182702996454323,4.941310394649884,-0.6163490746791136,0.12
2172,8.186776368918352,4.938410809586496,-0.6209043086731341,0.12
2173,8.190836503940416,4.935492717651221,-0.625450599507763,0.12
2174,8.194883343699196,4.9325562154673115,-0.6299879471830008,0.12
2175,8.198916831141563,4.929601399681085,-0.6345163516988469,0.12
2176,8.20293690998008,4.926628366956922,-0.6390358130553018,0.12
2177,8.206943524690478,4.9236372139722855,-0.6435463312523649,0.12
2178,8.210936620509111,4.920628037412792,-0.6480479062900368,0.12
2179,8.214916143430388,4.917600933967319,-0.6525405381683171,0.12
2180,8.218882040204182,4.9145560003231425,-0.6570242268872062,0.12
2181,8.222834258333215,4.911493333161134,-0.6614989724467036,0.12
2182,8.226772746070433,4.908413029150963,-0.6659647748468097,0.12
2183,8.230697452416344,4.9053151849463745,-0.6704216340875244,0.12
2184,8.234608327116344,4.902199897180478,-0.6748695501688475,0.12
2185,8.238505320658026,4.89906726246109,-0.6793085230907793,0.12
2186,8.242388384268462,4.89591737736611,-0.6837385528533196,0.12
2187,8.24625746991147,4.892750338438934,-0.6881596394564685,0.12
2188,8.25011253028486,4.889566242183909,-0.6925717829002259,0.12
2189,8.253953518817665,4.886365185061823,-0.6969749831845918,0.12
2190,8.257780389667348,4.883147263485438,-0.7013692403095664,0.12
2191,8.261593097716993,4.87991257381506,-0.7057545542751494,0.12
2192,8.265391598572485,4.87666121235414,-0.7101309250813411,0.12
2193,8.269175848559662,4.8733932753449265,-0.7144983527281413,0.12
2194,8.272945804721457,4.8701088589641435,-0.71885683721555,0.12
2195,8.276701424815027,4.866808059318719,-0.7232063785435674,0.12
2196,8.28044266730885,4.863490972441535,-0.7275469767121933,0.12
2197,8.28416949137983,4.8601576942872375,-0.7318786317214276,0.12
2198,8.287881856910364,4.856808320728063,-0.7362013435712705,0.12
2199,8.291579724485409,4.853442947549718,-0.7405151122617221,0.12
2200,8.295263055389531,4.850061670447288,-0.7448199377927821,0.12
2201,8.298931811603932,4.846664585021188,-0.7491158201644508,0.12
2202,8.302585955803472,4.843251786773151,-0.753402759376728,0.12
2203,8.306225451353678,4.839823371102253,-0.7576807554296137,0.12
2204,8.309850262307727,4.836379433300975,-0.7619498083231079,0.12
2205,8.31346035340343,4.832920068551301,-0.7662099180572107,0.12
2206,8.317055690060208,4.829445371920863,-0.7704610846319222,0.12
2207,8.320636238376027,4.825955438359104,-0.7747033080472422,0.12
2208,8.32420196512435,4.822450362693504,-0.7789365883031707,0.12
2209,8.327752837751076,4.818930239625816,-0.7831609253997077,0.12
2210,8.331288824371441,4.815395163728367,-0.7873763193368534,0.12
2211,8.334809893766941,4.811845229440368,-0.7915827701146075,0.12
2212,8.338316015382222,4.80828053106428,-0.7957802777329703,0.12
2213,8.34180715932197,4.804701162762214,-0.7999688421919416,0.12
2214,8.345283296347787,4.801107218552362,-0.8041484634915215,0.12
2215,8.348744397875057,4.797498792305466,-0.8083191416317098,0.12
2216,8.35219043596981,4.793875977741329,-0.8124808766125069,0.12
2217,8.355621383345559,4.790238868425353,-0.8166336684339123,0.12
2218,8.359037213360153,4.786587557765127,-0.8207775170959265,0.12
2219,8.362437900012607,4.782922139007033,-0.824912422598549,0.12
2220,8.365823417939907,4.7792427052329085,-0.8290383849417802,0.12
2221,8.369193742413856,4.775549349356724,-0.83315540412562,0.12
2222,8.372548849337852,4.771842164121316,-0.8372634801500682,0.12
2223,8.375888715243713,4.768121242095141,-0.841362613015125,0.12
2224,8.37921331728845,4.7643866756690745,-0.8454528027207905,0.12
2225,8.38252263325107,4.760638557053238,-0.8495340492670644,0.12
2226,8.385816641529347,4.756876978273874,-0.853606352653947,0.12
2227,8.389095321136598,4.753102031170228,-0.857669712881438,0.12
2228,8.392358651698451,4.7493138073915135,-0.8617241299495377,0.12
2229,8.395606613449615,4.745512398393857,-0.8657696038582458,0.12
2230,8.398839187230626,4.741697895437326,-0.8698061346075625,0.12
2231,8.402056354484605,4.737870389582958,-0.8738337221974878,0.12
2232,8.405258097254004,4.734029971689836,-0.8778523666280217,0.12
2233,8.408444398177355,4.730176732412208,-0.8818620678991641,0.12
2234,8.411615240486,4.726310762196628,-0.8858628260109149,0.12
2235,8.41477060800083,4.722432151279133,-0.8898546409632746,0.12
2236,8.417910485129022,4.718540989682462,-0.8938375127562426,0.12
2237,8.421034856860752,4.7146373672132995,-0.8978114413898193,0.12
2238,8.42414370876594,4.710721373459561,-0.9017764268640044,0.12
2239,8.427237026990946,4.706793097787703,-0.9057324691787981,0.12
2240,8.430314798255319,4.702852629340077,-0.9096795683342004,0.12
2241,8.433377009848487,4.6989000570323105,-0.9136177243302113,0.12
2242,8.436423649626487,4.694935469550727,-0.9175469371668307,0.12
2243,8.439454706008673,4.690958955349785,-0.9214672068440586,0.12
2244,8.442470167974427,4.686970602649575,-0.9253785333618951,0.12
2245,8.445470025059866,4.682970499433318,-0.9292809167203402,0.12
2246,8.448454267354556,4.678958733444927,-0.9331743569193938,0.12
2247,8.451422885498213,4.674935392186583,-0.937058853959056,0.12
2248,8.454375870677412,4.670900562916348,-0.9409344078393267,0.12
2249,8.457313214622296,4.666854332645811,-0.944801018560206,0.12
2250,8.46023490960328,4.662796788137764,-0.9486586861216939,0.12
2251,8.463140948427752,4.658728015903916,-0.9525074105237902,0.12
2252,8.466031324436786,4.654648102202635,-0.9563471917664952,0.12
2253,8.468906031501843,4.6505571330367115,-0.9601780298498086,0.12
2254,8.471765064021485,4.646455194151179,-0.9639999247737306,0.12
2255,8.474608416918073,4.64234237103114,-0.9678128765382612,0.12
2256,8.477436085634483,4.63821874889964,-0.9716168851434004,0.12
2257,8.48024806613082,4.63408441271556,-0.9754119505891481,0.12
2258,8.483044354881116,4.629939447171556,-0.9791980728755044,0.12
2259,8.485824948870055,4.625783936692013,-0.9829752520024693,0.12
2260,8.488589845589688,4.621617965431039,-0.9867434879700426,0.12
2261,8.491339043036147,4.617441617270487,-0.9905027807782246,0.12
2262,8.494072539706364,4.613254975818013,-0.9942531304270151,0.12
2263,8.496790334594797,4.609058124405147,-0.9979945369164143,0.12
2264,8.499492427190154,4.604851146085423,-1.0017270002464218,0.12
2265,8.502178817472116,4.6006341236325055,-1.005450520417038,0.12
2266,8.504849505908078,4.596407139538378,-1.0091650974282627,0.12
2267,8.50750449344988,4.5921702760115295,-1.012870731280096,0.12
2268,8.510143781530536,4.5879236149752005,-1.016567421972538,0.12
2269,8.512767372060992,4.583667238065638,-1.0202551695055881,0.12
2270,8.515375267426855,4.579401226630384,-1.023933973879247,0.12
2271,8.517967470485155,4.5751256617266,-1.0276038350935146,0.12
2272,8.520543984561096,4.570840624119414,-1.0312647531483907,0.12
2273,8.523104813444808,4.566546194280299,-1.0349167280438754,0.12
2274,8.525649961388122,4.562242452385467,-1.0385597597799685,0.12
2275,8.528179433101323,4.557929478314322,-1.04219384835667,0.12
2276,8.53069323374994,4.553607351647908,-1.0458189937739806,0.12
2277,8.533191368951503,4.549276151667402,-1.0494351960318993,0.12
2278,8.535673844772349,4.544935957352636,-1.0530424551304267,0.12
2279,8.538140667724392,4.540586847380636,-1.0566407710695627,0.12
2280,8.540591844761925,4.536228900124204,-1.0602301438493071,0.12
2281,8.543027383278426,4.53186219365051,-1.0638105734696601,0.12
2282,8.545447291103352,4.527486805719722,-1.0673820599306219,0.12
2283,8.547851576498958,4.523102813783665,-1.0709446032321919,0.12
2284,8.550240248157115,4.518710294984498,-1.0744982033743709,0.12
2285,8.552613315196131,4.5143093261534215,-1.078042860357158,0.12
2286,8.554970787157593,4.50989998380942,-1.081578574180554,0.12
2287,8.557312674003189,4.50548234415801,-1.085105344844558,0.12
2288,8.559638986111567,4.501056483090043,-1.0886231723491713,0.12
2289,8.56194973427518,4.496622476180508,-1.0921320566943926,0.12
2290,8.564244929697145,4.492180398687372,-1.0956319978802227,0.12
2291,8.566524583988116,4.487730325550452,-1.0991229959066613,0.12
2292,8.56878870916315,4.483272331390296,-1.1026050507737084,0.12
2293,8.57103731763859,4.4788064905071066,-1.106078162481364,0.12
2294,8.57327042222896,4.4743328768796795,-1.1095423310296282,0.12
2295,8.575488036143856,4.469851564164366,-1.1129975564185013,0.12
2296,8.577690172984852,4.465362625694073,-1.1164438386479825,0.12
2297,8.579876846742417,4.460866134477271,-1.1198811777180726,0.12
2298,8.582048071792833,4.456362163197038,-1.123309573628771,0.12
2299,8.584203862895126,4.451850784210125,-1.1267290263800782,0.12
2300,8.586344235188005,4.447332069546037,-1.1301395359719937,0.12
2301,8.588469204186802,4.44280609090616,-1.1335411024045179,0.12
2302,8.590578785780444,4.438272919662887,-1.1369337256776506,0.12
2303,8.5926729962284,4.433732626858784,-1.1403174057913918,0.12
2304,8.594751852157664,4.429185283205772,-1.1436921427457416,0.12
2305,8.596815370559737,4.424630959084332,-1.1470579365407,0.12
2306,8.598863568787618,4.420069724542743,-1.1504147871762669,0.12
2307,8.600896464552799,4.415501649296328,-1.1537626946524426,0.12
2308,8.602914075922289,4.410926802726737,-1.1571016589692265,0.12
2309,8.604916421315627,4.4063452538812475,-1.160431680126619,0.12
2310,8.606903519501904,4.401757071472073,-1.16375275812462,0.12
2311,8.608875389596816,4.397162323875727,-1.16706489296323,0.12
2312,8.610832051059711,4.392561079132375,-1.1703680846424482,0.12
2313,8.612773523690638,4.387953404945231,-1.173662333162275,0.12
2314,8.614699827627428,4.3833393686799615,-1.1769476385227104,0.12
2315,8.61661098334277,4.378719037364128,-1.1802240007237546,0.12
2316,8.618507011641302,4.37409247768663,-1.183491419765407,0.12
2317,8.620387933656703,4.369459755997186,-1.186749895647668,0.12
2318,8.622253770848818,4.3648209383058285,-1.1899994283705375,0.12
2319,8.624104545000773,4.360176090282426,-1.1932400179340157,0.12
2320,8.625940278216097,4.3555252772562145,-1.1964716643381024,0.12
2321,8.627760992915885,4.35086856421536,-1.1996943675827976,0.12
2322,8.629566711835933,4.34620601580654,-1.2029081276681015,0.12
2323,8.631357458023913,4.341537696334543,-1.2061129445940137,0.12
2324,8.633133254836542,4.336863669761885,-1.209308818360535,0.12
2325,8.634894125936777,4.332183999708459,-1.212495748967664,0.12
2326,8.636640095290998,4.327498749451185,-1.2156737364154024,0.12
2327,8.638371187166237,4.3228079819237015,-1.2188427807037487,0.12
2328,8.640087426127382,4.318111759716055,-1.222002881832704,0.12
2329,8.641788837034406,4.313410145074425,-1.2251540398022676,0.12
2330,8.643475445039634,4.308703199900867,-1.22829625461244,0.12
2331,8.645147275584963,4.303990985753057,-1.2314295262632207,0.12
2332,8.646804354399157,4.299273563844086,-1.2345538547546102,0.12
2333,8.64844670749511,4.294550995042241,-1.237669240086608,0.12
2334,8.650074361167137,4.289823339870826,-1.2407756822592146,0.12
2335,8.651687341988282,4.285090658507995,-1.2438731812724295,0.12
2336,8.65328567680762,4.280353010786604,-1.2469617371262534,0.12
2337,8.654869392747592,4.275610456194075,-1.2500413498206855,0.12
2338,8.656438517201336,4.27086305387229,-1.2531120193557261,0.12
2339,8.657993077830039,4.266110862617492,-1.2561737457313753,0.12
2340,8.659533102560292,4.261353940880211,-1.2592265289476332,0.12
2341,8.66105861958148,4.256592346765204,-1.2622703690044996,0.12
2342,8.662569657343141,4.251826138031411,-1.2653052659019746,0.12
2343,8.664066244552385,4.24705537209193,-1.268331219640058,0.12
2344,8.665548410171303,4.242280106014018,-1.2713482302187498,0.12
2345,8.667016183414372,4.237500396519085,-1.2743562976380507,0.12
2346,8.66846959374591,4.232716299982734,-1.2773554218979595,0.12
2347,8.66990867087751,4.227927872434797,-1.2803456029984774,0.12
2348,8.671333444765509,4.223135169559395,-1.2833268409396035,0.12
2349,8.672743945608453,4.218338246695019,-1.2862991357213385,0.12
2350,8.674140203844585,4.2135371588346135,-1.2892624873436818,0.12
2351,8.675522250149346,4.208731960625688,-1.2922168958066338,0.12
2352,8.676890115432876,4.203922706370442,-1.2951623611101941,0.12
2353,8.678243830837548,4.199109450025903,-1.2980988832543634,0.12
2354,8.679583427735501,4.194292245204087,-1.3010264622391408,0.12
2355,8.68090893772618,4.189471145172157,-1.303945098064527,0.12
2356,8.68222039263391,4.184646202852622,-1.3068547907305217,0.12
2357,8.683517824505461,4.1798174708235285,-1.3097555402371248,0.12
2358,8.684801265607643,4.174985001318682,-1.312647346584337,0.12
2359,8.6860707484249,4.170148846227878,-1.315530209772157,0.12
2360,8.687326305656928,4.165309057097142,-1.3184041298005862,0.12
2361,8.688567970216294,4.160465685128996,-1.3212691066696236,0.12
2362,8.68979577522609,4.155618781182731,-1.3241251403792698,0.12
2363,8.691009754017566,4.150768395774692,-1.3269722309295242,0.12
2364,8.692209940127816,4.145914579078592,-1.3298103783203874,0.12
2365,8.69339636729744,4.1410573809258135,-1.332639582551859,0.12
2366,8.694569069468244,4.136196850805752,-1.3354598436239393,0.12
2367,8.695728080780945,4.131333037866156,-1.338271161536628,0.12
2368,8.696873435572886,4.126465990913481,-1.3410735362899253,0.12
2369,8.698005168375776,4.1215957584132745,-1.3438669678838315,0.12
2370,8.699123313913418,4.116722388490543,-1.3466514563183458,0.12
2371,8.700227907099489,4.111845928930164,-1.3494270015934688,0.12
2372,8.701318983035291,4.106966427177291,-1.3521936037092004,0.12
2373,8.702396577007553,4.102083930337777,-1.3549512626655404,0.12
2374,8.703460724486215,4.097198485178616,-1.3576999784624892,0.12
2375,8.704511461122248,4.09231013812839,-1.3604397511000466,0.12
2376,8.705548822745474,4.087418935277725,-1.3631705805782122,0.12
2377,8.70657284536241,4.082524922379777,-1.3658924668969867,0.12
2378,8.707583565154115,4.077628144850708,-1.3686054100563696,0.12
2379,8.708581018474053,4.072728647770189,-1.3713094100563612,0.12
2380,8.709565241845976,4.067826475881911,-1.374004466896961,0.12
2381,8.710536271961812,4.062921673594106,-1.3766905805781697,0.12
2382,8.711494145679579,4.058014284980081,-1.3793677510999869,0.12
2383,8.712438900021287,4.053104353778764,-1.3820359784624126,0.12
2384,8.713370572170886,4.048191923395262,-1.3846952626654467,0.12
2385,8.714289199472205,4.043277036901426,-1.3873456037090894,0.12
2386,8.715194819426909,4.038359737036432,-1.3899870015933409,0.12
2387,8.716087469692475,4.033440066207376,-1.3926194563182008,0.12
2388,8.716967188080174,4.028518066489867,-1.3952429678836693,0.12
2389,8.717834012553078,4.023593779628649,-1.3978575362897463,0.12
2390,8.718687981224063,4.018667247038212,-1.400463161536432,0.12
2391,8.719529132353841,4.013738509803437,-1.403059843623726,0.12
2392,8.720357504349,4.0088076086802324,-1.4056475825516288,0.12
2393,8.721173135760054,4.003874584096192,-1.40822637832014,0.12
2394,8.721976065279513,3.998939476151258,-1.4107962309292599,0.12
2395,8.722766331739958,3.9940023246183936,-1.413357140378988,0.12
2396,8.723543974112141,3.989063168944271,-1.415909106669325,0.12
2397,8.72430903150309,3.984122048249965,-1.4184521298002704,0.12
2398,8.725061543154222,3.9791790013316497,-1.4209862097718247,0.12
2399,8.725801548439492,3.9742340666613254,-1.423511346583987,0.12
2400,8.726529086863522,3.9692872823875276,-1.4260275402367584,0.12
2401,8.727244198059775,3.9643386863360677,-1.428534790730138,0.12
2402,8.727946921788728,3.959388316010773,-1.4310330980641264,0.12
2403,8.728637297936054,3.9544362085942355,-1.433522462238723,0.12
2404,8.72931536651082,3.9494824009485736,-1.4360028832539282,0.12
2405,8.729981167643714,3.9445269296161953,-1.4384743611097424,0.12
2406,8.73063474158526,3.9395698308205853,-1.4409368958061648,0.12
2407,8.731276128704064,3.934611140467081,-1.4433904873431957,0.12
2408,8.731905369485073,3.9296508941436734,-1.4458351357208352,0.12
2409,8.732522504527832,3.924689127121806,-1.4482708409390836,0.12
2410,8.733127574544769,3.919725874357188,-1.4506976029979401,0.12
2411,8.733720620359497,3.9147611704906136,-1.4531154218974056,0.12
2412,8.734301682905107,3.909795049848787,-1.4555242976374791,0.12
2413,8.734870803222506,3.9048275464451656,-1.4579242302181616,0.12
2414,8.73542802245873,3.8998586939807915,-1.4603152196394524,0.12
2415,8.735973381865314,3.894888525845152,-1.4626972659013522,0.12
2416,8.736506922796629,3.889917075117038,-1.4650703690038598,0.12
2417,8.737028686708275,3.8849443745654035,-1.4674345289469768,0.12
2418,8.737538715155457,3.8799704566502466,-1.4697897457307016,0.12
2419,8.738037049791389,3.874995353523487,-1.4721360193550352,0.12
2420,8.738523732365701,3.87001909702986,-1.4744733498199776,0.12
2421,8.738998804722874,3.8650417187078014,-1.4768017371255284,0.12
2422,8.739462308800672,3.8600632497903637,-1.4791211812716878,0.12
2423,8.739914286628595,3.8550837212061135,-1.4814316822584555,0.12
2424,8.740354780326347,3.850103163580056,-1.483733240085832,0.12
2425,8.740783832102311,3.8451216072345575,-1.486025854753817,0.12
2426,8.741201484252041,3.8401390821902748,-1.4883095262624106,0.12
2427,8.74160777915677,3.8351556181670854,-1.4905842546116128,0.12
2428,8.742002759281913,3.8301712445850433,-1.4928500398014235,0.12
2429,8.742386467175619,3.825185990565317,-1.4951068818318427,0.12
2430,8.742758945467294,3.8201998849311534,-1.4973547807028706,0.12
2431,8.743120236866162,3.815212956208833,-1.4995937364145067,0.12
2432,8.743470384159842,3.810225232628641,-1.5018237489667519,0.12
2433,8.743809430212913,3.8052367421258433,-1.5040448183596051,0.12
2434,8.744137417965524,3.8002475123416635,-1.5062569445930674,0.12
2435,8.74445439043199,3.795257570624272,-1.5084601276671377,0.12
2436,8.74476039069941,3.7902669440297716,-1.5106543675818171,0.12
2437,8.74505546192631,3.7852756593232004,-1.5128396643371045,0.12
2438,8.745339647341273,3.7802837429795324,-1.5150160179330008,0.12
2439,8.745612990241609,3.775291221184685,-1.5171834283695056,0.12
2440,8.745875533992013,3.7702981198365326,-1.519341895646619,0.12
2441,8.746127322023256,3.7653044645459284,-1.5214914197643408,0.12
2442,8.746368397830876,3.760310280637725,-1.5236320007226714,0.12
2443,8.74659880497388,3.7553155931518027,-1.5257636385216102,0.12
2444,8.746818587073472,3.7503204268441053,-1.527886333161158,0.12
2445,8.747027787811778,3.745324806187683,-1.530000084641314,0.12
2446,8.747226450930597,3.7403287553737314,-1.5321048929620786,0.12
2447,8.747414620230147,3.7353322983126382,-1.534200758123452,0.12
2448,8.747592339567845,3.730335458635043,-1.5362876801254337,0.12
2449,8.747759652857077,3.7253382596928937,-1.5383656589680241,0.12
2450,8.747916604066003,3.720340724560506,-1.5404346946512228,0.12
2451,8.748063237216343,3.7153428760356295,-1.5424947871750305,0.12
2452,8.748199596382223,3.710344736640531,-1.5445459365394463,0.12
2453,8.748325725688973,3.7053463286230497,-1.5465881427444712,0.12
2454,8.748441669311996,3.7003476739576984,-1.548621405790104,0.12
2455,8.748547471475593,3.69534879434673,-1.550645725676346,0.12
2456,8.74864317645186,3.690349711221242,-1.552661102403196,0.12
2457,8.74872882855954,3.685350445742252,-1.5546675359706548,0.12
2458,8.748804472162922,3.680351018801809,-1.556665026378722,0.12
2459,8.74887015167074,3.6753514510240812,-1.558653573627398,0.12
2460,8.748925911535093,3.6703517627664697,-1.5606331777166824,0.12
2461,8.748971796250354,3.6653519741207106,-1.5626038386465755,0.12
2462,8.749007850352118,3.6603521049139838,-1.564565556417077,0.12
2463,8.749034118416152,3.6553521747100337,-1.5665183310281872,0.12
2464,8.749050645057345,3.650352202810282,-1.568462162479906,0.12
2465,8.749057474928684,3.6453522082549568,-1.570397050772233,0.12
2466,8.749054652720234,3.640352209824207,-1.572322995905169,0.12
2467,8.749042223158137,3.635352226039239,-1.5742399978787132,0.12
2468,8.749020231003612,3.6303522751634416,-1.5761480566928663,0.12
2469,8.74898872105198,3.6253523752035326,-1.5780471723476275,0.12
2470,8.748947738131674,3.6203525439106774,-1.5799373448429976,0.12
2471,8.748897327103306,3.6153527987816494,-1.5818185741789759,0.12
2472,8.748837532858689,3.6103531570599574,-1.5836908603555633,0.12
2473,8.748768400319923,3.605353635737006,-1.585554203372759,0.12
2474,8.74868997443845,3.6003542515532327,-1.5874086032305632,0.12
2475,8.748602300194156,3.595355020999273,-1.5892540599289757,0.12
2476,8.748505422594445,3.5903559603171007,-1.5910905734679972,0.12
2477,8.748399386673364,3.585357085501196,-1.5929181438476272,0.12
2478,8.748284237490711,3.580358412299705,-1.5947367710678657,0.12
2479,8.74816002013117,3.575359956215596,-1.5965464551287125,0.12
2480,8.74802677970344,3.5703617325078323,-1.598347196030168,0.12
2481,8.747884561339394,3.5653637561925318,-1.6001389937722323,0.12
2482,8.747733410193236,3.560366042044144,-1.601921848354905,0.12
2483,8.747573371440675,3.5553686045966204,-1.6036957597781862,0.12
2484,8.747404490278104,3.5503714581445833,-1.6054607280420758,0.12
2485,8.747226811921793,3.5453746167445104,-1.6072167531465744,0.12
2486,8.747040381607102,3.5403780942159093,-1.608963835091681,0.12
2487,8.74684524458768,3.5353819041425005,-1.6107019738773967,0.12
2488,8.746641446134701,3.530386059873395,-1.6124311695037203,0.12
2489,8.746429031536092,3.5253905745242866,-1.6141514219706532,0.12
2490,8.746208046095788,3.5203954609786345,-1.6158627312781944,0.12
2491,8.745978535132974,3.5154007318888496,-1.617565097426344,0.12
2492,8.745740543981363,3.510406399677491,-1.619258520415102,0.12
2493,8.745494117988466,3.505412476538452,-1.6209430002444691,0.12
2494,8.745239302514888,3.50041897443816,-1.6226185369144444,0.12
2495,8.744976142933604,3.4954259051167647,-1.624285130425028,0.12
2496,8.744704684629298,3.490433280089345,-1.6259427807762206,0.12
2497,8.744424972997642,3.4854411106470966,-1.6275914879680216,0.12
2498,8.744137053444655,3.48044940785854,-1.6292312520004313,0.12
2499,8.743840971386023,3.47545818257072,-1.6308620728734493,0.12
2500,8.74353677224645,3.4704674454104096,-1.6324839505870758,0.12
2501,8.743224501459022,3.465477206785314,-1.6340968851413111,0.12
2502,8.742904204464551,3.460487476885274,-1.6357008765361551,0.12
2503,8.742575926710979,3.4554982656834756,-1.637295924771607,0.12
2504,8.742239713652745,3.4505095829376646,-1.6388820298476683,0.12
2505,8.741895610750195,3.44552143819134,-1.6404591917643376,0.12
2506,8.741543663468965,3.44053384077498,-1.6420274105216157,0.12
2507,8.741183917279422,3.4355467998072506,-1.643586686119502,0.12
2508,8.74081641765607,3.430560324196213,-1.6451370185579974,0.12
2509,8.740441210076987,3.425574422640542,-1.6466784078371006,0.12
2510,8.74005834002328,3.42058910363074,-1.6482108539568132,0.12
2511,8.739667852978513,3.4156043754503544,-1.6497343569171339,0.12
2512,8.739269794428196,3.410620246177195,-1.651248916718063,0.12
2513,8.73886420985923,3.4056367236845446,-1.652754533359601,0.12
2514,8.738451144759413,3.400653815642388,-1.6542512068417476,0.12
2515,8.738030644616908,3.395671529518628,-1.6557389371645026,0.12
2516,8.737602754919745,3.3906898725802987,-1.657217724327866,0.12
2517,8.737167521155342,3.385708851894797,-1.658687568331838,0.12
2518,8.736724988810002,3.3807284743310957,-1.6601484691764188,0.12
2519,8.736275203368452,3.3757487465609737,-1.6616004268616082,0.12
2520,8.735818210313367,3.3707696750602327,-1.663043441387406,0.12
2521,8.735354055124922,3.3657912661099223,-1.664477512753812,0.12
2522,8.734882783280336,3.360813525797565,-1.665902640960827,0.12
2523,8.734404440253432,3.355836460018381,-1.6673188260084506,0.12
2524,8.733919071514215,3.3508600744765147,-1.6687260678966824,0.12
2525,8.733426722528435,3.345884374686255,-1.670124366625523,0.12
2526,8.732927438757187,3.3409093659732703,-1.6715137221949719,0.12
2527,8.73242126565649,3.3359350534758225,-1.6728941346050297,0.12
2528,8.731908248676907,3.3309614421460085,-1.674265603855696,0.12
2529,8.731388433263138,3.3259885367509754,-1.6756281299469709,0.12
2530,8.730861864853658,3.3210163418741554,-1.676981712878854,0.12
2531,8.730328588880326,3.3160448619164886,-1.678326352651346,0.12
2532,8.729788650768034,3.311074101097655,-1.6796620492644465,0.12
2533,8.729242095934346,3.306104063457302,-1.6809888027181554,0.12
2534,8.728688969789147,3.3011347528562682,-1.6823066130124729,0.12
2535,8.728129317734314,3.2961661729778235,-1.6836154801473988,0.12
2536,8.727563185163367,3.2911983273288845,-1.6849154041229337,0.12
2537,8.72699061746116,3.28623121924125,-1.686206384939077,0.12
2538,8.726411660003558,3.2812648518728347,-1.6874884225958287,0.12
2539,8.725826358157128,3.276299228208886,-1.688761517093189,0.12
2540,8.725234757278844,3.2713343510632282,-1.690025668431158,0.12
2541,8.724636902715782,3.26637022307948,-1.6912808766097351,0.12
2542,8.724032839804849,3.2614068467322888,-1.6925271416289214,0.12
2543,8.723422613872497,3.256444224328563,-1.693764463488716,0.12
2544,8.722806270234456,3.251482358008691,-1.6949928421891192,0.12
2545,8.72218385419547,3.2465212497477838,-1.6962122777301305,0.12
2546,8.721555411049035,3.241560901356894,-1.6974227701117508,0.12
2547,8.72092098607717,3.236601314484248,-1.6986243193339796,0.12
2548,8.720280624550151,3.231642490616478,-1.699816925396817,0.12
2549,8.719634371726302,3.2266844310798453,-1.7010005883002628,0.12
2550,8.71898227285175,3.2217271370414737,-1.7021753080443172,0.12
2551,8.71832437316022,3.216770609510574,-1.70334108462898,0.12
2552,8.71766071787281,3.211814849339678,-1.7044979180542519,0.12
2553,8.7169913521978,3.206859857225859,-1.7056458083201318,0.12
2554,8.716316321330442,3.2019056337119656,-1.7067847554266204,0.12
2555,8.715635670452778,3.196952179187848,-1.7079147593737176,0.12
2556,8.714949444733453,3.1919994938915828,-1.7090358201614233,0.12
2557,8.714257689327528,3.187047577910703,-1.7101479377897377,0.12
2558,8.713560449376331,3.182096431183423,-1.7112511122586604,0.12
2559,8.712857770007275,3.1771460534998686,-1.7123453435681921,0.12
2560,8.712149696333707,3.172196444503297,-1.7134306317183319,0.12
2561,8.711436273454758,3.1672476036913277,-1.7145069767090808,0.12
2562,8.710717546455202,3.162299530417167,-1.7155743785404376,0.12
2563,8.709993560405307,3.1573522238908316,-1.7166328372124033,0.12
2564,8.709264360360716,3.1524056831803735,-1.7176823527249776,0.12
2565,8.708529991362324,3.1474599072131078,-1.7187229250781602,0.12
2566,8.707790498436147,3.1425148947768315,-1.7197545542719515,0.12
2567,8.707045926593219,3.137570644521052,-1.7207772403063515,0.12
2568,8.706296320829484,3.132627154958204,-1.72179098318136,0.12
2569,8.7055417261257,3.1276844244648796,-1.7227957828969769,0.12
2570,8.70478218744734,3.1227424512830457,-1.7237916394532025,0.12
2571,8.704017749744501,3.117801233521267,-1.7247785528500363,0.12
2572,8.703248457951842,3.1128607691559274,-1.7257565230874792,0.12
2573,8.702474356988478,3.1079210560324517,-1.72672555016553,0.12
2574,8.701695491757942,3.102982091866523,-1.7276856340841902,0.12
2575,8.700911907148093,3.0980438742453096,-1.7286367748434583,0.12
2576,8.700123648031079,3.0931064006286713,-1.7295789724433352,0.12
2577,8.699330759263276,3.088169668350394,-1.7305122268838207,0.12
2578,8.69853328568524,3.083233674619398,-1.7314365381649148,0.12
2579,8.697731272121668,3.0782984165209575,-1.732351906286617,0.12
2580,8.696924763381363,3.0733638910179204,-1.7332583312489283,0.12
2581,8.6961138042572,3.068430094951921,-1.734155813051848,0.12
2582,8.695298439526113,3.0634970250446014,-1.7350443516953764,0.12
2583,8.69447871394906,3.058564677898822,-1.7359239471795127,0.12
2584,8.693654672271018,3.0536330499998834,-1.7367945995042582,0.12
2585,8.692826359220973,3.0487021377167283,-1.7376563086696122,0.12
2586,8.69199381951192,3.0437719373031737,-1.7385090746755745,0.12
2587,8.691157097840854,3.038842444899106,-1.7393528975221455,0.12
2588,8.690316238888798,3.0339136565317073,-1.7401877772093248,0.12
2589,8.689471287320783,3.0289855681166578,-1.7410137137371131,0.12
2590,8.688622287785902,3.024058175459362,-1.7418307071055097,0.12
2591,8.687769284917298,3.019131474256138,-1.742638757314515,0.12
2592,8.686912323332217,3.0142054600954467,-1.7434378643641286,0.12
2593,8.686051447632023,3.009280128459092,-1.7442280282543512,0.12
2594,8.685186702402241,3.0043554747234382,-1.7450092489851816,0.12
2595,8.684318132212601,2.999431494160608,-1.7457815265566214,0.12
2596,8.683445781617074,2.994508181939696,-1.746544860968669,0.12
2597,8.682569695153937,2.989585533127983,-1.7472992522213258,0.12
2598,8.681689917345814,2.984663542692129,-1.7480447003145907,0.12
2599,8.680806492699741,2.979742205499391,-1.7487812052484646,0.12
2600,8.679919465707236,2.974821516318822,-1.7495087670229466,0.12
2601,8.67902888084436,2.9699014698224824,-1.7502273856380375,0.12
2602,8.67813478257179,2.9649820605866357,-1.7509370610937367,0.12
2603,8.677237215334896,2.9600632830929614,-1.7516377933900444,0.12
2604,8.676336223563828,2.955145131729751,-1.752329582526961,0.12
2605,8.6754318516736,2.950227600793118,-1.7530124285044861,0.12
2606,8.674524144064174,2.945310684488191,-1.7536863313226196,0.12
2607,8.673613145120559,2.9403943769303242,-1.7543512909813617,0.12
2608,8.672698899212902,2.935478672146293,-1.7550073074807122,0.12
2609,8.6717814506966,2.9305635640754923,-1.7556543808206713,0.12
2610,8.670860843912402,2.9256490465711464,-1.7562925110012393,0.12
2611,8.669937123186513,2.920735113401494,-1.7569216980224152,0.12
2612,8.669010332830712,2.915821758250995,-1.7575419418842004,0.12
2613,8.668080517142473,2.9109089747215315,-1.7581532425865938,0.12
2614,8.66714772040507,2.905996756333594,-1.7587556001295959,0.12
2615,8.666211986887726,2.9010850965274906,-1.759349014513206,0.12
2616,8.66527336084572,2.8961739886645357,-1.7599334857374254,0.12
2617,8.66433188652053,2.891263426028244,-1.7605090138022528,0.12
2618,8.66338760813996,2.886353401825533,-1.7610755987076891,0.12
2619,8.662440569918289,2.881443909187914,-1.7616332404537338,0.12
2620,8.6614908160564,2.8765349411726793,-1.7621819390403874,0.12
2621,8.660538390741937,2.8716264907641067,-1.762721694467649,0.12
2622,8.659583338149446,2.8667185508746442,-1.7632525067355196,0.12
2623,8.658625702440533,2.861811114346107,-1.7637743758439985,0.12
2624,8.657665527764008,2.8569041739508667,-1.764287301793086,0.12
2625,8.65670285825606,2.851997722393041,-1.764791284582782,0.12
2626,8.655737738040393,2.847091752309687,-1.7652863242130865,0.12
2627,8.654770211228424,2.8421862562719906,-1.765772420684,0.12
2628,8.653800321919418,2.8372812267864576,-1.7662495739955217,0.12
2629,8.652828114200672,2.8323766562960992,-1.7667177841476518,0.12
2630,8.651853632147693,2.827472537181621,-1.7671770511403908,0.12
2631,8.650876919824363,2.822568861762614,-1.7676273749737381,0.12
2632,8.649898021283118,2.817665622298742,-1.7680687556476942,0.12
2633,8.64891698056514,2.8127628109909226,-1.7685011931622587,0.12
2634,8.64793384170053,2.8078604199825214,-1.7689246875174318,0.12
2635,8.646948648708495,2.8029584413605337,-1.7693392387132132,0.12
2636,8.645961445597543,2.7980568671567734,-1.7697448467496035,0.12
2637,8.644972276365662,2.793155689349053,-1.7701415116266022,0.12
2638,8.643981185000532,2.7882548998623697,-1.7705292333442093,0.12
2639,8.642988215479702,2.7833544905700958,-1.7709080119024254,0.12
2640,8.641993411770803,2.778454453295156,-1.7712778473012498,0.12
2641,8.64099681783174,2.77355477981121,-1.7716387395406827,0.12
2642,8.639998477610893,2.768655461843842,-1.7719906886207242,0.12
2643,8.63899843504733,2.7637564910717356,-1.7723336945413746,0.12
2644,8.637996734071011,2.7588578591278616,-1.772667757302633,0.12
2645,8.636993418602993,2.7539595576006572,-1.7729928769045002,0.12
2646,8.635988532555642,2.7490615780352066,-1.773309053346976,0.12
2647,8.634982119832848,2.744163911934424,-1.77361628663006,0.12
2648,8.633974224330249,2.7392665507602345,-1.7739145767537532,0.12
2649,8.632964889935423,2.7343694859347503,-1.7742039237180545,0.12
2650,8.631954160528132,2.729472708841454,-1.7744843275229645,0.12
2651,8.630942079980528,2.7245762108263794,-1.774755788168483,0.12
2652,8.629928692157378,2.719679983199285,-1.7750183056546098,0.12
2653,8.62891404091629,2.7147840172348388,-1.7752718799813454,0.12
2654,8.627898170107938,2.709888304173799,-1.7755165111486897,0.12
2655,8.626881123576279,2.7049928352241768,-1.7757521991566427,0.12
2656,8.625862945158797,2.700097601562434,-1.7759789440052038,0.12
2657,8.62484367868672,2.6952025943346487,-1.7761967456943737,0.12
2658,8.623823367985253,2.6903078046576976,-1.776405604224152,0.12
2659,8.622802056873814,2.6854132236204293,-1.776605519594539,0.12
2660,8.621779789166268,2.6805188422848434,-1.7767964918055346,0.12
2661,8.620756608671154,2.675624651687269,-1.7769785208571387,0.12
2662,8.619732559191931,2.6707306428395374,-1.7771516067493514,0.12
2663,8.618707684527198,2.6658368067301588,-1.7773157494821723,0.12
2664,8.61768202847096,2.6609431343254992,-1.7774709490556024,0.12
2665,8.616655634812835,2.6560496165709604,-1.7776172054696406,0.12
2666,8.615628547338316,2.6511562443921446,-1.7777545187242874,0.12
2667,8.614600809829005,2.6462630086960415,-1.7778828888195428,0.12
2668,8.61357246606285,2.641369900372195,-1.7780023157554066,0.12
2669,8.612543559814391,2.6364769102938843,-1.778112799531879,0.12
2670,8.611514134855007,2.6315840293192934,-1.7782143401489603,0.12
2671,8.610484234953152,2.626691248292689,-1.77830693760665,0.12
2672,8.609453903874607,2.621798558045596,-1.778390591904948,0.12
2673,8.608423185382716,2.6169059493979687,-1.7784653030438546,0.12
2674,8.60739212323864,2.6120134131593655,-1.77853107102337,0.12
2675,8.606360761201595,2.607120940130129,-1.7785878958434937,0.12
2676,8.605329143029106,2.6022285211025498,-1.7786357775042263,0.12
2677,8.60429731247725,2.5973361468620517,-1.7786747160055674,0.12
2678,8.6032653133009,2.5924438081883556,-1.7787047113475167,0.12
2679,8.60223318925398,2.5875514958566614,-1.7787257635300748,0.12
2680,8.601200984089699,2.5826592006388203,-1.7787378725532415,0.12
2681,8.600168741560816,2.5777669133045014,-1.7787410384170168,0.12
2682,8.59913650541987,2.5728746246223753,-1.7787352611214005,0.12
2683,8.598104319419443,2.567982325361284,-1.7787205406663926,0.12
2684,8.597072227312399,2.5630900062914153,-1.7786968770519935,0.12
2685,8.596040272852132,2.5581976581854735,-1.7786642702782027,0.12
2686,8.595008499792815,2.5533052718198563,-1.778622720345021,0.12
2687,8.593976951889648,2.5484128379758317,-1.7785722272524473,0.12
2688,8.592945672899106,2.5435203474407055,-1.7785127910004825,0.12
2689,8.591914706579177,2.538627791008999,-1.778444411589126,0.12
2690,8.590884096689624,2.533735159483622,-1.778367089018378,0.12
2691,8.589853886992223,2.5288424436770525,-1.7782808232882388,0.12
2692,8.588824121251001,2.523949634412497,-1.778185614398708,0.12
2693,8.587794843232494,2.519056722525081,-1.778081462349786,0.12
2694,8.586766096705984,2.5141636988630145,-1.7779683671414723,0.12
2695,8.58573792544375,2.5092705542887677,-1.7778463287737674,0.12
2696,8.5847103732213,2.504377279680247,-1.7777153472466707,0.12
2697,8.583683483817628,2.4994838659319685,-1.777575422560183,0.12
2698,8.582657301015441,2.494590303956237,-1.7774265547143036,0.12
2699,8.581631868601416,2.489696584684315,-1.7772687437090327,0.12
2700,8.580607230366429,2.4848026990676026,-1.7771019895443705,0.12
2701,8.579583430105796,2.47990863807881,-1.7769262922203166,0.12
2702,8.578560511619514,2.475014392713139,-1.7767416517368717,0.12
2703,8.577538518712503,2.470119953989451,-1.776548068094035,0.12
2704,8.57651749519483,2.465225312951447,-1.776345541291807,0.12
2705,8.575497484881957,2.460330460668849,-1.7761340713301874,0.12
2706,8.574478531594966,2.4554353882385658,-1.7759136582091763,0.12
2707,8.573460679160803,2.4505400867858786,-1.775684301928774,0.12
2708,8.572443971412495,2.4456445474656183,-1.77544600248898,0.12
2709,8.571428452189394,2.440748761463335,-1.7751987598897951,0.12
2710,8.570414165337393,2.435852719996484,-1.7749425741312181,0.12
2711,8.569401154709169,2.4309564143156,-1.77467744521325,0.12
2712,8.568389464164394,2.4260598357054763,-1.7744033731358904,0.12
2713,8.567379137569972,2.421162975486342,-1.7741203578991394,0.12
2714,8.566370218800252,2.4162658250150453,-1.7738283995029969,0.12
2715,8.565362751737258,2.4113683756862274,-1.773527497947463,0.12
2716,8.564356780270899,2.406470618933503,-1.7732176532325377,0.12
2717,8.563352348299198,2.4015725462306428,-1.7728988653582207,0.12
2718,8.562349499728498,2.3966741490927546,-1.7725711343245125,0.12
2719,8.561348278473682,2.3917754190774585,-1.7722344601314128,0.12
2720,8.560348728458386,2.3868763477860746,-1.7718888427789217,0.12
2721,8.559350893615207,2.3819769268647986,-1.771534282267039,0.12
2722,8.55835481788591,2.377077148005889,-1.7711707785957647,0.12
2723,8.557360545221638,2.3721770029488436,-1.7707983317650993,0.12
2724,8.556368119583112,2.367276483481587,-1.7704169417750426,0.12
2725,8.555377584940839,2.3623755814416523,-1.7700266086255942,0.12
2726,8.554388985275308,2.3574742887173628,-1.7696273323167542,0.12
2727,8.553402364577185,2.3525725972490146,-1.7692191128485228,0.12
2728,8.552417766847514,2.347670499030072,-1.7688019502209,0.12
2729,8.551435236097904,2.342767986108334,-1.768375844433886,0.12
2730,8.550454816350728,2.3378650505871343,-1.7679407954874802,0.12
2731,8.5494765516393,2.3329616846265226,-1.7674968033816834,0.12
2732,8.548500486008072,2.3280578804444487,-1.7670438681164948,0.12
2733,8.5475266635128,2.3231536303179507,-1.7665819896919148,0.12
2734,8.546555128220744,2.318248926584341,-1.7661111681079433,0.12
2735,8.545585924210837,2.3133437616423995,-1.7656314033645808,0.12
2736,8.544619095573852,2.308438127953556,-1.7651426954618266,0.12
2737,8.543654686412586,2.303532018043076,-1.7646450443996806,0.12
2738,8.542692740842023,2.298625424501258,-1.7641384501781434,0.12
2739,8.541733302989503,2.293718339984619,-1.7636229127972147,0.12
2740,8.540776416994873,2.2888107572170835,-1.763098432256895,0.12
2741,8.539822127010677,2.2839026689911806,-1.7625650085571833,0.12
2742,8.538870477202272,2.2789940681692222,-1.7620226416980804,0.12
2743,8.537921511748017,2.27408494768451,-1.7614713316795858,0.12
2744,8.536975274839408,2.26917530054252,-1.7609110785017,0.12
2745,8.536031810681225,2.2642651198220927,-1.7603418821644228,0.12
2746,8.53509116349168,2.259354398676635,-1.759763742667754,0.12
2747,8.534153377502557,2.254443130335304,-1.7591766600116938,0.12
2748,8.53321849695935,2.2495313081042143,-1.7585806341962422,0.12
2749,8.532286566121394,2.2446189253676203,-1.7579756652213991,0.12
2750,8.531357629262004,2.2397059755891187,-1.7573617530871646,0.12
2751,8.530431730668587,2.234792452312845,-1.7567388977935388,0.12
2752,8.529508914642783,2.2298783491646685,-1.7561070993405214,0.12
2753,8.528589225500571,2.2249636598533913,-1.7554663577281127,0.12
2754,8.527672707572393,2.2200483781719447,-1.7548166729563122,0.12
2755,8.52675940520326,2.2151324979985874,-1.7541580450251204,0.12
2756,8.525849362752865,2.2102160132981092,-1.7534904739345374,0.12
2757,8.52494262459569,2.2052989181230256,-1.7528139596845629,0.12
2758,8.524039235121096,2.200381206614779,-1.7521285022751967,0.12
2759,8.523139238733433,2.1954628730049452,-1.7514341017064392,0.12
2760,8.522242679852125,2.1905439116164267,-1.75073075797829,0.12
2761,8.521349602911755,2.185624316864661,-1.7500184710907496,0.12
2762,8.520460052362157,2.180704083258823,-1.7492972410438181,0.12
2763,8.519574072668496,2.175783205403026,-1.7485670678374947,0.12
2764,8.518691708311334,2.1708616779975256,-1.7478279514717798,0.12
2765,8.517813003786712,2.165939495839926,-1.7470798919466737,0.12
2766,8.516938003606214,2.1610166538263873,-1.746322889262176,0.12
2767,8.516066752297032,2.1560931469528257,-1.745556943418287,0.12
2768,8.515199294402015,2.1511689703161245,-1.7447820544150066,0.12
2769,8.514335674479733,2.146244119115341,-1.7439982222523345,0.12
2770,8.513475937104523,2.1413185886529145,-1.7432054469302711,0.12
2771,8.512620126866533,2.1363923743358666,-1.7424037284488163,0.12
2772,8.511768288371758,2.1314654716770245,-1.7415930668079702,0.12
2773,8.510920466242085,2.1265378762962173,-1.7407734620077324,0.12
2774,8.510076705115313,2.1216095839214946,-1.7399449140481031,0.12
2775,8.509237049645181,2.116680590390332,-1.7391074229290826,0.12
2776,8.508401544501398,2.111750891650844,-1.7382609886506701,0.12
2777,8.50757023436964,2.1068204837630007,-1.7374056112128666,0.12
2778,8.506743163951576,2.101889362899828,-1.736541290615672,0.12
2779,8.505920377964873,2.096957525348635,-1.7356680268590856,0.12
2780,8.505101921143188,2.092024967512218,-1.7347858199431079,0.12
2781,8.504287838236165,2.0870916859100794,-1.7338946698677382,0.12
2782,8.503478174009427,2.082157677179636,-1.7329945766329775,0.12
2783,8.502672973244565,2.0772229380774436,-1.7320855402388253,0.12
2784,8.501872280739107,2.072287465480407,-1.7311675606852817,0.12
2785,8.501076141306502,2.0673512563869947,-1.7302406379723467,0.12
2786,8.500284599776084,2.062414307918462,-1.72930477210002,0.12
2787,8.499497700993029,2.057476617320065,-1.7283599630683022,0.12
2788,8.498715489818323,2.0525381819622734,-1.7274062108771928,0.12
2789,8.497938011128713,2.047598999342002,-1.7264435155266922,0.12
2790,8.497165309816635,2.0426590670838145,-1.7254718770167998,0.12
2791,8.496397430790182,2.0377183829411556,-1.724491295347516,0.12
2792,8.495634418973017,2.0327769447975634,-1.723501770518841,0.12
2793,8.494876319304312,2.0278347506678926,-1.7225033025307739,0.12
2794,8.494123176738661,2.0228917986995367,-1.7214958913833163,0.12
2795,8.493375036246018,2.0179480871736466,-1.7204795370764667,0.12
2796,8.492631942811572,2.013003614506352,-1.7194542396102257,0.12
2797,8.491893941435695,2.0080583792499906,-1.718419998984593,0.12
2798,8.491161077133803,2.003112380094324,-1.7173768151995692,0.12
2799,8.49043339493627,1.9981656158677623,-1.716324688255154,0.12
2800,8.489710939888306,1.9932180855385875,-1.715263618151347,0.12
2801,8.488993757049839,1.9882697882161806,-1.714193604888149,0.12
2802,8.488281891495392,1.983320723152243,-1.7131146484655595,0.12
2803,8.48757538831394,1.9783708897420236,-1.7120267488835783,0.12
2804,8.486874292608782,1.9734202875255429,-1.7109299061422059,0.12
2805,8.486178649497392,1.968468916188817,-1.7098241202414417,0.12
2806,8.485488504111254,1.9635167755650875,-1.7087093911812865,0.12
2807,8.48480390159573,1.9585638656360427,-1.7075857189617396,0.12
2808,8.484124887109864,1.953610186533048,-1.7064531035828012,0.12
2809,8.483451505826231,1.9486557385383727,-1.7053115450444716,0.12
2810,8.482783802930753,1.9437005220864148,-1.7041610433467504,0.12
2811,8.482121823622501,1.938744537764931,-1.7030015984896378,0.12
2812,8.48146561311352,1.933787786316262,-1.7018332104731337,0.12
2813,8.480815216628619,1.9288302686385626,-1.7006558792972382,0.12
2814,8.480170679405166,1.9238719857870286,-1.699469604961951,0.12
2815,8.47953204669287,1.9189129389751236,-1.6982743874672726,0.12
2816,8.478899363753573,1.9139531295758156,-1.6970702268132032,0.12
2817,8.478272675861001,1.9089925591227916,-1.6958571229997417,0.12
2818,8.477652028300547,1.904031229311696,-1.6946350760268887,0.12
2819,8.477037466369026,1.8990691420013635,-1.6934040858946446,0.12
2820,8.476429035374409,1.8941062992150348,-1.692164152603009,0.12
2821,8.47582678063559,1.8891427031416028,-1.690915276151982,0.12
2822,8.475230747482096,1.8841783561368217,-1.6896574565415634,0.12
2823,8.474640981253833,1.8792132607245566,-1.6883906937717534,0.12
2824,8.474057527300804,1.8742474195979986,-1.687114987842552,0.12
2825,8.473480430982809,1.869280835620898,-1.685830338753959,0.12
2826,8.472909737669163,1.8643135118288,-1.684536746505975,0.12
2827,8.472345492738388,1.8593454514302632,-1.6832342110985992,0.12
2828,8.4717877415779,1.854376657808095,-1.681922732531832,0.12
2829,8.471236529583697,1.8494071345205843,-1.6806023108056733,0.12
2830,8.470691902160025,1.844436885302719,-1.6792729459201232,0.12
2831,8.47015390471905,1.8394659140674245,-1.6779346378751814,0.12
2832,8.469622582680508,1.8344942249067961,-1.676587386670849,0.12
2833,8.469097981471366,1.8295218220933096,-1.6752311923071244,0.12
2834,8.468580146525452,1.8245487100810682,-1.6738660547840085,0.12
2835,8.4680691232831,1.8195748935070246,-1.672491974101501,0.12
2836,8.467564957190755,1.8146003771922037,-1.6711089502596022,0.12
2837,8.467067693700622,1.8096251661429346,-1.669716983258312,0.12
2838,8.466577378270237,1.8046492655520794,-1.6683160730976303,0.12
2839,8.466094056362099,1.7996726808002537,-1.6669062197775575,0.12
2840,8.465617773443247,1.794695417457059,-1.6654874232980927,0.12
2841,8.46514857498484,1.7897174812823122,-1.6640596836592367,0.12
2842,8.46468650646174,1.784738878227253,-1.6626230008609895,0.12
2843,8.464231613352077,1.779759614435792,-1.6611773749033507,0.12
2844,8.463783941136795,1.7747796962457199,-1.6597228057863203,0.12
2845,8.463343535299224,1.7697991301899392,-1.6582592935098985,0.12
2846,8.462910441324599,1.7648179229976804,-1.6567868380740853,0.12
2847,8.462484704699593,1.7598360815957301,-1.6553054394788804,0.12
2848,8.462066370911856,1.7548536131096588,-1.6538150977242847,0.12
2849,8.461655485449512,1.7498705248650261,-1.6523158128102973,0.12
2850,8.461252093800665,1.7448868243886166,-1.6508075847369181,0.12
2851,8.460856241452905,1.739902519409652,-1.6492904135041475,0.12
2852,8.460467973892781,1.734917617861012,-1.6477642991119856,0.12
2853,8.460087336605289,1.729932127880459,-1.6462292415604323,0.12
2854,8.459714375073336,1.7249460578118434,-1.6446852408494874,0.12
2855,8.459349134777193,1.7199594162063292,-1.6431322969791515,0.12
2856,8.458991661193963,1.714972211823611,-1.6415704099494237,0.12
2857,8.458641999796994,1.7099844536331181,-1.6399995797603046,0.12
2858,8.458300196055333,1.7049961508152403,-1.638419806411794,0.12
2859,8.457966295433136,1.7000073127625366,-1.6368310899038923,0.12
2860,8.45764034338908,1.6950179490809396,-1.635233430236599,0.12
2861,8.45732238537577,1.6900280695909795,-1.633626827409914,0.12
2862,8.457012466839132,1.6850376843289823,-1.6320112814238377,0.12
2863,8.456710633217792,1.6800468035482794,-1.63038679227837,0.12
2864,8.456416929942447,1.6750554377204216,-1.6287533599735107,0.12
2865,8.456131402435238,1.6700635975363767,-1.62711098450926,0.12
2866,8.455854096109093,1.6650712939077348,-1.6254596658856177,0.12
2867,8.455585056367081,1.6600785379679182,-1.6237994041025843,0.12
2868,8.455324328601737,1.6550853410733741,-1.6221301991601593,0.12
2869,8.455071958194395,1.6500917148047742,-1.620452051058343,0.12
2870,8.454827990514493,1.6450976709682212,-1.6187649597971354,0.12
2871,8.45459247091888,1.6401032215964384,-1.617068925376536,0.12
2872,8.454365444751117,1.6351083789499672,-1.6153639477965451,0.12
2873,8.454146957340747,1.6301131555183606,-1.613650027057163,0.12
2874,8.45393705400258,1.6251175640213749,-1.6119271631583891,0.12
2875,8.453735780035954,1.6201216174101605,-1.610195356100224,0.12
2876,8.453543180723981,1.6151253288684448,-1.6084546058826676,0.12
2877,8.453359301332798,1.610128711813724,-1.6067049125057196,0.12
2878,8.453184187110795,1.605131779898446,-1.6049462759693802,0.12
2879,8.45301788328784,1.6001345470111943,-1.6031786962736492,0.12
2880,8.452860435074479,1.5951370272778642,-1.6014021734185269,0.12
2881,8.45271188766115,1.5901392350628396,-1.599616707404013,0.12
2882,8.452572286217368,1.5851411849701775,-1.5978222982301078,0.12
2883,8.452441675890903,1.5801428918447735,-1.596018945896811,0.12
2884,8.452320101806949,1.5751443707735397,-1.594206650404123,0.12
2885,8.452207609067278,1.5701456370865645,-1.5923854117520435,0.12
2886,8.452104242749398,1.5651467063582922,-1.590555229940573,0.12
2887,8.452010047905679,1.560147594408678,-1.5887161049697105,0.12
2888,8.451925069562481,1.5551483173043508,-1.5868680368394565,0.12
2889,8.451849352719263,1.5501488913597745,-1.5850110255498113,0.12
2890,8.451782942347698,1.5451493331384092,-1.5831450711007744,0.12
2891,8.451725883390758,1.5401496594538542,-1.581270173492346,0.12
2892,8.451678220761794,1.535149887371015,-1.5793863327245263,0.12
2893,8.451639999343609,1.530150034207232,-1.5774935487973152,0.12
2894,8.45161126398751,1.5251501175334483,-1.5755918217107128,0.12
2895,8.451592059512372,1.5201501551753314,-1.5736811514647187,0.12
2896,8.451582430703649,1.5151501652144277,-1.5717615380593333,0.12
2897,8.451582422312425,1.5101501659892955,-1.5698329814945564,0.12
2898,8.451592079054405,1.505150176096635,-1.567895481770388,0.12
2899,8.451611445608938,1.5001502143924261,-1.565949038886828,0.12
2900,8.45164056661799,1.4951502999930453,-1.563993652843877,0.12
2901,8.451679486685132,1.4901504522764002,-1.5620293236415341,0.12
2902,8.451728250374508,1.4851506908830423,-1.5600560512798005,0.12
2903,8.451786902209788,1.4801510357172916,-1.558073835758675,0.12
2904,8.451855486673109,1.47515150694834,-1.556082677078158,0.12
2905,8.451934048204018,1.4701521250113725,-1.5540825752382497,0.12
2906,8.45202263119839,1.4651529106086674,-1.5520735302389497,0.12
2907,8.452121280007324,1.460153884710695,-1.5500555420802584,0.12
2908,8.452230038936056,1.4551550685572292,-1.5480286107621755,0.12
2909,8.452348952242842,1.4501564836584304,-1.5459927362847012,0.12
2910,8.452478064137827,1.4451581517959413,-1.5439479186478355,0.12
2911,8.452617418781909,1.4401600950239741,-1.5418941578515784,0.12
2912,8.452767060285586,1.435162335670392,-1.53983145389593,0.12
2913,8.452927032707802,1.4301648963377902,-1.5377598067808897,0.12
2914,8.45309738005476,1.4251677999045662,-1.5356792165064583,0.12
2915,8.453278146278755,1.4201710695259977,-1.5335896830726359,0.12
2916,8.453469375276951,1.4151747286352983,-1.531491206479421,0.12
2917,8.45367111089019,1.4101788009446858,-1.5293837867268152,0.12
2918,8.453883396901759,1.4051833104464424,-1.5272674238148185,0.12
2919,8.454106277036159,1.4001882814139517,-1.5251421177434297,0.12
2920,8.45433979495786,1.3951937384027628,-1.5230078685126496,0.12
2921,8.454583994270036,1.390199706251623,-1.520864676122478,0.12
2922,8.454838918513294,1.385206210083521,-1.5187125405729152,0.12
2923,8.455104611164392,1.3802132753067147,-1.5165514618639606,0.12
2924,8.455381115634944,1.375220927615762,-1.5143814399956146,0.12
2925,8.455668475270105,1.370229192992542,-1.5122024749678773,0.12
2926,8.455966733347253,1.3652380977072758,-1.5100145667807485,0.12
2927,8.456275933074656,1.3602476683195297,-1.5078177154342283,0.12
2928,8.456596117590118,1.3552579316792306,-1.5056119209283165,0.12
2929,8.456927329959635,1.3502689149276659,-1.5033971832630133,0.12
2930,8.457269613176006,1.345280645498474,-1.5011735024383188,0.12
2931,8.457623010157452,1.3402931511186376,-1.4989408784542333,0.12
2932,8.457987563746233,1.3353064598094684,-1.4966993113107552,0.12
2933,8.458363316707219,1.330320599887584,-1.4944488010078862,0.12
2934,8.45875031172648,1.325335599965881,-1.4921893475456265,0.12
2935,8.45914859140984,1.3203514889545,-1.4899209509239746,0.12
2936,8.459558198281439,1.3153682960617856,-1.4876436111429314,0.12
2937,8.459979174782271,1.3103860507952447,-1.4853573282024968,0.12
2938,8.460411563268698,1.3054047829624866,-1.4830621021026706,0.12
2939,8.46085540601098,1.300424522672171,-1.480757932843453,0.12
2940,8.461310745191756,1.2954453003349382,-1.478444820424844,0.12
2941,8.461777622904549,1.2904671466643394,-1.4761227648468433,0.12
2942,8.462256081152235,1.2854900926777617,-1.4737917661094515,0.12
2943,8.462746161845498,1.2805141696973328,-1.4714518242126682,0.12
2944,8.463247906801282,1.2755394093508374,-1.4691029391564934,0.12
2945,8.46376135774123,1.2705658435726184,-1.466745110940927,0.12
2946,8.4642865562901,1.2655935046044626,-1.4643783395659695,0.12
2947,8.464823543974175,1.2606224249964924,-1.462002625031621,0.12
2948,8.46537236221967,1.2556526376080477,-1.4596179673378802,0.12
2949,8.46593305235109,1.2506841756085505,-1.4572243664847475,0.12
2950,8.466505655589627,1.2457170724783793,-1.4548218224722245,0.12
2951,8.467090213051504,1.2407513620097146,-1.4524103353003097,0.12
2952,8.467686765746311,1.2357870783073919,-1.4499899049690033,0.12
2953,8.468295354575352,1.2308242557897477,-1.4475605314783055,0.12
2954,8.468916020329939,1.225862929189447,-1.4451222148282163,0.12
2955,8.469548803689724,1.2209031335543084,-1.4426749550187357,0.12
2956,8.470193745220966,1.2159449042481287,-1.4402187520498635,0.12
2957,8.470850885374816,1.2109882769514781,-1.4377536059215996,0.12
2958,8.471520264485587,1.2060332876625157,-1.4352795166339447,0.12
2959,8.472201922768985,1.2010799726977686,-1.4327964841868983,0.12
2960,8.472895900320369,1.196128368692924,-1.4303045085804604,0.12
2961,8.473602237112967,1.1911785126036003,-1.427803589814631,0.12
2962,8.474320972996079,1.1862304417061131,-1.4252937278894102,0.12
2963,8.475052147693273,1.1812841935982314,-1.4227749228047986,0.12
2964,8.475795800800588,1.1763398061999273,-1.4202471745607947,0.12
2965,8.476551971784678,1.1713973177541162,-1.4177104831573997,0.12
2966,8.47732069998099,1.1664567668273795,-1.415164848594613,0.12
2967,8.478102024591896,1.1615181923106968,-1.4126102708724348,0.12
2968,8.478895984684817,1.1565816334201404,-1.4100467499908653,0.12
2969,8.479702619190359,1.151647129697591,-1.4074742859499045,0.12
2970,8.480521966900403,1.1467147210114192,-1.4048928787495523,0.12
2971,8.481354066466192,1.1417844475571743,-1.4023025283898083,0.12
2972,8.482198956396413,1.1368563498582533,-1.399703234870673,0.12
2973,8.48305667505526,1.1319304687665532,-1.3970949981921466,0.12
2974,8.483927260660478,1.1270068454631375,-1.3944778183542281,0.12
2975,8.484810751281408,1.122085521458871,-1.3918516953569184,0.12
2976,8.485707184837,1.1171665385950424,-1.3892166292002175,0.12
2977,8.486616599093825,1.1122499390439975,-1.386572619884125,0.12
2978,8.487539031664067,1.1073357653097329,-1.3839196674086416,0.12
2979,8.488474520003518,1.1024240602285111,-1.3812577717737664,0.12
2980,8.48942310140953,1.0975148669694352,-1.3785869329794995,0.12
2981,8.490384813018979,1.0926082290350294,-1.3759071510258414,0.12
2982,8.491359691806204,1.087704190261804,-1.3732184259127913,0.12
2983,8.492347774580942,1.08280279482081,-1.3705207576403502,0.12
2984,8.493349097986226,1.0779040872181804,-1.3678141462085176,0.12
2985,8.494363698496306,1.0730081122956596,-1.3650985916172937,0.12
2986,8.49539161241452,1.0681149152311225,-1.3623740938666782,0.12
2987,8.496432875871182,1.0632245415390846,-1.3596406529566714,0.12
2988,8.497487524821437,1.058337037071194,-1.3568982688872728,0.12
2989,8.498555595043104,1.053452448016711,-1.354146941658483,0.12
2990,8.499637122134525,1.0485708209029898,-1.351386671270302,0.12
2991,8.500732141512358,1.0436922025959232,-1.348617457722729,0.12
2992,8.501840688409423,1.0388166403004,-1.3458393010157648,0.12
2993,8.50296279787246,1.0339441815607318,-1.3430522011494093,0.12
2994,8.504098504759936,1.0290748742610694,-1.3402561581236627,0.12
2995,8.505247843739792,1.0242087666258204,-1.3374511719385243,0.12
2996,8.506410849287214,1.0193459072200373,-1.3346372425939943,0.12
2997,8.507587555682369,1.0144863449497974,-1.331814370090073,0.12
2998,8.508777997008124,1.0096301290625753,-1.3289825544267602,0.12
2999,8.509982207147775,1.0047773091475918,-1.3261417956040558,0.12
3000,8.511200219782731,0.999927935136161,-1.32329209362196,0.12
3001,8.512432068390222,0.9950820573020076,-1.320433448480473,0.12
3002,8.513677786240955,0.9902397262615912,-1.3175658601795943,0.12
3003,8.514937406396793,0.9854009929743963,-1.3146893287193244,0.12
3004,8.516210961708392,0.9805659087432224,-1.3118038540996628,0.12
3005,8.517498484812833,0.9757345252144516,-1.30890943632061,0.12
3006,8.518800008131262,0.9709068943783024,-1.3060060753821656,0.12
3007,8.520115563866483,0.9660830685690831,-1.3030937712843296,0.12
3008,8.521445184000564,0.9612631004653966,-1.3001725240271023,0.12
3009,8.522788900292413,0.9564470430903764,-1.2972423336104837,0.12
3010,8.524146744275352,0.9516349498118641,-1.294303200034474,0.12
3011,8.525518747254685,0.9468268743426025,-1.2913551232990723,0.12
3012,8.526904940305226,0.9420228707403924,-1.2883981034042795,0.12
3013,8.528305354268843,0.9372229934082563,-1.285432140350095,0.12
3014,8.529720019751963,0.9324272970945575,-1.282457234136519,0.12
3015,8.531148967123103,0.9276358368931312,-1.2794733847635518,0.12
3016,8.532592226510344,0.9228486682433816,-1.2764805922311926,0.12
3017,8.534049827798812,0.9180658469303751,-1.2734788565394424,0.12
3018,8.53552180062817,0.913287429084904,-1.2704681776883007,0.12
3019,8.537008174390033,0.9085134711835421,-1.2674485556777675,0.12
3020,8.538508978225453,0.9037440300486903,-1.264419990507843,0.12
3021,8.540024241022333,0.8989791628485877,-1.2613824821785269,0.12
3022,8.541553991412837,0.8942189270973229,-1.2583360306898195,0.12
3023,8.54309825777081,0.8894633806548189,-1.255280636041721,0.12
3024,8.544657068209165,0.8847125817268049,-1.25221629823423,0.12
3025,8.546230450577273,0.8799665888647628,-1.249143017267348,0.12
3026,8.547818432458321,0.87522546096588,-1.2460607931410754,0.12
3027,8.549421041166678,0.8704892572729435,-1.2429696258554106,0.12
3028,8.551038303745234,0.8657580373742535,-1.2398695154103545,0.12
3029,8.552670246962741,0.8610318612035117,-1.236760461805907,0.12
3030,8.55431689731113,0.8563107890396724,-1.233642465042068,0.12
3031,8.555978281002824,0.8515948815067942,-1.2305155251188375,0.12
3032,8.557654423968026,0.8468841995738652,-1.2273796420362153,0.12
3033,8.559345351852016,0.8421788045546226,-1.224234815794202,0.12
3034,8.561051090012423,0.8374787581073262,-1.2210810463927972,0.12
3035,8.562771663516482,0.8327841222345365,-1.217918333832001,0.12
3036,8.564507097138295,0.828094959282879,-1.2147466781118132,0.12
3037,8.566257415356054,0.8234113319427552,-1.211566079232234,0.12
3038,8.568022642349284,0.8187333032480755,-1.2083765371932635,0.12
3039,8.569802801996063,0.8140609365759452,-1.205178051994902,0.12
3040,8.57159791787021,0.8093942956463351,-1.2019706236371486,0.12
3041,8.573408013238494,0.8047334445217489,-1.1987542521200028,0.12
3042,8.575233111057807,0.8000784476068485,-1.195528937443467,0.12
3043,8.577073233972348,0.7954293696480654,-1.192294679607539,0.12
3044,8.578928404310771,0.7907862757332058,-1.18905147861222,0.12
3045,8.580798644083353,0.786149231291021,-1.1857993344575093,0.12
3046,8.582683974979107,0.7815183020907499,-1.1825382471434072,0.12
3047,8.584584418362937,0.7768935542416715,-1.1792682166699135,0.12
3048,8.586499995272744,0.7722750541925949,-1.1759892430370285,0.12
3049,8.588430726416533,0.7676628687313682,-1.1727013262447517,0.12
3050,8.590376632169516,0.7630570649843369,-1.1694044662930838,0.12
3051,8.592337732571192,0.7584577104157919,-1.1660986631820245,0.12
3052,8.594314047322428,0.7538648728274024,-1.1627839169115737,0.12
3053,8.596305595782527,0.7492786203576101,-1.1594602274817314,0.12
3054,8.598312396966286,0.7446990214810194,-1.1561275948924976,0.12
3055,8.600334469541021,0.7401261450077543,-1.152786019143873,0.12
3056,8.602371831823652,0.7355600600828041,-1.1494355002358565,0.12
3057,8.604424501777675,0.7310008361853191,-1.1460760381684476,0.12
3058,8.606492497010214,0.7264485431279271,-1.1427076329416486,0.12
3059,8.608575834769022,0.7219032510559886,-1.1393302845554578,0.12
3060,8.610674531939466,0.717365030446846,-1.1359439930098754,0.12
3061,8.612788605041544,0.7128339521090536,-1.1325487583049016,0.12
3062,8.614918070226832,0.7083100871815731,-1.1291445804405364,0.12
3063,8.61706294327548,0.70379350713295,-1.1257314594167795,0.12
3064,8.619223239593168,0.699284283760476,-1.1223093952336316,0.12
3065,8.621398974208043,0.6947824891893024,-1.118878387891092,0.12
3066,8.623590161767689,0.6902881958715685,-1.1154384373891606,0.12
3067,8.625796816536045,0.6858014765854605,-1.111989543727838,0.12
3068,8.628018952390345,0.6813224044342903,-1.108531706907124,0.12
3069,8.630256582818017,0.6768510528455103,-1.1050649269270187,0.12
3070,8.632509720913617,0.672387495569736,-1.1015892037875226,0.12
3071,8.634778379375724,0.6679318066797206,-1.0981045374886342,0.12
3072,8.637062570503822,0.663484060569318,-1.0946109280303546,0.12
3073,8.639362306195208,0.6590443319524191,-1.0911083754126836,0.12
3074,8.641677597941852,0.6546126958618563,-1.0875968796356206,0.12
3075,8.644008456827281,0.6501892276482879,-1.0840764406991665,0.12
3076,8.646354893523444,0.6457740029790564,-1.080547058603321,0.12
3077,8.648716918287557,0.6413670978370183,-1.077008733348084,0.12
3078,8.65109454095897,0.6369685885193546,-1.0734614649334557,0.12
3079,8.653487770955989,0.6325785516363434,-1.069905253359436,0.12
3080,8.655896617272733,0.6281970641101182,-1.0663400986260247,0.12
3081,8.658321088475954,0.623824203173398,-1.062766000733222,0.12
3082,8.66076119270186,0.6194600463681814,-1.0591829596810274,0.12
3083,8.663216937652926,0.6151046715444242,-1.055590975469442,0.12
3084,8.665688330594715,0.6107581568586822,-1.0519900480984647,0.12
3085,8.66817537835268,0.6064205807727365,-1.0483801775680965,0.12
3086,8.670678087308954,0.6020920220521866,-1.044761363878337,0.12
3087,8.673196463399155,0.5977725597650068,-1.0411336070291857,0.12
3088,8.675730512109157,0.5934622732800943,-1.037496907020643,0.12
3089,8.67828023847189,0.5891612422657682,-1.0338512638527086,0.12
3090,8.680845647064105,0.5848695466882603,-1.030196677525383,0.12
3091,8.68342674200315,0.5805872668101681,-1.0265331480386655,0.12
3092,8.686023526943726,0.5763144831888773,-1.0228606753925567,0.12
3093,8.688636005074668,0.5720512766749595,-1.0191792595870568,0.12
3094,8.69126417911568,0.5677977284105378,-1.0154889006221652,0.12
3095,8.693908051314105,0.5635539198276343,-1.0117895984978824,0.12
3096,8.696567623441672,0.5593199326464777,-1.0080813532142079,0.12
3097,8.69924289679122,0.5550958488737798,-1.0043641647711423,0.12
3098,8.701933872173472,0.5508817508010013,-1.000638033168685,0.12
3099,8.704640549913744,0.5466777210025571,-0.9969029584068358,0.12
3100,8.707362929848689,0.5424838423340299,-0.9931589404855957,0.12
3101,8.710101011323038,0.5383001979303188,-0.9894059794049641,0.12
3102,8.712854793186295,0.5341268712037834,-0.9856440751649417,0.12
3103,8.71562427378951,0.5299639458423444,-0.9818732277655272,0.12
3104,8.718409450981948,0.5258115058075541,-0.9780934372067213,0.12
3105,8.721210322107856,0.5216696353326551,-0.9743047034885239,0.12
3106,8.724026884003143,0.5175384189205694,-0.9705070266109351,0.12
3107,8.72685913299211,0.513417941341908,-0.9667004065739545,0.12
3108,8.72970706488417,0.5093082876329023,-0.9628848433775827,0.12
3109,8.73257067497055,0.505209543093339,-0.9590603370218196,0.12
3110,8.735449958021,0.501121793284443,-0.9552268875066651,0.12
3111,8.738344908280503,0.4970451240267364,-0.951384494832119,0.12
3112,8.741255519465986,0.49297962139787277,-0.9475331589981815,0.12
3113,8.744181784763029,0.4889253717304243,-0.9436728800048526,0.12
3114,8.747123696822564,0.48488246160965165,-0.9398036578521323,0.12
3115,8.750081247757578,0.4808509778712331,-0.935925492540021,0.12
3116,8.753054429139839,0.4768310075989728,-0.9320383840685167,0.12
3117,8.75604323199657,0.47282263812246317,-0.928142332437622,0.12
3118,8.759047646807188,0.4688259570147153,-0.9242373376473365,0.12
3119,8.76206766349999,0.46484105208977233,-0.9203233996976589,0.12
3120,8.765103271448861,0.4608680114002839,-0.9164005185885898,0.12
3121,8.768154459469997,0.45690692323502535,-0.9124686943201294,0.12
3122,8.771221215818597,0.45295787611643057,-0.9085279268922775,0.12
3123,8.774303528185591,0.44902095879803916,-0.9045782163050341,0.12
3124,8.777401383694341,0.4450962602619537,-0.9006195625583988,0.12
3125,8.780514768897353,0.44118386971623913,-0.8966519656523726,0.12
3126,8.783643669773014,0.43728387659229284,-0.8926754255869549,0.12
3127,8.786788071722288,0.43339637054218993,-0.8886899423621457,0.12
3128,8.78994795956546,0.4295214414359876,-0.8846955159779452,0.12
3129,8.79312331753884,0.4256591793589912,-0.8806921464343531,0.12
3130,8.796314129291504,0.4218096746090021,-0.8766798337313697,0.12
3131,8.799520377882038,0.41797301769351325,-0.8726585778689954,0.12
3132,8.802742045775252,0.4141492993268834,-0.8686283788472279,0.12
3133,8.805979114838927,0.41033861042746533,-0.8645892366660701,0.12
3134,8.809231566340555,0.4065410421147204,-0.8605411513255214,0.12
3135,8.812499380944118,0.40275668570626877,-0.8564841228255807,0.12
3136,8.815782538706795,0.3989856327149335,-0.8524181511662486,0.12
3137,8.819081019075755,0.3952279748457297,-0.848343236347525,0.12
3138,8.822394800884911,0.3914838039928288,-0.84425937836941,0.12
3139,8.825723862351689,0.38775321223648707,-0.8401665772319035,0.12
3140,8.829068181073795,0.38403629183993093,-0.8360648329350056,0.12
3141,8.832427734026021,0.38033313524621803,-0.8319541454787157,0.12
3142,8.835802497557017,0.37664383507506116,-0.8278345148630349,0.12
3143,8.839192447386075,0.3729684841196024,-0.8237059410879627,0.12
3144,8.842597558599968,0.36930717534317026,-0.819568424153499,0.12
3145,8.846017805649717,0.3656600018759937,-0.8154219640596438,0.12
3146,8.84945316234744,0.3620270570118773,-0.8112665608063973,0.12
3147,8.85290360186317,0.3584084342048417,-0.8071022143937598,0.12
3148,8.856369096721677,0.35480422706572945,-0.8029289248217303,0.12
3149,8.859849618799325,0.35121452935877695,-0.7987466920903084,0.12
3150,8.863345139320915,0.347639434998146,-0.7945555161994966,0.12
3151,8.866855628856554,0.34407903804441897,-0.7903553971492927,0.12
3152,8.870381057318516,0.3405334327010614,-0.7861463349396974,0.12
3153,8.873921393958122,0.3370027133108362,-0.7819283295707108,0.12
3154,8.877476607362645,0.3334869743522084,-0.7777013810423327,0.12
3155,8.881046665452185,0.3299863104356735,-0.773465489354563,0.12
3156,8.88463153547661,0.32650081630008465,-0.769220654507402,0.12
3157,8.888231184012449,0.32303058680892516,-0.764966876500849,0.12
3158,8.891845576959849,0.3195757169465452,-0.7607041553349051,0.12
3159,8.895474679539507,0.3161363018143595,-0.7564324910095698,0.12
3160,8.89911845628964,0.3127124366270264,-0.752151883524843,0.12
3161,8.902776871062938,0.3093042167085498,-0.7478623328807247,0.12
3162,8.906449887023559,0.3059117374883922,-0.7435638390772156,0.12
3163,8.910137466644123,0.30253509449751803,-0.7392564021143144,0.12
3164,8.913839571702722,0.2991743833644023,-0.7349400219920218,0.12
3165,8.917556163279935,0.2958296998110095,-0.7306146987103378,0.12
3166,8.921287201755877,0.29250113964873936,-0.7262804322692618,0.12
3167,8.925032646807239,0.2891887987743189,-0.7219372226687949,0.12
3168,8.928792457404366,0.2858927731656751,-0.7175850699089366,0.12
3169,8.93256659180833,0.2826131588777443,-0.7132239739896867,0.12
3170,8.936355007568027,0.2793500520382768,-0.7088539349110454,0.12
3171,8.940157661517294,0.27610354884357413,-0.7044749526730127,0.12
3172,8.943974509772032,0.2728737455541994,-0.7000870272755886,0.12
3173,8.947805507727361,0.2696607384906633,-0.695690158718773,0.12
3174,8.951650610054775,0.26646462402904003,-0.6912843470025655,0.12
3175,8.955509770699322,0.26328549859658246,-0.686869592126967,0.12
3176,8.9593829428768,0.2601234586672527,-0.682445894091977,0.12
3177,8.96327007907098,0.2569786007572725,-0.6780132528975956,0.12
3178,8.967171131030826,0.25385102142058535,-0.6735716685438234,0.12
3179,8.971086049767768,0.2507408172443011,-0.6691211410306592,0.12
3180,8.975014785552952,0.24764808484410317,-0.6646616703581035,0.12
3181,8.978957287914541,0.24457292085960614,-0.6601932565261563,0.12
3182,8.982913505635032,0.24151542194969444,-0.6557158995348172,0.12
3183,8.98688338674857,0.23847568478780445,-0.6512295993840865,0.12
3184,8.99086687853832,0.23545380605716915,-0.6467343560739657,0.12
3185,8.994863927533823,0.23244988244603082,-0.6422301696044521,0.12
3186,8.998874479508396,0.22946401064282185,-0.6377170399755484,0.12
3187,9.002898479476562,0.22649628733128413,-0.6331949671872532,0.12
3188,9.006935871691466,0.22354680918557257,-0.6286639512395653,0.12
3189,9.010986599642338,0.22061567286530703,-0.6241239921324873,0.12
3190,9.015050606051998,0.21770297501059055,-0.6195750898660165,0.12
3191,9.019127832874345,0.21480881223698756,-0.6150172444401544,0.12
3192,9.023218221291886,0.21193328113046483,-0.6104504558549019,0.12
3193,9.02732171171331,0.20907647824228626,-0.6058747241102568,0.12
3194,9.031438243771039,0.20623850008387823,-0.6012900492062215,0.12
3195,9.03556775631887,0.20341944312165428,-0.5966964311427935,0.12
3196,9.03971018742956,0.2006194037717961,-0.5920938699199754,0.12
3197,9.043865474392529,0.19783847839500268,-0.5874823655377645,0.12
3198,9.04803355371151,0.19507676329119406,-0.5828619179961634,0.12
3199,9.052214361102264,0.19233435469417515,-0.5782325272951696,0.12
3200,9.056407831490324,0.1896113487662774,-0.5735941934347845,0.12
3201,9.060613899008754,0.18690784159293639,-0.568946916415009,0.12
3202,9.06483249699594,0.18422392917725183,-0.5642906962358422,0.12
3203,9.069063557993411,0.1815597074344968,-0.5596255328972826,0.12
3204,9.073307013743683,0.1789152721865932,-0.5549514263993329,0.12
3205,9.077562795188147,0.17629071915655015,-0.5502683767419905,0.12
3206,9.08183083246496,0.1736861439628603,-0.5455763839252578,0.12
3207,9.086111054907008,0.17110164211385914,-0.5408754479491324,0.12
3208,9.090403391039835,0.16853730900204322,-0.5361655688136158,0.12
3209,9.094707768579678,0.16599323989835746,-0.5314467465187087,0.12
3210,9.09902411443149,0.16346952994643793,-0.5267189810644091,0.12
3211,9.103352354686974,0.16096627415681475,-0.5219822724507193,0.12
3212,9.107692414622726,0.15848356740108116,-0.5172366206776366,0.12
3213,9.1120442186983,0.15602150440602536,-0.5124820257451639,0.12
3214,9.116407690554436,0.1535801797477232,-0.5077184876532985,0.12
3215,9.12078275301119,0.15115968784558387,-0.5029460064020428,0.12
3216,9.12516932806621,0.14876012295638041,-0.4981645819913946,0.12
3217,9.12956733689297,0.14638157916820838,-0.49337421442135476,0.12
3218,9.133976699839069,0.14402415039444438,-0.4885749036919248,0.12
3219,9.13839733642458,0.14168793036763638,-0.4837666498031034,0.12
3220,9.142829165340398,0.1393730126333761,-0.47894945275488926,0.12
3221,9.147272104446657,0.1370794905441235,-0.47412331254728496,0.12
3222,9.151726070771163,0.1348074572529976,-0.46928822918028795,0.12
3223,9.15619098050787,0.1325570057075307,-0.4644442026539008,0.12
3224,9.160666749015414,0.1303282286433829,-0.45959123296812093,0.12
3225,9.165153290815645,0.12812121857802516,-0.4547293201229496,0.12
3226,9.169650519592224,0.12593606780437572,-0.44985846411838804,0.12
3227,9.174158348189259,0.12377286838441304,-0.44497866495443383,0.12
3228,9.178676688609977,0.12163171214273749,-0.4400899226310894,0.12
3229,9.183205452015434,0.11951269066010539,-0.43519223714835226,0.12
3230,9.187744548723256,0.11741589526693108,-0.430285608506225,0.12
3231,9.19229388820644,0.1153414170367455,-0.42537003670470624,0.12
3232,9.19685337909219,0.11328934677961033,-0.42044552174379357,0.12
3233,9.201422929160778,0.11125977503551798,-0.4155120636234919,0.12
3234,9.20600244534448,0.1092527920677373,-0.4105696623437989,0.12
3235,9.210591833726529,0.10726848785613896,-0.4056183179047131,0.12
3236,9.215190999540098,0.10530695209046215,-0.4006580303062371,0.12
3237,9.219799847167387,0.1033682741635733,-0.39568879954836844,0.12
3238,9.221985758712647,0.1024581967513153,-0.3933324553365665,0.12
3239,9.226608684204379,0.10055333229436633,-0.38837026783250983,0.12
3240,9.231240975455918,0.09867135803535299,-0.3834395802224108,0.12
3241,9.235882460566147,0.09681217381444333,-0.3785403925062694,0.12
3242,9.240532969565471,0.09497567805242822,-0.37367270468408575,0.12
3243,9.245192334413115,0.09316176777624005,-0.3688365167558597,0.12
3244,9.249860388994108,0.09137033864421397,-0.3640318287215914,0.12
3245,9.254536969115987,0.08960128497109188,-0.3592586405812807,0.12
3246,9.259221912505206,0.08785449975276656,-0.3545169523349277,0.12
3247,9.263915058803262,0.0861298746907675,-0.3498067639825323,0.12
3248,9.268616249562537,0.08442730021648495,-0.34512807552409464,0.12
3249,9.273325328241874,0.08274666551513396,-0.34048088695961465,0.12
3250,9.278042140201881,0.08108785854945658,-0.3358651982890923,0.12
3251,9.28276653269997,0.07945076608316097,-0.3312810095125276,0.12
3252,9.287498354885132,0.0778352737040999,-0.3267283206299206,0.12
3253,9.292237457792472,0.0762412658471841,-0.32220713164127124,0.12
3254,9.296983694337479,0.07466862581703411,-0.3177174425465796,0.12
3255,9.301736919310066,0.07311723581036773,-0.3132592533458456,0.12
3256,9.306496989368352,0.07158697693812441,-0.3088325640390692,0.12
3257,9.311263763032228,0.07007772924732539,-0.30443737462625053,0.12
3258,9.316037100676681,0.06858937174267074,-0.3000736851073895,0.12
3259,9.32081686452489,0.06712178240787228,-0.29574149548248624,0.12
3260,9.325602918641115,0.06567483822672318,-0.2914408057515406,0.12
3261,9.330395128923351,0.06424841520390404,-0.28717161591455254,0.12
3262,9.33519336309578,0.06284238838552572,-0.2829339259715222,0.12
3263,9.339997490701009,0.061456631879409584,-0.2787277359224496,0.12
3264,9.344807383092117,0.060091018875104804,-0.2745530457673346,0.12
3265,9.349622913424485,0.05874542166364373,-0.27040985550617724,0.12
3266,9.354443956647433,0.05741971165703563,-0.2662981651389776,0.12
3267,9.359270389495684,0.05611375940749901,-0.2622179746657356,0.12
3268,9.36410209048062,0.05482743462643338,-0.25816928408645123,0.12
3269,9.368938939881359,0.053560606203131356,-0.2541520934011246,0.12
3270,9.373780819735668,0.05231314222323061,-0.25016640260975564,0.12
3271,9.378627613830677,0.05108490998690812,-0.2462122117123443,0.12
3272,9.383479207693444,0.04987577602681606,-0.24228952070889065,0.12
3273,9.388335488581333,0.04868560612576043,-0.23839832959939466,0.12
3274,9.39319634547225,0.04751426533412418,-0.23453863838385636,0.12
3275,9.398061669054693,0.04636161798703403,-0.2307104470622757,0.12
3276,9.40293135171767,0.04522752772127428,-0.22691375563465271,0.12
3277,9.407805287540459,0.04411185749194604,-0.2231485641009874,0.12
3278,9.412683372282194,0.043014469588874525,-0.21941487246127978,0.12
3279,9.417565503371351,0.041935225652765834,-0.2157126807155298,0.12
3280,9.422451579895052,0.040873986691112446,-0.2120419888637375,0.12
3281,9.427341502588249,0.03983061309385061,-0.20840279690590285,0.12
3282,9.43223517382277,0.03880496464876959,-0.2047951048420259,0.12
3283,9.437132497596235,0.0377969005566748,-0.20121891267210656,0.12
3284,9.442033379520838,0.036806279446304824,-0.19767422039614493,0.12
3285,9.446937726812012,0.03583295938900562,-0.19416102801414098,0.12
3286,9.451845448276963,0.03487679791316131,-0.19067933552609467,0.12
3287,9.45675645430309,0.033937652018384,-0.18722914293200604,0.12
3288,9.46167065684629,0.03301537818946397,-0.1838104502318751,0.12
3289,9.466587969419146,0.03210983241008107,-0.18042325742570178,0.12
3290,9.471508307079015,0.031220870176279947,-0.17706756451348615,0.12
3291,9.476431586415988,0.03034834650970883,-0.1737433714952282,0.12
3292,9.481357725540777,0.029492115970625538,-0.1704506783709279,0.12
3293,9.48628664407247,0.028652032670670805,-0.1671894851405853,0.12
3294,9.491218263126209,0.02782795028541042,-0.1639597918042003,0.12
3295,9.49615250530076,0.02701972206664917,-0.16076159836177303,0.12
3296,9.501089294665999,0.026227200854516894,-0.15759490481330343,0.12
3297,9.506028556750298,0.025450239089328697,-0.15445971115879148,0.12
3298,9.510970218527838,0.024688688823221394,-0.1513560173982372,0.12
3299,9.515914208405812,0.02394240173156781,-0.14828382353164057,0.12
3300,9.520860456211578,0.023211229124169633,-0.14524312955900162,0.12
3301,9.525808893179699,0.02249502195623268,-0.14223393548032032,0.12
3302,9.53075945193893,0.02179363083912468,-0.13925624129559672,0.12
3303,9.535712066499116,0.021106906050916974,-0.13631004700483074,0.12
3304,9.540666672238023,0.02043469754671491,-0.1333953526080225,0.12
3305,9.545623205888091,0.019776854968774488,-0.13051215810517186,0.12
3306,9.55058160552313,0.01913322765641115,-0.12766046349627896,0.12
3307,9.555541810544932,0.018503664655699956,-0.12484026878134369,0.12
3308,9.56050376166984,0.01788801472897028,-0.12205157396036603,0.12
3309,9.565467400915239,0.017286126364096793,-0.11929437903334617,0.12
3310,9.57043267158598,0.016697847783587974,-0.11656868400028392,0.12
3311,9.575399518260781,0.016123026953475575,-0.11387448886117929,0.12
3312,9.580367886778522,0.01556151159200557,-0.11121179361603234,0.12
3313,9.585337724224527,0.015013149178133178,-0.10858059826484306,0.12
3314,9.590308978916768,0.014477786959824157,-0.10598090280761147,0.12
3315,9.595281600392036,0.013955271962164423,-0.10341270724433754,0.12
3316,9.600255539392046,0.013445450995279162,-0.1008760115750213,0.12
3317,9.605230747849504,0.012948170662064926,-0.09837081579966267,0.12
3318,9.61020717887413,0.012463277365735964,-0.09589711991826178,0.12
3319,9.615184786738638,0.011990617317186023,-0.0934549239308185,0.12
3320,9.620163526864658,0.011530036542170108,-0.0910442278373329,0.12
3321,9.625143355808644,0.011081380888305487,-0.08866503163780504,0.12
3322,9.630124231247716,0.010644496031896503,-0.08631733533223473,0.12
3323,9.63510611196548,0.010219227484583523,-0.08400113892062216,0.12
3324,9.640088957837815,0.009805420599819384,-0.08171644240296727,0.12
3325,9.645072729818601,0.009402920579174606,-0.07946324577927,0.12
3326,9.650057389925454,0.009011572478474075,-0.0772415490495304,0.12
3327,9.655042901225384,0.008631221213767942,-0.07505135221374853,0.12
3328,9.660029227820457,0.008261711567136648,-0.07289265527192423,0.12
3329,9.66501633483341,0.007902888192335547,-0.07076545822405766,0.12
3330,9.670004188393243,0.007554595620278756,-0.06866976107014877,0.12
3331,9.674992755620778,0.007216678264364937,-0.0666055638101975,0.12
3332,9.679982004614207,0.006888980425648547,-0.06457286644420396,0.12
3333,9.684971904434596,0.006571346297857564,-0.06257166897216804,0.12
3334,9.689962425091379,0.006263619972259299,-0.06060197139408979,0.12
3335,9.694953537527823,0.005965645442378792,-0.05866377370996928,0.12
3336,9.69994521360648,0.005677266608569695,-0.05675707591980633,0.12
3337,9.704937426094599,0.005398327282441259,-0.054881878023601116,0.12
3338,9.709930148649546,0.0051286711911432276,-0.053038180021353576,0.12
3339,9.714923355804181,0.004868141981510907,-0.051225981913063656,0.12
3340,9.719917022952231,0.004616583224072657,-0.04944528369873141,0.12
3341,9.724911126333641,0.004373838416922779,-0.047696085378356845,0.12
3342,9.72990564301991,0.0041397509894602336,-0.045978386951939954,0.12
3343,9.734900550899415,0.003914164305997836,-0.04429218841948074,0.12
3344,9.739895828662714,0.0036969216692427365,-0.0426374897809792,0.12
3345,9.744891455787844,0.003487866323650085,-0.041014291036435224,0.12
3346,9.749887412525595,0.0032868414586546962,-0.03942259218584909,0.12
3347,9.754883679884784,0.003093690211778591,-0.03786239322922047,0.12
3348,9.75988023961751,0.002908255671621812,-0.036333694166549635,0.12
3349,9.7648770742044,0.0027303808807349617,-0.03483649499783642,0.12
3350,9.76987416683984,0.0025599088383773116,-0.033370795723080826,0.12
3351,9.774871501417211,0.0023966825031634525,-0.031936596342282964,0.12
3352,9.7798690625141,0.002240544795598598,-0.030533896855442777,0.12
3353,9.784866835377512,0.002091338600507614,-0.029162697262560155,0.12
3354,9.789864805909065,0.001948906769357578,-0.02782299756363532,0.12
3355,9.794862960650194,0.0018130921224782104,-0.026514797758668163,0.12
3356,9.79986128676733,0.001683737451181,-0.02523809784765857,0.12
3357,9.804859772037076,0.0015606855197805025,-0.023992897830606708,0.12
3358,9.8098584048314,0.0014437790675190243,-0.022779197707512522,0.12
3359,9.814857174102785,0.0013328608103981981,-0.021596997478375957,0.12
3360,9.819856069369402,0.0012277734429185089,-0.020446297143197067,0.12
3361,9.824855080700265,0.00112835963973007,-0.01932709670197591,0.12
3362,9.829854198700392,0.0010344620571973717,-0.018239396154712317,0.12
3363,9.834853414495948,0.0009459233348779877,-0.017183195501406512,0.12
3364,9.839852719719397,0.0008625860969214694,-0.01615849474205827,0.12
3365,9.844852106494647,0.0007842929533860982,-0.015165293876667763,0.12
3366,9.849851567422185,0.0007108865014804344,-0.01420359290523493,0.12
3367,9.854851095564216,0.0006422093267277468,-0.013273391827759662,0.12
3368,9.859850684429807,0.0005781040040600538,-0.012374690644242181,0.12
3369,9.864850327960006,0.0005184130988398344,-0.011507489354682321,0.12
3370,9.86985002051298,0.00046297916781468107,-0.010671787959080081,0.12
3371,9.874849756849144,0.0004116447600058387,-0.009867586457435684,0.12
3372,9.879849532116289,0.0003642524175336975,-0.009094884849748741,0.12
3373,9.884849341834702,0.00032064467638245886,-0.008353683136019585,0.12
3374,9.889849181882296,0.00028066406710554326,-0.007643981316248105,0.12
3375,9.89484904847973,0.00024415311547511254,-0.00696577939043419,0.12
3376,9.89984893817553,0.00021095434307726035,-0.006319077358578007,0.12
3377,9.904848847831216,0.0001809102678563268,-0.0057038752206795,0.12
3378,9.909848774606415,0.00015386340460875336,-0.005120172976738613,0.12
3379,9.914848715943982,0.00012965626543133546,-0.004567970626755458,0.12
3380,9.919848669555122,0.00010813136012373381,-0.004047268170730034,0.12
3381,9.924848633404508,8.913119654870016e-05,-0.00355806560866212,0.12
3382,9.929848605695396,7.249828095395872e-05,-0.0031003629405519373,0.12
3383,9.934848584854743,5.807511825439704e-05,-0.0026741601663994863,0.12
3384,9.939848569518329,4.570421228065891e-05,-0.0022794572862046003,0.12
3385,9.944848558515867,3.5228065993597735e-05,-0.001916254299967446,0.12
3386,9.949848550856125,2.6489181669642203e-05,-0.0015845512076879675,0.12
3387,9.954848545712043,1.9330061055852776e-05,-0.0012843480093660542,0.12
3388,9.959848542405846,1.3593205501774563e-05,-0.0010156447050018724,0.12
3389,9.964848540394161,9.12111606546362e-06,-0.0007784412945954222,0.12
3390,9.969848539253139,5.7562935992655495e-06,-0.000572737778146537,0.1175
3391,9.974848538663565,3.341238817539116e-06,-0.00039853415565549444,0.11499999999999999
3392,9.979848538395974,1.718452346269328e-06,-0.00025583042712190585,0.11249999999999999
3393,9.984848538295777,7.304347599407235e-07,-0.00014462659254610433,0.11
3394,9.989848538268363,2.1968660553206565e-07,-6.492265192797886e-05,0.1075
3395,9.994848538264229,2.8708418489675758e-08,-1.6718605267418418e-05,0.105
3396,9.999848538264084,7.296663273592685e-13,-1.4452564589539918e-08,0.1
