time,ax,ay,az,atotal
0.000,-0.00,0.00,-0.00,0.01
0.010,-0.02,0.01,-0.02,0.03
0.020,-0.01,0.02,-0.01,0.02
0.030,0.02,0.02,-0.02,0.03
0.040,-0.00,0.01,-0.01,0.01
0.050,-0.01,0.01,-0.02,0.02
0.060,0.00,0.01,-0.02,0.02
0.070,-0.00,0.02,-0.01,0.02
0.080,-0.01,0.01,-0.01,0.02
0.090,-0.01,-0.00,-0.02,0.02
0.100,0.00,0.00,-0.01,0.01
0.110,-0.00,0.01,-0.02,0.02
0.120,-0.00,0.00,-0.01,0.02
0.130,-0.00,0.01,-0.02,0.02
0.140,0.01,0.01,-0.01,0.01
0.150,-0.00,0.00,-0.00,0.01
0.160,0.01,0.01,-0.02,0.02
0.170,-0.01,-0.00,-0.02,0.02
0.180,0.01,0.00,-0.01,0.01
0.190,0.01,-0.00,-0.01,0.01
0.200,-0.00,0.01,-0.01,0.01
0.210,-0.02,-0.02,-0.01,0.03
0.220,-0.02,0.01,-0.01,0.02
0.230,-0.02,0.01,-0.01,0.03
0.240,-0.00,0.02,-0.01,0.02
0.250,-0.00,0.01,-0.02,0.02
0.260,0.01,0.00,-0.01,0.01
0.270,-0.00,0.00,-0.01,0.01
0.279,0.00,0.02,-0.02,0.02
0.290,-0.00,0.02,-0.00,0.02
0.300,-0.01,-0.00,-0.02,0.02
0.309,-0.02,0.01,-0.02,0.03
0.319,-0.01,0.01,-0.02,0.02
0.329,-0.01,0.00,-0.01,0.01
0.340,-0.02,0.01,-0.01,0.03
0.349,-0.02,0.02,-0.02,0.04
0.359,-0.01,0.01,-0.02,0.02
0.369,-0.02,0.01,-0.01,0.02
0.379,-0.02,0.00,-0.02,0.03
0.389,-0.02,-0.01,-0.02,0.03
0.399,-0.01,-0.00,-0.01,0.02
0.409,-0.01,0.01,0.00,0.01
0.419,0.00,-0.01,-0.02,0.02
0.429,-0.02,-0.01,-0.01,0.02
0.439,-0.03,0.01,-0.01,0.03
0.449,-0.01,0.01,-0.01,0.02
0.459,-0.02,-0.00,-0.01,0.02
0.469,-0.00,0.01,-0.02,0.02
0.479,0.00,-0.00,-0.02,0.02
0.489,-0.00,-0.01,-0.02,0.02
0.499,-0.00,0.02,-0.00,0.02
0.509,-0.00,0.01,-0.01,0.01
0.519,0.00,0.00,-0.01,0.01
0.529,-0.01,0.02,-0.00,0.02
0.539,-0.02,-0.00,-0.00,0.02
0.549,-0.00,0.01,-0.01,0.02
0.559,-0.02,0.03,-0.00,0.03
0.569,0.00,0.01,-0.01,0.02
0.579,0.00,-0.00,-0.00,0.00
0.589,0.00,-0.01,-0.01,0.02
0.599,-0.01,0.01,-0.01,0.02
0.609,-0.00,-0.00,-0.00,0.01
0.619,-0.01,0.01,-0.01,0.01
0.629,0.01,0.01,-0.02,0.02
0.639,-0.00,0.00,-0.01,0.01
0.649,0.01,0.01,-0.01,0.02
0.659,-0.01,0.00,-0.01,0.02
0.669,0.00,0.02,-0.02,0.03
0.679,-0.01,0.00,-0.01,0.02
0.689,-0.01,0.02,0.00,0.02
0.699,-0.01,-0.01,-0.01,0.02
0.709,-0.01,0.00,-0.01,0.01
0.719,0.01,0.02,-0.00,0.02
0.729,-0.02,0.02,-0.00,0.03
0.739,-0.01,0.02,-0.00,0.03
0.749,-0.00,0.02,-0.01,0.02
0.759,-0.01,0.01,-0.02,0.02
0.769,-0.00,-0.00,-0.02,0.02
0.779,-0.01,0.00,-0.01,0.01
0.789,-0.01,0.00,-0.02,0.02
0.799,-0.01,-0.00,-0.02,0.02
0.809,-0.02,0.02,-0.02,0.04
0.819,-0.02,-0.00,-0.02,0.03
0.829,-0.00,0.01,-0.01,0.02
0.839,-0.01,-0.00,-0.01,0.01
0.849,-0.01,-0.00,0.01,0.01
0.859,0.00,0.00,-0.02,0.02
0.869,0.01,0.02,-0.02,0.03
0.879,-0.00,0.00,-0.02,0.02
0.889,0.00,-0.00,-0.03,0.03
0.899,-0.01,-0.01,-0.01,0.02
0.909,-0.02,-0.01,-0.03,0.03
0.918,-0.03,-0.01,-0.02,0.04
0.928,-0.03,0.01,-0.03,0.04
0.939,0.00,0.02,-0.01,0.02
0.948,-0.03,0.02,-0.01,0.04
0.958,-0.03,-0.00,-0.02,0.04
0.968,-0.02,-0.00,-0.01,0.02
0.978,-0.02,-0.01,-0.01,0.02
0.988,-0.01,0.01,-0.01,0.02
0.998,-0.02,0.01,-0.01,0.02
1.008,-0.01,0.01,-0.01,0.02
1.018,-0.02,0.00,-0.01,0.03
1.028,0.01,0.01,-0.01,0.02
1.038,0.00,0.02,-0.02,0.03
1.048,0.01,-0.01,0.01,0.02
1.058,-0.00,0.01,-0.00,0.01
1.068,-0.00,0.00,-0.02,0.02
1.078,0.00,0.01,-0.01,0.02
1.088,-0.02,0.01,-0.02,0.03
1.098,-0.02,0.01,-0.02,0.03
1.108,-0.03,0.02,-0.02,0.04
1.118,-0.02,0.01,0.00,0.02
1.128,-0.01,0.02,-0.00,0.02
1.138,-0.01,-0.01,-0.01,0.01
1.148,-0.00,0.01,-0.02,0.02
1.158,0.01,0.00,-0.02,0.02
1.168,0.00,0.01,-0.02,0.02
1.178,0.02,0.01,-0.01,0.03
1.188,-0.01,0.00,-0.01,0.02
1.198,0.00,0.01,-0.01,0.01
1.208,-0.02,0.00,-0.00,0.02
1.218,-0.03,-0.00,-0.01,0.04
1.228,-0.03,0.01,-0.01,0.03
1.238,-0.04,0.00,-0.01,0.04
1.248,-0.03,-0.00,-0.01,0.04
1.258,-0.01,0.01,-0.01,0.02
1.268,-0.01,0.01,-0.02,0.02
1.278,0.01,0.01,-0.02,0.02
1.288,0.01,0.01,-0.01,0.02
1.298,0.02,0.01,-0.02,0.03
1.308,0.01,0.02,-0.01,0.02
1.318,0.00,0.01,-0.01,0.01
1.328,-0.02,0.01,-0.02,0.03
1.338,-0.01,0.02,-0.01,0.02
1.348,-0.03,0.01,-0.01,0.03
1.358,-0.03,0.01,-0.02,0.04
1.368,-0.03,0.01,-0.01,0.04
1.378,-0.02,0.03,-0.02,0.04
1.388,-0.01,0.00,-0.02,0.02
1.398,0.00,0.01,-0.01,0.02
1.408,0.01,0.00,-0.00,0.01
1.418,-0.01,0.01,-0.02,0.02
1.428,-0.00,0.01,-0.02,0.02
1.438,0.01,0.00,-0.00,0.01
1.448,-0.01,0.00,-0.02,0.02
1.458,-0.01,0.01,-0.01,0.02
1.468,-0.02,0.01,-0.02,0.03
1.478,-0.02,-0.01,-0.01,0.02
1.488,-0.00,0.01,-0.01,0.02
1.497,-0.02,0.00,-0.01,0.02
1.507,0.00,0.01,-0.01,0.01
1.517,-0.01,0.02,-0.01,0.03
1.528,0.01,-0.00,-0.02,0.02
1.538,-0.01,0.01,-0.01,0.02
1.547,-0.01,0.01,0.00,0.02
1.557,-0.05,0.01,-0.01,0.05
1.567,-0.03,0.02,-0.02,0.04
1.577,-0.01,0.01,-0.01,0.01
1.587,-0.01,0.01,-0.01,0.02
1.597,-0.00,0.01,-0.00,0.01
1.607,-0.01,0.01,-0.02,0.02
1.618,-0.02,0.01,-0.01,0.02
1.627,-0.00,0.01,-0.02,0.02
1.637,-0.00,-0.00,-0.00,0.01
1.647,-0.01,-0.01,-0.01,0.02
1.658,-0.02,0.01,-0.02,0.03
1.667,0.01,-0.00,-0.01,0.01
1.677,-0.01,0.00,-0.02,0.03
1.687,-0.02,0.02,-0.02,0.03
1.697,-0.02,0.02,-0.01,0.03
1.707,-0.02,0.01,-0.01,0.03
1.717,-0.02,-0.01,-0.02,0.03
1.727,-0.00,0.00,-0.02,0.02
1.738,0.00,-0.00,-0.02,0.02
1.747,-0.01,0.01,-0.02,0.02
1.757,-0.01,0.01,-0.01,0.02
1.767,0.00,0.00,-0.00,0.00
1.778,-0.01,0.01,-0.01,0.02
1.787,-0.01,-0.00,-0.01,0.01
1.797,0.00,0.01,0.01,0.01
1.807,-0.01,0.01,-0.01,0.02
1.818,-0.03,0.02,-0.00,0.03
1.827,-0.01,-0.00,-0.01,0.01
1.837,-0.01,0.02,0.00,0.02
1.847,-0.00,0.02,-0.02,0.03
1.857,-0.00,0.02,-0.01,0.02
1.867,-0.02,-0.00,-0.03,0.03
1.877,0.03,-0.01,-0.00,0.03
1.887,-0.05,0.00,-0.00,0.05
1.897,-0.01,-0.01,0.01,0.01
1.907,-0.02,0.01,-0.00,0.02
1.917,-0.03,0.03,-0.01,0.05
1.927,-0.06,-0.00,-0.02,0.06
1.937,-0.03,0.01,-0.02,0.04
1.947,-0.04,-0.02,-0.01,0.05
1.957,-0.01,-0.01,-0.02,0.02
1.967,-0.00,-0.01,-0.00,0.01
1.977,0.02,0.01,0.00,0.02
1.987,0.01,0.01,-0.01,0.02
1.997,0.04,-0.00,-0.03,0.04
2.007,0.00,0.02,-0.01,0.02
2.017,0.02,0.00,-0.01,0.02
2.027,-0.03,-0.00,-0.01,0.03
2.037,-0.02,0.03,-0.01,0.04
2.047,-0.02,0.02,-0.02,0.03
2.057,-0.05,0.03,-0.02,0.07
2.067,-0.03,0.01,-0.02,0.03
2.077,-0.02,0.02,0.01,0.03
2.087,0.01,-0.00,-0.01,0.02
2.097,-0.02,0.01,-0.01,0.02
2.107,0.02,-0.00,-0.02,0.02
2.117,-0.01,0.00,-0.02,0.02
2.127,0.01,-0.01,-0.01,0.02
2.137,-0.01,-0.00,-0.01,0.02
2.147,-0.00,-0.01,-0.01,0.01
2.157,-0.00,-0.01,-0.02,0.02
2.166,-0.02,0.00,-0.01,0.03
2.177,-0.01,0.01,-0.00,0.01
2.187,-0.00,0.02,0.00,0.02
2.197,-0.02,0.00,-0.00,0.02
2.206,-0.03,0.01,-0.01,0.03
2.216,-0.02,-0.00,-0.02,0.02
2.226,-0.01,0.01,-0.01,0.02
2.236,-0.02,0.02,-0.01,0.03
2.246,-0.01,0.01,-0.01,0.02
2.256,0.01,0.01,-0.01,0.02
2.266,0.00,0.00,-0.01,0.01
2.276,0.00,0.01,0.00,0.01
2.286,-0.01,-0.00,-0.02,0.03
2.296,-0.03,-0.02,-0.01,0.04
2.306,-0.01,-0.00,-0.01,0.02
2.316,-0.03,0.01,-0.01,0.03
2.326,-0.02,0.01,-0.01,0.02
2.336,-0.02,0.00,-0.01,0.02
2.346,-0.01,0.01,-0.01,0.02
2.356,-0.02,0.02,-0.02,0.03
2.366,0.01,0.01,-0.01,0.01
2.376,0.00,0.00,-0.01,0.01
2.386,-0.01,0.01,-0.01,0.02
2.396,-0.01,0.01,-0.00,0.01
2.406,-0.01,0.02,0.00,0.02
2.416,-0.02,-0.00,-0.02,0.03
2.426,0.01,0.00,-0.01,0.02
2.436,-0.00,0.02,-0.02,0.03
2.446,-0.01,0.01,-0.00,0.02
2.456,-0.00,0.01,-0.01,0.01
2.466,-0.01,0.01,-0.01,0.01
2.476,-0.03,0.03,-0.01,0.04
2.486,-0.01,0.00,-0.02,0.02
2.496,-0.03,-0.00,-0.03,0.04
2.506,-0.02,0.01,-0.02,0.03
2.516,-0.02,0.02,-0.02,0.04
2.526,-0.01,0.00,-0.02,0.02
2.536,-0.01,0.00,-0.01,0.01
2.546,-0.02,-0.00,0.00,0.02
2.556,0.01,0.00,-0.00,0.01
2.566,0.01,-0.01,-0.03,0.03
2.576,-0.01,0.02,-0.01,0.02
2.586,-0.00,0.03,-0.01,0.03
2.596,-0.01,0.00,-0.02,0.02
2.606,-0.01,-0.00,-0.01,0.02
2.616,-0.01,0.00,0.00,0.01
2.626,-0.03,0.01,0.00,0.03
2.636,-0.01,0.01,-0.00,0.02
2.646,-0.02,0.01,-0.01,0.03
2.656,0.01,0.01,-0.02,0.02
2.666,-0.01,0.00,-0.02,0.02
2.676,-0.01,0.00,-0.02,0.03
2.686,0.00,0.01,-0.02,0.02
2.696,0.02,0.01,-0.01,0.03
2.706,0.01,-0.00,0.00,0.01
2.716,0.01,0.02,-0.01,0.02
2.726,0.00,0.02,0.00,0.02
2.736,-0.01,0.02,-0.01,0.03
2.746,-0.04,0.01,-0.00,0.04
2.756,-0.03,0.01,-0.00,0.03
2.766,-0.05,0.00,-0.01,0.05
2.776,-0.03,-0.01,-0.00,0.03
2.786,-0.04,0.01,-0.02,0.04
2.796,-0.03,0.00,-0.02,0.03
2.805,-0.01,-0.00,0.01,0.01
2.815,0.02,0.00,-0.02,0.02
2.826,0.01,0.00,-0.02,0.02
2.835,0.01,-0.01,-0.01,0.02
2.845,0.01,0.01,-0.02,0.03
2.855,0.01,0.02,-0.02,0.03
2.865,-0.00,0.02,-0.01,0.02
2.875,-0.02,0.01,0.00,0.02
2.885,-0.04,0.02,-0.02,0.04
2.895,-0.04,0.01,-0.02,0.04
2.905,-0.04,0.01,-0.00,0.05
2.915,-0.02,0.02,-0.01,0.04
2.925,-0.03,0.01,-0.01,0.03
2.935,-0.00,0.01,-0.01,0.01
2.945,0.01,0.01,-0.03,0.03
2.955,-0.01,0.00,-0.01,0.02
2.965,0.02,0.02,-0.01,0.03
2.975,-0.00,0.01,-0.01,0.01
2.985,-0.00,0.01,-0.01,0.01
2.995,0.00,0.01,-0.01,0.01
3.005,-0.01,0.02,-0.01,0.03
3.015,-0.01,-0.01,-0.01,0.01
3.025,-0.05,0.00,-0.00,0.05
3.035,-0.00,0.01,0.01,0.02
3.045,-0.01,0.01,0.00,0.02
3.055,-0.02,0.02,-0.01,0.03
3.065,-0.02,0.01,-0.01,0.03
3.075,-0.01,0.00,-0.02,0.02
3.085,-0.01,0.01,-0.02,0.02
3.095,-0.01,0.00,0.00,0.01
3.105,0.01,0.00,-0.02,0.02
3.115,0.01,0.01,-0.01,0.02
3.125,0.01,0.01,-0.01,0.02
3.135,-0.02,0.02,-0.01,0.03
3.145,-0.03,0.00,-0.01,0.03
3.155,-0.02,0.00,-0.01,0.03
3.165,-0.03,0.00,-0.02,0.04
3.175,-0.02,0.01,-0.02,0.02
3.185,-0.03,0.02,-0.00,0.03
3.195,-0.03,0.01,-0.01,0.04
3.205,-0.00,0.00,-0.01,0.01
3.215,-0.01,0.00,0.00,0.01
3.225,0.00,0.02,-0.01,0.02
3.235,0.01,0.01,0.00,0.01
3.245,0.02,0.01,-0.02,0.03
3.255,0.01,0.02,-0.03,0.03
3.265,-0.02,-0.00,-0.01,0.02
3.275,-0.02,0.01,-0.01,0.02
3.285,-0.02,0.00,-0.01,0.03
3.295,-0.03,-0.00,-0.02,0.03
3.305,-0.02,-0.00,-0.02,0.03
3.315,-0.01,0.01,-0.00,0.02
3.325,-0.00,0.01,-0.01,0.02
3.335,-0.02,-0.00,-0.02,0.02
3.345,-0.02,0.00,-0.01,0.02
3.355,-0.02,0.00,-0.00,0.02
3.364,0.01,0.01,0.00,0.01
3.375,0.01,0.02,-0.03,0.03
3.384,-0.00,0.00,-0.01,0.01
3.395,0.01,0.02,-0.01,0.03
3.404,-0.01,0.01,-0.02,0.02
3.414,-0.02,0.01,-0.01,0.03
3.424,-0.02,0.01,-0.01,0.03
3.434,-0.01,0.02,-0.02,0.03
3.445,-0.02,0.01,-0.01,0.03
3.454,-0.02,0.01,-0.00,0.02
3.464,-0.01,0.03,0.00,0.03
3.474,-0.00,0.02,-0.00,0.02
3.484,-0.00,-0.00,0.01,0.01
3.494,-0.02,-0.01,-0.01,0.02
3.504,-0.01,-0.00,-0.02,0.02
3.514,-0.00,0.01,-0.02,0.02
3.524,-0.00,0.00,-0.00,0.00
3.534,-0.01,0.00,-0.02,0.02
3.544,-0.02,0.01,0.00,0.02
3.554,-0.02,0.01,-0.02,0.03
3.564,-0.01,0.01,-0.01,0.02
3.574,-0.01,0.02,-0.01,0.03
3.584,-0.02,0.00,-0.01,0.02
3.594,-0.03,0.01,-0.02,0.04
3.604,-0.01,0.01,-0.02,0.02
3.614,0.00,0.03,-0.01,0.03
3.624,-0.01,0.01,-0.02,0.02
3.634,0.00,0.01,-0.02,0.02
3.644,0.00,0.02,-0.01,0.02
3.654,-0.01,0.01,-0.01,0.02
3.664,-0.02,0.01,-0.02,0.03
3.674,-0.02,-0.00,-0.01,0.03
3.684,-0.02,0.00,-0.01,0.02
3.694,-0.01,-0.00,-0.01,0.02
3.704,-0.00,0.02,-0.00,0.02
3.714,-0.01,0.01,-0.01,0.02
3.724,-0.01,0.01,-0.01,0.02
3.734,-0.01,0.01,-0.03,0.03
3.744,-0.01,0.02,-0.02,0.03
3.754,-0.01,0.01,-0.01,0.02
3.764,0.00,-0.00,-0.02,0.02
3.774,-0.01,0.01,-0.02,0.02
3.784,-0.00,-0.00,-0.02,0.02
3.794,0.01,0.00,0.00,0.01
3.804,-0.02,0.01,-0.00,0.02
3.814,-0.01,-0.01,-0.01,0.02
3.824,-0.01,0.01,-0.01,0.02
3.834,-0.01,0.01,-0.02,0.03
3.844,-0.02,0.02,-0.03,0.04
3.854,-0.00,0.01,-0.01,0.01
3.864,-0.01,0.01,-0.01,0.02
3.874,-0.02,0.00,-0.03,0.03
3.884,-0.03,0.01,-0.01,0.03
3.894,-0.02,0.02,-0.01,0.03
3.904,-0.02,0.01,-0.00,0.02
3.914,-0.03,0.00,-0.01,0.03
3.924,-0.02,-0.00,-0.01,0.02
3.934,-0.01,0.00,-0.00,0.01
3.944,-0.01,0.02,0.00,0.02
3.954,-0.01,0.02,-0.00,0.02
3.964,-0.01,-0.00,-0.01,0.02
3.974,-0.01,-0.01,-0.02,0.02
3.984,-0.00,0.00,-0.02,0.02
3.994,-0.01,-0.00,-0.02,0.02
4.003,-0.03,-0.00,-0.01,0.03
4.013,-0.02,0.01,-0.01,0.03
4.024,-0.02,0.01,-0.00,0.02
4.033,-0.02,-0.01,-0.01,0.03
4.043,-0.01,0.02,-0.02,0.03
4.053,-0.02,0.01,-0.01,0.02
4.063,-0.02,0.04,-0.02,0.05
4.074,-0.02,0.02,-0.00,0.02
4.083,-0.01,0.00,-0.01,0.02
4.093,-0.00,0.02,-0.02,0.03
4.103,-0.02,0.02,-0.02,0.03
4.113,-0.02,-0.00,-0.00,0.02
4.123,-0.01,-0.00,-0.01,0.02
4.133,-0.02,0.02,-0.01,0.03
4.143,0.01,0.03,-0.01,0.04
4.153,-0.01,0.01,-0.01,0.02
4.163,-0.01,0.01,-0.00,0.01
4.173,-0.03,0.00,-0.00,0.03
4.183,-0.02,-0.00,-0.02,0.03
4.193,-0.02,0.01,-0.00,0.02
4.203,-0.02,0.01,0.00,0.03
4.213,-0.02,-0.01,0.00,0.02
4.223,-0.02,-0.00,-0.01,0.02
4.233,-0.01,0.00,-0.02,0.02
4.243,-0.03,-0.01,-0.00,0.03
4.253,-0.01,0.01,-0.01,0.02
4.263,-0.01,0.03,-0.01,0.03
4.273,-0.01,0.01,-0.01,0.02
4.283,-0.01,0.01,-0.01,0.02
4.293,-0.00,0.01,-0.01,0.02
4.303,-0.01,0.00,-0.01,0.01
4.313,-0.02,0.01,-0.01,0.02
4.323,-0.02,-0.00,-0.02,0.03
4.333,-0.03,0.01,-0.02,0.04
4.343,-0.00,0.02,-0.01,0.02
4.353,-0.01,0.01,-0.01,0.01
4.363,-0.02,0.02,-0.02,0.04
4.373,-0.02,0.02,-0.01,0.03
4.383,0.00,0.01,-0.01,0.01
4.393,-0.02,0.01,-0.01,0.02
4.403,-0.00,0.01,-0.01,0.02
4.413,-0.01,0.00,-0.01,0.01
4.423,-0.02,0.02,-0.01,0.02
4.433,-0.02,0.02,-0.01,0.03
4.443,-0.03,0.02,-0.01,0.04
4.453,-0.02,0.01,-0.01,0.02
4.463,-0.02,0.01,-0.01,0.02
4.473,-0.01,0.02,-0.02,0.03
4.483,-0.02,0.01,0.00,0.02
4.493,-0.02,0.02,-0.02,0.03
4.503,-0.01,0.02,-0.01,0.02
4.513,-0.01,0.00,-0.02,0.02
4.523,-0.02,0.01,-0.01,0.02
4.533,-0.00,0.01,-0.00,0.01
4.543,-0.00,-0.00,-0.01,0.01
4.553,-0.02,0.01,0.00,0.02
4.563,-0.01,-0.01,0.01,0.01
4.573,-0.02,0.01,-0.02,0.03
4.583,-0.01,0.02,0.01,0.03
4.593,-0.02,0.03,-0.01,0.04
4.603,-0.01,0.02,0.00,0.02
4.613,-0.02,0.00,0.01,0.02
4.623,-0.03,0.01,0.00,0.03
4.633,-0.02,0.02,-0.01,0.02
4.642,-0.02,0.01,-0.03,0.03
4.653,-0.01,0.01,-0.00,0.01
4.662,-0.01,-0.00,-0.01,0.02
4.672,-0.00,0.01,-0.01,0.01
4.682,-0.01,-0.01,-0.01,0.01
4.692,-0.02,0.02,0.01,0.03
4.702,-0.00,0.02,-0.01,0.02
4.712,-0.01,0.01,-0.00,0.01
4.722,-0.02,0.00,-0.01,0.02
4.732,-0.02,-0.00,-0.02,0.03
4.742,-0.01,0.01,-0.00,0.02
4.752,-0.02,0.01,-0.02,0.03
4.762,-0.03,-0.00,-0.01,0.03
4.772,-0.03,0.03,0.00,0.04
4.782,-0.02,0.01,-0.00,0.02
4.792,-0.02,0.01,-0.00,0.02
4.802,-0.01,-0.01,-0.01,0.02
4.812,-0.02,0.01,-0.02,0.03
4.822,-0.02,0.01,-0.01,0.02
4.832,-0.02,0.01,-0.02,0.03
4.842,-0.02,0.01,0.00,0.02
4.852,-0.01,0.01,-0.00,0.02
4.862,-0.02,-0.00,-0.01,0.02
4.872,-0.03,0.01,-0.00,0.03
4.882,-0.02,0.01,-0.00,0.02
4.892,-0.01,-0.00,-0.02,0.02
4.902,-0.00,0.01,-0.00,0.01
4.912,0.00,0.03,-0.01,0.03
4.922,-0.01,0.01,-0.01,0.02
4.932,-0.01,0.01,0.01,0.02
4.942,-0.01,0.01,-0.01,0.02
4.952,-0.02,0.01,-0.00,0.02
4.962,-0.02,0.01,-0.00,0.02
4.972,-0.00,-0.01,-0.03,0.03
4.982,-0.01,0.02,-0.01,0.03
4.992,-0.02,0.01,0.01,0.02
5.002,-0.03,0.00,-0.02,0.03
5.012,-0.01,0.01,0.01,0.02
5.022,-0.02,-0.00,-0.01,0.03
5.032,-0.02,0.01,-0.02,0.03
5.042,-0.04,0.01,-0.02,0.04
5.052,-0.02,-0.01,-0.02,0.03
5.062,-0.03,0.00,-0.02,0.03
5.072,0.00,0.00,0.00,0.00
5.082,-0.01,-0.00,-0.00,0.01
5.092,-0.01,-0.01,-0.02,0.02
5.102,-0.01,-0.00,-0.00,0.01
5.112,0.00,-0.00,-0.01,0.01
5.122,-0.00,0.01,-0.01,0.02
5.132,-0.01,0.00,-0.00,0.01
5.142,-0.02,0.01,-0.01,0.02
5.152,-0.03,0.01,-0.02,0.04
5.162,-0.02,0.00,-0.01,0.02
5.172,-0.02,0.02,0.00,0.03
5.182,-0.01,0.00,-0.01,0.01
5.192,-0.02,-0.01,0.02,0.03
5.202,-0.01,0.01,-0.01,0.02
5.212,-0.02,0.01,-0.01,0.03
5.222,-0.01,0.02,0.01,0.03
5.232,-0.02,0.01,0.00,0.02
5.242,0.00,0.03,-0.02,0.03
5.252,-0.01,0.03,-0.02,0.04
5.261,-0.00,0.04,-0.02,0.04
5.272,-0.00,0.18,0.08,0.20
5.282,0.00,-0.11,-0.11,0.15
5.292,0.03,0.36,0.11,0.38
5.301,-0.14,0.03,0.01,0.14
5.311,0.05,0.33,0.04,0.34
5.321,0.09,0.12,-0.02,0.15
5.331,-0.08,0.22,0.03,0.24
5.341,-0.08,0.31,0.02,0.32
5.352,0.06,0.29,0.00,0.29
5.361,0.07,0.20,0.01,0.21
5.371,-0.04,0.39,0.03,0.39
5.381,-0.02,0.17,-0.05,0.18
5.391,-0.03,0.33,0.06,0.33
5.401,0.12,0.21,-0.01,0.24
5.411,-0.12,0.13,-0.05,0.18
5.421,0.00,0.46,0.07,0.46
5.431,-0.07,0.05,-0.09,0.13
5.441,0.10,0.55,0.08,0.57
5.451,-0.14,-0.02,-0.06,0.15
5.461,-0.00,0.57,0.07,0.58
5.471,0.02,0.20,0.07,0.21
5.481,-0.08,0.33,-0.10,0.35
5.491,0.16,0.50,0.09,0.53
5.501,-0.11,0.45,0.07,0.47
5.511,-0.07,0.26,-0.01,0.27
5.521,0.17,0.46,-0.01,0.49
5.531,-0.05,0.46,-0.04,0.46
5.541,-0.04,0.84,0.10,0.84
5.551,0.03,0.49,-0.06,0.49
5.561,0.04,0.90,0.05,0.91
5.571,-0.12,0.52,-0.09,0.54
5.581,0.14,0.87,0.10,0.89
5.591,0.15,0.41,-0.02,0.44
5.601,-0.01,0.70,0.14,0.72
5.611,0.03,0.61,0.06,0.61
5.621,0.04,0.65,0.03,0.65
5.631,0.12,0.72,0.03,0.73
5.641,-0.03,0.66,0.03,0.66
5.651,-0.02,0.72,0.10,0.73
5.661,-0.08,0.68,0.05,0.69
5.671,-0.02,0.64,-0.03,0.64
5.681,0.00,0.75,0.07,0.76
5.691,-0.16,0.57,0.05,0.60
5.701,0.12,0.59,0.01,0.60
5.711,-0.06,0.49,0.02,0.49
5.721,-0.03,0.65,0.07,0.65
5.731,-0.04,0.72,-0.02,0.72
5.741,0.07,0.74,-0.05,0.75
5.751,0.02,0.81,0.03,0.81
5.761,-0.08,0.74,0.07,0.74
5.771,0.11,0.66,0.07,0.68
5.781,-0.05,0.54,0.04,0.54
5.791,0.14,0.56,0.10,0.59
5.801,-0.00,0.32,-0.02,0.32
5.810,0.09,0.62,0.05,0.63
5.821,-0.10,0.85,0.11,0.86
5.831,0.15,0.76,0.04,0.77
5.841,0.12,0.79,0.02,0.80
5.851,-0.02,0.66,-0.02,0.66
5.860,-0.04,0.15,-0.05,0.16
5.871,-0.01,0.49,0.13,0.51
5.881,0.05,0.34,0.06,0.35
5.891,0.09,0.79,0.15,0.81
5.901,-0.26,0.58,-0.05,0.63
5.910,0.22,0.78,-0.01,0.81
5.920,-0.23,0.38,-0.11,0.45
5.930,0.10,0.43,0.11,0.46
5.940,-0.18,0.55,0.08,0.58
5.950,0.14,0.65,0.03,0.67
5.960,0.01,0.99,0.01,0.99
5.970,-0.03,0.67,-0.12,0.68
5.980,0.02,0.65,0.02,0.65
5.990,-0.16,-0.17,0.09,0.25
6.000,-0.05,0.28,0.15,0.32
6.010,0.13,0.58,0.16,0.61
6.020,-0.27,0.66,-0.02,0.71
6.030,0.63,0.92,0.14,1.12
6.040,-0.36,0.50,-0.11,0.63
6.050,0.57,0.70,-0.16,0.91
6.060,-0.36,0.77,-0.04,0.85
6.070,0.25,0.41,-0.03,0.48
6.080,0.04,0.48,0.13,0.50
6.090,-0.46,0.52,0.07,0.70
6.100,0.95,1.00,0.27,1.40
6.110,-0.78,-0.07,-0.03,0.79
6.120,0.47,0.38,0.00,0.61
6.130,0.15,0.55,0.08,0.58
6.140,-0.60,0.75,0.15,0.97
6.150,0.59,0.30,-0.04,0.66
6.160,-0.25,0.53,0.12,0.60
6.170,-0.23,0.82,0.00,0.85
6.180,0.57,1.22,0.13,1.35
6.190,-0.45,0.69,-0.10,0.83
6.200,-0.55,0.16,-0.27,0.64
6.210,0.55,0.42,-0.14,0.71
6.220,-0.12,0.46,0.05,0.48
6.230,-0.53,0.43,0.07,0.69
6.240,0.41,0.05,-0.08,0.42
6.250,0.63,0.99,0.19,1.19
6.260,-0.39,0.91,0.26,1.02
6.270,-0.10,0.94,0.08,0.95
6.280,0.62,0.70,0.00,0.94
6.290,0.10,0.39,-0.05,0.40
6.300,-0.44,0.33,-0.12,0.56
6.310,0.02,0.53,-0.04,0.53
6.320,0.07,0.06,0.09,0.13
6.330,0.32,-0.20,0.28,0.46
6.340,-0.42,0.77,0.36,0.95
6.350,-0.16,1.57,0.34,1.62
6.360,-0.14,0.53,-0.26,0.61
6.370,0.07,0.50,-0.34,0.61
6.380,-0.11,0.81,-0.23,0.85
6.390,-0.14,0.21,-0.54,0.60
6.400,0.27,0.94,-0.15,0.99
6.410,0.43,0.89,0.05,0.99
6.420,-0.24,-0.26,0.18,0.40
6.430,0.19,0.33,0.71,0.80
6.440,0.02,0.21,0.64,0.67
6.450,0.09,0.25,0.21,0.34
6.460,0.16,1.35,0.09,1.36
6.470,-0.31,0.17,-0.65,0.74
6.480,0.35,1.16,-0.35,1.26
6.489,-0.06,1.30,-0.14,1.31
6.500,0.06,0.54,0.09,0.55
6.510,-0.02,-0.59,0.09,0.60
6.520,-0.21,-0.50,0.43,0.69
6.529,0.26,0.26,0.33,0.49
6.539,0.05,0.88,-0.01,0.88
6.550,0.30,1.30,-0.25,1.36
6.559,-0.23,0.61,-0.59,0.88
6.569,0.37,1.16,-0.30,1.25
6.579,0.24,0.50,-0.13,0.57
6.589,-0.09,0.96,0.42,1.05
6.599,0.24,0.01,0.46,0.52
6.609,-0.13,-0.86,0.43,0.97
6.619,0.01,-0.32,0.43,0.53
6.629,-0.05,0.64,0.29,0.71
6.639,-0.11,0.99,-0.35,1.06
6.649,0.38,1.20,-0.21,1.28
6.659,0.00,1.18,-0.49,1.28
6.669,0.07,0.27,-0.55,0.62
6.679,-0.10,0.80,-0.08,0.81
6.689,0.09,0.55,0.14,0.57
6.699,0.10,0.50,0.38,0.64
6.709,-0.21,-0.06,0.38,0.43
6.719,0.08,-0.50,0.26,0.56
6.729,-0.13,-0.10,-0.00,0.17
6.739,0.44,1.51,0.03,1.57
6.749,0.02,1.20,-0.22,1.22
6.759,0.31,1.89,0.20,1.92
6.769,-0.05,-0.55,-0.29,0.62
6.779,-0.04,0.14,0.27,0.31
6.789,0.15,-0.96,0.16,0.99
6.799,0.04,0.68,0.24,0.73
6.809,0.01,1.14,0.25,1.16
6.819,0.04,0.62,-0.37,0.73
6.829,0.18,1.35,-0.14,1.37
6.839,-0.44,-0.72,-0.71,1.10
6.849,0.40,1.58,0.04,1.63
6.859,-0.04,0.32,-0.25,0.41
6.869,0.25,1.00,0.38,1.09
6.879,-0.15,-0.20,0.51,0.56
6.889,0.08,-0.16,0.87,0.88
6.899,-0.63,-1.40,0.06,1.54
6.909,0.07,0.94,-0.11,0.95
6.919,0.34,1.67,-0.32,1.73
6.929,-0.19,1.47,-0.78,1.67
6.939,0.27,2.20,-0.07,2.21
6.949,0.20,-0.41,-0.36,0.58
6.959,-0.50,-0.38,0.23,0.67
6.969,0.03,-1.17,0.22,1.19
6.979,0.39,0.94,0.68,1.22
6.989,-0.07,0.41,0.02,0.42
6.999,0.05,0.51,-0.29,0.59
7.009,0.36,1.40,-0.39,1.50
7.019,-0.20,1.48,-0.11,1.50
7.029,-0.13,0.26,0.14,0.32
7.039,0.08,-0.46,-0.12,0.48
7.049,-0.13,-0.24,0.08,0.29
7.059,-0.19,0.47,0.16,0.53
7.069,0.22,1.33,0.31,1.38
7.079,0.60,1.85,0.68,2.06
7.089,-0.69,-1.36,-0.05,1.52
7.099,0.16,0.36,0.05,0.39
7.109,-0.13,0.27,-0.11,0.32
7.119,0.29,0.26,-0.41,0.56
7.129,-0.07,1.64,0.18,1.65
7.138,0.22,0.29,-0.34,0.50
7.148,-0.10,0.51,-0.04,0.52
7.158,0.02,0.60,0.31,0.67
7.169,0.11,0.34,0.27,0.45
7.178,-0.45,-0.87,-0.25,1.01
7.189,0.42,1.36,0.33,1.46
7.198,0.00,0.64,-0.01,0.64
7.209,-0.34,-0.15,-0.39,0.54
7.218,0.39,1.06,-0.10,1.13
7.228,0.08,0.60,-0.09,0.62
7.238,-0.27,0.62,0.02,0.68
7.248,0.07,0.11,-0.02,0.13
7.258,-0.11,-0.13,0.16,0.24
7.268,0.27,0.25,0.15,0.39
7.278,-0.14,0.77,-0.03,0.78
7.288,-0.09,0.62,0.09,0.64
7.298,0.56,0.86,0.21,1.05
7.308,-0.64,0.53,0.08,0.83
7.318,-0.27,0.00,0.04,0.27
7.328,0.23,-0.98,-0.55,1.14
7.338,-0.29,0.28,-0.52,0.66
7.348,0.63,3.80,0.81,3.94
7.358,0.01,-0.03,0.03,0.04
7.368,-0.16,-0.69,0.14,0.72
7.378,-0.36,-1.40,0.43,1.51
7.388,-0.31,0.66,0.40,0.84
7.398,0.98,1.04,0.22,1.44
7.408,-0.55,-0.46,-0.72,1.02
7.418,0.18,1.68,0.05,1.69
7.428,0.38,0.98,-0.13,1.06
7.438,-0.09,0.14,-0.28,0.33
7.448,0.16,0.18,-0.05,0.24
7.458,-0.49,0.27,0.09,0.57
7.468,0.15,-0.37,-0.08,0.40
7.478,-0.13,0.74,0.16,0.76
7.488,0.11,1.08,0.23,1.11
7.498,-0.20,0.76,0.26,0.82
7.508,-0.23,-0.29,-0.44,0.58
7.518,0.14,0.26,-0.20,0.36
7.528,0.40,1.05,0.28,1.16
7.538,-0.54,-0.15,-0.10,0.57
7.548,0.22,0.44,0.35,0.60
7.558,-0.08,-0.17,0.01,0.19
7.568,0.21,1.37,0.53,1.48
7.578,-0.38,-0.16,-0.07,0.42
7.588,-0.14,-0.64,-0.42,0.78
7.598,0.68,2.31,0.45,2.45
7.608,-0.78,-1.91,-1.37,2.48
7.618,0.41,1.44,-0.60,1.61
7.628,0.22,2.23,0.17,2.24
7.638,0.15,0.31,0.06,0.35
7.648,-0.70,0.27,0.93,1.19
7.658,-0.19,-1.07,0.91,1.42
7.668,0.12,-1.48,0.97,1.77
7.678,-0.66,-1.32,-0.19,1.49
7.688,0.75,0.83,-0.24,1.14
7.698,-0.24,4.29,0.62,4.34
7.708,0.70,-0.36,-1.22,1.45
7.717,-0.53,0.34,-0.80,1.02
7.728,-0.32,-0.63,-0.78,1.05
7.737,-0.10,0.77,0.29,0.83
7.748,-0.11,-0.16,0.43,0.47
7.757,0.43,0.76,0.80,1.18
7.767,-0.69,-0.77,0.09,1.04
7.777,-0.11,-0.96,-0.26,1.00
7.788,0.94,1.26,0.23,1.58
7.797,-0.41,-0.17,-0.70,0.83
7.808,0.13,2.86,0.08,2.87
7.817,-0.37,-0.88,-0.78,1.24
7.828,0.46,1.43,0.45,1.57
7.837,-0.67,-0.71,0.01,0.98
7.847,-0.58,-2.60,-0.35,2.69
7.857,0.91,2.36,1.26,2.82
7.867,-0.34,-1.51,-0.01,1.54
7.877,-0.60,0.62,-0.11,0.87
7.887,0.69,2.36,0.49,2.51
7.897,-0.45,-1.03,-1.05,1.54
7.907,0.33,-0.03,-0.90,0.96
7.917,-0.09,2.55,0.45,2.59
7.927,0.15,-0.78,-0.25,0.83
7.937,-0.20,-1.30,0.31,1.35
7.947,-0.24,-0.00,0.86,0.89
7.957,-0.30,-1.03,0.00,1.07
7.967,-0.08,0.55,-0.17,0.58
7.977,0.61,1.67,0.25,1.79
7.987,-0.27,0.19,-0.68,0.76
7.997,-0.18,-0.43,-0.64,0.79
8.007,0.28,1.65,0.32,1.70
8.017,-0.35,-0.34,-0.05,0.49
8.027,-0.04,-0.04,0.06,0.08
8.037,-0.23,-0.41,0.59,0.76
8.047,0.35,0.80,1.26,1.53
8.057,-0.83,-4.53,-0.80,4.68
8.067,0.59,1.62,0.35,1.76
8.077,0.52,1.91,-0.17,1.98
8.087,-0.02,-1.20,-1.86,2.22
8.097,-0.08,3.50,-0.23,3.51
8.107,0.31,1.13,-0.55,1.30
8.117,-0.44,1.77,0.62,1.93
8.127,-0.54,-2.58,0.62,2.71
8.137,-0.13,-2.99,1.21,3.23
8.147,-0.15,-2.35,1.05,2.58
8.157,-0.06,-0.81,0.05,0.81
8.167,1.01,3.05,0.34,3.23
8.177,-0.67,0.84,-1.36,1.73
8.187,0.41,1.12,-1.62,2.01
8.197,0.45,3.05,-0.14,3.09
8.207,-0.44,0.85,-0.24,0.99
8.217,-0.68,-1.92,0.06,2.04
8.227,0.24,-0.60,1.32,1.47
8.237,-0.47,-2.66,0.76,2.81
8.247,-0.14,-0.29,0.96,1.01
8.257,0.27,-1.13,-0.29,1.19
8.267,0.52,1.53,-0.35,1.65
8.277,-0.89,2.20,-0.27,2.39
8.287,0.75,0.59,-0.96,1.35
8.297,-0.18,0.27,-1.07,1.12
8.307,-0.06,1.81,0.50,1.88
8.317,-1.00,0.29,0.79,1.31
8.327,0.41,-2.89,-0.02,2.92
8.337,-0.07,-0.62,1.22,1.37
8.347,-0.89,-1.78,0.30,2.01
8.356,0.65,0.54,0.03,0.85
8.367,0.14,1.30,-0.30,1.34
8.377,0.19,0.73,-0.84,1.13
8.387,-0.81,2.44,0.12,2.57
8.397,0.55,-0.68,-0.56,1.04
8.407,-0.46,0.07,0.33,0.57
8.417,-0.44,-0.55,0.26,0.75
8.426,-0.19,-2.21,-0.43,2.26
8.437,-0.31,1.77,0.34,1.83
8.447,0.18,0.30,0.15,0.38
8.457,0.15,-0.75,-0.28,0.81
8.466,-0.49,0.19,-0.08,0.53
8.476,0.02,0.78,0.27,0.82
8.486,-0.23,-1.66,-0.85,1.88
8.497,0.46,4.04,1.13,4.22
8.506,-0.84,-2.61,-0.92,2.89
8.516,-0.17,1.04,0.49,1.16
8.526,0.06,-1.22,-0.15,1.23
8.536,-0.39,0.10,0.10,0.41
8.546,-0.11,0.51,0.33,0.62
8.556,-1.01,-1.41,-0.52,1.81
8.566,1.10,1.43,0.18,1.82
8.576,-0.59,-0.44,-0.48,0.88
8.586,-0.52,1.11,-0.25,1.25
8.596,0.21,0.63,0.13,0.68
8.606,0.13,1.30,0.58,1.43
8.616,-0.29,-2.01,-0.58,2.11
8.626,-0.91,-0.25,0.40,1.02
8.636,0.21,-1.10,0.00,1.12
8.646,0.10,-0.65,-0.39,0.77
8.656,-0.49,0.72,0.24,0.91
8.666,0.62,0.01,-0.29,0.68
8.676,-0.45,-0.22,-0.72,0.88
8.686,0.04,2.46,0.46,2.51
8.696,-0.06,-0.24,0.23,0.34
8.706,-0.13,-0.60,0.23,0.66
8.716,-0.67,-3.64,-0.32,3.72
8.726,-0.46,0.13,0.26,0.54
8.736,0.53,-0.53,-0.31,0.81
8.746,-0.01,0.87,0.14,0.88
8.756,-0.11,-0.37,-0.49,0.62
8.766,0.21,0.88,0.01,0.90
8.776,-0.21,-0.11,-0.25,0.35
8.786,-0.06,-1.56,-0.26,1.58
8.796,0.24,0.89,0.59,1.09
8.806,-0.20,-2.36,-0.20,2.38
8.816,-0.43,-0.89,-0.04,0.99
8.826,0.53,-0.32,-0.02,0.62
8.836,0.58,2.04,0.83,2.28
8.846,-1.14,-3.74,-1.27,4.11
8.856,0.79,0.08,0.33,0.86
8.866,0.09,-0.68,0.13,0.70
8.876,-0.21,1.10,0.45,1.21
8.886,-0.58,-2.91,-0.80,3.07
8.896,0.81,0.62,0.26,1.05
8.906,-0.77,-1.64,-0.55,1.89
8.916,0.57,-0.42,-0.23,0.74
8.926,-0.25,-0.55,0.02,0.61
8.936,-0.25,-0.97,0.29,1.04
8.946,0.01,-0.46,0.48,0.66
8.956,-0.14,-2.02,0.12,2.03
8.966,-0.43,-2.38,-0.28,2.43
8.976,-0.08,0.17,0.26,0.32
8.986,0.20,-1.36,-0.52,1.47
8.995,-0.06,0.01,0.11,0.13
9.006,-0.55,-2.11,-0.35,2.20
9.016,0.40,-0.36,0.41,0.68
9.026,-0.88,-1.82,-0.25,2.04
9.036,0.46,-1.00,-0.42,1.18
9.046,-0.60,-1.02,-0.25,1.21
9.055,-0.12,-0.41,0.03,0.43
9.066,-0.17,-1.63,-0.14,1.65
9.075,-0.47,-2.01,-0.00,2.07
9.085,-0.24,-0.96,0.08,1.00
9.095,0.06,-1.79,-0.30,1.82
9.105,-0.06,-0.76,0.43,0.88
9.115,-0.78,-1.64,-0.28,1.84
9.125,0.32,-1.86,-0.77,2.04
9.135,-0.53,-0.59,0.01,0.79
9.145,-0.28,-2.31,-0.90,2.49
9.155,0.00,-0.51,-0.03,0.51
9.165,-0.75,-2.07,-0.13,2.21
9.175,-0.13,-1.00,0.12,1.02
9.185,-0.12,-1.31,0.35,1.36
9.195,-0.35,-1.72,0.21,1.77
9.205,-0.41,-2.99,-0.22,3.03
9.215,-0.38,-1.66,0.01,1.71
9.225,0.41,-2.23,-0.52,2.33
9.235,-0.74,-0.77,0.08,1.07
9.245,-0.39,-2.42,-0.68,2.54
9.255,0.14,-0.35,0.03,0.38
9.265,-0.74,-1.87,-0.37,2.05
9.275,-0.03,-1.43,-0.37,1.48
9.285,-0.39,-1.68,-0.07,1.72
9.295,0.01,-2.94,-0.07,2.94
9.305,-0.53,-0.95,0.65,1.27
9.315,-0.59,-2.53,-0.29,2.61
9.325,0.24,-1.18,0.02,1.20
9.335,-0.19,-1.91,-0.26,1.94
9.345,-0.41,-1.22,-0.27,1.32
9.355,-0.86,-1.85,-0.31,2.06
9.365,0.09,-1.84,-0.31,1.87
9.375,-0.13,-1.83,-0.13,1.84
9.385,-0.79,-1.70,-0.16,1.88
9.395,0.17,-1.29,-0.00,1.30
9.405,-0.56,-1.98,-0.29,2.08
9.415,-0.06,-1.83,-0.13,1.84
9.425,-0.34,-1.46,0.05,1.50
9.435,-0.31,-1.85,-0.22,1.88
9.445,-0.26,-1.42,-0.11,1.45
9.455,-0.00,-1.85,-0.22,1.86
9.465,-0.51,-1.99,-0.10,2.05
9.475,-0.13,-2.16,0.02,2.16
9.485,-0.33,-1.71,-0.03,1.74
9.495,-0.07,-1.52,-0.12,1.52
9.505,-0.28,-1.22,-0.06,1.25
9.515,0.08,-1.57,-0.41,1.62
9.525,-0.36,-1.62,-0.27,1.68
9.535,-0.28,-1.42,-0.30,1.48
9.545,-0.27,-1.49,-0.08,1.52
9.555,-0.44,-1.82,0.02,1.87
9.565,-0.16,-1.65,0.12,1.66
9.575,-0.39,-1.50,0.04,1.55
9.585,0.13,-1.23,-0.02,1.23
9.595,-0.05,-1.14,-0.22,1.16
9.605,-0.30,-0.95,-0.23,1.02
9.615,-0.23,-0.89,-0.30,0.97
9.625,-0.35,-0.77,-0.19,0.87
9.635,-0.24,-0.82,-0.13,0.87
9.645,-0.32,-0.83,0.01,0.89
9.654,-0.23,-0.84,0.00,0.87
9.664,-0.10,-0.82,0.08,0.83
9.675,-0.05,-0.72,0.01,0.72
9.685,-0.17,-0.56,-0.03,0.58
9.694,-0.10,-0.42,-0.10,0.44
9.705,-0.06,-0.25,-0.13,0.29
9.714,-0.08,-0.19,-0.14,0.25
9.725,-0.05,-0.16,-0.08,0.19
9.734,-0.02,-0.19,-0.02,0.19
9.744,-0.01,-0.24,0.02,0.24
9.754,-0.04,-0.27,0.04,0.28
9.764,-0.09,-0.24,0.02,0.25
9.774,-0.07,-0.17,0.00,0.19
9.785,-0.04,-0.09,-0.03,0.10
9.794,-0.03,0.03,-0.05,0.06
9.804,-0.02,0.10,-0.05,0.12
9.814,-0.01,0.11,-0.03,0.11
9.824,0.01,0.08,-0.01,0.08
9.834,0.00,0.05,0.03,0.06
9.844,0.01,-0.01,0.04,0.04
9.854,-0.01,-0.01,0.02,0.03
9.864,0.02,-0.01,0.02,0.03
9.874,0.04,0.05,0.01,0.07
9.884,0.05,0.08,-0.01,0.10
9.894,0.03,0.15,0.00,0.16
9.904,0.04,0.15,-0.02,0.15
9.914,0.01,0.14,0.00,0.14
9.924,-0.02,0.07,0.03,0.08
9.934,-0.02,0.05,0.00,0.05
9.944,0.03,0.07,0.01,0.08
9.954,-0.04,0.08,-0.00,0.09
9.964,-0.05,0.11,-0.01,0.12
9.974,-0.05,0.12,-0.01,0.13
9.984,-0.05,0.11,-0.01,0.12
9.994,-0.05,0.11,-0.01,0.12
10.004,-0.06,0.06,-0.00,0.08
10.014,-0.05,0.04,-0.01,0.06
10.024,-0.05,0.01,-0.01,0.05
10.034,-0.03,0.04,-0.02,0.06
10.044,-0.05,0.05,-0.03,0.08
10.054,-0.05,0.05,-0.02,0.07
10.064,-0.05,0.04,-0.02,0.07
10.074,-0.07,0.05,-0.01,0.09
10.084,-0.09,0.03,-0.02,0.10
10.094,-0.08,0.03,-0.02,0.09
10.104,-0.07,0.02,-0.02,0.08
10.114,-0.10,0.02,-0.02,0.10
10.124,-0.08,0.03,-0.02,0.09
10.134,-0.07,0.05,-0.02,0.09
10.144,-0.07,0.04,-0.03,0.08
10.154,-0.07,0.05,-0.02,0.09
10.164,-0.06,0.03,-0.01,0.07
10.174,-0.06,0.03,-0.02,0.07
10.184,-0.05,0.03,-0.02,0.07
10.194,-0.04,0.03,-0.02,0.06
10.204,-0.05,0.04,-0.03,0.07
10.214,-0.04,0.05,-0.01,0.07
10.224,-0.05,0.04,-0.01,0.06
10.234,-0.04,0.06,-0.02,0.08
10.244,-0.06,0.04,-0.00,0.07
10.254,-0.03,0.04,0.01,0.06
10.264,-0.02,0.05,-0.00,0.06
10.274,-0.04,0.06,-0.01,0.07
10.284,-0.02,0.05,-0.01,0.06
10.294,-0.02,0.05,-0.02,0.06
10.304,-0.01,0.04,-0.01,0.04
10.314,-0.00,0.06,0.00,0.06
10.324,-0.02,0.06,-0.00,0.06
10.333,-0.01,0.03,-0.00,0.04
10.343,-0.02,0.03,-0.01,0.04
10.353,-0.03,0.04,-0.01,0.05
10.363,-0.01,0.05,0.00,0.05
10.373,-0.01,0.05,-0.02,0.05
10.383,-0.01,0.04,-0.01,0.04
10.393,-0.02,0.04,-0.01,0.04
10.403,-0.02,0.03,-0.01,0.03
10.413,-0.02,0.04,-0.02,0.05
10.423,-0.02,0.04,-0.02,0.05
10.433,-0.02,0.03,-0.00,0.03
10.443,-0.01,0.05,0.00,0.05
10.453,-0.01,0.03,-0.00,0.04
10.463,-0.03,0.04,-0.01,0.05
10.473,-0.03,0.04,0.00,0.05
10.483,-0.04,0.03,-0.01,0.06
10.493,-0.04,0.05,-0.02,0.07
10.503,-0.05,0.05,-0.02,0.07
10.513,-0.05,0.05,-0.00,0.07
10.523,-0.06,0.05,-0.00,0.08
10.533,-0.06,0.05,-0.01,0.08
10.543,-0.08,0.05,-0.00,0.09
10.553,-0.05,0.04,-0.02,0.06
10.563,-0.05,0.05,-0.01,0.07
10.573,-0.05,0.04,-0.01,0.07
10.583,-0.06,0.04,-0.00,0.08
10.593,-0.07,0.06,-0.01,0.09
10.603,-0.06,0.05,-0.02,0.09
10.613,-0.07,0.05,-0.01,0.09
10.623,-0.05,0.04,-0.02,0.07
10.633,-0.05,0.04,-0.01,0.06
10.643,-0.07,0.04,-0.01,0.08
10.653,-0.04,0.06,-0.03,0.07
10.663,-0.07,0.05,-0.01,0.09
10.673,-0.06,0.03,0.01,0.07
10.683,-0.05,0.05,-0.02,0.07
10.693,-0.03,0.04,-0.00,0.05
10.703,-0.06,0.03,-0.00,0.07
10.713,-0.04,0.03,-0.01,0.06
10.723,-0.03,0.04,-0.00,0.05
10.733,-0.03,0.05,-0.02,0.06
10.743,-0.01,0.03,-0.02,0.03
10.753,-0.01,0.04,-0.00,0.04
10.763,-0.03,0.04,0.01,0.05
10.773,-0.04,0.03,-0.00,0.05
10.783,0.00,0.03,0.00,0.03
10.793,-0.00,0.05,-0.00,0.05
10.803,-0.02,0.06,-0.02,0.07
10.813,-0.03,0.05,-0.02,0.06
10.823,-0.02,0.03,-0.01,0.04
10.833,-0.01,0.04,-0.00,0.04
10.843,-0.02,0.03,0.01,0.04
10.853,-0.03,0.03,-0.00,0.04
10.863,-0.04,0.03,-0.00,0.05
10.873,-0.04,0.04,-0.01,0.06
10.883,-0.01,0.05,-0.01,0.05
10.893,-0.01,0.05,-0.02,0.05
10.903,-0.01,0.05,-0.01,0.05
10.913,-0.03,0.03,-0.01,0.04
10.923,-0.03,0.03,-0.02,0.04
10.933,-0.02,0.03,0.00,0.04
10.943,-0.03,0.04,0.02,0.05
10.952,-0.03,0.04,-0.01,0.05
10.962,-0.04,0.05,-0.02,0.06
10.973,-0.07,0.05,-0.02,0.08
10.983,-0.08,0.04,-0.03,0.09
10.992,-0.06,0.04,-0.02,0.08
11.003,-0.06,0.05,0.00,0.08
11.012,-0.04,0.03,-0.01,0.05
11.022,-0.05,0.03,0.01,0.06
11.032,-0.02,0.06,-0.01,0.07
11.042,-0.06,0.05,-0.01,0.08
11.052,0.02,0.04,-0.01,0.04
11.062,0.02,0.04,-0.01,0.05
11.072,-0.05,0.03,-0.00,0.06
11.082,-0.03,0.03,-0.01,0.05
11.092,-0.01,0.03,-0.01,0.03
11.102,-0.05,0.04,-0.01,0.07
11.112,-0.08,0.05,0.01,0.10
11.122,-0.09,0.05,-0.01,0.10
11.132,-0.09,0.06,-0.02,0.11
11.142,-0.08,0.05,-0.01,0.10
11.152,-0.08,0.03,0.00,0.08
11.162,-0.08,0.05,0.01,0.10
11.172,-0.03,0.03,-0.00,0.05
11.182,-0.03,0.04,-0.01,0.05
11.192,-0.02,0.04,-0.02,0.05
11.202,-0.00,0.04,-0.01,0.04
11.212,-0.02,0.03,-0.01,0.03
11.222,-0.01,0.02,-0.01,0.03
11.232,-0.01,0.04,-0.02,0.04
11.242,-0.03,0.06,-0.02,0.07
11.252,-0.03,0.05,-0.01,0.06
11.262,-0.04,0.05,-0.01,0.06
11.272,-0.03,0.05,-0.02,0.06
11.282,-0.04,0.04,-0.01,0.06
11.292,-0.04,0.04,-0.01,0.06
11.302,-0.05,0.04,0.00,0.07
11.312,-0.05,0.05,0.00,0.07
11.322,-0.03,0.04,0.00,0.05
11.332,-0.02,0.04,0.00,0.04
11.342,-0.01,0.03,0.00,0.03
11.352,-0.02,0.03,-0.02,0.04
11.362,-0.02,0.04,-0.02,0.05
11.372,-0.02,0.06,0.00,0.06
11.382,-0.03,0.04,-0.00,0.05
11.392,-0.01,0.03,-0.02,0.04
11.402,-0.03,0.05,-0.01,0.06
11.412,-0.06,0.05,0.00,0.08
11.422,-0.05,0.04,-0.02,0.06
11.432,-0.04,0.04,-0.03,0.07
11.442,-0.10,0.04,-0.01,0.10
11.452,-0.05,0.04,-0.02,0.07
11.462,-0.02,0.03,-0.02,0.05
11.472,-0.05,0.05,-0.01,0.07
11.482,-0.01,0.03,-0.02,0.03
11.492,-0.02,0.05,0.00,0.05
11.502,-0.07,0.03,-0.01,0.08
11.512,-0.01,0.06,-0.02,0.07
11.522,0.00,0.03,-0.03,0.05
11.532,-0.06,0.03,-0.01,0.07
11.542,-0.02,0.04,0.00,0.04
11.552,0.00,0.03,-0.01,0.03
11.562,-0.04,0.04,-0.01,0.05
11.572,0.01,0.05,-0.02,0.05
11.582,-0.03,0.04,-0.02,0.06
11.591,-0.03,0.05,-0.02,0.06
11.602,-0.06,0.03,0.00,0.07
11.612,-0.06,0.04,-0.01,0.07
11.621,-0.08,0.03,-0.00,0.09
11.632,-0.07,0.04,-0.00,0.08
11.641,-0.05,0.05,-0.01,0.07
11.651,-0.06,0.04,-0.00,0.07
11.661,-0.00,0.04,-0.01,0.04
11.671,-0.02,0.05,-0.01,0.06
11.681,0.00,0.05,0.01,0.05
11.691,0.01,0.03,0.00,0.03
11.701,0.01,0.02,-0.00,0.02
11.711,-0.02,0.05,-0.01,0.05
11.721,-0.02,0.04,-0.02,0.05
11.731,-0.04,0.04,-0.01,0.05
11.741,-0.03,0.04,-0.01,0.05
11.751,-0.06,0.03,0.00,0.06
11.761,-0.07,0.04,-0.01,0.08
11.771,-0.06,0.03,-0.00,0.07
11.781,-0.04,0.05,-0.00,0.07
11.791,-0.04,0.05,-0.02,0.06
11.801,-0.04,0.05,-0.01,0.07
11.811,-0.01,0.04,-0.03,0.05
11.821,-0.02,0.02,-0.01,0.03
11.831,-0.02,0.02,-0.01,0.03
11.841,-0.02,0.05,-0.00,0.05
11.851,-0.01,0.05,-0.01,0.05
11.861,-0.00,0.05,0.01,0.05
11.871,-0.02,0.05,-0.00,0.05
11.881,-0.04,0.03,-0.01,0.05
11.891,-0.07,0.04,-0.00,0.08
11.901,-0.06,0.04,0.00,0.07
11.911,-0.05,0.03,0.00,0.06
11.921,-0.06,0.04,0.00,0.07
11.931,-0.06,0.05,-0.02,0.08
11.941,-0.05,0.06,-0.03,0.08
11.951,-0.04,0.05,-0.03,0.07
11.961,-0.04,0.05,-0.01,0.06
11.971,-0.03,0.05,-0.01,0.06
11.981,-0.03,0.04,-0.02,0.06
11.991,-0.03,0.03,-0.01,0.05
12.001,-0.03,0.04,0.00,0.05
12.011,-0.04,0.04,-0.01,0.06
12.021,-0.03,0.04,-0.02,0.06
12.031,-0.04,0.04,-0.01,0.06
12.041,-0.05,0.04,-0.01,0.06
12.051,-0.05,0.04,-0.01,0.06
12.061,-0.04,0.05,-0.00,0.06
12.071,-0.05,0.04,-0.01,0.06
12.081,-0.04,0.03,-0.01,0.05
12.091,-0.01,0.04,-0.00,0.04
12.101,-0.01,0.04,-0.02,0.05
12.111,-0.02,0.04,-0.00,0.05
12.121,-0.02,0.03,-0.00,0.04
12.131,-0.00,0.04,-0.01,0.04
12.141,-0.02,0.03,-0.01,0.04
12.151,-0.03,0.05,-0.01,0.05
12.161,-0.03,0.04,0.01,0.05
12.171,-0.05,0.04,-0.01,0.06
12.181,-0.05,0.04,-0.01,0.07
12.191,-0.03,0.04,-0.01,0.05
12.201,-0.04,0.04,0.00,0.05
12.210,-0.04,0.03,-0.00,0.05
12.221,-0.04,0.02,-0.02,0.04
12.231,-0.05,0.04,0.00,0.06
12.241,-0.03,0.04,0.00,0.05
12.250,-0.02,0.04,-0.02,0.05
12.260,-0.01,0.04,-0.01,0.04
12.270,-0.02,0.03,-0.01,0.04
12.280,-0.04,0.05,0.00,0.06
12.290,-0.03,0.03,-0.02,0.05
12.300,-0.03,0.03,-0.03,0.05
12.310,-0.04,0.05,-0.01,0.06
12.320,-0.06,0.05,-0.00,0.07
12.330,-0.04,0.04,-0.00,0.06
12.340,-0.04,0.04,-0.01,0.06
12.350,-0.04,0.03,-0.01,0.06
12.360,-0.05,0.04,-0.01,0.07
12.370,-0.05,0.05,-0.00,0.07
12.380,-0.04,0.04,-0.01,0.06
12.390,-0.04,0.03,-0.00,0.05
12.400,-0.03,0.04,-0.01,0.06
12.410,-0.03,0.03,-0.01,0.04
12.420,-0.03,0.03,-0.01,0.05
12.430,-0.04,0.04,-0.01,0.05
12.440,-0.04,0.04,-0.01,0.06
12.450,-0.02,0.04,-0.01,0.05
12.460,-0.03,0.05,-0.00,0.06
12.470,-0.02,0.03,0.01,0.04
12.480,-0.05,0.03,-0.01,0.06
12.490,-0.04,0.03,-0.02,0.06
12.500,-0.02,0.04,-0.02,0.05
12.510,-0.02,0.05,-0.01,0.06
12.520,-0.03,0.03,-0.01,0.04
12.530,-0.05,0.03,-0.00,0.06
12.540,-0.03,0.04,-0.00,0.05
12.550,-0.03,0.03,0.00,0.04
12.560,-0.02,0.02,-0.01,0.03
12.570,-0.01,0.05,-0.02,0.06
12.580,-0.02,0.05,0.00,0.05
12.590,-0.01,0.05,-0.01,0.05
12.600,-0.03,0.04,-0.01,0.06
12.610,-0.04,0.04,-0.00,0.06
12.620,-0.05,0.03,-0.03,0.06
12.630,-0.03,0.03,-0.02,0.05
12.640,-0.04,0.03,-0.01,0.05
12.650,-0.02,0.04,-0.01,0.05
12.660,-0.03,0.05,-0.00,0.06
12.670,-0.03,0.04,0.00,0.05
12.680,-0.01,0.05,-0.01,0.05
12.690,-0.02,0.04,0.01,0.05
12.700,-0.02,0.02,-0.00,0.03
12.710,-0.03,0.03,-0.02,0.05
12.720,-0.02,0.06,-0.01,0.07
12.730,-0.04,0.03,0.00,0.05
12.740,-0.04,0.04,-0.00,0.06
12.750,-0.04,0.04,-0.01,0.06
12.760,-0.02,0.05,-0.01,0.05
12.770,-0.04,0.04,-0.01,0.05
12.780,-0.04,0.04,-0.02,0.06
12.790,-0.05,0.04,-0.00,0.06
12.800,-0.02,0.04,0.00,0.04
12.810,-0.05,0.04,-0.01,0.06
12.820,-0.03,0.05,-0.00,0.05
12.829,-0.03,0.05,-0.01,0.06
12.840,-0.02,0.04,-0.02,0.05
12.849,-0.04,0.04,-0.01,0.06
12.860,-0.02,0.04,-0.01,0.05
12.870,-0.02,0.04,-0.01,0.05
12.880,-0.03,0.05,-0.00,0.06
12.889,-0.03,0.04,-0.02,0.06
12.900,-0.04,0.05,0.00,0.06
12.909,-0.04,0.04,0.00,0.06
12.919,-0.03,0.03,0.00,0.04
12.929,-0.04,0.03,-0.03,0.06
12.939,-0.03,0.03,-0.01,0.04
12.949,-0.02,0.03,0.01,0.04
12.959,-0.03,0.04,-0.01,0.05
12.969,-0.03,0.04,-0.01,0.05
12.979,-0.03,0.03,-0.02,0.04
12.989,-0.03,0.03,-0.03,0.05
12.999,-0.03,0.03,-0.01,0.04
13.009,-0.03,0.04,-0.01,0.05
13.019,-0.02,0.04,-0.01,0.04
13.029,-0.03,0.04,-0.00,0.05
13.039,-0.02,0.05,-0.00,0.06
13.049,-0.03,0.04,-0.01,0.05
13.059,-0.03,0.05,-0.01,0.06
13.069,-0.04,0.03,0.00,0.05
13.079,-0.03,0.05,-0.01,0.06
13.089,-0.02,0.05,-0.00,0.05
13.099,-0.03,0.05,-0.02,0.06
13.109,-0.05,0.03,-0.02,0.06
13.119,-0.04,0.05,-0.01,0.06
13.129,-0.03,0.03,-0.01,0.04
13.139,-0.05,0.06,0.00,0.07
13.149,-0.03,0.05,-0.01,0.06
13.159,-0.03,0.03,-0.01,0.05
13.169,-0.03,0.03,-0.02,0.05
13.179,-0.03,0.04,-0.00,0.05
13.189,-0.05,0.04,-0.00,0.07
13.199,-0.03,0.04,-0.01,0.05
13.209,-0.01,0.03,-0.00,0.03
13.219,-0.03,0.04,-0.01,0.05
13.229,-0.05,0.04,-0.01,0.06
13.239,-0.04,0.03,-0.01,0.05
13.249,-0.03,0.04,-0.01,0.05
13.259,-0.04,0.04,-0.02,0.06
13.269,-0.04,0.03,-0.02,0.05
13.279,-0.03,0.02,-0.01,0.03
13.289,-0.03,0.05,-0.00,0.06
13.299,-0.05,0.04,-0.02,0.07
13.309,-0.04,0.03,0.00,0.05
13.319,-0.02,0.04,-0.00,0.04
13.329,-0.02,0.02,-0.01,0.03
13.339,-0.03,0.04,-0.01,0.05
13.349,-0.05,0.03,-0.01,0.06
13.359,-0.04,0.04,-0.02,0.06
13.369,-0.03,0.05,-0.01,0.06
13.379,-0.03,0.05,-0.00,0.05
13.389,-0.03,0.04,-0.02,0.05
13.399,-0.02,0.05,-0.01,0.05
13.409,-0.04,0.03,-0.02,0.06
13.419,-0.04,0.04,-0.02,0.06
13.429,-0.04,0.01,-0.00,0.04
13.439,-0.05,0.03,-0.00,0.06
13.449,-0.02,0.05,0.00,0.06
13.459,-0.02,0.06,-0.01,0.06
13.469,-0.01,0.05,-0.02,0.05
13.479,-0.04,0.05,-0.02,0.07
13.489,-0.01,0.04,-0.01,0.05
13.499,-0.00,0.04,-0.01,0.04
13.509,-0.04,-0.00,0.00,0.04
13.519,-0.06,-0.02,0.01,0.07
13.528,-0.03,0.01,0.02,0.03
13.539,-0.05,0.05,-0.01,0.08
13.549,-0.02,0.06,-0.03,0.07
13.558,0.00,0.08,-0.03,0.09
13.568,-0.03,0.05,-0.03,0.06
13.578,-0.04,0.03,-0.01,0.06
13.588,-0.03,-0.03,-0.01,0.04
13.598,-0.04,-0.12,-0.02,0.12
13.608,-0.04,-0.11,-0.02,0.12
13.618,-0.09,-0.15,-0.05,0.18
13.628,-0.03,-0.12,-0.05,0.14
13.638,-0.05,-0.13,-0.01,0.14
13.648,-0.09,-0.16,-0.02,0.18
13.658,-0.05,-0.13,0.00,0.14
13.668,0.00,-0.26,-0.10,0.28
13.678,-0.15,-0.19,-0.01,0.24
13.688,0.01,-0.34,-0.02,0.34
13.698,-0.15,-0.22,-0.05,0.27
13.708,0.03,-0.29,-0.00,0.29
13.718,-0.08,-0.24,0.00,0.25
13.728,-0.09,-0.35,-0.11,0.38
13.738,-0.24,-0.24,0.05,0.34
13.748,0.22,-0.28,-0.05,0.36
13.758,-0.26,-0.39,-0.02,0.46
13.768,0.08,-0.35,-0.10,0.38
13.778,-0.32,-0.36,0.06,0.49
13.788,0.18,-0.50,-0.12,0.55
13.798,-0.16,-0.19,0.10,0.26
13.808,-0.04,-0.45,-0.07,0.46
13.818,-0.01,-0.39,-0.05,0.39
13.828,-0.31,-0.52,-0.08,0.61
13.838,0.05,-0.34,0.04,0.35
13.848,-0.02,-0.34,-0.04,0.34
13.858,-0.05,-0.40,-0.05,0.40
13.868,-0.27,-0.25,0.00,0.37
13.878,0.02,-0.43,-0.12,0.45
13.888,-0.03,-0.31,-0.04,0.32
13.898,-0.03,-0.46,-0.04,0.46
13.908,-0.19,-0.55,-0.03,0.58
13.918,-0.04,-0.62,0.02,0.62
13.928,0.09,-0.58,-0.10,0.60
13.938,-0.01,-0.54,-0.06,0.54
13.948,-0.01,-0.56,-0.11,0.57
13.958,-0.02,-0.42,-0.02,0.42
13.968,0.10,-0.68,-0.13,0.69
13.978,-0.15,-0.49,-0.06,0.52
13.988,-0.26,-0.57,-0.06,0.63
13.998,-0.13,-0.58,-0.03,0.60
14.008,-0.08,-0.57,-0.00,0.58
14.018,-0.26,-0.55,-0.06,0.61
14.028,-0.32,-0.43,-0.08,0.54
14.038,-0.03,-0.43,-0.08,0.44
14.048,0.01,-0.48,-0.05,0.48
14.058,-0.17,-0.68,-0.08,0.71
14.068,-0.21,-0.61,0.03,0.65
14.078,0.07,-0.69,0.02,0.69
14.088,-0.09,-0.59,-0.07,0.60
14.098,-0.04,-0.42,-0.12,0.44
14.108,-0.10,-0.37,-0.09,0.40
14.118,-0.11,-0.33,-0.08,0.35
14.128,0.04,-0.56,-0.10,0.57
14.138,-0.25,-0.53,-0.05,0.59
14.147,-0.29,-0.48,0.00,0.56
14.157,-0.18,-0.42,0.09,0.47
14.168,-0.04,-0.82,-0.01,0.82
14.178,-0.14,-0.64,-0.03,0.65
14.187,-0.31,-0.60,-0.17,0.70
14.197,0.05,-0.47,-0.26,0.54
14.207,0.02,-0.26,-0.22,0.34
14.217,-0.24,-0.20,-0.18,0.36
14.227,0.26,-0.40,-0.03,0.48
14.237,-0.50,-0.48,0.12,0.70
14.247,0.13,-0.99,0.07,1.00
14.257,-0.19,-0.65,0.12,0.69
14.267,-0.21,-0.84,-0.05,0.87
14.277,0.10,-0.40,-0.00,0.42
14.287,-0.41,-0.40,-0.14,0.60
14.297,0.21,-0.16,-0.07,0.27
14.307,-0.41,-0.50,-0.11,0.65
14.317,0.50,-0.50,0.04,0.71
14.327,-0.32,-0.83,-0.17,0.91
14.337,0.28,-0.16,-0.23,0.40
14.347,-0.39,-0.48,-0.33,0.70
14.357,0.19,0.14,0.23,0.33
14.367,-0.36,-0.73,0.27,0.86
14.377,-0.12,-0.65,0.27,0.71
14.387,0.25,-0.91,0.01,0.94
14.397,-0.43,-0.40,0.00,0.59
14.407,0.55,-0.38,-0.14,0.68
14.417,-0.67,-0.60,-0.35,0.97
14.427,0.55,-0.17,-0.20,0.61
14.437,-0.45,-0.42,-0.12,0.63
14.447,-0.08,-0.18,-0.01,0.20
14.457,0.01,-0.42,0.03,0.42
14.467,-0.04,-0.80,-0.02,0.80
14.477,-0.44,-0.54,0.06,0.71
14.487,0.36,-0.65,-0.05,0.75
14.497,-0.54,-0.47,-0.06,0.72
14.507,0.00,-0.52,-0.07,0.52
14.517,0.24,-0.55,-0.15,0.62
14.527,-0.62,0.14,0.03,0.64
14.537,0.08,-0.92,-0.14,0.94
14.547,0.27,-0.35,0.19,0.48
14.557,-0.33,-0.99,0.04,1.04
14.567,-0.28,-0.16,0.18,0.37
14.577,0.78,-1.05,-0.22,1.33
14.587,-0.48,0.03,-0.03,0.49
14.597,-0.57,-0.80,-0.26,1.01
14.607,0.14,-0.26,-0.11,0.31
14.617,0.22,-0.39,-0.15,0.48
14.627,-0.44,-0.48,-0.17,0.67
14.637,-0.76,-0.30,-0.05,0.82
14.647,0.51,-0.82,-0.10,0.97
14.657,0.19,-0.38,0.00,0.43
14.667,-0.35,-0.40,0.02,0.53
14.677,-0.46,-0.39,0.22,0.64
14.687,0.01,-1.31,-0.22,1.32
14.697,0.40,0.22,-0.02,0.46
14.707,-0.30,-1.00,-0.13,1.05
14.717,-0.41,-0.39,0.02,0.57
14.727,0.01,-0.20,-0.14,0.24
14.737,-0.12,-0.25,-0.19,0.34
14.747,-0.02,-0.49,-0.16,0.51
14.757,-0.27,-0.49,0.11,0.57
14.766,0.06,-0.62,0.02,0.63
14.776,0.16,-0.78,-0.05,0.80
14.787,-0.31,-0.64,0.13,0.72
14.796,0.05,-0.56,-0.04,0.57
14.807,-0.25,-0.43,-0.03,0.50
14.817,0.35,0.29,0.05,0.46
14.826,-0.52,-1.18,-0.57,1.41
14.836,-0.02,-0.03,-0.26,0.26
14.846,-0.07,-0.33,-0.14,0.36
14.856,-0.23,-0.26,0.11,0.36
14.866,-0.17,-0.83,0.29,0.90
14.876,-0.34,-0.16,0.60,0.71
14.886,-0.08,-1.36,0.23,1.38
14.896,-0.25,-0.45,-0.01,0.52
14.906,-0.10,-0.86,-0.59,1.05
14.916,0.04,0.20,-0.38,0.43
14.926,0.13,0.22,-0.41,0.49
14.936,-0.25,0.07,-0.15,0.30
14.946,0.23,-0.03,0.37,0.43
14.956,-0.49,-1.60,0.20,1.69
14.966,0.17,-0.62,0.46,0.79
14.976,-0.54,-1.24,0.13,1.36
14.986,0.21,-0.73,0.05,0.76
14.996,-0.02,-0.15,-0.21,0.26
15.006,-0.20,-0.20,-0.32,0.43
15.016,0.06,0.63,-0.39,0.74
15.026,0.16,-0.55,-0.73,0.93
15.036,-0.02,0.30,0.01,0.30
15.046,-0.10,-0.84,0.03,0.85
15.056,-0.08,0.44,0.74,0.87
15.066,-0.53,-2.39,0.16,2.45
15.076,-0.32,-1.10,0.51,1.25
15.086,0.27,-1.13,-0.40,1.23
15.096,0.15,-0.85,-0.95,1.28
15.106,-0.25,2.36,0.08,2.38
15.116,0.42,0.58,-0.32,0.78
15.126,-0.02,0.59,0.25,0.64
15.136,-0.37,-1.90,-0.10,1.94
15.146,0.06,-1.29,0.49,1.39
15.156,-0.38,-1.26,0.45,1.39
15.166,0.16,-1.61,-0.23,1.64
15.176,-0.16,0.56,0.23,0.63
15.186,-0.25,-0.47,-0.50,0.73
15.196,0.37,0.18,-0.55,0.69
15.206,-0.24,0.40,-0.63,0.79
15.216,0.02,1.32,0.16,1.33
15.226,-0.38,-0.54,0.18,0.68
15.236,-0.29,-2.33,-0.01,2.35
15.246,-0.17,-0.04,0.86,0.88
15.256,-0.45,-2.18,-0.02,2.23
15.266,0.11,0.51,0.09,0.53
15.276,-0.22,-1.22,-0.35,1.29
15.286,0.23,0.40,-0.37,0.59
15.296,0.00,-0.43,-0.90,1.00
15.306,-0.09,1.19,-0.30,1.23
15.316,0.25,0.07,-0.45,0.52
15.326,-0.34,0.65,0.50,0.88
15.336,-0.88,-1.19,0.40,1.53
15.346,0.68,-1.80,0.67,2.03
15.356,-1.07,-2.49,0.53,2.77
15.366,0.11,-0.98,0.03,0.98
15.376,-0.22,0.04,-0.12,0.25
15.386,0.56,0.84,-0.59,1.17
15.396,-0.38,0.75,-0.80,1.16
15.406,-0.09,0.81,-0.62,1.02
15.416,0.16,0.50,0.07,0.53
15.426,-0.63,-1.44,-0.00,1.57
15.436,-0.09,-0.71,0.60,0.93
15.445,-0.05,-2.23,0.32,2.25
15.456,-0.07,0.25,0.97,1.00
15.465,-0.51,-1.43,-0.11,1.52
15.476,0.04,-0.89,-0.51,1.02
15.485,0.47,0.26,-0.43,0.69
15.496,-0.29,0.36,-0.61,0.76
15.505,0.02,0.63,-0.41,0.75
15.515,0.35,0.42,-0.23,0.59
15.525,-0.68,-0.26,0.22,0.76
15.535,0.04,0.08,0.49,0.50
15.545,-0.43,-2.72,-0.03,2.76
15.555,-0.17,-0.54,0.65,0.87
15.565,0.02,-1.44,0.11,1.44
15.575,-0.14,-0.11,-0.43,0.47
15.585,0.10,-0.68,-0.53,0.86
15.595,0.29,2.28,0.13,2.31
15.605,0.14,0.22,-0.31,0.41
15.615,-0.61,-1.98,-0.53,2.14
15.625,0.33,1.36,0.79,1.60
15.635,-0.41,-2.34,-0.09,2.38
15.645,-0.39,-1.35,-0.10,1.41
15.655,0.27,0.50,0.64,0.86
15.665,-0.17,-0.34,-0.01,0.38
15.675,0.26,0.46,0.26,0.59
15.685,-0.56,-1.92,-0.57,2.08
15.695,0.17,0.29,-0.09,0.35
15.705,-0.40,0.20,-0.15,0.47
15.715,-0.13,-0.85,-0.66,1.08
15.725,-0.19,0.60,-0.34,0.71
15.735,0.14,-0.38,-0.32,0.52
15.745,-0.52,-0.43,-0.15,0.69
15.755,0.26,0.28,0.66,0.76
15.765,-0.52,-0.94,0.36,1.13
15.775,-0.73,-1.53,0.21,1.71
15.785,0.07,-0.31,0.13,0.35
15.795,-0.19,-0.20,-0.17,0.33
15.805,0.19,0.12,-0.30,0.38
15.815,-0.61,-0.08,-0.41,0.74
15.825,0.15,0.63,0.15,0.66
15.835,-0.09,-0.77,-0.10,0.79
15.845,-0.65,-1.45,-0.03,1.59
15.855,-0.44,0.14,0.50,0.68
15.865,0.00,-0.60,0.28,0.66
15.875,-0.02,-0.05,0.22,0.23
15.885,-0.59,-1.01,-0.29,1.20
15.895,-0.37,0.41,-0.04,0.56
15.905,-0.05,-0.34,-0.50,0.61
15.915,0.24,0.79,-0.09,0.84
15.925,-0.44,-0.80,-0.43,1.01
15.935,-0.26,-0.39,-0.13,0.49
15.945,0.01,1.08,0.73,1.30
15.955,-0.12,-1.30,0.06,1.31
15.965,-0.83,-1.62,-0.04,1.83
15.975,0.31,0.27,0.36,0.55
15.985,-0.47,0.60,0.27,0.81
15.995,0.25,-1.05,-0.57,1.22
16.005,-0.13,-0.12,-0.46,0.49
16.015,-0.11,0.45,-0.49,0.68
16.025,-0.02,0.32,-0.39,0.51
16.035,0.26,1.43,0.52,1.55
16.045,-0.52,0.02,0.85,1.00
16.055,-0.35,-1.43,1.16,1.87
16.065,0.45,-2.65,0.49,2.73
16.075,-0.32,-1.10,0.22,1.17
16.085,-0.04,0.47,-0.01,0.47
16.095,0.61,-1.41,-1.84,2.40
16.104,0.32,0.81,-1.55,1.78
16.115,0.23,4.47,0.48,4.50
16.125,-0.22,0.21,-1.12,1.16
16.134,-0.43,-0.08,0.34,0.55
16.144,-0.83,0.36,1.37,1.65
16.155,0.32,-3.28,0.77,3.38
16.164,0.33,-2.33,0.54,2.42
16.174,-0.39,-1.66,-0.05,1.70
16.184,0.40,2.04,0.43,2.12
16.194,0.31,-0.27,-0.94,1.03
16.204,0.33,0.77,-0.97,1.28
16.214,-0.62,1.94,-0.04,2.04
16.224,0.28,-0.35,-0.73,0.86
16.234,-0.19,0.74,0.14,0.78
16.244,-0.87,1.39,1.11,1.98
16.254,0.52,-3.14,-0.19,3.19
16.264,-0.17,-2.06,0.49,2.12
16.274,-0.07,0.71,0.88,1.13
16.284,0.42,-0.63,-0.30,0.81
16.294,-0.20,-0.83,-0.94,1.27
16.304,0.27,2.85,0.18,2.87
16.314,-0.41,-0.24,-1.14,1.24
16.324,-0.02,-0.57,-0.90,1.06
16.334,0.97,3.21,0.97,3.49
16.344,-0.85,-2.28,-0.30,2.45
16.354,-0.13,0.78,1.20,1.44
16.364,-0.08,-1.58,0.86,1.80
16.374,-0.19,-2.75,-0.27,2.77
16.384,0.54,0.57,0.10,0.79
16.394,-0.26,-1.21,-1.26,1.77
16.404,0.23,3.61,0.70,3.69
16.414,0.40,-0.68,-1.24,1.47
16.424,-0.51,2.32,0.43,2.41
16.434,-0.38,-1.35,-0.72,1.58
16.444,0.15,-1.35,-0.28,1.39
16.454,-0.25,0.63,0.67,0.96
16.464,0.40,0.69,0.72,1.07
16.474,-0.95,-1.06,0.05,1.42
16.484,0.74,-2.76,-0.85,2.98
16.494,0.03,2.35,0.68,2.44
16.504,-0.63,-1.38,-1.12,1.89
16.514,0.10,2.85,0.74,2.95
16.524,0.06,0.41,0.43,0.60
16.534,-0.15,0.78,0.90,1.20
16.544,-0.37,-4.01,-0.53,4.06
16.554,-0.43,0.25,0.64,0.81
16.564,0.01,0.60,0.20,0.63
16.574,0.84,-2.07,-1.80,2.87
16.584,-0.97,3.46,0.54,3.63
16.594,0.14,0.34,-0.77,0.85
16.604,0.33,0.59,-0.28,0.73
16.614,-0.44,-0.42,-0.04,0.61
16.624,-0.19,0.37,0.88,0.97
16.634,-0.38,-1.12,0.35,1.23
16.644,-0.08,-1.07,0.24,1.10
16.654,0.27,1.66,0.72,1.83
16.664,-0.97,-1.71,-0.67,2.07
16.674,0.38,0.90,-0.11,0.99
16.684,0.43,-0.60,-1.02,1.26
16.694,-0.79,1.35,-0.16,1.57
16.703,0.25,-0.36,-0.71,0.83
16.714,0.21,1.72,0.44,1.79
16.723,-0.48,-0.08,0.30,0.57
16.733,-0.15,-1.01,0.01,1.03
16.743,-0.37,0.22,0.80,0.91
16.753,-0.22,-1.79,0.03,1.80
16.763,0.08,-0.82,-0.33,0.89
16.773,0.20,2.84,0.73,2.94
16.783,-0.49,0.45,0.13,0.68
16.793,0.11,-2.24,-0.90,2.41
16.803,0.11,1.53,0.21,1.55
16.813,-0.65,-0.30,-0.37,0.81
16.823,0.15,1.01,0.14,1.03
16.833,0.20,0.50,-0.02,0.53
16.843,0.20,-0.01,-0.02,0.21
16.853,-0.90,-1.32,-0.23,1.61
16.863,0.17,0.39,0.31,0.53
16.873,0.66,0.44,0.23,0.82
16.883,-0.89,-0.67,-0.27,1.15
16.893,-0.38,-0.16,-0.23,0.47
16.903,0.70,0.87,0.01,1.12
16.913,0.12,1.14,0.26,1.18
16.923,-0.61,-1.81,-0.72,2.05
16.933,0.41,2.21,0.66,2.34
16.943,0.19,-1.73,-0.36,1.78
16.953,0.00,1.65,0.80,1.83
16.963,-0.65,-2.02,-0.61,2.21
16.973,0.71,1.05,0.01,1.27
16.983,-0.46,-0.99,-0.82,1.37
16.993,0.23,2.75,0.67,2.84
17.003,-0.17,1.24,0.39,1.31
17.013,0.54,-2.68,-0.55,2.79
17.023,-0.69,-0.54,0.47,1.00
17.033,-0.10,0.39,0.54,0.68
17.043,0.71,0.76,0.15,1.05
17.053,-0.30,-0.99,-0.41,1.11
17.063,-0.54,2.07,0.55,2.21
17.073,0.29,-1.33,-0.79,1.57
17.083,-0.13,-0.11,-0.72,0.74
17.093,0.50,2.74,0.45,2.83
17.103,-0.71,-1.17,-0.41,1.43
17.113,-0.18,0.64,0.48,0.81
17.123,0.14,-2.88,-0.51,2.93
17.133,0.30,1.71,0.58,1.83
17.143,-0.50,0.75,0.30,0.95
17.153,0.51,-0.15,-0.02,0.53
17.163,-0.45,-0.93,-0.51,1.15
17.173,0.11,0.91,-0.02,0.92
17.183,-0.27,0.96,0.09,1.00
17.193,-0.33,-1.84,-1.06,2.15
17.203,0.49,1.07,-0.33,1.22
17.213,-0.40,1.45,0.38,1.55
17.223,0.24,1.05,0.66,1.26
17.233,-0.46,-2.74,-0.33,2.80
17.243,-0.16,1.30,1.21,1.79
17.253,-0.15,-0.33,0.63,0.72
17.263,-0.69,-2.21,-0.58,2.38
17.273,1.20,0.95,-0.24,1.55
17.283,-0.49,0.74,-0.44,0.99
17.293,-0.33,1.20,-0.70,1.43
17.303,0.60,0.26,-0.67,0.94
17.313,0.35,2.68,0.96,2.87
17.323,-1.11,-2.60,-0.24,2.83
17.333,-0.04,-0.83,0.71,1.09
17.343,-0.09,-1.65,0.37,1.69
17.353,-0.01,-0.08,-0.31,0.32
17.363,-0.17,3.18,0.66,3.26
17.373,-0.16,-1.67,-1.68,2.38
17.383,0.01,1.96,-0.25,1.97
17.393,0.36,1.52,0.01,1.56
17.402,-0.33,0.36,0.18,0.52
17.412,-0.92,-1.45,0.07,1.72
17.422,0.17,-0.42,0.49,0.67
17.432,0.34,1.10,0.83,1.42
17.442,-0.40,-0.69,-0.38,0.88
17.452,0.31,1.61,-0.05,1.64
17.462,-0.40,1.04,-0.02,1.12
17.472,0.09,0.50,-0.44,0.67
17.482,0.05,-0.32,-0.41,0.52
17.492,-0.43,1.26,0.19,1.34
17.502,-0.04,0.54,0.07,0.55
17.512,0.15,0.27,-0.08,0.32
17.522,-0.03,0.58,-0.03,0.58
17.532,-0.36,1.55,0.79,1.77
17.542,0.09,-1.26,-0.32,1.30
17.552,-0.06,0.36,-0.12,0.38
17.562,0.44,1.48,0.19,1.55
17.572,-0.42,1.65,0.34,1.74
17.582,-0.37,-0.78,-0.79,1.17
17.592,0.48,1.64,0.02,1.71
17.602,-0.15,1.92,0.55,2.00
17.612,-0.17,-0.47,-0.26,0.56
17.622,-0.06,1.18,0.35,1.23
17.632,0.31,0.31,0.08,0.45
17.642,0.26,1.79,0.29,1.83
17.652,-0.44,0.21,0.07,0.49
17.662,0.33,1.91,0.12,1.94
17.672,-0.84,0.40,0.08,0.94
17.682,0.42,0.49,0.17,0.67
17.692,0.17,1.32,0.32,1.37
17.702,-0.23,1.27,-0.03,1.29
17.712,0.08,1.76,0.02,1.76
17.722,0.07,1.50,0.36,1.54
17.732,0.28,0.57,-0.22,0.67
17.742,-0.26,1.11,-0.35,1.20
17.752,0.38,1.53,0.31,1.61
17.762,-0.45,0.55,0.03,0.71
17.772,0.44,1.93,0.32,2.00
17.782,-0.17,0.89,0.08,0.91
17.792,-0.04,2.61,0.53,2.66
17.802,-0.33,0.67,0.13,0.75
17.812,0.22,1.31,-0.21,1.35
17.822,0.07,1.12,-0.04,1.12
17.832,0.26,2.06,0.07,2.08
17.842,0.02,1.44,-0.09,1.44
17.852,0.02,1.96,0.16,1.97
17.862,0.09,1.28,0.02,1.28
17.872,0.26,2.02,0.34,2.07
17.882,-0.02,1.89,0.26,1.90
17.892,-0.04,1.22,0.18,1.24
17.902,-0.05,1.44,0.02,1.44
17.912,-0.16,2.02,-0.00,2.02
17.922,0.03,1.64,-0.30,1.67
17.932,0.17,2.08,-0.15,2.10
17.942,-0.08,1.93,0.03,1.93
17.952,-0.05,1.96,0.36,1.99
17.961,-0.04,1.08,0.11,1.09
17.972,0.29,1.71,0.13,1.74
17.981,-0.32,1.87,-0.14,1.90
17.992,0.39,2.04,-0.06,2.08
18.002,0.14,1.76,0.05,1.77
18.012,0.01,1.96,0.14,1.97
18.022,0.21,2.62,0.63,2.71
18.032,-0.10,1.30,0.37,1.35
18.041,-0.08,1.39,0.12,1.39
18.052,0.15,1.56,-0.30,1.59
18.061,0.40,1.94,-0.12,1.99
18.072,-0.37,2.42,0.02,2.45
18.081,0.12,1.88,-0.09,1.89
18.091,0.17,2.19,0.25,2.21
18.101,0.04,1.26,0.31,1.30
18.111,-0.80,1.38,0.36,1.63
18.121,0.64,1.65,0.31,1.79
18.131,-0.07,1.63,0.13,1.64
18.141,-0.20,1.91,-0.11,1.92
18.151,0.41,2.30,-0.20,2.35
18.161,-0.10,2.15,-0.06,2.15
18.171,0.37,2.20,0.29,2.25
18.181,-0.57,1.14,0.22,1.29
18.191,0.37,1.70,0.42,1.79
18.201,-0.24,1.26,0.24,1.30
18.211,0.10,1.91,0.10,1.92
18.221,0.08,2.02,-0.04,2.03
18.231,0.12,1.96,0.08,1.96
18.241,0.01,1.81,-0.10,1.81
18.251,-0.26,1.96,0.15,1.98
18.261,-0.04,1.53,0.09,1.53
18.271,0.13,1.66,0.03,1.66
18.281,-0.15,1.92,0.29,1.95
18.291,-0.17,1.33,0.12,1.35
18.301,0.15,1.57,0.27,1.60
18.311,-0.10,1.11,0.06,1.12
18.321,-0.09,1.45,0.09,1.45
18.331,0.03,1.18,-0.05,1.18
18.341,-0.05,1.32,0.01,1.32
18.351,-0.03,1.13,-0.01,1.13
18.361,-0.11,1.09,0.05,1.10
18.371,-0.03,0.99,0.09,0.99
18.381,-0.07,0.87,0.07,0.87
18.391,-0.11,0.80,0.08,0.81
18.401,-0.05,0.71,0.06,0.71
18.411,-0.17,0.59,0.02,0.62
18.421,-0.05,0.58,-0.01,0.59
18.431,-0.06,0.52,-0.04,0.53
18.441,-0.04,0.52,-0.00,0.53
18.451,-0.07,0.44,-0.00,0.45
18.461,-0.04,0.40,0.02,0.40
18.471,-0.05,0.35,0.03,0.36
18.481,-0.06,0.29,0.03,0.30
18.491,-0.05,0.23,0.03,0.24
18.501,-0.06,0.21,0.01,0.22
18.511,-0.05,0.18,0.01,0.18
18.521,-0.02,0.16,-0.01,0.16
18.531,-0.04,0.14,-0.01,0.15
18.541,-0.06,0.14,-0.01,0.15
18.551,-0.07,0.10,-0.01,0.12
18.561,-0.06,0.10,-0.02,0.12
18.571,-0.05,0.06,-0.00,0.08
18.581,-0.02,0.05,0.01,0.06
18.591,-0.04,0.06,0.00,0.07
18.601,-0.02,0.04,-0.01,0.05
18.611,-0.00,0.04,-0.01,0.04
18.620,-0.01,0.04,-0.02,0.04
18.631,-0.02,0.03,-0.01,0.03
18.640,-0.02,0.02,0.00,0.03
18.651,-0.01,0.01,-0.01,0.01
18.660,-0.02,0.04,-0.00,0.05
18.671,-0.03,0.01,0.00,0.04
18.680,0.01,0.03,-0.01,0.04
18.691,-0.04,0.02,-0.00,0.05
18.701,-0.06,0.03,-0.01,0.07
18.711,0.02,0.01,-0.01,0.03
18.720,-0.07,0.01,-0.00,0.07
18.730,-0.03,0.03,0.00,0.04
18.740,-0.04,0.02,-0.03,0.06
18.750,-0.05,0.06,-0.01,0.08
18.760,-0.06,0.05,-0.01,0.07
18.770,-0.06,0.05,-0.01,0.08
18.780,-0.08,0.06,0.00,0.10
18.790,-0.06,0.07,-0.01,0.09
18.800,-0.08,0.07,-0.00,0.11
18.810,-0.07,0.07,-0.01,0.10
18.820,-0.08,0.08,-0.01,0.11
18.830,-0.07,0.08,-0.01,0.11
18.840,-0.08,0.08,-0.01,0.11
18.850,-0.09,0.07,-0.02,0.11
18.860,-0.10,0.09,-0.00,0.13
18.870,-0.10,0.09,-0.01,0.13
18.880,-0.09,0.06,-0.02,0.11
18.890,-0.10,0.07,-0.01,0.12
18.900,-0.08,0.07,-0.02,0.11
18.910,-0.11,0.08,-0.01,0.14
18.920,-0.11,0.08,-0.01,0.14
18.930,-0.11,0.08,-0.02,0.14
18.940,-0.09,0.08,-0.02,0.12
18.950,-0.09,0.07,-0.01,0.12
18.960,-0.10,0.07,-0.02,0.13
18.970,-0.07,0.07,-0.01,0.10
18.980,-0.08,0.08,-0.02,0.11
18.990,-0.08,0.06,-0.02,0.10
19.000,-0.06,0.07,-0.02,0.10
19.010,-0.06,0.07,-0.02,0.09
19.020,-0.08,0.06,-0.01,0.10
19.030,-0.07,0.08,-0.01,0.10
19.040,-0.04,0.06,-0.01,0.07
19.050,-0.06,0.06,-0.02,0.08
19.060,-0.03,0.06,-0.00,0.07
19.070,-0.05,0.07,-0.00,0.08
19.080,-0.03,0.07,-0.01,0.08
19.090,-0.03,0.06,-0.02,0.06
19.100,-0.01,0.04,-0.01,0.05
19.110,-0.05,0.06,-0.02,0.07
19.120,-0.02,0.06,0.00,0.07
19.130,-0.03,0.06,-0.01,0.07
19.140,-0.05,0.05,-0.01,0.07
19.150,-0.03,0.05,-0.00,0.06
19.160,-0.03,0.06,0.01,0.07
19.170,-0.03,0.07,0.00,0.07
19.180,-0.03,0.06,-0.00,0.07
19.190,-0.02,0.07,-0.01,0.07
19.200,-0.02,0.07,-0.01,0.07
19.210,-0.04,0.06,-0.00,0.07
19.220,-0.03,0.06,-0.01,0.07
19.230,-0.05,0.07,-0.00,0.09
19.240,-0.06,0.07,-0.00,0.09
19.250,-0.08,0.08,-0.01,0.11
19.260,-0.07,0.05,-0.02,0.09
19.270,-0.06,0.06,-0.01,0.09
19.280,-0.08,0.05,-0.00,0.09
19.290,-0.06,0.07,-0.01,0.10
19.299,-0.06,0.06,-0.01,0.09
19.310,-0.06,0.07,-0.02,0.09
19.319,-0.09,0.08,-0.01,0.12
19.330,-0.07,0.08,-0.02,0.11
19.339,-0.07,0.06,-0.00,0.09
19.350,-0.07,0.06,-0.02,0.09
19.359,-0.10,0.06,-0.00,0.12
19.370,-0.10,0.08,-0.01,0.13
19.379,-0.10,0.08,-0.03,0.13
19.389,-0.09,0.06,-0.01,0.10
19.399,-0.09,0.05,0.00,0.10
19.409,-0.08,0.06,0.01,0.11
19.419,-0.08,0.06,-0.01,0.10
19.429,-0.09,0.06,-0.01,0.11
19.439,-0.07,0.08,-0.02,0.11
19.449,-0.06,0.08,-0.01,0.10
19.459,-0.05,0.07,-0.02,0.09
19.469,-0.06,0.08,-0.01,0.09
19.479,-0.07,0.05,-0.01,0.09
19.489,-0.07,0.05,-0.01,0.09
19.499,-0.07,0.07,-0.01,0.10
19.509,-0.07,0.09,-0.01,0.11
19.519,-0.06,0.09,-0.01,0.11
19.529,-0.04,0.08,-0.03,0.09
19.539,-0.04,0.08,-0.03,0.09
19.549,-0.05,0.06,-0.01,0.07
19.559,-0.04,0.06,0.00,0.07
19.569,-0.04,0.04,-0.02,0.06
19.579,-0.04,0.05,-0.01,0.07
19.589,-0.03,0.06,-0.00,0.07
19.599,-0.03,0.07,-0.01,0.08
19.609,-0.02,0.06,-0.01,0.06
19.619,-0.04,0.04,-0.02,0.06
19.629,-0.03,0.06,-0.00,0.07
19.639,-0.03,0.04,0.01,0.05
19.649,-0.04,0.05,-0.01,0.07
19.659,-0.04,0.06,-0.01,0.07
19.669,-0.04,0.06,-0.01,0.07
19.679,-0.06,0.06,-0.02,0.09
19.689,-0.05,0.07,-0.02,0.08
19.699,-0.06,0.06,-0.01,0.08
19.709,-0.07,0.06,-0.00,0.09
19.719,-0.06,0.06,-0.01,0.08
19.729,-0.07,0.06,-0.01,0.09
19.739,-0.07,0.07,-0.01,0.10
19.749,-0.05,0.06,-0.03,0.09
19.759,-0.06,0.06,-0.02,0.09
19.769,-0.06,0.05,-0.01,0.08
19.779,-0.07,0.05,-0.02,0.09
19.789,-0.08,0.06,-0.01,0.10
19.799,-0.08,0.05,0.01,0.10
19.809,-0.09,0.07,-0.02,0.11
19.819,-0.09,0.07,-0.02,0.11
19.829,-0.07,0.07,-0.02,0.10
19.839,-0.09,0.06,-0.03,0.12
19.849,-0.09,0.06,0.00,0.11
19.859,-0.09,0.06,-0.01,0.11
19.869,-0.06,0.07,-0.01,0.09
19.879,-0.07,0.06,-0.00,0.09
19.889,-0.06,0.07,-0.02,0.09
19.899,-0.08,0.06,-0.02,0.11
19.909,-0.07,0.08,0.00,0.11
19.919,-0.04,0.07,0.00,0.08
19.929,-0.08,0.07,-0.01,0.10
19.939,-0.06,0.06,-0.01,0.09
19.949,-0.05,0.06,-0.02,0.08
19.958,-0.06,0.06,-0.01,0.09
19.969,-0.06,0.07,-0.01,0.09
19.979,-0.07,0.06,-0.01,0.10
19.989,-0.06,0.08,-0.01,0.10
19.998,-0.05,0.06,-0.01,0.08
20.008,-0.06,0.06,-0.01,0.08
20.018,-0.06,0.05,-0.01,0.08
20.028,-0.05,0.06,-0.01,0.07
20.038,-0.05,0.06,-0.00,0.08
20.048,-0.04,0.06,0.00,0.07
20.058,-0.05,0.06,-0.01,0.08
20.068,-0.02,0.05,-0.01,0.05
20.078,-0.03,0.06,-0.02,0.07
20.088,-0.05,0.07,-0.01,0.08
20.098,-0.04,0.06,-0.01,0.07
20.108,-0.03,0.04,-0.01,0.05
20.118,-0.06,0.05,0.00,0.08
20.128,-0.05,0.06,-0.00,0.08
20.138,-0.06,0.07,-0.00,0.09
20.148,-0.06,0.06,-0.00,0.09
20.158,-0.04,0.06,-0.01,0.08
20.168,-0.05,0.06,-0.01,0.08
20.178,-0.04,0.06,-0.01,0.07
20.188,-0.09,0.05,0.01,0.10
20.198,-0.05,0.06,-0.00,0.08
20.208,-0.06,0.07,-0.01,0.09
20.218,-0.05,0.06,0.01,0.08
20.228,-0.07,0.07,-0.03,0.11
20.238,-0.04,0.07,-0.01,0.08
20.248,-0.09,0.06,0.00,0.11
20.258,-0.08,0.06,-0.01,0.10
20.268,-0.06,0.07,-0.01,0.09
20.278,-0.08,0.06,-0.02,0.10
20.288,-0.09,0.08,-0.01,0.12
20.298,-0.04,0.08,-0.00,0.08
20.308,-0.09,0.05,-0.01,0.10
20.318,-0.10,0.06,-0.01,0.12
20.328,-0.00,0.06,-0.01,0.06
20.338,-0.10,0.06,0.00,0.12
20.348,-0.10,0.05,-0.01,0.11
20.358,-0.01,0.06,-0.01,0.06
20.368,-0.05,0.06,-0.01,0.08
20.378,-0.08,0.06,0.00,0.11
20.388,-0.05,0.05,-0.01,0.07
20.398,-0.08,0.06,-0.01,0.10
20.408,-0.10,0.07,-0.00,0.12
20.418,-0.08,0.05,-0.00,0.09
20.428,-0.09,0.08,-0.01,0.12
20.438,-0.07,0.05,-0.00,0.09
20.448,-0.05,0.07,0.01,0.09
20.458,-0.04,0.04,0.00,0.06
20.468,-0.06,-0.06,0.03,0.09
20.478,-0.04,-0.05,0.05,0.08
20.488,-0.03,0.03,0.00,0.04
20.498,0.02,0.21,-0.08,0.23
20.508,-0.01,0.27,-0.10,0.29
20.518,-0.03,0.23,-0.11,0.25
20.528,-0.05,0.06,-0.02,0.08
20.538,-0.07,-0.09,0.09,0.15
20.548,-0.12,-0.16,0.13,0.24
20.558,-0.06,-0.10,0.10,0.15
20.568,-0.04,0.05,0.02,0.06
20.578,-0.03,0.20,-0.07,0.21
20.588,-0.03,0.23,-0.10,0.25
20.597,-0.01,0.20,-0.09,0.22
20.608,-0.04,0.09,-0.03,0.10
20.618,-0.07,-0.00,0.02,0.07
20.628,-0.04,-0.05,0.05,0.08
20.638,-0.06,-0.03,0.06,0.09
20.647,-0.08,0.03,-0.00,0.08
20.657,-0.06,0.10,-0.05,0.12
20.667,-0.05,0.12,-0.06,0.14
20.678,-0.07,0.10,-0.03,0.13
20.688,-0.10,0.06,-0.02,0.12
20.697,-0.06,0.02,0.02,0.07
20.707,-0.08,0.05,0.02,0.10
20.717,-0.09,0.06,-0.00,0.11
20.727,-0.06,0.08,-0.01,0.10
20.737,-0.04,0.10,-0.04,0.12
20.747,-0.03,0.11,-0.03,0.12
20.757,-0.15,0.07,0.02,0.17
20.767,-0.10,0.03,0.01,0.11
20.777,0.05,0.02,0.02,0.06
20.787,-0.13,0.05,0.01,0.14
20.797,-0.12,0.08,-0.01,0.14
20.807,-0.03,0.10,-0.04,0.11
20.817,-0.05,0.10,-0.04,0.12
20.827,-0.06,0.09,-0.01,0.11
20.837,-0.09,0.05,0.00,0.10
20.847,-0.06,0.04,0.02,0.07
20.857,-0.09,0.02,0.02,0.10
20.867,0.00,0.05,-0.01,0.05
20.877,-0.11,0.06,-0.02,0.13
20.887,-0.03,0.09,-0.02,0.10
20.897,-0.06,0.10,-0.04,0.12
20.907,-0.01,0.08,-0.01,0.09
20.917,-0.05,0.07,0.00,0.08
20.927,-0.04,0.03,0.00,0.05
20.937,-0.05,0.03,-0.01,0.06
20.947,-0.05,0.02,-0.01,0.05
20.957,-0.06,0.05,-0.01,0.08
20.967,-0.02,0.06,-0.02,0.06
20.977,-0.04,0.08,-0.02,0.09
20.987,-0.06,0.09,-0.00,0.11
20.997,-0.04,0.06,-0.02,0.08
21.007,-0.03,0.06,0.01,0.06
21.017,-0.08,0.04,0.01,0.09
21.027,-0.04,0.05,0.02,0.07
21.037,-0.07,0.04,-0.01,0.08
21.047,0.00,0.07,-0.01,0.07
21.057,-0.07,0.06,-0.00,0.10
21.067,-0.05,0.08,0.01,0.09
21.077,-0.04,0.06,-0.02,0.07
21.087,-0.06,0.06,-0.00,0.09
21.097,-0.03,0.03,0.01,0.04
21.107,-0.06,0.03,-0.00,0.07
21.117,-0.08,0.06,-0.02,0.10
21.127,-0.07,0.08,-0.02,0.10
21.137,-0.06,0.08,-0.03,0.11
21.147,-0.08,0.09,-0.03,0.12
21.157,-0.08,0.08,-0.02,0.11
21.167,-0.07,0.07,0.00,0.09
21.177,-0.10,0.04,-0.01,0.11
21.187,-0.08,0.05,-0.00,0.10
21.197,-0.06,0.06,-0.01,0.08
21.207,-0.07,0.07,-0.01,0.10
21.216,-0.08,0.08,-0.03,0.12
21.227,-0.02,0.09,-0.03,0.10
21.237,-0.07,0.06,-0.01,0.10
21.247,-0.05,0.05,-0.00,0.07
21.256,-0.09,0.02,0.01,0.09
21.266,-0.06,0.04,-0.00,0.07
21.276,-0.07,0.06,-0.01,0.09
21.286,-0.05,0.08,-0.02,0.10
21.296,-0.06,0.10,-0.02,0.12
21.306,-0.04,0.09,-0.02,0.10
21.316,-0.06,0.07,-0.03,0.09
21.326,-0.06,0.03,-0.00,0.06
21.336,-0.07,0.01,0.02,0.08
21.346,-0.04,0.01,0.01,0.04
21.356,-0.05,0.02,0.01,0.05
21.366,-0.05,0.06,-0.01,0.08
21.376,-0.03,0.06,-0.02,0.08
21.386,-0.03,0.07,-0.04,0.09
21.396,-0.05,0.08,-0.03,0.10
21.406,-0.05,0.04,-0.01,0.07
21.416,-0.06,0.03,-0.00,0.07
21.426,-0.05,0.00,0.01,0.05
21.436,-0.06,0.02,-0.00,0.06
21.446,-0.04,0.03,-0.01,0.05
21.456,-0.07,0.06,-0.02,0.09
21.466,-0.01,0.05,-0.02,0.06
21.476,-0.02,0.06,-0.03,0.07
21.486,-0.06,0.08,-0.01,0.10
21.496,-0.07,0.04,-0.01,0.08
21.506,-0.04,0.03,0.01,0.05
21.516,-0.07,0.02,-0.00,0.07
21.526,-0.04,0.04,0.00,0.06
21.536,-0.05,0.06,-0.01,0.07
21.546,-0.03,0.09,-0.01,0.10
21.556,-0.04,0.08,-0.01,0.10
21.566,-0.03,0.06,-0.00,0.07
21.576,-0.09,0.03,-0.01,0.09
21.586,-0.10,0.02,-0.01,0.10
21.596,-0.07,0.06,-0.01,0.09
21.606,-0.07,0.07,-0.03,0.10
21.616,-0.09,0.09,-0.03,0.13
21.626,-0.09,0.06,-0.02,0.11
21.636,-0.07,0.03,-0.00,0.07
21.646,-0.11,-0.00,0.01,0.11
21.656,-0.08,0.01,0.00,0.08
21.666,-0.07,0.01,-0.01,0.07
21.676,-0.06,0.05,-0.02,0.08
21.686,-0.07,0.09,-0.04,0.12
21.696,-0.06,0.08,-0.02,0.10
21.706,-0.07,0.07,-0.02,0.10
21.716,-0.09,0.03,-0.01,0.09
21.726,-0.07,0.02,0.00,0.07
21.736,-0.05,0.01,0.01,0.05
21.746,-0.11,0.03,0.02,0.11
21.756,-0.10,0.04,-0.00,0.11
21.766,-0.07,0.06,-0.02,0.10
21.776,-0.09,0.08,-0.03,0.13
21.786,-0.07,0.05,-0.03,0.09
21.796,-0.07,0.07,-0.02,0.10
21.806,-0.07,0.03,-0.01,0.08
21.816,-0.04,0.04,-0.01,0.06
21.826,-0.05,0.01,-0.01,0.05
21.836,-0.06,0.03,-0.00,0.06
21.846,-0.03,0.05,0.00,0.06
21.856,-0.08,0.04,0.00,0.09
21.866,-0.04,0.07,-0.00,0.08
21.876,-0.08,0.06,-0.01,0.10
21.886,-0.01,0.06,-0.01,0.06
21.896,-0.07,0.04,-0.01,0.08
21.906,-0.04,0.05,-0.01,0.06
21.916,-0.07,0.06,-0.02,0.10
21.925,0.00,0.07,0.01,0.07
21.935,-0.11,0.05,-0.01,0.12
21.945,-0.03,0.08,-0.01,0.08
21.955,-0.05,0.06,-0.02,0.08
21.965,-0.01,0.07,-0.01,0.07
21.975,-0.04,0.08,-0.03,0.09
21.985,-0.06,0.08,-0.00,0.10
21.995,-0.06,0.05,-0.00,0.08
22.005,-0.05,0.06,-0.00,0.08
22.015,-0.05,0.06,-0.02,0.08
22.025,-0.04,0.07,-0.02,0.08
22.035,-0.03,0.07,-0.01,0.08
22.045,-0.06,0.07,-0.01,0.09
22.055,-0.01,0.06,0.01,0.07
22.065,-0.04,0.07,0.01,0.08
22.075,-0.04,0.06,-0.00,0.07
22.085,-0.04,0.08,-0.00,0.09
22.095,-0.04,0.08,-0.01,0.09
22.105,-0.02,0.07,-0.03,0.08
22.115,-0.09,0.09,-0.01,0.12
22.125,-0.08,0.05,0.00,0.09
22.135,-0.03,0.07,0.00,0.08
22.145,-0.05,0.06,0.00,0.07
22.155,-0.04,0.08,-0.01,0.09
22.165,-0.03,0.09,-0.01,0.10
22.175,-0.02,0.08,-0.00,0.08
22.185,-0.05,0.08,-0.01,0.09
22.195,-0.05,0.08,-0.03,0.10
22.205,-0.05,0.08,-0.01,0.10
22.215,-0.02,0.05,0.00,0.06
22.225,-0.06,0.05,-0.00,0.08
22.235,-0.04,0.06,-0.01,0.08
22.245,-0.05,0.07,0.00,0.08
22.255,-0.02,0.10,-0.01,0.10
22.265,-0.08,0.10,-0.02,0.13
22.275,-0.04,0.09,-0.02,0.10
22.285,-0.06,0.04,-0.01,0.08
22.295,-0.06,0.04,0.01,0.07
22.305,-0.06,0.04,-0.01,0.07
22.315,-0.04,0.05,0.00,0.07
22.325,-0.06,0.06,-0.03,0.09
22.335,-0.07,0.06,-0.02,0.09
22.345,-0.05,0.07,-0.02,0.09
22.355,-0.07,0.05,-0.02,0.09
22.365,-0.08,0.04,0.00,0.09
22.375,-0.06,0.01,-0.00,0.06
22.385,-0.08,0.02,-0.00,0.09
22.395,-0.09,0.03,-0.00,0.10
22.405,-0.10,0.03,-0.01,0.10
22.415,-0.09,0.05,-0.02,0.10
22.425,-0.08,0.09,-0.03,0.12
22.435,-0.07,0.06,-0.01,0.09
22.445,-0.09,0.04,-0.02,0.10
22.455,-0.06,0.06,-0.00,0.08
22.465,-0.06,0.05,-0.01,0.08
22.475,-0.06,0.03,-0.01,0.07
22.485,-0.05,0.04,0.00,0.06
22.495,-0.05,0.04,0.01,0.07
22.505,-0.07,0.04,-0.03,0.08
22.515,-0.09,0.06,-0.02,0.12
22.525,-0.06,0.06,-0.02,0.08
22.535,-0.12,0.04,-0.02,0.13
22.545,-0.05,0.05,-0.02,0.07
22.555,-0.10,0.07,-0.02,0.12
22.565,0.00,0.05,-0.01,0.05
22.574,-0.09,0.05,-0.01,0.11
22.585,-0.01,0.05,-0.01,0.05
22.594,-0.08,0.06,-0.01,0.10
22.605,0.01,0.05,-0.00,0.05
22.614,-0.07,0.06,-0.01,0.09
22.624,-0.06,0.07,0.00,0.09
22.635,-0.04,0.08,-0.02,0.09
22.644,-0.02,0.07,-0.02,0.08
22.654,-0.05,0.09,-0.02,0.10
22.664,0.01,0.07,-0.00,0.07
22.674,-0.04,0.06,-0.00,0.08
22.684,0.03,0.05,0.01,0.06
22.694,-0.02,0.06,0.00,0.07
22.704,-0.03,0.08,0.01,0.08
22.714,-0.07,0.07,-0.01,0.10
22.724,-0.02,0.11,-0.01,0.11
22.734,-0.08,0.09,-0.03,0.13
22.744,-0.05,0.08,-0.02,0.09
22.754,-0.05,0.06,-0.02,0.08
22.764,-0.04,0.07,0.00,0.08
22.774,-0.03,0.04,-0.00,0.05
22.784,-0.02,0.03,0.01,0.04
22.794,-0.03,0.05,0.01,0.06
22.804,-0.02,0.07,0.01,0.07
22.814,-0.02,0.04,-0.01,0.05
22.824,-0.03,0.06,-0.01,0.07
22.834,0.01,0.06,-0.01,0.06
22.844,-0.01,0.07,-0.00,0.07
22.854,-0.02,0.06,0.01,0.06
22.864,-0.02,0.05,-0.01,0.06
22.874,-0.04,0.05,-0.01,0.07
22.884,-0.03,0.05,-0.01,0.06
22.894,-0.07,0.06,-0.01,0.10
22.904,-0.08,0.07,-0.02,0.11
22.914,-0.10,0.06,-0.03,0.12
22.924,-0.04,0.07,-0.02,0.08
22.934,-0.10,0.06,-0.00,0.12
22.944,-0.05,0.06,-0.00,0.08
22.954,-0.06,0.06,0.01,0.09
22.964,-0.07,0.07,0.00,0.10
22.974,-0.05,0.07,-0.01,0.09
22.984,-0.04,0.07,-0.01,0.08
22.994,-0.05,0.06,-0.02,0.08
23.004,-0.08,0.03,-0.02,0.09
23.014,-0.04,0.07,-0.01,0.08
23.024,-0.09,0.05,-0.03,0.11
23.034,-0.04,0.05,-0.00,0.07
23.044,-0.08,0.06,0.00,0.10
23.054,-0.05,0.06,-0.01,0.08
23.064,-0.06,0.03,0.00,0.06
23.074,-0.08,0.06,-0.01,0.10
23.084,-0.04,0.06,-0.01,0.07
23.094,-0.05,0.04,-0.01,0.07
23.104,-0.07,0.05,-0.01,0.09
23.114,-0.05,0.07,-0.02,0.09
23.124,-0.05,0.06,-0.01,0.08
23.134,-0.08,0.06,-0.00,0.10
23.144,-0.07,0.07,-0.01,0.09
23.154,-0.04,0.07,-0.00,0.08
23.164,-0.07,0.06,0.01,0.09
23.174,-0.07,0.06,-0.01,0.09
23.184,-0.08,0.06,0.01,0.10
23.193,-0.05,0.07,0.01,0.09
23.204,-0.08,0.07,-0.02,0.11
23.213,-0.03,0.06,-0.01,0.07
23.224,-0.06,0.05,-0.01,0.08
23.234,-0.02,0.06,-0.02,0.07
23.244,-0.03,0.06,-0.01,0.07
23.253,-0.05,0.05,-0.02,0.07
23.263,-0.03,0.05,0.00,0.06
23.273,-0.04,0.04,0.00,0.06
23.283,-0.04,0.06,-0.01,0.07
23.293,-0.05,0.05,-0.03,0.07
23.304,-0.04,0.07,-0.01,0.08
23.313,-0.03,0.07,-0.02,0.07
23.323,-0.05,0.07,-0.00,0.08
23.333,-0.04,0.04,-0.00,0.06
23.343,-0.08,0.04,-0.01,0.09
23.353,-0.02,0.05,-0.01,0.05
23.363,-0.03,0.05,-0.02,0.07
23.373,0.01,0.05,-0.00,0.05
23.383,-0.05,0.06,-0.02,0.08
23.393,0.01,0.08,-0.02,0.08
23.403,-0.01,0.07,-0.00,0.07
23.413,-0.01,0.06,-0.00,0.06
23.423,-0.01,0.07,-0.00,0.07
23.433,-0.03,0.06,-0.00,0.07
23.443,-0.02,0.07,-0.00,0.07
23.453,-0.05,0.06,-0.02,0.08
23.463,-0.04,0.08,-0.01,0.09
23.473,-0.07,0.07,0.00,0.09
23.483,-0.07,0.09,0.00,0.11
23.493,-0.08,0.06,-0.01,0.10
23.503,-0.06,0.06,-0.00,0.08
23.513,-0.06,0.07,-0.01,0.10
23.523,-0.06,0.06,-0.00,0.09
23.533,-0.07,0.06,-0.01,0.09
23.543,-0.06,0.07,-0.03,0.09
23.553,-0.06,0.06,-0.02,0.09
23.563,-0.06,0.05,-0.01,0.08
23.573,-0.05,0.03,-0.02,0.06
23.583,-0.06,0.04,-0.02,0.07
23.593,-0.05,0.03,-0.02,0.06
23.603,-0.06,0.03,-0.02,0.07
23.613,-0.07,0.03,-0.01,0.07
23.623,-0.07,0.05,-0.02,0.08
23.633,-0.10,0.06,-0.03,0.12
23.643,-0.07,0.06,-0.02,0.09
23.653,-0.12,0.05,-0.02,0.13
23.663,-0.07,0.07,-0.01,0.10
23.673,-0.07,0.05,-0.00,0.09
23.683,-0.08,0.06,-0.02,0.10
23.693,-0.06,0.05,-0.01,0.08
23.703,-0.05,0.06,-0.01,0.08
23.713,-0.04,0.06,-0.01,0.07
23.723,-0.06,0.07,-0.01,0.10
23.733,-0.04,0.07,-0.02,0.09
23.743,-0.06,0.06,-0.01,0.08
23.753,-0.04,0.07,-0.00,0.08
23.763,-0.03,0.06,-0.03,0.07
23.773,-0.06,0.06,-0.02,0.09
23.783,-0.06,0.05,-0.00,0.08
23.793,-0.05,0.07,-0.02,0.08
23.803,-0.03,0.04,-0.01,0.05
23.813,-0.09,0.04,0.01,0.09
23.823,-0.04,0.07,-0.00,0.08
23.833,-0.04,0.05,-0.01,0.07
23.843,-0.04,0.06,-0.01,0.07
23.853,-0.03,0.05,-0.01,0.06
23.862,-0.06,0.05,-0.01,0.08
23.872,-0.03,0.05,-0.01,0.06
23.883,-0.03,0.05,0.00,0.06
23.893,-0.05,0.05,-0.02,0.07
23.902,-0.05,0.04,-0.01,0.06
23.913,-0.03,0.04,-0.01,0.05
23.922,-0.03,0.05,-0.00,0.05
23.932,-0.03,0.06,-0.01,0.07
23.942,-0.03,0.07,0.01,0.07
23.952,-0.05,0.05,-0.00,0.07
23.962,-0.06,0.07,-0.01,0.09
23.972,-0.05,0.08,-0.01,0.09
23.982,-0.07,0.07,0.01,0.10
23.992,-0.05,0.06,-0.00,0.08
24.002,-0.07,0.06,-0.00,0.10
24.012,-0.03,0.04,-0.00,0.05
24.022,-0.05,0.05,-0.02,0.07
24.032,-0.03,0.05,-0.01,0.06
24.042,-0.05,0.05,0.01,0.07
24.052,-0.03,0.07,-0.01,0.07
24.062,-0.02,0.06,-0.01,0.06
24.072,-0.02,0.06,-0.01,0.06
24.082,-0.02,0.07,-0.02,0.08
24.092,-0.03,0.07,-0.03,0.08
24.102,0.00,0.06,-0.02,0.06
24.112,-0.04,0.07,-0.02,0.08
24.122,-0.07,0.10,-0.02,0.13
24.132,-0.08,0.07,-0.03,0.11
24.142,0.07,0.10,0.00,0.12
24.152,-0.04,0.00,-0.01,0.04
24.162,0.15,0.01,0.04,0.15
24.172,0.10,-0.02,0.02,0.10
24.182,0.18,0.02,-0.00,0.18
24.192,0.05,0.09,-0.04,0.11
24.202,0.07,0.14,-0.06,0.17
24.212,-0.09,0.12,-0.08,0.17
24.222,-0.03,0.09,-0.00,0.10
24.232,-0.28,-0.05,0.03,0.29
24.242,0.00,-0.07,0.05,0.08
24.252,-0.08,-0.03,0.04,0.09
24.262,0.03,0.07,0.00,0.08
24.272,-0.02,0.10,-0.03,0.11
24.282,0.10,0.14,-0.06,0.19
24.292,-0.07,0.13,-0.05,0.15
24.302,-0.06,0.03,-0.02,0.07
24.312,-0.09,0.01,0.02,0.09
24.322,-0.12,-0.05,0.04,0.13
24.332,-0.05,0.02,0.05,0.08
24.342,-0.06,0.04,-0.00,0.07
24.352,0.03,0.13,-0.02,0.13
24.362,0.04,0.11,-0.04,0.13
24.372,0.08,0.12,-0.04,0.15
24.382,0.03,0.04,-0.01,0.05
24.392,0.02,0.00,0.01,0.03
24.402,0.01,-0.02,0.02,0.03
24.412,-0.01,-0.00,0.01,0.01
24.422,-0.05,0.06,-0.01,0.08
24.432,-0.04,0.09,-0.03,0.11
24.442,-0.12,0.10,-0.06,0.16
24.452,-0.10,0.08,-0.06,0.14
24.462,-0.11,0.04,-0.01,0.12
24.472,-0.10,0.02,0.00,0.10
24.482,-0.09,0.01,0.02,0.09
24.492,-0.03,0.03,0.01,0.05
24.502,-0.01,0.05,-0.01,0.05
24.512,0.01,0.08,-0.03,0.08
24.521,0.02,0.06,-0.04,0.07
24.531,0.01,0.06,-0.01,0.06
24.541,0.03,0.01,-0.02,0.04
24.551,0.02,0.01,0.00,0.02
24.562,-0.04,0.01,0.01,0.05
24.571,-0.03,0.04,-0.01,0.05
24.581,-0.09,0.08,-0.03,0.12
24.591,-0.12,0.10,-0.03,0.16
24.601,-0.19,0.04,-0.04,0.19
24.611,-0.08,0.08,-0.00,0.11
24.621,-0.16,0.03,-0.01,0.16
24.631,-0.05,0.05,-0.00,0.07
24.641,-0.12,0.03,-0.01,0.13
24.651,-0.03,0.07,-0.00,0.08
24.661,-0.01,0.06,-0.01,0.07
24.671,0.03,0.07,-0.02,0.08
24.681,0.04,0.04,-0.02,0.06
24.691,0.05,0.04,-0.00,0.07
24.701,0.14,0.03,0.00,0.14
24.711,-0.02,0.04,0.01,0.05
24.721,0.02,0.04,-0.02,0.04
24.731,-0.14,0.09,0.00,0.16
24.741,-0.10,0.06,-0.00,0.12
24.751,-0.19,0.08,-0.00,0.20
24.761,-0.14,0.06,-0.02,0.16
24.771,-0.17,0.08,-0.01,0.19
24.781,-0.16,0.06,0.00,0.17
24.791,-0.09,0.06,0.00,0.11
24.801,-0.15,0.05,0.01,0.16
24.811,-0.05,0.08,0.00,0.10
24.821,-0.08,0.05,-0.02,0.09
24.831,0.02,0.07,0.00,0.08
24.841,-0.02,0.05,-0.02,0.06
24.851,-0.01,0.05,-0.00,0.05
24.861,-0.02,0.06,-0.01,0.06
24.871,-0.08,0.08,-0.01,0.11
24.881,-0.07,0.08,-0.01,0.10
24.891,-0.11,0.06,-0.01,0.13
24.901,-0.11,0.05,0.00,0.12
24.911,-0.15,0.03,0.00,0.16
24.921,-0.14,0.05,-0.00,0.14
24.931,-0.13,0.06,-0.03,0.15
24.941,-0.12,0.08,-0.02,0.15
24.951,-0.09,0.07,-0.02,0.11
24.961,-0.09,0.07,-0.02,0.11
24.971,-0.08,0.05,-0.02,0.09
24.981,-0.07,0.03,-0.01,0.07
24.991,-0.05,0.03,0.01,0.06
25.001,-0.05,0.03,-0.02,0.06
25.011,-0.07,0.06,-0.01,0.09
25.021,-0.06,0.07,-0.01,0.09
25.031,-0.06,0.05,-0.02,0.08
25.041,-0.09,0.05,-0.01,0.11
25.051,-0.08,0.03,-0.00,0.09
25.061,-0.09,0.05,-0.01,0.11
25.071,-0.10,0.06,0.00,0.12
25.081,-0.10,0.06,-0.01,0.12
25.091,-0.10,0.08,-0.00,0.13
25.101,-0.08,0.08,-0.00,0.11
25.111,-0.05,0.06,-0.00,0.08
25.121,-0.02,0.05,-0.00,0.06
25.131,-0.00,0.05,0.01,0.05
25.141,0.03,0.03,-0.00,0.05
25.151,0.05,0.03,-0.02,0.06
25.161,0.09,0.04,-0.01,0.10
25.170,0.11,0.03,0.00,0.11
25.181,0.07,0.05,0.00,0.09
25.190,0.07,0.03,-0.01,0.07
25.201,0.05,0.04,-0.01,0.06
25.211,0.01,0.03,-0.01,0.03
25.221,-0.07,0.05,-0.00,0.08
25.230,-0.07,0.06,0.00,0.09
25.240,-0.12,0.04,-0.00,0.13
25.250,-0.11,0.05,-0.00,0.13
25.261,-0.11,0.05,-0.00,0.12
25.270,-0.08,0.07,-0.02,0.10
25.280,-0.06,0.06,-0.02,0.09
25.290,-0.03,0.06,-0.02,0.07
25.300,-0.01,0.06,-0.02,0.06
25.310,0.00,0.05,0.00,0.05
25.320,0.02,0.06,-0.01,0.06
25.330,0.02,0.06,-0.00,0.06
25.340,0.01,0.05,-0.01,0.05
25.350,-0.02,0.03,-0.00,0.04
25.360,-0.04,0.04,-0.01,0.06
25.370,-0.08,0.05,-0.00,0.09
25.380,-0.11,0.05,0.01,0.12
25.390,-0.13,0.06,-0.01,0.15
25.400,-0.13,0.05,0.00,0.14
25.410,-0.12,0.04,-0.01,0.13
25.420,-0.12,0.03,-0.01,0.13
25.430,-0.09,0.05,-0.01,0.10
25.440,-0.08,0.04,-0.02,0.09
25.450,-0.06,0.03,-0.01,0.07
25.460,-0.06,0.04,-0.02,0.07
25.470,-0.01,0.04,-0.01,0.05
25.480,-0.02,0.05,-0.01,0.06
25.490,-0.02,0.03,-0.01,0.04
25.500,-0.03,0.05,0.00,0.06
25.510,-0.04,0.05,0.00,0.06
25.520,-0.07,0.05,-0.02,0.09
25.530,-0.07,0.05,-0.02,0.09
25.540,-0.07,0.06,-0.01,0.10
25.550,-0.09,0.07,-0.02,0.12
25.560,-0.08,0.05,-0.02,0.10
25.570,-0.09,0.04,-0.01,0.10
25.580,-0.04,0.05,0.00,0.07
25.590,-0.07,0.07,-0.01,0.10
25.600,-0.00,0.06,-0.01,0.06
25.610,-0.03,0.07,-0.01,0.08
25.620,0.01,0.05,-0.00,0.05
25.630,-0.01,0.04,0.01,0.04
25.640,0.00,0.02,-0.03,0.03
25.650,-0.01,0.05,-0.01,0.05
25.660,0.02,0.03,-0.01,0.04
25.670,-0.05,0.07,0.00,0.09
25.680,-0.02,0.04,-0.01,0.04
25.690,-0.04,0.05,-0.01,0.07
25.700,-0.06,0.04,-0.01,0.08
25.710,-0.04,0.04,-0.01,0.05
25.720,-0.04,0.05,0.01,0.07
25.730,-0.04,0.05,0.00,0.06
25.740,-0.06,0.06,-0.01,0.09
25.750,-0.03,0.06,-0.01,0.06
25.760,-0.03,0.05,-0.01,0.06
25.770,0.00,0.04,-0.00,0.04
25.780,-0.02,0.05,-0.01,0.06
25.790,-0.02,0.07,-0.02,0.07
25.800,-0.04,0.05,-0.02,0.07
25.810,-0.05,0.06,-0.01,0.08
25.820,-0.04,0.05,-0.01,0.07
25.829,-0.05,0.05,0.00,0.07
25.840,-0.05,0.04,-0.00,0.07
25.850,-0.08,0.06,-0.00,0.10
25.860,-0.08,0.05,-0.01,0.10
25.869,-0.08,0.06,-0.01,0.10
25.879,-0.08,0.06,-0.02,0.10
25.889,-0.07,0.04,-0.01,0.09
25.899,-0.04,0.04,-0.01,0.06
25.909,-0.06,0.04,-0.01,0.07
25.919,-0.03,0.05,-0.02,0.06
25.929,-0.05,0.05,-0.01,0.07
25.939,-0.02,0.06,-0.01,0.07
25.949,-0.03,0.03,-0.02,0.05
25.959,-0.06,0.05,-0.01,0.08
25.969,-0.07,0.06,-0.01,0.09
25.979,-0.06,0.03,-0.02,0.07
25.989,-0.07,0.06,-0.00,0.09
25.999,-0.09,0.06,-0.02,0.11
26.009,-0.09,0.06,-0.01,0.11
26.019,-0.07,0.06,0.00,0.09
26.029,-0.08,0.06,-0.00,0.10
26.039,-0.06,0.04,-0.02,0.08
26.049,-0.07,0.07,-0.01,0.10
26.059,-0.05,0.06,-0.01,0.08
26.069,-0.05,0.06,-0.02,0.08
26.079,-0.05,0.06,-0.00,0.08
26.089,-0.05,0.04,-0.01,0.06
26.099,-0.04,0.05,0.00,0.06
26.109,-0.04,0.06,-0.00,0.07
26.119,-0.05,0.04,-0.01,0.07
26.129,-0.02,0.05,0.01,0.05
26.139,-0.03,0.05,-0.00,0.06
26.149,-0.01,0.03,-0.02,0.04
26.159,-0.01,0.03,-0.02,0.04
26.169,-0.00,0.04,-0.02,0.04
26.179,0.01,0.04,-0.01,0.04
26.189,-0.02,0.03,-0.02,0.04
26.199,-0.00,0.04,-0.01,0.04
26.209,0.02,0.02,-0.01,0.03
26.219,0.01,0.02,-0.01,0.03
26.229,0.00,0.04,-0.00,0.04
26.239,-0.00,0.04,-0.02,0.04
26.249,0.01,0.04,-0.02,0.05
26.259,-0.01,0.04,-0.01,0.04
26.269,-0.02,0.05,0.00,0.05
26.279,-0.06,0.03,-0.01,0.06
26.289,-0.05,0.05,0.01,0.08
26.299,-0.06,0.04,-0.00,0.07
26.309,-0.04,0.07,-0.00,0.08
26.319,-0.06,0.07,0.00,0.09
26.329,-0.04,0.07,-0.00,0.08
26.339,-0.03,0.05,0.01,0.06
26.349,-0.05,0.06,0.00,0.08
26.359,-0.02,0.05,-0.01,0.05
26.369,-0.05,0.06,-0.01,0.08
26.379,-0.04,0.05,-0.01,0.06
26.389,-0.05,0.05,-0.01,0.07
26.399,-0.04,0.05,-0.01,0.06
26.409,-0.04,0.04,-0.00,0.06
26.419,-0.06,0.03,-0.02,0.07
26.429,-0.06,0.06,-0.02,0.09
26.439,-0.09,0.04,-0.02,0.10
26.449,-0.05,0.05,0.00,0.08
26.459,-0.06,0.06,-0.01,0.08
26.469,-0.07,0.06,-0.01,0.09
26.479,-0.08,0.05,-0.01,0.09
26.489,-0.06,0.05,-0.02,0.08
26.499,-0.07,0.05,-0.01,0.09
26.508,-0.04,0.04,-0.01,0.06
26.519,-0.04,0.04,0.00,0.06
26.529,-0.04,0.05,-0.02,0.07
26.538,-0.05,0.05,-0.02,0.07
26.548,-0.06,0.05,-0.01,0.09
26.558,-0.05,0.04,-0.01,0.07
26.568,-0.07,0.05,-0.00,0.08
26.578,-0.07,0.05,0.00,0.09
26.588,-0.09,0.05,-0.01,0.11
26.598,-0.05,0.05,-0.01,0.07
26.608,-0.05,0.06,-0.01,0.08
26.618,-0.04,0.05,-0.01,0.06
26.628,-0.04,0.05,-0.01,0.07
26.638,-0.03,0.03,-0.00,0.04
26.648,-0.02,0.04,-0.01,0.04
26.658,-0.01,0.04,-0.01,0.05
26.668,-0.02,0.04,-0.00,0.04
26.678,-0.03,0.05,0.00,0.06
26.688,-0.02,0.05,-0.01,0.05
26.698,-0.03,0.05,-0.00,0.05
26.708,-0.05,0.04,-0.01,0.06
26.718,-0.03,0.04,-0.01,0.05
26.728,-0.03,0.04,-0.02,0.05
26.738,-0.03,0.04,-0.01,0.05
26.748,-0.04,0.04,-0.01,0.06
26.758,-0.03,0.04,0.00,0.05
26.768,-0.04,0.05,0.00,0.06
26.778,-0.02,0.05,-0.01,0.05
26.788,-0.01,0.04,-0.01,0.04
26.798,-0.02,0.03,-0.00,0.04
26.808,-0.02,0.04,-0.01,0.05
26.818,-0.03,0.04,-0.01,0.06
26.828,-0.03,0.05,-0.01,0.06
26.838,-0.04,0.06,-0.01,0.07
26.848,-0.03,0.05,-0.00,0.06
26.858,-0.08,0.04,-0.01,0.09
26.868,-0.06,0.05,-0.00,0.07
26.878,-0.02,0.04,-0.01,0.04
26.888,-0.03,0.04,-0.02,0.05
26.898,-0.02,0.04,-0.02,0.05
26.908,-0.02,0.05,-0.01,0.05
26.918,-0.01,0.04,-0.01,0.05
26.928,-0.04,0.06,-0.01,0.07
26.938,-0.04,0.04,-0.01,0.05
26.948,-0.03,0.03,0.00,0.05
26.958,-0.08,0.04,-0.01,0.09
26.968,-0.10,0.06,-0.00,0.12
26.978,-0.10,0.06,-0.02,0.11
26.988,-0.07,0.07,-0.02,0.10
26.998,-0.07,0.04,-0.00,0.08
27.008,-0.10,0.05,-0.01,0.11
27.018,-0.06,0.04,-0.02,0.08
27.028,-0.05,0.04,-0.01,0.07
27.038,-0.03,0.06,-0.01,0.07
27.048,-0.06,0.06,-0.02,0.09
27.058,0.01,0.06,-0.01,0.06
27.068,-0.06,0.02,-0.01,0.06
27.078,-0.04,0.04,0.00,0.06
27.088,-0.02,0.03,0.01,0.04
27.098,-0.04,0.05,-0.01,0.06
27.108,-0.03,0.05,-0.02,0.07
27.118,-0.04,0.05,-0.01,0.06
27.128,-0.02,0.05,-0.02,0.06
27.138,-0.07,0.02,-0.01,0.08
27.147,-0.06,0.04,-0.01,0.07
27.158,-0.01,0.01,-0.01,0.02
27.167,-0.13,-0.00,-0.04,0.14
27.177,0.69,0.06,0.04,0.70
27.187,0.28,0.00,0.00,0.28
27.197,0.31,-0.02,-0.05,0.31
27.207,-0.03,0.03,-0.01,0.05
27.217,1.09,0.06,0.03,1.09
27.227,0.34,0.00,0.00,0.34
27.237,0.43,0.06,0.00,0.44
27.247,0.53,0.03,-0.01,0.53
27.257,0.69,0.09,-0.01,0.69
27.267,0.14,0.08,0.01,0.16
27.277,0.43,0.11,0.01,0.45
27.287,0.55,0.08,0.01,0.55
27.297,0.20,0.12,0.01,0.23
27.307,0.33,0.13,0.02,0.36
27.317,0.30,0.08,-0.01,0.31
27.327,0.43,0.16,0.04,0.47
27.337,0.30,0.09,0.02,0.31
27.347,0.34,0.16,0.04,0.38
27.357,0.37,0.11,0.01,0.39
27.367,0.63,0.16,0.03,0.65
27.377,0.29,0.11,0.05,0.31
27.387,0.46,0.14,0.04,0.48
27.397,0.54,0.03,-0.00,0.55
27.407,0.56,0.05,0.00,0.56
27.417,0.25,0.09,0.02,0.26
27.427,0.62,0.03,-0.02,0.62
27.437,0.47,0.04,-0.03,0.48
27.447,0.49,0.05,0.00,0.49
27.457,0.48,0.03,-0.01,0.48
27.467,0.36,0.00,-0.00,0.36
27.477,0.67,-0.03,0.01,0.67
27.487,0.48,-0.10,0.00,0.49
27.497,0.15,-0.11,-0.01,0.18
27.507,0.66,0.01,0.02,0.66
27.517,0.57,-0.12,-0.04,0.58
27.527,0.30,0.05,0.04,0.30
27.537,0.39,-0.15,-0.00,0.41
27.547,0.60,-0.10,0.01,0.61
27.557,0.57,-0.17,-0.01,0.59
27.567,0.43,-0.01,0.01,0.43
27.577,0.19,0.08,-0.15,0.25
27.587,0.88,0.08,-0.04,0.89
27.597,0.42,-0.10,-0.03,0.43
27.607,0.55,-0.17,0.08,0.58
27.617,0.48,-0.23,0.11,0.54
27.627,0.73,-0.31,0.08,0.80
27.637,0.61,-0.18,0.05,0.63
27.647,0.52,-0.17,-0.12,0.56
27.657,0.64,0.09,-0.21,0.68
27.667,0.74,0.32,-0.16,0.82
27.677,0.50,0.08,-0.26,0.57
27.687,0.54,0.15,-0.11,0.57
27.697,0.73,0.43,0.24,0.88
27.707,0.10,-0.47,0.05,0.49
27.717,0.67,-0.21,0.16,0.73
27.727,0.16,-0.00,0.20,0.26
27.737,0.54,0.03,0.10,0.55
27.747,0.29,0.13,0.03,0.31
27.757,0.52,0.19,-0.06,0.56
27.767,0.45,0.03,-0.15,0.48
27.776,0.56,0.38,-0.10,0.69
27.786,0.71,0.48,-0.01,0.86
27.797,0.42,0.00,-0.06,0.43
27.807,0.53,0.17,0.14,0.57
27.817,0.45,-0.26,0.04,0.52
27.827,0.43,0.32,0.23,0.58
27.836,0.49,-0.46,-0.07,0.68
27.846,0.46,0.42,0.05,0.62
27.856,0.53,-0.10,-0.28,0.61
27.866,0.59,0.47,-0.12,0.76
27.876,0.76,0.58,0.10,0.96
27.886,0.18,-0.37,-0.09,0.42
27.896,0.77,0.23,0.20,0.82
27.906,0.19,-0.55,-0.04,0.59
27.916,0.60,0.48,0.20,0.79
27.926,0.50,0.15,0.03,0.52
27.936,0.47,-0.29,-0.17,0.57
27.946,0.45,0.41,-0.06,0.61
27.956,0.73,0.30,-0.12,0.80
27.966,0.47,0.34,-0.10,0.59
27.976,0.63,0.32,0.12,0.72
27.986,0.44,0.10,0.19,0.49
27.996,0.25,-0.42,0.05,0.49
28.006,0.79,0.46,0.27,0.95
28.016,0.09,-0.19,-0.09,0.23
28.026,0.55,0.57,0.03,0.80
28.036,0.31,0.08,-0.20,0.37
28.046,0.83,0.80,0.05,1.15
28.056,0.13,-0.20,-0.22,0.32
28.066,0.58,0.26,-0.03,0.63
28.076,0.25,0.12,-0.00,0.28
28.086,1.08,0.44,0.09,1.17
28.096,0.13,0.40,0.26,0.50
28.106,0.53,-0.36,0.09,0.65
28.116,0.35,0.14,0.28,0.47
28.126,0.42,-0.30,0.04,0.52
28.136,0.47,0.66,0.17,0.83
28.146,0.57,-0.04,-0.14,0.59
28.156,0.61,0.99,0.07,1.16
28.166,0.39,0.02,-0.20,0.44
28.176,0.47,0.24,-0.10,0.53
28.186,0.75,0.56,0.08,0.94
28.196,0.43,-0.05,-0.06,0.43
28.206,0.56,0.30,-0.01,0.64
28.216,0.26,0.21,-0.05,0.33
28.226,0.41,0.74,0.16,0.86
28.236,0.20,-0.08,-0.05,0.22
28.246,0.41,0.34,0.10,0.54
28.256,0.10,0.51,0.12,0.54
28.266,0.13,-0.09,-0.13,0.21
28.276,0.29,0.32,-0.07,0.43
28.286,0.05,0.56,-0.03,0.56
28.296,0.36,0.43,0.03,0.56
28.306,0.08,0.40,0.13,0.43
28.316,-0.03,-0.23,0.03,0.24
28.326,0.19,0.22,0.10,0.31
28.336,0.02,0.17,-0.15,0.22
28.346,0.20,0.60,-0.14,0.65
28.356,0.14,0.34,-0.28,0.46
28.366,0.24,0.72,-0.17,0.78
28.376,0.02,0.42,-0.07,0.43
28.386,0.21,0.51,0.31,0.64
28.396,-0.26,-0.34,0.20,0.47
28.405,0.10,-0.16,0.25,0.31
28.416,-0.02,0.59,0.43,0.73
28.426,-0.12,0.24,0.18,0.33
28.436,-0.00,-0.06,-0.07,0.09
28.445,0.13,0.63,-0.04,0.64
28.456,-0.24,0.40,-0.23,0.52
28.465,-0.05,0.03,-0.45,0.45
28.476,0.23,1.39,0.02,1.41
28.486,0.02,0.09,-0.22,0.24
28.496,0.13,0.91,0.26,0.95
28.505,-0.32,-0.01,0.20,0.38
28.516,-0.04,-0.24,0.25,0.35
28.525,-0.11,0.15,0.34,0.39
28.536,-0.14,0.29,0.16,0.36
28.546,-0.02,0.10,-0.20,0.22
28.556,0.03,0.62,-0.38,0.72
28.565,0.13,1.51,-0.02,1.52
28.576,-0.12,0.08,-0.50,0.52
28.585,0.08,0.52,-0.15,0.54
28.596,0.18,1.35,0.51,1.45
28.605,-0.21,-0.50,0.21,0.58
28.616,-0.37,-0.15,0.48,0.62
28.625,-0.18,-0.31,0.31,0.47
28.635,-0.02,0.03,-0.18,0.18
28.645,0.10,0.62,-0.44,0.77
28.655,0.24,1.86,-0.16,1.88
28.665,0.17,0.35,-0.62,0.73
28.675,0.02,1.15,0.00,1.15
28.685,-0.01,0.06,0.19,0.20
28.695,-0.03,-0.51,0.14,0.52
28.705,-0.01,0.08,0.52,0.52
28.715,-0.10,-0.16,0.23,0.30
28.725,0.05,0.34,0.07,0.35
28.735,0.09,0.51,-0.09,0.52
28.745,-0.10,0.41,-0.23,0.48
28.755,0.17,0.66,-0.13,0.69
28.765,0.09,0.32,-0.10,0.34
28.775,-0.07,0.30,0.05,0.31
28.785,0.00,0.31,0.21,0.37
28.795,-0.04,-0.31,-0.03,0.32
28.805,0.42,0.74,0.21,0.88
28.815,-0.52,-0.01,-0.21,0.56
28.825,0.34,0.38,-0.23,0.56
28.835,-0.06,0.65,-0.29,0.72
28.845,0.49,1.14,0.07,1.24
28.855,-0.21,0.20,0.12,0.32
28.865,-0.05,0.02,0.30,0.30
28.875,0.08,-0.03,0.37,0.38
28.885,-0.30,-0.19,0.16,0.39
28.895,0.02,0.19,-0.05,0.20
28.905,0.31,0.65,-0.23,0.76
28.915,0.08,1.20,0.09,1.20
28.925,-0.03,0.59,0.11,0.60
28.935,-0.20,-0.59,-0.07,0.63
28.945,0.07,0.66,0.47,0.81
28.955,-0.36,-0.95,-0.26,1.05
28.965,0.26,0.81,-0.17,0.86
28.975,0.26,0.89,-0.33,0.99
28.985,0.15,0.99,-0.34,1.06
28.995,0.36,0.74,-0.02,0.83
29.005,-0.25,-0.05,0.10,0.28
29.015,-0.09,-0.42,0.35,0.56
29.025,-0.03,-0.63,0.12,0.65
29.035,0.06,0.54,0.09,0.55
29.045,0.13,0.48,-0.28,0.57
29.055,0.21,0.73,-0.39,0.85
29.065,0.03,1.43,-0.00,1.43
29.075,-0.08,0.26,0.09,0.29
29.085,-0.22,-0.71,-0.06,0.74
29.095,-0.12,-0.21,0.26,0.35
29.104,-0.22,-0.20,-0.02,0.30
29.115,0.52,1.13,0.05,1.25
29.124,-0.22,1.08,0.18,1.12
29.135,-0.11,0.74,0.39,0.85
29.145,-0.27,-1.21,-0.07,1.24
29.154,-0.47,0.26,0.38,0.66
29.164,0.09,0.03,-0.01,0.09
29.174,0.16,1.25,0.01,1.26
29.184,-0.12,0.40,-0.35,0.55
29.195,0.05,0.93,-0.11,0.93
29.204,-0.11,0.38,-0.10,0.41
29.214,-0.06,0.24,0.01,0.25
29.224,0.16,0.51,0.21,0.57
29.234,-0.41,0.01,0.07,0.42
29.244,0.12,-0.09,-0.07,0.17
29.254,0.15,0.76,-0.02,0.77
29.264,-0.01,0.50,-0.16,0.53
29.274,-0.01,0.26,-0.35,0.44
29.284,0.19,0.64,-0.14,0.69
29.294,0.21,0.87,0.10,0.90
29.304,-0.05,0.12,0.25,0.28
29.314,-0.27,-0.28,0.26,0.47
29.324,-0.04,-0.47,0.23,0.53
29.334,0.25,0.67,0.31,0.78
29.344,-0.45,-0.87,-0.56,1.13
29.354,0.27,1.73,0.06,1.75
29.364,0.38,0.26,-0.46,0.65
29.374,-0.09,0.66,-0.27,0.72
29.384,0.41,0.81,0.20,0.93
29.394,-0.50,-0.28,0.08,0.57
29.404,0.18,-0.18,0.25,0.36
29.414,-0.14,-0.09,0.25,0.30
29.424,0.12,0.66,0.34,0.76
29.434,-0.06,0.04,-0.08,0.10
29.444,0.13,1.11,0.33,1.17
29.454,-0.14,-0.04,0.02,0.15
29.464,-0.29,-0.19,-0.12,0.37
29.474,0.51,0.75,0.02,0.90
29.484,-0.32,0.20,-0.35,0.51
29.494,0.44,0.82,-0.12,0.94
29.504,-0.04,0.04,-0.38,0.39
29.514,0.05,0.87,0.03,0.87
29.524,0.28,0.27,0.20,0.43
29.534,-0.09,0.11,0.35,0.38
29.544,-0.21,-0.49,0.30,0.61
29.554,-0.03,0.18,0.34,0.39
29.564,-0.01,-0.00,-0.05,0.05
29.574,-0.00,0.77,-0.04,0.77
29.584,0.26,1.10,0.03,1.13
29.594,-0.33,-0.35,-0.42,0.64
29.604,0.35,0.76,0.00,0.83
29.614,-0.26,0.23,-0.12,0.37
29.624,0.27,0.21,-0.06,0.35
29.634,-0.13,0.29,-0.10,0.33
29.644,0.41,0.85,0.27,0.98
29.654,-0.37,0.14,0.20,0.45
29.664,-0.04,-0.50,0.13,0.52
29.674,-0.15,0.30,0.26,0.42
29.684,-0.03,-0.17,-0.26,0.31
29.694,0.01,0.45,-0.46,0.65
29.704,0.38,1.01,-0.39,1.15
29.714,0.09,0.63,-0.48,0.80
29.724,0.53,1.20,0.12,1.31
29.734,-0.45,0.15,0.26,0.54
29.744,0.01,-0.24,0.65,0.70
29.754,-0.27,-0.59,0.65,0.92
29.764,-0.29,-0.65,0.49,0.86
29.774,-0.26,0.33,0.27,0.50
29.784,0.22,-0.02,-0.46,0.51
29.794,-0.05,1.25,-0.43,1.32
29.803,0.31,1.43,-0.43,1.53
29.813,-0.16,0.95,-0.41,1.05
29.823,0.03,-0.02,-0.34,0.34
29.833,-0.04,0.08,0.08,0.12
29.843,0.11,-0.03,0.17,0.21
29.853,-0.04,0.22,0.43,0.49
29.863,-0.10,-0.15,0.30,0.35
29.873,-0.10,-0.02,0.26,0.28
29.883,-0.13,0.24,0.08,0.29
29.893,-0.01,-0.02,-0.22,0.22
29.903,0.34,1.61,0.22,1.66
29.913,-0.23,-0.24,-0.30,0.45
29.923,-0.04,0.74,0.14,0.75
29.933,0.07,-0.40,-0.11,0.42
29.943,-0.36,-0.04,-0.18,0.40
29.953,0.33,0.81,0.01,0.88
29.963,-0.04,0.39,-0.21,0.44
29.973,0.14,0.33,-0.13,0.38
29.983,-0.03,0.34,-0.04,0.34
29.993,0.01,-0.14,-0.06,0.15
30.003,0.18,0.57,0.14,0.62
30.013,-0.10,-0.12,-0.09,0.18
30.023,0.13,0.53,0.02,0.55
30.033,0.12,0.53,0.03,0.55
30.043,0.05,0.60,0.22,0.64
30.053,-0.07,0.06,0.22,0.24
30.063,-0.18,-0.12,0.17,0.28
30.073,-0.03,0.28,0.25,0.37
30.083,-0.06,0.11,0.02,0.13
30.093,-0.11,0.54,-0.04,0.56
30.103,0.31,0.71,-0.04,0.78
30.113,-0.28,-0.07,-0.34,0.45
30.123,0.29,1.10,0.11,1.14
30.133,-0.01,-0.15,-0.15,0.22
30.143,0.06,0.21,0.08,0.23
30.153,-0.21,-0.17,-0.05,0.28
30.163,0.37,0.29,-0.01,0.47
30.173,0.16,0.86,0.10,0.88
30.183,-0.08,-0.21,-0.16,0.28
30.193,0.30,1.06,0.43,1.19
30.203,-0.24,-0.71,0.04,0.75
30.213,-0.05,0.42,0.29,0.51
30.223,0.09,0.00,0.09,0.13
30.233,-0.04,-0.13,-0.35,0.38
30.243,0.33,1.04,-0.11,1.10
30.253,-0.04,0.20,-0.50,0.54
30.263,0.60,1.50,0.18,1.62
30.273,-0.30,-0.49,-0.09,0.58
30.283,-0.16,0.09,0.27,0.33
30.293,0.15,0.04,0.46,0.48
30.303,-0.16,-0.09,0.28,0.33
30.313,-0.10,-0.03,0.09,0.13
30.323,-0.21,-0.19,-0.48,0.56
30.333,0.43,1.53,-0.03,1.59
30.343,0.07,0.26,-0.52,0.59
30.353,-0.04,0.62,-0.35,0.72
30.363,0.03,0.04,-0.20,0.21
30.373,0.53,1.79,0.74,2.01
30.383,-0.66,-1.79,-0.19,1.92
30.393,0.10,0.12,0.46,0.48
30.402,-0.40,-0.19,0.21,0.49
30.413,0.25,0.68,0.06,0.73
30.422,-0.01,0.10,-0.34,0.36
30.433,-0.12,1.01,-0.03,1.01
30.442,0.35,1.14,0.29,1.23
30.452,-0.43,-0.90,-0.12,1.01
30.462,-0.12,0.58,0.53,0.79
30.473,-0.23,-0.43,0.14,0.50
30.483,0.17,-0.03,-0.14,0.22
30.493,-0.21,1.05,-0.06,1.07
30.502,0.33,0.58,-0.29,0.72
30.512,-0.08,0.52,-0.35,0.63
30.522,0.04,0.13,-0.25,0.28
30.533,0.01,0.66,-0.06,0.67
30.542,0.13,-0.05,-0.13,0.19
30.552,0.25,0.44,0.05,0.50
30.562,-0.06,0.38,0.17,0.42
30.572,0.09,0.51,0.42,0.67
30.582,-0.26,-0.91,0.06,0.95
30.592,-0.17,0.06,0.27,0.32
30.602,-0.01,0.02,-0.10,0.10
30.612,0.34,1.25,0.11,1.30
30.622,0.12,0.02,-0.33,0.35
30.632,-0.24,0.20,-0.29,0.43
30.642,0.40,0.86,-0.01,0.95
30.652,0.05,-0.06,-0.08,0.11
30.662,-0.06,0.32,0.20,0.38
30.672,-0.09,-0.53,-0.02,0.54
30.682,0.27,0.83,0.43,0.97
30.692,-0.42,-0.45,-0.02,0.61
30.702,0.29,0.71,0.23,0.80
30.712,-0.51,-0.29,-0.28,0.65
30.722,0.43,0.98,-0.07,1.07
30.732,-0.30,0.54,-0.22,0.66
30.742,0.21,0.50,-0.14,0.56
30.752,0.04,0.36,-0.01,0.36
30.762,-0.01,-0.11,-0.01,0.11
30.772,-0.04,0.51,0.26,0.58
30.782,0.06,-0.04,0.14,0.15
30.792,-0.17,-0.35,-0.23,0.45
30.802,0.10,0.76,-0.08,0.77
30.812,0.37,1.42,0.15,1.47
30.822,-0.10,-0.39,-0.30,0.51
30.832,0.12,0.87,0.31,0.93
30.842,-0.41,-0.59,0.04,0.72
30.852,0.17,-0.12,0.03,0.21
30.862,0.04,0.14,-0.07,0.16
30.872,0.03,0.85,-0.01,0.85
30.882,0.25,0.65,-0.01,0.69
30.892,-0.09,-0.31,-0.23,0.40
30.902,0.10,0.45,0.15,0.48
30.912,-0.20,-0.63,-0.29,0.72
30.922,0.41,0.62,-0.09,0.75
30.932,0.62,0.85,0.05,1.06
30.942,-0.28,-0.37,-0.34,0.58
30.952,0.33,0.71,0.20,0.81
30.962,0.10,-0.24,0.04,0.26
30.972,0.09,-0.16,0.03,0.19
30.982,-0.20,0.03,0.11,0.23
30.992,0.61,1.09,0.51,1.35
31.002,-0.62,-1.04,-0.17,1.22
31.012,0.30,-0.00,-0.09,0.31
31.022,-0.30,0.30,-0.42,0.60
31.032,0.85,1.70,0.01,1.90
31.042,-0.09,0.66,-0.09,0.67
31.052,-0.09,0.27,0.12,0.31
31.062,-0.24,-0.18,0.35,0.46
31.072,-0.11,-0.38,0.36,0.53
31.081,-0.03,-0.04,0.36,0.36
31.092,-0.26,-0.43,-0.28,0.58
31.102,0.31,1.08,-0.14,1.13
31.111,0.28,1.51,-0.09,1.54
31.121,-0.03,0.07,-0.43,0.44
31.131,0.03,1.05,0.23,1.08
31.141,-0.31,-1.50,-0.42,1.59
31.151,0.30,1.26,0.44,1.37
31.161,-0.12,-0.28,-0.05,0.31
31.171,0.35,0.90,0.29,1.00
31.181,-0.37,-0.10,0.17,0.42
31.191,-0.10,-0.09,0.17,0.22
31.201,-0.20,-0.02,0.12,0.23
31.211,-0.13,-0.31,-0.34,0.47
31.221,0.63,2.01,0.30,2.12
31.231,-0.50,-0.60,-0.58,0.98
31.241,0.43,0.78,-0.05,0.89
31.251,-0.20,-0.03,-0.14,0.25
31.261,0.03,0.61,0.23,0.65
31.271,-0.03,-0.90,-0.20,0.92
31.281,0.07,0.44,0.09,0.45
31.291,0.14,1.04,0.32,1.10
31.301,-0.04,0.19,0.17,0.26
31.311,-0.16,-0.08,0.29,0.34
31.321,-0.38,-0.08,0.31,0.50
31.331,-0.12,-0.24,0.12,0.29
31.341,-0.32,-0.20,-0.29,0.48
31.351,0.30,0.99,-0.42,1.12
31.361,0.18,0.52,-0.68,0.87
31.371,0.23,1.74,-0.14,1.76
31.381,-0.08,0.01,-0.29,0.30
31.391,0.26,0.66,0.33,0.79
31.401,-0.35,-0.73,0.33,0.87
31.411,-0.16,-0.02,0.70,0.71
31.421,-0.09,-0.92,0.30,0.97
31.431,-0.11,0.26,0.10,0.30
31.441,0.07,0.45,-0.19,0.49
31.451,-0.10,0.59,-0.38,0.70
31.461,0.60,1.28,-0.13,1.42
31.471,-0.48,0.12,-0.34,0.60
31.481,0.18,0.67,0.28,0.75
31.491,-0.20,-0.57,0.04,0.60
31.501,-0.12,-0.27,0.14,0.33
31.511,0.05,-0.03,0.05,0.08
31.521,0.10,0.87,0.08,0.88
31.531,-0.16,0.11,-0.34,0.39
31.541,0.19,0.14,-0.37,0.44
31.551,0.20,1.13,0.10,1.16
31.561,-0.26,-0.44,-0.27,0.58
31.571,0.48,1.20,0.42,1.36
31.581,-0.30,-0.88,0.01,0.93
31.591,0.21,0.79,0.59,1.00
31.601,-0.49,-0.64,0.10,0.81
31.611,-0.03,-0.97,-0.54,1.11
31.621,0.26,1.80,-0.03,1.82
31.631,0.15,0.14,-0.74,0.77
31.641,0.27,1.34,-0.28,1.40
31.651,0.33,1.34,0.50,1.47
31.661,-0.52,-0.93,0.10,1.08
31.671,0.16,-0.18,0.84,0.88
31.681,-0.27,-1.01,0.56,1.18
31.691,-0.20,-0.90,-0.11,0.93
31.701,0.26,0.90,-0.23,0.96
31.711,0.26,1.14,-0.34,1.22
31.721,0.05,1.58,-0.24,1.60
31.731,-0.03,-0.11,-0.38,0.40
31.741,0.28,0.88,0.37,1.00
31.751,-0.51,-1.08,0.05,1.19
31.760,0.11,-0.35,0.27,0.45
31.771,0.31,0.23,0.25,0.46
31.781,-0.15,0.33,-0.09,0.38
31.791,0.08,0.04,-0.40,0.41
31.801,0.27,1.15,-0.08,1.18
31.811,-0.13,0.19,-0.28,0.36
31.821,0.17,0.51,0.23,0.58
31.830,-0.27,-0.08,0.22,0.36
31.840,-0.06,-0.72,-0.05,0.73
31.850,0.10,0.75,0.24,0.79
31.860,0.05,0.20,-0.13,0.25
31.870,-0.13,0.62,-0.05,0.63
31.880,0.03,-0.37,-0.34,0.51
31.891,-0.11,1.48,0.32,1.52
31.900,0.01,-0.47,0.06,0.47
31.910,-0.18,-0.06,0.15,0.24
31.920,-0.05,0.15,0.15,0.22
31.930,-0.16,0.04,-0.08,0.18
31.940,0.32,0.60,-0.07,0.69
31.950,-0.20,0.23,-0.20,0.36
31.960,0.08,0.69,-0.06,0.69
31.970,-0.05,-0.60,-0.36,0.71
31.980,0.24,1.29,0.28,1.34
31.990,-0.27,-0.50,-0.11,0.58
32.000,0.26,1.05,0.55,1.22
32.010,-0.36,-0.85,0.13,0.93
32.020,-0.11,-0.16,0.15,0.25
32.030,-0.01,0.05,-0.02,0.05
32.040,0.06,0.53,-0.28,0.60
32.050,0.01,0.48,-0.49,0.69
32.060,0.32,1.09,-0.23,1.16
32.070,-0.11,-0.03,-0.55,0.56
32.080,0.21,1.01,0.16,1.04
32.090,-0.07,-0.31,0.05,0.32
32.100,0.08,0.32,0.51,0.61
32.110,-0.37,-0.08,0.62,0.73
32.120,0.02,-0.62,0.38,0.73
32.130,-0.36,-0.64,-0.14,0.75
32.140,0.29,0.91,-0.03,0.96
32.150,-0.05,0.65,-0.55,0.85
32.160,0.51,0.83,-0.57,1.13
32.170,-0.18,1.44,-0.17,1.46
32.180,0.30,0.11,0.10,0.33
32.190,-0.41,0.10,0.41,0.59
32.200,-0.25,-1.42,0.26,1.47
32.210,0.26,0.30,0.74,0.84
32.220,-0.67,-1.00,-0.21,1.22
32.230,0.66,0.99,-0.21,1.21
32.240,-0.17,0.96,-0.45,1.08
32.250,0.24,0.87,-0.60,1.08
32.260,0.10,1.52,0.11,1.53
32.270,-0.22,-0.24,0.04,0.33
32.280,-0.22,-0.66,0.32,0.77
32.290,-0.41,-0.97,0.36,1.12
32.300,0.52,0.82,0.61,1.15
32.310,-0.56,-0.50,-0.07,0.76
32.320,0.28,0.82,-0.03,0.87
32.330,-0.02,0.41,-0.21,0.46
32.340,-0.10,0.48,-0.32,0.59
32.350,0.02,0.05,-0.47,0.47
32.360,0.18,1.17,0.11,1.19
32.370,-0.09,-0.37,-0.16,0.41
32.380,0.16,0.39,0.25,0.49
32.390,-0.22,-0.19,0.33,0.44
32.399,-0.27,-0.42,0.04,0.50
32.409,-0.01,-0.20,-0.17,0.26
32.420,0.25,1.07,-0.08,1.10
32.429,0.09,0.57,-0.26,0.63
32.440,-0.15,0.67,-0.08,0.69
32.450,0.06,0.03,0.08,0.10
32.459,-0.22,-0.37,0.04,0.43
32.470,-0.12,0.16,0.26,0.32
32.479,0.11,0.17,0.10,0.23
32.489,0.06,0.34,-0.02,0.35
32.499,-0.16,0.56,-0.06,0.58
32.509,-0.08,0.22,-0.03,0.24
32.519,-0.19,0.54,0.24,0.62
32.529,-0.39,-0.65,-0.08,0.76
32.539,0.39,1.15,0.44,1.29
32.549,-0.53,-0.62,-0.07,0.82
32.559,0.20,0.63,0.11,0.67
32.569,-0.20,0.03,-0.19,0.27
32.579,0.20,0.74,-0.06,0.77
32.589,-0.15,-0.12,-0.35,0.41
32.599,-0.09,0.34,-0.28,0.46
32.609,0.39,0.84,-0.03,0.93
32.619,0.03,0.30,-0.02,0.30
32.629,-0.17,-0.09,0.13,0.23
32.639,-0.14,-0.32,0.15,0.38
32.649,-0.06,-0.12,0.14,0.19
32.659,0.23,0.53,0.12,0.59
32.669,-0.37,-0.23,-0.19,0.48
32.679,0.29,1.14,0.30,1.22
32.689,-0.39,-0.51,-0.16,0.66
32.699,-0.10,-0.06,0.01,0.12
32.709,-0.01,0.21,0.02,0.22
32.719,-0.11,0.33,0.00,0.35
32.729,0.27,0.82,0.33,0.93
32.739,-0.34,-0.74,-0.10,0.82
32.749,-0.14,0.13,0.16,0.25
32.759,-0.13,-0.47,-0.23,0.54
32.769,0.45,0.97,-0.10,1.07
32.779,-0.32,0.34,-0.40,0.62
32.789,0.36,1.15,-0.07,1.20
32.799,-0.16,-0.06,-0.11,0.20
32.809,-0.14,0.02,0.15,0.21
32.819,0.08,-0.03,0.29,0.30
32.829,-0.15,0.06,0.24,0.29
32.839,-0.08,0.09,0.12,0.17
32.849,0.08,0.34,-0.00,0.35
32.859,-0.12,0.36,-0.20,0.43
32.869,-0.06,0.13,-0.34,0.37
32.879,0.17,0.92,-0.08,0.94
32.889,-0.00,0.08,-0.22,0.23
32.899,0.06,0.30,0.06,0.31
32.909,-0.12,-0.07,0.07,0.16
32.919,0.04,0.06,0.16,0.18
32.929,-0.06,-0.33,-0.10,0.35
32.939,-0.07,0.60,0.04,0.61
32.949,0.41,0.76,0.13,0.87
32.959,-0.61,-0.20,-0.02,0.64
32.969,0.23,0.22,0.26,0.41
32.979,-0.26,-0.39,0.02,0.47
32.989,-0.12,0.17,-0.04,0.21
32.999,-0.05,0.37,-0.12,0.39
33.009,0.29,1.17,0.05,1.20
33.019,-0.14,-0.12,-0.24,0.30
33.029,-0.07,0.32,0.07,0.33
33.039,-0.11,0.28,0.17,0.34
33.049,-0.06,-0.47,-0.19,0.51
33.059,0.15,1.12,0.37,1.19
33.069,0.06,0.29,0.10,0.31
33.078,-0.35,-0.38,-0.04,0.52
33.089,0.14,0.56,0.27,0.64
33.098,-0.36,-0.42,-0.19,0.58
33.109,0.08,0.09,-0.37,0.39
33.118,0.09,0.48,-0.33,0.59
33.128,0.30,1.02,-0.08,1.07
33.138,-0.10,0.20,-0.16,0.27
33.148,0.19,0.69,0.27,0.77
33.158,-0.28,-0.80,0.10,0.85
33.168,-0.14,0.33,0.60,0.70
33.178,-0.14,-0.82,0.19,0.86
33.188,-0.06,0.10,0.10,0.16
33.198,-0.22,0.04,-0.26,0.35
33.208,0.05,0.63,-0.44,0.77
33.218,0.19,0.59,-0.54,0.83
33.228,0.10,1.46,-0.05,1.46
33.238,0.05,0.03,-0.03,0.06
33.248,-0.36,0.06,0.30,0.47
33.258,-0.15,-0.55,0.43,0.71
33.268,-0.18,-0.45,0.29,0.57
33.278,-0.20,0.08,0.15,0.27
33.288,-0.07,0.30,-0.19,0.36
33.298,0.14,1.07,-0.05,1.08
33.308,-0.16,0.37,-0.36,0.54
33.318,0.07,0.54,-0.17,0.57
33.328,0.05,0.55,0.04,0.56
33.338,-0.16,-0.13,-0.01,0.21
33.348,0.08,0.16,0.20,0.28
33.358,-0.26,-0.18,0.09,0.33
33.368,0.11,0.64,0.25,0.70
33.378,-0.37,-0.50,-0.20,0.65
33.388,0.23,0.92,0.09,0.95
33.398,0.03,-0.07,-0.30,0.31
33.408,-0.19,0.29,-0.31,0.47
33.418,0.40,0.44,-0.16,0.61
33.428,-0.01,1.03,0.18,1.05
33.438,-0.04,-0.01,0.23,0.23
33.448,-0.23,-0.16,0.43,0.51
33.458,-0.27,-0.20,0.50,0.60
33.468,-0.29,-1.08,0.01,1.12
33.478,-0.09,0.66,0.06,0.67
33.488,0.27,0.25,-0.41,0.55
33.498,-0.14,0.70,-0.48,0.86
33.508,0.26,1.21,-0.09,1.24
33.518,0.01,0.26,-0.05,0.27
33.528,-0.26,-0.21,0.17,0.38
33.538,0.15,0.15,0.49,0.53
33.548,-0.56,-0.99,0.09,1.14
33.558,0.03,0.43,0.22,0.48
33.568,-0.06,0.06,-0.23,0.25
33.578,0.11,0.92,-0.15,0.93
33.588,-0.17,0.38,-0.32,0.53
33.598,0.14,0.84,-0.05,0.85
33.608,-0.25,-0.07,-0.00,0.26
33.618,-0.05,0.12,0.19,0.23
33.628,-0.26,-0.25,0.17,0.40
33.638,-0.19,-0.05,0.12,0.23
33.648,-0.02,0.39,0.04,0.39
33.658,-0.05,0.08,-0.22,0.24
33.668,-0.11,0.50,-0.13,0.53
33.678,0.31,0.58,-0.06,0.66
33.688,-0.27,0.05,-0.09,0.29
33.698,-0.13,0.09,0.01,0.15
33.707,0.06,0.14,0.07,0.17
33.718,-0.23,-0.13,-0.21,0.34
33.728,0.12,0.21,-0.28,0.37
33.738,-0.11,0.68,-0.27,0.74
33.748,0.30,0.80,-0.05,0.85
33.757,-0.03,0.11,0.06,0.13
33.767,-0.16,0.69,0.63,0.94
33.777,-0.31,-0.65,0.49,0.87
33.788,-0.23,-0.81,0.28,0.89
33.797,-0.19,0.15,0.22,0.33
33.807,-0.27,-0.19,-0.52,0.61
33.817,0.36,1.16,-0.38,1.27
33.828,0.08,1.23,-0.34,1.28
33.837,-0.00,0.43,-0.37,0.57
33.847,-0.01,0.49,0.13,0.50
33.857,-0.44,-0.82,-0.04,0.93
33.867,0.23,0.31,0.64,0.75
33.877,-0.33,0.12,0.66,0.74
33.887,-0.00,-0.99,0.10,0.99
33.897,-0.43,0.45,0.17,0.65
33.907,0.02,-0.38,-0.60,0.71
33.917,-0.16,0.90,-0.51,1.05
33.927,0.55,1.40,-0.33,1.53
33.937,-0.54,-0.28,-0.92,1.11
33.947,0.79,1.99,0.34,2.17
33.957,-0.24,-0.16,0.16,0.33
33.967,-0.28,-0.66,0.38,0.81
33.977,-0.33,-0.19,0.87,0.95
33.987,-0.22,-0.93,0.40,1.03
33.997,-0.06,-0.31,-0.03,0.31
34.007,-0.23,0.58,-0.21,0.66
34.017,0.32,1.92,0.05,1.95
34.027,-0.32,0.00,-0.65,0.72
34.037,0.23,1.22,0.13,1.25
34.047,-0.34,-0.34,-0.09,0.49
34.057,-0.17,-0.06,0.19,0.26
34.067,-0.19,-0.79,-0.12,0.82
34.077,-0.06,0.44,-0.11,0.46
34.087,0.68,0.91,0.03,1.14
34.097,-0.71,0.32,-0.24,0.82
34.107,0.32,0.49,0.07,0.59
34.117,-0.23,-0.22,0.03,0.32
34.127,-0.13,0.32,0.35,0.49
34.137,-0.23,-0.27,0.10,0.37
34.147,0.26,0.10,0.01,0.27
34.157,-0.22,0.41,-0.07,0.47
34.167,-0.09,0.56,-0.05,0.57
34.177,-0.07,-0.34,-0.43,0.55
34.187,0.01,0.81,-0.02,0.81
34.197,0.24,0.99,0.26,1.05
34.207,-0.52,-0.67,-0.10,0.86
34.217,0.24,0.36,0.28,0.51
34.227,-0.52,-0.45,-0.01,0.68
34.237,0.35,0.70,0.15,0.80
34.247,-0.33,-0.49,-0.41,0.72
34.257,0.30,1.47,0.20,1.51
34.267,-0.14,0.06,-0.10,0.18
34.277,-0.16,0.17,0.13,0.27
34.287,0.08,-0.18,0.12,0.23
34.297,-0.54,-0.30,-0.06,0.62
34.307,0.47,0.76,0.07,0.90
34.317,-0.13,0.34,-0.13,0.39
34.327,-0.06,0.40,-0.05,0.41
34.337,-0.00,0.26,0.03,0.26
34.347,-0.50,-0.65,-0.24,0.85
34.357,0.42,1.01,0.29,1.13
34.367,-0.17,0.27,0.03,0.32
34.377,-0.21,-0.26,-0.15,0.37
34.387,0.13,0.83,0.24,0.88
34.396,-0.28,-0.01,0.07,0.29
34.406,-0.23,-0.21,0.02,0.31
34.417,-0.07,-0.25,-0.12,0.28
34.427,-0.23,0.53,-0.21,0.62
34.437,0.32,1.00,-0.01,1.05
34.446,-0.27,0.06,-0.32,0.42
34.456,0.06,0.46,-0.01,0.46
34.467,-0.22,0.29,0.17,0.40
34.476,0.01,0.27,0.31,0.41
34.486,-0.41,-1.10,-0.18,1.19
34.496,0.12,1.15,0.34,1.21
34.506,-0.10,-0.05,-0.11,0.16
34.516,-0.25,0.70,0.04,0.74
34.526,-0.11,-0.13,-0.20,0.26
34.536,-0.08,0.30,-0.20,0.37
34.546,0.06,0.21,-0.22,0.31
34.556,-0.15,0.78,0.00,0.79
34.566,0.12,0.49,0.09,0.52
34.576,-0.37,-0.88,-0.18,0.97
34.586,0.11,1.58,0.92,1.83
34.596,-0.58,-1.14,0.19,1.29
34.606,-0.31,0.07,0.42,0.52
34.616,-0.11,-0.42,-0.01,0.44
34.626,-0.25,0.63,-0.15,0.69
34.636,0.15,1.29,-0.02,1.30
34.646,-0.22,-0.20,-0.63,0.70
34.656,0.25,0.91,-0.20,0.96
34.666,-0.33,0.45,-0.09,0.56
34.676,0.10,-0.27,-0.26,0.39
34.686,-0.14,0.50,0.17,0.55
34.696,-0.00,0.33,0.31,0.45
34.706,-0.24,0.19,0.34,0.46
34.716,-0.17,-0.15,0.32,0.40
34.726,-0.28,-0.19,0.21,0.40
34.736,-0.08,0.55,0.18,0.58
34.746,-0.25,-0.86,-0.71,1.15
34.756,0.30,1.94,0.08,1.97
34.766,-0.05,0.16,-0.48,0.51
34.776,-0.17,0.72,-0.26,0.79
34.786,-0.13,-0.42,-0.30,0.54
34.796,0.25,1.24,0.44,1.34
34.806,-0.22,-0.75,0.01,0.78
34.816,-0.19,0.35,0.46,0.61
34.826,0.05,-0.21,0.38,0.44
34.836,-0.55,-0.21,0.20,0.62
34.846,0.07,-0.02,-0.08,0.11
34.856,-0.10,0.57,-0.23,0.62
34.866,0.11,0.83,-0.25,0.88
34.876,0.02,0.48,-0.44,0.65
34.886,-0.15,0.52,-0.31,0.62
34.896,0.14,0.54,-0.02,0.56
34.906,-0.03,0.18,0.19,0.26
34.916,-0.27,-0.69,-0.00,0.74
34.926,-0.13,0.34,0.36,0.52
34.936,-0.02,-0.04,0.16,0.16
34.946,-0.15,0.49,0.22,0.55
34.956,-0.11,-0.14,-0.11,0.21
34.966,0.01,0.82,0.11,0.83
34.976,-0.02,0.54,0.11,0.55
34.986,-0.25,-0.17,-0.01,0.30
34.996,-0.08,0.15,0.10,0.20
35.006,-0.41,-0.46,-0.25,0.67
35.016,0.35,1.10,0.01,1.16
35.026,-0.31,-0.20,-0.42,0.56
35.036,0.42,1.36,0.15,1.43
35.046,-0.32,-0.35,-0.13,0.49
35.055,-0.09,0.08,0.14,0.18
35.066,0.05,0.40,0.42,0.58
35.075,-0.28,-0.33,0.14,0.46
35.086,-0.17,-0.15,0.01,0.23
35.095,-0.10,0.21,-0.22,0.32
35.105,0.24,0.77,-0.07,0.81
35.115,-0.33,-0.40,-0.76,0.92
35.126,0.24,1.55,0.14,1.58
35.135,0.06,0.57,0.11,0.58
35.145,-0.40,-0.30,0.11,0.51
35.155,-0.15,-0.55,0.25,0.62
35.165,-0.52,-0.30,0.21,0.64
35.175,0.26,0.32,-0.00,0.41
35.185,-0.26,0.30,-0.36,0.54
35.195,0.23,1.20,-0.14,1.23
35.205,-0.12,0.74,-0.18,0.77
35.215,0.06,0.61,0.23,0.65
35.225,-0.57,-0.81,0.01,0.99
35.235,-0.04,-0.04,0.31,0.31
35.245,0.03,-0.10,0.04,0.11
35.255,-0.21,0.51,-0.12,0.57
35.265,-0.05,0.51,-0.18,0.55
35.275,0.33,0.99,-0.03,1.04
35.285,-0.47,-0.61,-0.43,0.88
35.295,-0.05,0.38,-0.05,0.39
35.305,0.14,1.03,0.24,1.07
35.315,0.09,-0.08,0.17,0.21
35.325,-0.40,0.05,0.32,0.51
35.336,-0.01,-0.32,0.29,0.43
35.345,-0.56,0.10,0.22,0.61
35.355,0.15,-0.32,-0.30,0.46
35.365,-0.15,0.88,-0.27,0.93
35.375,0.31,1.63,0.15,1.66
35.385,-0.46,-0.16,-0.31,0.58
35.395,-0.01,0.58,0.26,0.64
35.405,-0.36,0.04,0.38,0.52
35.415,-0.29,-0.54,0.13,0.63
35.425,-0.19,0.45,0.25,0.55
35.435,0.14,0.31,-0.16,0.38
35.445,-0.16,0.30,-0.42,0.54
35.455,0.26,1.29,-0.06,1.32
35.465,-0.31,0.45,-0.20,0.58
35.475,0.35,0.28,0.11,0.46
35.485,-0.33,-0.16,0.15,0.40
35.495,-0.17,-0.07,0.23,0.30
35.505,-0.09,-0.07,0.04,0.12
35.515,0.11,0.10,-0.30,0.33
35.525,0.23,0.97,-0.10,1.01
35.535,-0.19,-0.35,-0.80,0.90
35.545,0.16,1.01,-0.27,1.06
35.555,0.49,1.17,0.21,1.28
35.565,-0.43,-0.00,0.27,0.51
35.575,-0.08,0.27,0.92,0.96
35.585,-0.83,-0.39,1.06,1.40
35.595,-0.25,-2.23,0.18,2.25
35.605,-0.39,-0.14,-0.05,0.42
35.615,0.36,1.06,-0.34,1.18
35.625,-0.04,0.88,-1.06,1.38
35.635,0.29,2.82,-0.24,2.84
35.645,-0.25,-0.25,-0.91,0.98
35.655,0.06,1.61,0.26,1.63
35.665,-0.24,-0.59,0.31,0.71
35.675,-0.24,-0.92,0.58,1.12
35.685,-0.20,-0.98,0.67,1.20
35.695,-0.12,-0.03,0.43,0.45
35.705,0.11,0.21,-0.15,0.28
35.714,-0.13,0.47,-0.55,0.74
35.725,-0.08,0.99,-0.68,1.21
35.734,0.04,1.01,-0.58,1.17
35.745,0.22,1.86,0.22,1.88
35.755,-0.47,-0.28,0.07,0.55
35.764,-0.36,-1.21,0.16,1.27
35.775,-0.07,-0.06,0.77,0.78
35.784,-0.24,-0.65,0.29,0.75
35.794,-0.16,-0.05,-0.22,0.27
35.805,-0.03,0.97,-0.30,1.02
35.814,0.09,1.31,-0.15,1.32
35.824,-0.04,1.21,-0.01,1.21
35.834,-0.29,-0.85,-0.35,0.97
35.844,-0.15,0.95,0.59,1.13
35.854,-0.03,-1.06,0.01,1.06
35.864,-0.37,0.38,0.30,0.61
35.875,0.15,0.52,0.17,0.57
35.884,-0.34,-0.14,-0.32,0.49
35.894,0.09,1.05,0.02,1.06
35.904,-0.32,-0.27,-0.52,0.67
35.914,0.05,1.24,0.05,1.24
35.924,0.33,0.82,0.18,0.90
35.934,-0.44,0.09,0.25,0.51
35.944,-0.21,-0.64,0.12,0.68
35.954,-0.17,0.50,0.47,0.71
35.964,-0.25,-0.32,-0.05,0.41
35.974,-0.11,-0.14,-0.52,0.55
35.984,0.11,0.85,-0.32,0.91
35.994,0.30,1.29,-0.27,1.35
36.004,0.03,1.33,0.19,1.34
36.014,-0.38,-0.13,0.30,0.51
36.024,-0.30,-0.30,0.60,0.73
36.034,-0.47,-1.47,0.37,1.58
36.044,-0.14,0.05,0.42,0.45
36.054,-0.19,-0.04,-0.33,0.38
36.064,0.06,0.27,-0.84,0.88
36.074,0.30,1.65,-0.57,1.77
36.084,-0.01,1.34,-0.69,1.51
36.094,0.13,0.46,-0.57,0.75
36.104,0.41,2.13,0.82,2.32
36.114,-0.93,-0.63,0.76,1.36
36.124,-0.17,-2.53,0.50,2.58
36.134,-0.25,-0.85,0.97,1.31
36.144,-0.53,0.05,0.29,0.60
36.154,0.18,-0.33,-0.71,0.80
36.164,0.42,2.35,-0.32,2.41
36.174,-0.35,1.73,-0.51,1.84
36.184,-0.13,0.91,-0.56,1.08
36.194,0.26,0.54,-0.15,0.62
36.204,-0.50,-0.25,0.22,0.60
36.214,-0.10,-0.46,0.52,0.70
36.224,-0.39,-1.08,0.31,1.19
36.234,-0.22,-0.31,0.05,0.38
36.244,0.44,1.13,0.05,1.22
36.254,-0.24,0.40,-0.52,0.70
36.264,0.05,1.37,-0.24,1.39
36.274,0.07,0.46,-0.26,0.53
36.284,-0.13,0.43,0.03,0.45
36.294,-0.08,-0.31,0.09,0.33
36.304,0.16,0.26,0.33,0.45
36.314,-0.21,-0.38,0.12,0.45
36.324,-0.09,0.40,0.20,0.46
36.334,-0.12,-0.23,-0.21,0.33
36.344,0.10,1.25,0.05,1.25
36.354,-0.07,-0.13,-0.36,0.39
36.363,-0.13,1.35,0.18,1.37
36.373,0.12,-0.22,-0.07,0.26
36.384,-0.32,0.57,0.38,0.75
36.393,-0.02,-0.45,0.12,0.47
36.403,-0.17,-0.26,0.00,0.31
36.413,0.09,0.84,0.14,0.85
36.423,0.08,0.27,-0.20,0.34
36.433,0.08,1.02,0.07,1.02
36.443,-0.13,-0.15,-0.10,0.22
36.453,0.04,0.49,0.24,0.54
36.463,-0.27,-0.50,-0.01,0.57
36.473,0.07,0.58,0.14,0.60
36.483,-0.08,-0.07,-0.30,0.31
36.493,0.09,0.48,-0.20,0.53
36.503,-0.08,1.00,0.04,1.01
36.513,0.04,0.08,-0.10,0.14
36.523,-0.40,-0.23,-0.08,0.47
36.533,0.20,0.45,0.19,0.53
36.543,-0.29,-0.11,-0.06,0.31
36.553,0.20,0.68,0.05,0.71
36.563,-0.21,0.14,-0.16,0.29
36.573,0.12,1.01,0.27,1.05
36.583,-0.13,-0.42,-0.08,0.45
36.593,-0.54,0.40,0.23,0.71
36.603,0.21,0.32,0.21,0.44
36.613,-0.43,0.06,-0.08,0.44
36.623,0.32,0.71,0.08,0.78
36.633,-0.68,0.16,-0.21,0.73
36.643,0.22,0.64,-0.15,0.69
36.653,-0.14,0.07,-0.32,0.35
36.663,0.02,0.67,-0.08,0.68
36.673,-0.22,0.60,0.04,0.64
36.683,0.18,0.15,0.11,0.26
36.693,-0.41,0.61,0.48,0.88
36.703,-0.27,-0.50,0.29,0.64
36.713,-0.23,0.10,0.35,0.43
36.723,-0.48,-0.38,-0.09,0.61
36.733,0.13,0.72,-0.10,0.74
36.743,0.01,0.70,-0.39,0.80
36.753,-0.05,0.80,-0.38,0.88
36.763,0.27,1.04,-0.12,1.08
36.773,-0.44,-0.13,-0.19,0.49
36.783,0.07,0.39,0.36,0.53
36.793,-0.30,-0.09,0.34,0.47
36.803,-0.24,-0.81,0.06,0.85
36.813,-0.28,-0.05,-0.13,0.31
36.823,0.09,1.01,-0.06,1.02
36.833,0.13,0.88,-0.14,0.90
36.843,-0.01,0.71,-0.14,0.72
36.853,-0.24,0.12,0.04,0.27
36.863,-0.18,0.10,0.20,0.29
36.873,-0.09,-0.07,0.22,0.25
36.883,-0.27,-0.23,0.08,0.37
36.893,0.19,0.67,0.12,0.71
36.903,-0.22,0.32,-0.23,0.45
36.913,0.12,0.66,-0.12,0.68
36.923,-0.22,0.23,-0.25,0.40
36.933,0.03,0.36,-0.20,0.41
36.943,-0.06,0.67,0.09,0.68
36.953,0.19,0.19,0.06,0.27
36.963,-0.54,-0.12,0.05,0.55
36.973,0.43,0.79,0.47,1.02
36.983,-0.56,-0.55,-0.08,0.79
36.993,0.00,0.17,0.05,0.18
37.003,0.05,0.60,-0.01,0.60
37.012,-0.21,0.60,-0.09,0.64
37.023,0.23,0.32,-0.12,0.41
37.033,-0.34,0.10,-0.18,0.40
37.043,0.23,0.81,0.18,0.87
37.053,-0.34,0.08,0.10,0.36
37.063,0.05,0.19,0.19,0.27
37.072,-0.04,0.43,0.45,0.62
37.082,-0.36,-0.40,0.01,0.54
37.092,-0.23,-0.14,-0.08,0.28
37.102,0.14,1.09,0.06,1.10
37.112,-0.09,-0.07,-0.60,0.61
37.122,0.18,1.37,-0.12,1.39
37.132,-0.21,-0.24,-0.62,0.69
37.142,0.31,1.68,0.27,1.73
37.152,-0.00,0.40,0.47,0.62
37.162,-0.59,-1.03,0.08,1.19
37.172,0.04,0.11,0.58,0.59
37.182,-0.24,-0.16,0.17,0.33
37.192,-0.31,-0.15,-0.40,0.53
37.202,0.48,1.30,-0.23,1.41
37.212,-0.00,1.38,-0.28,1.41
37.222,-0.05,0.84,-0.18,0.86
37.232,-0.07,0.22,0.00,0.23
37.242,-0.00,0.16,0.30,0.33
37.252,-0.40,-0.56,0.33,0.77
37.262,-0.16,-0.24,0.17,0.34
37.272,0.12,0.49,0.05,0.50
37.282,0.01,0.77,-0.10,0.78
37.292,-0.08,0.01,-0.56,0.56
37.302,-0.06,0.89,-0.17,0.91
37.312,0.29,0.69,-0.16,0.77
37.322,-0.03,0.28,0.02,0.29
37.332,0.05,0.37,0.30,0.48
37.342,-0.34,-0.21,0.33,0.51
37.352,0.07,-0.02,0.34,0.35
37.362,-0.29,-0.52,0.08,0.60
37.372,-0.11,0.73,0.08,0.74
37.382,-0.13,0.25,-0.28,0.40
37.392,0.33,1.13,-0.11,1.18
37.402,-0.24,0.01,-0.44,0.51
37.412,0.03,0.91,-0.09,0.91
37.422,-0.17,-0.31,-0.37,0.51
37.432,0.15,0.93,0.10,0.95
37.442,-0.04,0.20,0.20,0.29
37.452,0.12,1.12,0.82,1.39
37.462,-0.47,-0.83,0.40,1.03
37.472,-0.41,-0.87,0.34,1.02
37.482,-0.25,0.12,0.21,0.34
37.492,0.16,0.31,-0.36,0.50
37.502,-0.02,1.06,-0.45,1.16
37.512,0.28,1.37,-0.38,1.45
37.522,-0.35,0.32,-0.73,0.87
37.532,0.39,0.84,-0.16,0.94
37.542,-0.11,0.68,0.33,0.77
37.552,-0.11,-0.30,0.25,0.41
37.562,-0.36,-0.97,0.25,1.07
37.572,-0.00,0.62,0.69,0.93
37.582,-0.30,-0.48,-0.00,0.56
37.592,-0.13,0.33,-0.20,0.41
37.602,0.18,0.59,-0.31,0.69
37.612,-0.09,0.92,-0.48,1.04
37.622,0.04,0.60,-0.58,0.84
37.632,0.33,1.91,0.20,1.95
37.642,-0.17,-0.14,0.09,0.23
37.652,-0.31,-0.25,0.43,0.59
37.662,-0.31,-0.65,0.58,0.93
37.671,-0.32,-0.25,0.45,0.60
37.682,0.05,-0.32,-0.17,0.37
37.692,0.03,1.61,0.12,1.61
37.702,-0.08,0.79,-0.36,0.87
37.712,-0.25,0.12,-0.70,0.75
37.722,0.30,1.54,0.02,1.57
37.731,-0.21,0.11,-0.10,0.25
37.741,-0.08,0.44,0.27,0.53
37.751,-0.18,-0.68,0.00,0.70
37.762,-0.05,-0.31,-0.07,0.32
37.771,-0.08,0.45,-0.12,0.47
37.782,0.47,1.36,0.14,1.45
37.791,-0.19,-0.17,-0.42,0.49
37.801,0.07,1.05,0.30,1.09
37.811,-0.12,0.73,0.64,0.98
37.822,-0.28,-1.12,0.20,1.17
37.831,-0.37,0.28,0.72,0.86
37.841,-0.03,-0.46,0.18,0.49
37.851,-0.53,0.30,-0.13,0.62
37.861,0.33,0.91,-0.28,1.01
37.871,-0.18,0.78,-0.53,0.96
37.881,0.20,1.39,-0.19,1.42
37.891,-0.16,0.04,-0.39,0.42
37.901,0.10,0.56,0.16,0.59
37.911,-0.04,-0.03,0.13,0.14
37.921,0.06,0.26,0.30,0.39
37.931,-0.15,-0.16,0.13,0.26
37.941,-0.01,0.32,0.09,0.33
37.951,-0.01,0.24,-0.12,0.27
37.961,-0.14,0.64,-0.13,0.67
37.971,0.31,0.70,-0.03,0.76
37.981,-0.34,0.31,-0.07,0.47
37.991,0.16,0.25,0.04,0.29
38.001,-0.31,-0.08,0.01,0.31
38.011,0.37,0.72,0.21,0.84
38.021,-0.65,-0.54,-0.23,0.87
38.031,0.73,1.80,0.53,2.01
38.041,-0.75,-1.07,-0.25,1.33
38.051,0.16,0.82,0.28,0.88
38.061,-0.33,-0.21,-0.12,0.41
38.071,0.16,0.66,-0.00,0.67
38.081,0.01,0.89,-0.02,0.89
38.091,-0.18,-0.10,-0.24,0.32
38.101,0.11,1.03,0.20,1.06
38.111,-0.21,-0.22,-0.12,0.33
38.121,-0.03,0.55,0.18,0.58
38.131,0.02,0.44,0.19,0.48
38.141,-0.34,-0.07,-0.03,0.34
38.151,0.14,0.66,0.22,0.71
38.161,-0.39,0.06,-0.05,0.40
38.171,0.15,0.41,-0.05,0.44
38.181,-0.27,-0.08,-0.49,0.57
38.191,0.35,1.12,-0.15,1.19
38.201,-0.06,0.87,-0.19,0.89
38.211,0.43,1.11,0.28,1.22
38.221,-0.64,-0.51,0.15,0.84
38.231,0.07,-0.16,0.49,0.52
38.241,-0.76,-1.18,-0.06,1.41
38.251,0.52,0.89,0.10,1.03
38.261,0.08,1.10,-0.19,1.12
38.271,-0.08,0.60,-0.53,0.80
38.281,0.14,1.58,-0.08,1.59
38.291,-0.03,-0.05,-0.17,0.18
38.301,0.00,0.31,0.30,0.43
38.311,-0.18,0.10,0.58,0.62
38.321,-0.37,-0.58,0.41,0.80
38.331,0.16,0.09,0.41,0.46
38.341,-0.37,0.19,0.04,0.42
38.351,0.01,0.93,-0.00,0.93
38.361,-0.11,-0.20,-0.72,0.76
38.371,0.22,0.96,-0.43,1.08
38.380,0.22,1.17,-0.20,1.21
38.391,-0.14,0.32,-0.29,0.45
38.400,0.12,0.53,0.16,0.57
38.410,-0.24,-0.85,-0.15,0.89
38.420,0.19,0.46,0.36,0.62
38.430,-0.10,-0.59,-0.19,0.63
38.441,0.22,1.15,0.17,1.19
38.450,0.26,0.99,0.18,1.03
38.460,-0.47,0.09,0.25,0.54
38.470,-0.00,0.48,0.61,0.77
38.480,-0.51,-1.30,0.02,1.40
38.490,0.07,0.70,0.23,0.74
38.500,-0.39,-0.05,-0.43,0.58
38.510,0.63,1.62,-0.19,1.75
38.520,-0.01,0.94,-0.39,1.02
38.530,-0.02,0.74,-0.12,0.75
38.540,-0.49,0.03,-0.01,0.50
38.550,0.22,-0.35,-0.01,0.41
38.560,-0.05,0.06,0.15,0.17
38.570,-0.30,0.12,-0.12,0.34
38.580,0.68,1.15,0.06,1.34
38.590,-0.40,0.53,0.01,0.66
38.600,0.13,0.51,0.28,0.59
38.610,-0.55,-0.56,0.13,0.79
38.620,0.05,-0.02,0.18,0.19
38.630,-0.08,-0.20,-0.27,0.35
38.640,0.20,1.27,-0.19,1.30
38.650,0.25,0.22,-0.64,0.73
38.660,-0.00,1.27,-0.21,1.29
38.670,0.32,1.31,0.50,1.44
38.680,-0.37,-0.96,0.04,1.03
38.690,-0.17,-1.10,0.18,1.13
38.700,-0.11,-0.38,-0.01,0.40
38.710,0.39,1.44,0.12,1.50
38.720,0.30,1.60,0.08,1.63
38.730,-0.32,0.66,0.17,0.76
38.740,-0.27,-0.13,0.16,0.34
38.750,-0.42,-0.59,0.39,0.82
38.760,-0.02,-0.77,0.06,0.77
38.770,-0.19,0.35,-0.23,0.46
38.780,0.50,1.70,-0.03,1.77
38.790,-0.09,0.93,-0.36,1.00
38.800,0.05,0.68,-0.24,0.72
38.810,-0.17,-0.14,-0.14,0.26
38.820,0.16,0.67,0.40,0.80
38.830,-0.32,-0.37,0.38,0.62
38.840,0.14,0.08,0.52,0.54
38.850,-0.48,-0.67,0.13,0.84
38.860,-0.03,0.58,0.13,0.60
38.870,-0.18,-0.41,-0.76,0.88
38.880,0.39,1.38,-0.54,1.53
38.890,0.03,1.19,-0.62,1.34
38.900,0.51,1.46,-0.31,1.57
38.910,-0.11,0.88,0.08,0.89
38.920,-0.17,-0.67,0.15,0.71
38.930,-0.12,0.10,1.00,1.01
38.940,-0.25,-1.57,0.34,1.62
38.950,0.05,0.38,0.61,0.72
38.960,-0.18,0.63,0.21,0.69
38.970,0.09,0.16,-0.46,0.50
38.980,-0.33,1.44,-0.08,1.48
38.990,0.16,0.42,-0.58,0.74
39.000,-0.07,0.74,-0.39,0.84
39.010,0.20,0.63,-0.19,0.68
39.020,-0.14,0.03,-0.22,0.26
39.030,0.19,0.52,0.21,0.60
39.039,0.24,0.66,0.64,0.95
39.049,-0.40,-0.67,0.42,0.88
39.060,-0.25,-0.20,0.66,0.74
39.069,-0.32,-1.17,-0.10,1.22
39.079,0.30,1.39,0.12,1.43
39.089,0.10,0.21,-0.68,0.72
39.099,0.15,0.92,-0.79,1.22
39.109,0.15,2.10,0.00,2.10
39.119,0.15,0.22,-0.22,0.34
39.129,-0.25,0.23,0.18,0.39
39.139,-0.17,-0.64,0.44,0.79
39.149,-0.19,0.24,0.87,0.92
39.159,-0.33,-0.59,0.44,0.81
39.169,0.09,0.50,0.35,0.62
39.179,-0.42,-0.09,-0.36,0.56
39.189,0.17,0.81,-0.42,0.93
39.199,0.13,1.65,-0.25,1.68
39.209,0.13,0.30,-0.72,0.79
39.219,0.10,1.08,-0.18,1.09
39.229,-0.06,-0.05,-0.27,0.28
39.239,0.22,1.04,0.52,1.18
39.249,-0.15,-0.59,0.15,0.63
39.259,0.15,0.08,0.66,0.68
39.269,-0.62,-0.63,0.35,0.95
39.279,0.07,-0.15,0.06,0.18
39.289,0.11,1.19,0.17,1.21
39.299,0.11,-0.11,-0.56,0.58
39.309,-0.11,1.47,-0.12,1.48
39.319,0.35,0.19,-0.47,0.62
39.329,-0.19,0.55,-0.24,0.63
39.339,0.26,0.95,0.33,1.04
39.349,-0.36,-0.53,0.05,0.64
39.359,0.18,-0.30,0.23,0.42
39.369,-0.21,0.64,0.56,0.88
39.379,-0.37,-0.76,-0.13,0.85
39.389,0.33,0.75,-0.08,0.82
39.399,0.20,1.00,-0.12,1.02
39.409,-0.07,0.79,-0.15,0.81
39.419,-0.03,0.53,-0.06,0.54
39.429,-0.16,-0.03,-0.04,0.17
39.439,-0.02,0.40,0.27,0.49
39.449,-0.39,-0.38,-0.01,0.55
39.459,0.19,0.82,0.16,0.86
39.469,-0.40,0.15,-0.23,0.49
39.479,-0.28,0.56,-0.24,0.67
39.489,-0.45,1.07,0.04,1.16
39.499,-0.52,0.58,0.10,0.78
39.509,-0.97,0.18,0.17,1.01
39.519,-0.85,0.01,0.31,0.90
39.529,-0.94,-0.20,0.16,0.97
39.539,-0.55,0.82,0.33,1.04
39.549,-0.85,-0.15,-0.21,0.88
39.559,-0.60,1.26,0.16,1.40
39.569,-0.97,0.08,-0.25,1.00
39.579,-1.08,0.27,-0.23,1.13
39.589,-0.82,0.82,0.03,1.16
39.599,-0.99,-0.04,-0.16,1.00
39.609,-0.68,0.86,0.18,1.11
39.619,-1.38,-0.56,-0.17,1.50
39.629,-0.52,0.94,0.18,1.09
39.639,-1.51,-0.35,-0.10,1.55
39.649,-0.90,0.77,0.19,1.20
39.659,-1.31,-0.25,-0.05,1.33
39.668,-1.16,0.32,-0.04,1.21
39.679,-1.48,0.18,-0.03,1.49
39.688,-1.28,0.48,0.01,1.36
39.699,-1.47,0.27,-0.08,1.50
39.709,-1.46,0.23,-0.10,1.49
39.718,-1.57,0.41,-0.08,1.63
39.728,-1.65,0.14,-0.16,1.67
39.738,-1.36,0.49,0.04,1.44
39.748,-1.72,-0.03,-0.06,1.72
39.759,-1.67,0.29,-0.02,1.69
39.768,-1.69,0.15,0.02,1.70
39.778,-1.71,0.10,-0.04,1.71
39.788,-1.78,0.21,-0.04,1.80
39.799,-1.73,0.32,0.01,1.76
39.808,-1.59,0.14,-0.05,1.60
39.818,-1.96,0.28,-0.10,1.98
39.828,-1.69,0.27,-0.10,1.72
39.838,-1.90,0.21,-0.13,1.92
39.848,-1.36,0.38,-0.07,1.41
39.858,-2.92,0.14,-0.12,2.93
39.868,-2.38,0.25,0.00,2.40
39.878,-1.29,-0.19,-0.08,1.30
39.888,-1.19,0.17,0.00,1.20
39.898,-1.47,-0.07,-0.08,1.47
39.908,-1.03,0.09,-0.11,1.04
39.918,-0.56,0.04,-0.12,0.57
39.928,-0.32,0.10,-0.10,0.35
39.938,-0.52,0.12,-0.09,0.54
39.948,-0.27,0.03,-0.07,0.28
39.958,0.11,0.02,-0.05,0.12
39.968,-0.28,-0.10,-0.05,0.31
39.978,-0.32,-0.03,-0.02,0.32
39.988,-0.11,-0.02,-0.05,0.12
39.998,-0.07,0.08,-0.05,0.12
40.008,-0.16,0.09,-0.07,0.20
40.018,-0.23,0.18,-0.05,0.30
40.028,-0.28,0.19,-0.07,0.35
40.038,-0.21,0.18,-0.07,0.28
40.048,-0.29,0.15,-0.05,0.33
40.058,-0.29,0.12,-0.06,0.32
40.068,-0.26,0.11,-0.05,0.29
40.078,-0.18,0.09,-0.05,0.21
40.088,-0.18,0.06,-0.04,0.19
40.098,-0.15,0.01,-0.01,0.15
40.108,-0.11,0.05,0.03,0.12
40.118,-0.14,0.02,0.00,0.15
40.128,-0.05,-0.02,-0.00,0.06
40.138,0.06,-0.04,0.04,0.08
40.148,-0.06,-0.06,-0.00,0.08
40.158,0.03,-0.08,-0.01,0.08
40.168,0.05,-0.08,-0.01,0.09
40.178,0.13,-0.03,-0.01,0.14
40.188,0.03,-0.12,-0.08,0.14
40.198,0.15,-0.04,-0.01,0.16
40.208,-0.01,-0.05,0.02,0.05
40.218,0.14,-0.09,0.03,0.17
40.228,0.13,-0.06,-0.02,0.14
40.238,0.01,-0.05,0.05,0.07
40.248,0.10,0.00,0.04,0.10
40.258,0.18,-0.01,0.01,0.18
40.268,0.17,-0.01,0.04,0.18
40.278,0.15,0.03,0.04,0.16
40.288,0.14,0.02,-0.02,0.15
40.298,0.14,0.04,0.02,0.15
40.308,0.30,0.06,0.02,0.31
40.318,0.04,0.04,-0.00,0.06
40.328,0.37,0.09,0.04,0.38
40.338,0.39,0.01,0.01,0.39
40.348,0.30,0.09,0.07,0.32
40.358,0.29,-0.00,0.04,0.29
40.367,0.40,0.06,0.04,0.41
40.377,0.35,0.04,0.01,0.35
40.388,0.31,0.03,0.01,0.31
40.398,0.27,0.04,0.01,0.28
40.407,0.23,0.01,0.01,0.23
40.417,0.20,0.01,0.03,0.21
40.427,0.16,0.00,0.03,0.16
40.438,0.10,-0.01,0.04,0.11
40.447,0.12,-0.02,0.02,0.12
40.457,0.12,0.00,-0.00,0.12
40.467,0.09,0.01,-0.00,0.09
40.477,0.07,-0.00,-0.01,0.07
40.487,0.08,-0.00,-0.01,0.08
40.497,0.03,-0.00,-0.01,0.03
40.507,0.02,-0.00,0.02,0.03
40.517,-0.03,-0.02,0.02,0.04
40.527,-0.03,-0.02,0.02,0.04
40.537,-0.06,-0.01,0.00,0.06
40.547,-0.10,-0.01,-0.03,0.10
40.557,-0.11,0.01,-0.05,0.12
40.567,-0.13,0.02,-0.05,0.14
40.577,-0.13,0.04,-0.04,0.14
40.587,-0.15,0.03,-0.04,0.15
40.597,-0.15,0.03,-0.03,0.16
40.607,-0.15,0.02,-0.01,0.15
40.617,-0.14,0.02,-0.01,0.14
40.627,-0.14,0.01,-0.01,0.15
40.637,-0.12,0.02,-0.02,0.12
40.647,-0.13,0.04,-0.03,0.14
40.657,-0.13,0.06,-0.05,0.15
40.667,-0.14,0.05,-0.06,0.16
40.677,-0.15,0.04,-0.03,0.15
40.687,-0.14,0.02,-0.03,0.15
40.697,-0.16,0.03,-0.04,0.17
40.707,-0.17,0.02,-0.01,0.17
40.717,-0.18,0.03,-0.02,0.19
40.727,-0.18,0.03,-0.01,0.19
40.737,-0.19,0.04,-0.03,0.20
40.747,-0.20,0.03,-0.04,0.20
40.757,-0.19,0.04,-0.03,0.20
40.767,-0.17,0.03,-0.02,0.17
40.777,-0.17,0.00,-0.03,0.17
40.787,-0.15,0.01,-0.03,0.15
40.797,-0.13,0.02,-0.02,0.13
40.807,-0.10,0.00,-0.02,0.10
40.817,-0.07,0.02,-0.03,0.08
40.827,-0.04,0.02,-0.02,0.04
40.837,-0.03,0.01,-0.01,0.03
40.847,-0.01,0.03,-0.02,0.04
40.857,0.02,0.02,-0.02,0.04
40.867,0.03,0.01,-0.00,0.03
40.877,0.04,0.00,-0.01,0.04
40.887,0.05,0.02,-0.02,0.06
40.897,0.07,0.02,0.01,0.07
40.907,0.05,-0.00,0.00,0.05
40.917,0.07,0.01,0.00,0.07
40.927,0.08,0.03,0.01,0.09
40.937,0.04,0.03,0.01,0.05
40.947,0.05,0.02,0.02,0.05
40.957,0.07,0.01,0.02,0.07
40.967,0.06,0.01,0.03,0.07
40.977,0.07,0.01,0.01,0.08
40.986,0.06,0.01,0.01,0.06
40.996,0.07,0.02,-0.01,0.07
41.007,0.08,0.02,-0.00,0.08
41.016,0.08,0.02,-0.01,0.08
41.026,0.10,0.01,-0.01,0.10
41.036,0.10,0.01,-0.00,0.10
41.046,0.09,-0.03,0.00,0.09
41.056,0.09,-0.01,0.00,0.09
41.066,0.06,0.02,-0.00,0.06
41.076,0.04,0.02,0.00,0.05
41.086,0.04,0.03,-0.01,0.05
41.096,0.03,0.02,-0.01,0.04
41.106,0.01,0.02,0.00,0.03
41.116,-0.02,0.01,0.01,0.02
41.126,-0.04,0.03,-0.01,0.05
41.136,-0.06,0.03,-0.00,0.07
41.146,-0.08,0.02,-0.01,0.08
41.156,-0.10,0.03,-0.01,0.10
41.166,-0.08,0.01,-0.01,0.08
41.176,-0.09,0.01,-0.03,0.10
41.186,-0.08,0.01,-0.01,0.08
41.196,-0.09,0.01,-0.02,0.10
41.206,-0.09,0.02,-0.03,0.10
41.216,-0.07,-0.00,-0.02,0.07
41.226,-0.09,-0.00,-0.01,0.09
41.236,-0.09,-0.01,-0.01,0.10
41.246,-0.08,0.01,-0.02,0.09
41.256,-0.09,0.03,-0.04,0.10
41.266,-0.11,0.03,-0.04,0.12
41.276,-0.08,0.02,-0.03,0.09
41.286,-0.09,0.02,-0.03,0.10
41.296,-0.10,0.01,-0.02,0.10
41.306,-0.07,0.01,-0.01,0.07
41.316,-0.09,0.02,-0.02,0.10
41.326,-0.08,0.04,-0.02,0.09
41.336,-0.08,0.04,-0.01,0.09
41.346,-0.07,0.03,-0.02,0.08
41.356,-0.06,0.02,-0.01,0.07
41.366,-0.06,0.02,-0.02,0.07
41.376,-0.03,0.01,-0.00,0.04
41.386,-0.02,0.00,0.01,0.02
41.396,0.00,0.01,-0.00,0.01
41.406,0.02,0.02,-0.02,0.04
41.416,0.01,0.03,0.00,0.04
41.426,0.02,0.03,-0.01,0.04
41.436,0.02,0.00,0.01,0.02
41.446,0.05,-0.01,0.01,0.05
41.456,0.06,-0.01,0.03,0.07
41.466,0.04,-0.00,-0.01,0.04
41.476,0.02,0.01,-0.00,0.03
41.486,0.06,0.02,-0.02,0.06
41.496,0.05,0.03,-0.03,0.06
41.506,0.02,0.02,-0.01,0.03
41.516,0.04,-0.01,0.01,0.04
41.526,0.04,-0.01,0.01,0.04
41.536,0.06,-0.00,0.00,0.06
41.546,0.03,0.01,0.00,0.04
41.556,0.05,0.03,-0.00,0.06
41.566,0.02,0.04,-0.02,0.05
41.576,0.05,0.03,-0.01,0.06
41.586,0.04,0.01,0.01,0.05
41.596,0.04,-0.01,0.01,0.04
41.606,0.03,0.01,0.00,0.03
41.616,0.02,0.02,-0.02,0.03
41.626,-0.00,0.03,-0.02,0.03
41.635,0.01,0.03,-0.03,0.05
41.646,-0.00,0.02,-0.03,0.03
41.656,-0.03,0.01,-0.02,0.04
41.665,-0.02,0.01,-0.01,0.03
41.675,-0.04,-0.00,-0.02,0.04
41.685,-0.06,0.00,-0.01,0.06
41.696,-0.06,0.01,-0.01,0.07
41.706,-0.05,0.01,-0.02,0.06
41.715,-0.07,0.03,-0.02,0.08
41.725,-0.05,0.02,-0.01,0.05
41.735,-0.05,0.01,-0.03,0.06
41.745,-0.06,0.00,-0.02,0.07
41.755,-0.05,0.00,0.00,0.05
41.765,-0.04,0.01,-0.01,0.05
41.775,-0.06,0.02,-0.02,0.07
41.785,-0.06,0.03,-0.01,0.07
41.795,-0.06,0.03,-0.01,0.06
41.805,-0.09,0.04,-0.03,0.10
41.815,-0.07,0.04,-0.02,0.08
41.825,-0.07,0.02,-0.01,0.08
41.835,-0.06,0.02,-0.01,0.07
41.845,-0.05,0.03,-0.02,0.06
41.855,-0.07,0.03,-0.00,0.07
41.865,-0.05,0.02,-0.02,0.06
41.875,-0.04,0.03,-0.03,0.06
41.885,-0.02,0.03,-0.01,0.03
41.895,-0.00,0.02,-0.01,0.02
41.905,-0.00,0.01,-0.01,0.02
41.915,-0.00,0.01,-0.01,0.01
41.925,0.01,0.01,-0.02,0.03
41.935,-0.00,0.03,-0.00,0.03
41.945,0.01,0.03,-0.01,0.03
41.955,0.01,0.03,-0.02,0.04
41.965,-0.01,0.03,-0.00,0.03
41.975,-0.00,0.02,0.01,0.02
41.985,-0.01,0.01,-0.01,0.02
41.995,-0.01,0.02,0.00,0.02
42.005,-0.00,0.02,-0.01,0.02
42.015,-0.01,0.02,0.01,0.02
42.025,0.01,0.03,-0.01,0.04
42.035,0.03,0.03,-0.00,0.04
42.045,0.01,0.03,-0.01,0.03
42.055,0.03,0.02,0.00,0.04
42.065,0.01,0.01,-0.00,0.01
42.075,0.01,0.00,0.00,0.01
42.085,0.01,0.01,0.00,0.01
42.095,-0.01,0.00,-0.01,0.01
42.105,-0.02,0.03,-0.01,0.04
42.115,-0.05,0.01,-0.01,0.05
42.125,-0.06,0.02,-0.00,0.06
42.135,-0.07,0.01,-0.02,0.07
42.145,-0.06,0.02,-0.02,0.06
42.155,-0.05,0.02,-0.02,0.06
42.165,-0.04,0.01,-0.02,0.05
42.175,-0.03,0.02,-0.02,0.04
42.185,-0.04,0.03,-0.02,0.05
42.195,-0.02,0.02,-0.02,0.03
42.205,-0.04,0.04,0.00,0.05
42.215,-0.02,0.02,-0.02,0.03
42.225,-0.03,0.02,-0.02,0.04
42.235,-0.03,0.02,-0.01,0.04
42.245,-0.03,0.02,-0.00,0.03
42.255,-0.05,0.02,-0.01,0.05
42.265,-0.06,0.04,-0.01,0.07
42.275,-0.07,0.01,-0.02,0.07
42.284,-0.08,0.03,-0.01,0.08
42.295,-0.06,0.02,-0.02,0.07
42.304,-0.06,0.03,-0.01,0.07
42.314,-0.03,0.02,-0.02,0.04
42.325,-0.04,0.02,-0.02,0.05
42.335,-0.03,0.02,-0.01,0.04
42.344,-0.01,0.01,0.00,0.01
42.354,0.02,0.01,-0.01,0.03
42.365,0.02,0.00,-0.01,0.03
42.375,0.03,0.01,-0.03,0.04
42.385,0.03,0.02,-0.02,0.04
42.395,0.01,0.02,-0.01,0.02
42.404,-0.03,-0.01,-0.01,0.03
42.414,-0.05,0.01,-0.00,0.05
42.424,-0.05,0.01,-0.01,0.05
42.434,-0.05,0.04,-0.01,0.06
42.444,-0.03,0.02,-0.01,0.04
42.454,-0.02,0.04,-0.02,0.04
42.464,0.01,0.03,-0.02,0.04
42.474,-0.01,0.00,-0.02,0.02
42.484,0.03,0.01,0.00,0.03
42.494,0.01,0.00,-0.01,0.02
42.504,-0.00,0.02,-0.02,0.03
42.514,0.03,0.04,-0.01,0.05
42.524,0.01,0.03,-0.02,0.03
42.534,-0.03,0.02,-0.02,0.04
42.544,-0.05,0.02,-0.02,0.06
42.554,-0.02,-0.00,-0.01,0.03
42.564,-0.06,0.00,-0.01,0.06
42.574,-0.04,0.03,-0.01,0.05
42.584,-0.01,0.02,-0.01,0.03
42.594,0.02,-0.00,-0.00,0.02
42.604,0.02,0.01,-0.02,0.03
42.614,0.04,-0.01,-0.02,0.04
42.624,0.06,0.00,-0.01,0.06
42.634,0.05,-0.00,-0.02,0.05
42.644,0.01,-0.00,-0.02,0.02
42.654,-0.02,0.01,-0.01,0.03
42.664,-0.01,0.01,-0.01,0.02
42.674,-0.04,0.01,-0.00,0.05
42.684,-0.04,0.02,-0.02,0.04
42.694,-0.05,0.01,-0.01,0.05
42.704,-0.04,-0.00,-0.01,0.04
42.714,0.00,0.02,-0.02,0.02
42.724,-0.00,0.01,-0.01,0.01
42.734,0.03,0.02,-0.03,0.05
42.744,0.03,0.01,-0.03,0.04
42.754,0.06,0.02,-0.01,0.06
42.764,-0.00,-0.01,-0.03,0.03
42.774,0.14,-0.00,-0.02,0.14
42.784,0.06,-0.01,0.01,0.07
42.794,0.09,0.00,0.01,0.09
42.804,0.04,0.01,-0.02,0.05
42.814,0.09,0.01,-0.01,0.10
42.824,0.06,-0.01,-0.02,0.07
42.834,0.06,-0.01,-0.01,0.06
42.844,0.03,0.01,-0.01,0.03
42.854,0.04,0.01,-0.01,0.05
42.864,-0.00,0.01,-0.01,0.01
42.874,0.03,0.00,0.01,0.03
42.884,-0.03,0.02,0.00,0.03
42.894,-0.01,0.03,-0.01,0.03
42.904,-0.02,0.02,-0.00,0.03
42.914,0.02,0.02,-0.02,0.04
42.924,-0.01,0.02,-0.03,0.04
42.934,-0.02,0.01,-0.01,0.02
42.944,0.02,0.02,-0.01,0.03
42.954,-0.00,0.01,-0.01,0.02
42.964,-0.01,0.03,-0.00,0.03
42.974,0.00,0.03,-0.02,0.03
42.983,-0.01,0.02,-0.02,0.03
42.994,-0.01,0.04,-0.02,0.05
43.003,-0.07,0.03,-0.01,0.07
43.014,-0.05,0.01,-0.01,0.05
43.024,-0.10,0.02,0.00,0.11
43.033,-0.07,0.03,-0.01,0.08
43.043,-0.09,0.04,-0.02,0.10
43.053,-0.06,0.03,-0.01,0.07
43.063,-0.07,0.03,-0.01,0.08
43.074,-0.08,0.02,-0.02,0.09
43.083,-0.07,0.02,-0.02,0.07
43.093,-0.06,0.04,-0.02,0.07
43.103,-0.05,0.03,-0.03,0.06
43.113,-0.06,0.02,-0.01,0.06
43.123,-0.04,0.03,-0.01,0.05
43.133,-0.03,0.04,-0.03,0.06
43.143,-0.05,0.02,-0.02,0.06
43.153,-0.03,0.03,-0.02,0.04
43.163,-0.05,0.01,-0.01,0.05
43.173,-0.07,0.02,-0.00,0.07
43.183,-0.03,0.03,-0.00,0.04
43.193,-0.03,0.02,-0.01,0.04
43.203,-0.03,0.01,-0.01,0.03
43.213,-0.02,0.04,-0.00,0.04
43.223,-0.01,0.01,-0.00,0.02
43.233,-0.03,0.02,-0.00,0.03
43.243,-0.01,-0.00,0.00,0.01
43.253,-0.01,0.01,-0.01,0.01
43.263,0.02,0.02,-0.01,0.02
43.273,0.01,0.02,-0.01,0.02
43.283,0.02,0.03,-0.03,0.04
43.293,0.01,0.01,-0.01,0.02
43.303,0.02,0.02,-0.01,0.03
43.313,0.03,0.02,-0.01,0.04
43.323,0.01,0.02,-0.00,0.02
43.333,0.03,0.03,-0.00,0.04
43.343,0.01,0.01,-0.01,0.02
43.353,0.00,0.04,-0.00,0.04
43.363,0.01,0.05,0.00,0.05
43.373,0.00,0.03,0.00,0.03
43.383,-0.01,0.02,0.01,0.02
43.393,0.01,0.03,0.01,0.03
43.403,0.00,0.04,0.00,0.04
43.413,0.02,0.01,-0.01,0.03
43.423,0.00,0.02,-0.00,0.02
43.433,0.01,0.01,-0.02,0.02
43.443,-0.00,-0.00,0.00,0.00
43.453,-0.01,0.02,-0.01,0.02
43.463,-0.03,0.03,-0.00,0.04
43.473,-0.04,0.01,-0.00,0.05
43.483,-0.05,-0.00,-0.01,0.05
43.493,-0.07,0.00,-0.01,0.07
43.503,-0.04,0.01,-0.01,0.04
43.513,-0.08,-0.00,-0.01,0.08
43.523,-0.04,0.03,-0.00,0.05
43.533,-0.10,0.02,-0.01,0.10
43.543,-0.05,0.04,-0.02,0.07
43.553,-0.06,0.03,-0.02,0.07
43.563,-0.02,-0.00,-0.03,0.03
43.573,-0.04,-0.00,-0.02,0.05
43.583,-0.05,0.02,-0.02,0.06
43.593,-0.04,0.03,-0.01,0.05
43.603,-0.03,0.04,-0.02,0.05
43.613,-0.05,0.06,-0.04,0.08
43.623,-0.03,0.03,-0.03,0.05
43.633,-0.06,0.02,-0.01,0.07
43.643,-0.11,0.03,0.00,0.11
43.653,-0.10,0.03,-0.01,0.11
43.662,-0.06,0.03,-0.01,0.07
43.672,-0.04,0.03,-0.02,0.06
43.682,-0.05,0.06,-0.02,0.09
43.693,-0.04,0.04,-0.03,0.07
43.703,-0.01,0.02,-0.02,0.03
43.712,-0.03,-0.01,-0.00,0.04
43.722,-0.03,0.01,-0.00,0.03
43.732,-0.03,-0.01,0.01,0.03
43.742,-0.02,0.00,0.00,0.02
43.752,-0.02,0.02,-0.02,0.03
43.762,0.00,0.04,-0.03,0.05
43.772,0.02,0.06,-0.04,0.07
43.782,-0.00,0.03,-0.02,0.03
43.792,0.01,0.01,-0.01,0.02
43.802,0.01,-0.01,-0.00,0.01
43.812,0.01,-0.01,0.01,0.01
43.822,-0.01,-0.01,0.01,0.02
43.832,-0.00,0.00,0.00,0.00
43.842,-0.01,0.01,0.01,0.02
43.852,-0.04,0.05,-0.01,0.06
43.862,0.00,0.04,-0.02,0.05
43.872,-0.01,0.05,-0.02,0.06
43.882,0.02,0.03,-0.01,0.04
43.892,-0.03,0.01,-0.01,0.03
43.902,0.03,0.00,0.00,0.03
43.912,-0.00,0.00,0.00,0.00
43.922,0.01,0.02,-0.01,0.02
43.932,0.02,0.03,-0.01,0.04
43.942,0.02,0.03,-0.01,0.04
43.952,0.02,0.01,-0.01,0.03
43.962,-0.04,0.01,-0.01,0.04
43.972,-0.04,-0.01,0.01,0.04
43.982,-0.05,-0.00,-0.01,0.05
43.992,-0.03,0.01,0.00,0.04
44.002,-0.04,0.04,-0.01,0.06
44.012,-0.05,0.05,-0.03,0.07
44.022,-0.05,0.04,-0.03,0.07
44.032,-0.03,0.01,-0.02,0.03
44.042,-0.01,-0.01,0.01,0.02
44.052,-0.02,-0.02,0.00,0.03
44.062,0.01,-0.01,0.01,0.02
44.072,-0.03,-0.00,-0.01,0.03
44.082,0.01,0.04,-0.01,0.04
44.092,-0.02,0.02,-0.02,0.03
44.102,0.01,0.03,-0.02,0.03
44.112,-0.07,0.01,-0.03,0.07
44.122,-0.04,0.01,-0.02,0.05
44.132,-0.05,-0.02,0.02,0.06
44.142,-0.05,-0.01,0.00,0.05
44.152,-0.06,0.02,-0.02,0.06
44.162,-0.05,0.02,-0.03,0.06
44.172,-0.02,0.04,-0.04,0.06
44.182,-0.03,0.03,-0.02,0.05
44.192,-0.03,0.03,-0.01,0.05
44.202,-0.04,0.01,0.01,0.04
44.212,-0.03,-0.02,-0.01,0.04
44.222,-0.02,-0.01,0.01,0.02
44.232,-0.01,-0.01,0.01,0.02
44.242,-0.01,0.01,-0.01,0.02
44.252,-0.00,0.04,-0.01,0.04
44.262,-0.03,0.05,-0.02,0.06
44.271,-0.01,0.06,-0.03,0.06
44.282,0.01,0.02,-0.02,0.03
44.292,-0.00,0.00,0.00,0.00
44.302,-0.02,-0.02,-0.01,0.03
44.312,-0.02,-0.02,0.01,0.03
44.322,0.00,0.02,0.01,0.02
44.331,-0.02,0.01,-0.02,0.03
44.342,0.01,0.04,-0.01,0.04
44.351,-0.02,0.07,-0.01,0.07
44.361,-0.10,0.00,-0.03,0.11
44.372,0.01,0.03,-0.00,0.03
44.381,0.01,-0.04,-0.01,0.04
44.391,0.00,0.01,0.01,0.01
44.401,-0.08,0.01,0.00,0.08
44.411,0.05,-0.01,-0.00,0.05
44.421,-0.01,0.01,-0.02,0.02
44.431,-0.03,0.05,-0.02,0.06
44.441,-0.02,0.03,-0.03,0.05
44.451,0.01,0.03,-0.03,0.05
44.461,0.00,-0.02,-0.01,0.02
44.471,-0.04,-0.03,0.00,0.05
44.481,-0.01,-0.03,0.02,0.04
44.491,-0.02,-0.01,-0.01,0.03
44.501,0.00,0.03,-0.01,0.03
44.511,-0.05,0.04,-0.01,0.06
44.521,0.00,0.03,-0.04,0.05
44.531,-0.04,0.02,-0.04,0.06
44.541,0.02,0.01,-0.01,0.02
44.551,-0.01,-0.00,-0.01,0.01
44.561,-0.01,0.02,-0.01,0.02
44.571,0.02,0.01,0.00,0.02
44.581,0.04,-0.02,-0.00,0.04
44.591,-0.05,0.02,0.00,0.05
44.601,-0.05,0.03,0.00,0.05
44.611,0.07,0.00,-0.03,0.07
44.621,-0.08,0.04,-0.00,0.09
44.631,-0.05,0.03,-0.00,0.06
44.641,0.01,0.03,-0.03,0.05
44.651,-0.02,-0.01,-0.00,0.03
44.661,-0.02,-0.02,0.01,0.03
44.671,-0.07,-0.08,-0.01,0.10
44.681,0.02,-0.00,-0.01,0.03
44.691,-0.11,-0.02,-0.02,0.11
44.701,-0.03,0.06,-0.03,0.07
44.711,-0.03,0.01,-0.03,0.04
44.721,-0.01,0.01,0.01,0.01
44.731,-0.04,-0.05,0.01,0.07
44.741,-0.00,-0.04,0.01,0.04
44.751,-0.01,-0.02,0.00,0.02
44.761,-0.04,0.00,-0.00,0.04
44.771,0.02,0.07,-0.02,0.08
44.781,-0.03,0.05,-0.03,0.07
44.791,-0.02,0.05,-0.01,0.05
44.801,-0.02,0.01,0.01,0.02
44.811,-0.01,0.00,0.01,0.02
44.821,-0.02,0.01,0.01,0.03
44.831,-0.05,0.04,-0.00,0.06
44.841,0.02,0.09,-0.01,0.09
44.851,-0.02,0.08,-0.03,0.09
44.861,-0.01,0.06,-0.01,0.06
44.871,-0.04,0.05,-0.01,0.06
44.881,-0.02,0.01,-0.00,0.03
44.891,-0.03,0.02,-0.01,0.04
44.900,0.01,0.02,-0.00,0.02
44.911,-0.00,0.05,-0.01,0.06
44.921,0.00,0.04,-0.02,0.05
44.931,-0.02,0.02,-0.02,0.04
44.941,-0.00,0.00,-0.00,0.01
44.950,-0.02,-0.01,-0.00,0.03
44.960,-0.02,0.00,-0.01,0.02
44.971,-0.03,0.02,-0.01,0.04
44.981,-0.03,0.01,-0.03,0.05
44.990,-0.03,0.03,-0.01,0.05
45.000,-0.02,-0.02,-0.01,0.03
45.011,-0.02,-0.01,0.00,0.03
45.021,-0.03,-0.02,0.01,0.04
45.030,-0.02,-0.04,0.01,0.04
45.041,-0.00,-0.01,-0.01,0.02
45.050,-0.01,-0.01,-0.02,0.02
45.060,-0.01,-0.01,-0.03,0.03
45.071,-0.02,-0.01,-0.03,0.04
45.080,-0.00,-0.01,-0.02,0.02
45.091,-0.01,-0.02,0.00,0.03
45.100,-0.03,-0.02,-0.00,0.03
45.110,-0.01,-0.02,-0.02,0.03
45.120,0.00,0.00,-0.00,0.01
45.130,-0.02,0.00,-0.01,0.02
45.140,-0.01,0.02,-0.01,0.02
45.150,0.01,0.02,-0.03,0.04
45.160,-0.03,-0.01,-0.01,0.03
45.170,-0.01,-0.01,-0.00,0.01
45.180,-0.01,-0.01,0.00,0.02
45.190,-0.02,0.01,-0.00,0.03
45.200,0.04,0.02,-0.01,0.04
45.210,-0.13,0.03,-0.02,0.13
45.220,0.05,0.05,-0.01,0.07
45.230,0.05,-0.02,-0.03,0.06
45.240,0.01,0.05,0.01,0.05
45.250,-0.11,-0.01,0.01,0.11
45.260,0.10,-0.00,0.01,0.10
45.270,0.01,-0.01,0.01,0.01
45.280,-0.04,0.01,-0.00,0.05
45.290,-0.04,0.01,-0.02,0.04
45.300,0.03,0.05,-0.02,0.06
45.310,-0.01,0.03,-0.04,0.05
45.320,-0.04,0.05,-0.03,0.07
45.330,-0.03,0.03,-0.01,0.04
45.340,-0.02,0.03,0.01,0.04
45.350,-0.01,-0.01,-0.01,0.02
45.360,-0.02,0.02,-0.01,0.03
45.370,0.01,0.04,-0.00,0.04
45.380,-0.01,0.04,-0.02,0.04
45.390,0.02,0.06,-0.01,0.07
45.400,0.01,0.06,-0.00,0.06
45.410,-0.01,0.02,-0.01,0.02
45.420,0.00,0.02,-0.02,0.03
45.430,-0.00,0.01,0.01,0.02
45.440,-0.02,-0.01,0.01,0.03
45.450,-0.02,-0.01,-0.00,0.03
45.460,-0.01,0.04,-0.01,0.04
45.470,-0.04,0.03,-0.03,0.06
45.480,-0.00,0.05,-0.01,0.05
45.490,-0.05,0.02,-0.02,0.06
45.500,-0.02,-0.01,-0.02,0.03
45.510,-0.03,-0.02,-0.01,0.04
45.520,-0.00,-0.03,-0.00,0.03
45.530,0.02,0.02,0.00,0.03
45.540,0.00,-0.01,0.00,0.01
45.550,0.02,0.02,-0.00,0.03
45.560,0.00,0.01,-0.01,0.01
45.570,0.02,0.01,-0.01,0.03
45.580,0.01,0.01,-0.00,0.02
45.590,0.05,0.01,-0.01,0.05
45.600,-0.02,-0.01,-0.01,0.02
45.610,0.00,-0.06,-0.01,0.06
45.619,-0.01,0.01,0.00,0.02
45.630,-0.05,-0.03,-0.01,0.06
45.640,-0.02,0.01,-0.00,0.03
45.650,-0.00,0.01,-0.01,0.02
45.659,-0.00,0.01,-0.00,0.01
45.670,-0.02,-0.03,-0.02,0.04
45.679,-0.00,-0.02,-0.01,0.02
45.690,0.03,0.00,-0.01,0.03
45.699,0.03,-0.04,-0.02,0.05
45.709,-0.02,-0.03,0.00,0.04
45.719,0.01,-0.06,0.01,0.06
45.729,0.05,-0.02,0.01,0.05
45.739,0.02,0.03,-0.01,0.04
45.749,-0.00,0.01,-0.03,0.03
45.759,0.01,0.01,-0.02,0.03
45.769,-0.02,0.00,-0.01,0.02
45.779,-0.01,0.02,-0.01,0.03
45.789,-0.03,0.01,-0.00,0.04
45.799,-0.02,0.01,0.01,0.03
45.810,-0.01,0.02,0.01,0.03
45.819,-0.05,0.03,-0.00,0.06
45.829,-0.03,0.05,-0.01,0.05
45.839,-0.07,0.06,-0.03,0.10
45.849,-0.00,0.10,-0.02,0.10
45.859,-0.07,0.07,-0.01,0.10
45.869,-0.01,0.05,-0.01,0.05
45.879,-0.04,0.05,-0.01,0.06
45.889,-0.00,0.04,0.01,0.05
45.899,-0.05,0.07,0.01,0.08
45.909,-0.00,0.05,-0.02,0.06
45.919,-0.02,0.08,-0.01,0.09
45.929,-0.01,0.07,-0.02,0.08
45.939,-0.01,0.10,-0.02,0.11
45.949,0.00,0.07,-0.02,0.07
45.959,-0.03,0.06,-0.00,0.07
45.969,-0.03,0.02,-0.01,0.04
45.979,-0.04,0.03,0.00,0.05
45.989,0.00,0.02,0.01,0.02
45.999,-0.04,0.03,-0.01,0.05
46.009,-0.01,0.05,-0.01,0.05
46.019,-0.03,0.03,-0.02,0.05
46.029,0.01,0.03,-0.02,0.04
46.039,-0.04,0.02,-0.00,0.04
46.049,-0.01,0.02,-0.01,0.03
46.059,-0.02,-0.01,-0.00,0.02
46.069,0.01,0.02,-0.01,0.02
46.079,0.00,-0.00,-0.00,0.01
46.089,0.01,0.01,-0.01,0.02
46.099,0.02,0.02,-0.01,0.03
46.109,0.00,0.00,-0.01,0.01
46.119,-0.01,0.01,-0.01,0.02
46.129,-0.01,-0.01,-0.01,0.02
46.139,0.01,0.01,0.00,0.02
46.149,-0.02,0.00,-0.02,0.02
46.159,0.00,0.01,-0.00,0.01
46.169,0.01,-0.01,-0.01,0.02
46.179,-0.00,0.00,0.00,0.00
46.189,-0.02,0.02,0.01,0.03
46.199,-0.00,0.02,0.00,0.03
46.209,0.00,0.01,-0.00,0.01
46.219,0.00,0.02,-0.01,0.02
46.229,0.07,0.01,-0.01,0.07
46.239,-0.01,0.01,0.00,0.02
46.249,0.01,-0.01,-0.01,0.02
46.259,0.01,-0.00,-0.02,0.02
46.269,0.04,0.01,-0.01,0.04
46.279,-0.02,0.02,-0.03,0.04
46.289,0.02,0.02,-0.03,0.04
46.298,-0.03,0.03,-0.03,0.05
46.309,-0.03,0.04,-0.01,0.05
46.319,-0.05,0.01,-0.00,0.05
46.329,-0.03,-0.00,-0.00,0.03
46.338,-0.02,0.04,0.00,0.04
46.348,-0.03,0.04,-0.01,0.05
46.358,-0.02,0.09,-0.02,0.09
46.369,-0.03,0.03,-0.03,0.05
46.378,0.02,0.08,-0.01,0.08
46.388,-0.02,0.03,0.00,0.04
46.398,-0.02,0.06,0.02,0.06
46.408,-0.00,0.04,-0.01,0.04
46.418,-0.03,0.05,-0.00,0.06
46.428,-0.04,0.07,-0.02,0.08
46.438,-0.04,0.06,-0.03,0.08
46.448,-0.03,0.06,-0.01,0.07
46.458,-0.08,0.05,-0.02,0.10
46.468,-0.05,0.03,-0.01,0.06
46.478,-0.07,0.04,-0.00,0.08
46.488,-0.04,0.05,0.01,0.06
46.498,-0.04,0.05,0.01,0.06
46.508,-0.01,0.02,-0.01,0.03
46.518,-0.03,0.03,-0.02,0.05
46.528,0.01,0.05,-0.01,0.05
46.538,-0.02,0.03,-0.01,0.04
46.548,-0.03,0.02,-0.02,0.04
46.558,-0.01,0.04,-0.01,0.04
46.568,0.01,0.01,-0.01,0.01
46.578,-0.01,0.01,-0.00,0.01
46.588,-0.01,0.00,-0.02,0.02
46.598,-0.03,0.01,-0.02,0.04
46.608,-0.01,-0.01,-0.01,0.01
46.618,-0.01,0.01,-0.03,0.03
46.628,-0.02,0.03,-0.01,0.04
46.638,-0.03,0.01,-0.01,0.04
46.648,-0.00,-0.01,-0.01,0.01
46.658,-0.01,-0.01,-0.01,0.02
46.668,0.02,-0.00,-0.00,0.02
46.678,0.00,0.01,-0.01,0.01
46.688,0.02,0.02,-0.01,0.02
46.698,-0.01,-0.01,-0.02,0.02
46.708,0.03,0.01,-0.02,0.04
46.718,0.02,0.02,-0.02,0.04
46.728,0.03,0.02,-0.02,0.04
46.738,0.02,0.01,-0.02,0.03
46.748,0.07,0.01,-0.01,0.07
46.758,0.03,-0.02,-0.00,0.03
46.768,-0.01,0.00,-0.00,0.01
46.778,-0.00,-0.01,-0.00,0.01
46.788,-0.01,0.01,-0.01,0.02
46.798,-0.01,0.04,-0.00,0.04
46.808,-0.04,0.03,-0.03,0.06
46.818,0.01,0.05,-0.03,0.06
46.828,-0.03,0.03,-0.01,0.04
46.838,0.01,0.02,0.01,0.03
46.848,-0.00,0.01,-0.00,0.02
46.858,0.01,0.00,0.00,0.02
46.868,0.01,0.01,-0.00,0.02
46.878,0.03,0.04,0.01,0.05
46.888,-0.02,0.06,-0.01,0.06
46.898,-0.03,0.04,-0.02,0.05
46.908,-0.01,0.05,-0.02,0.05
46.918,-0.04,0.03,-0.01,0.05
46.928,-0.05,0.04,-0.01,0.06
46.937,-0.02,0.05,0.01,0.05
46.948,-0.04,0.03,-0.01,0.05
46.958,-0.01,0.03,-0.00,0.03
46.968,-0.05,0.04,-0.03,0.07
46.978,0.01,0.07,-0.02,0.07
46.988,-0.04,0.03,-0.02,0.05
46.997,-0.03,0.04,-0.02,0.05
47.008,-0.07,0.01,0.01,0.07
47.017,-0.04,0.02,-0.00,0.04
47.027,-0.05,0.01,-0.00,0.06
47.037,-0.03,0.03,-0.02,0.05
47.047,-0.04,0.05,-0.02,0.07
47.057,-0.06,0.02,-0.03,0.07
47.067,-0.04,0.04,-0.00,0.05
47.077,-0.04,0.01,-0.02,0.04
47.087,-0.01,0.02,0.01,0.03
47.097,-0.02,0.00,0.00,0.02
47.107,-0.00,0.02,-0.01,0.02
47.117,-0.03,-0.00,-0.02,0.04
47.127,-0.03,0.03,-0.03,0.05
47.137,0.00,0.04,0.00,0.04
47.147,-0.01,0.02,-0.01,0.03
47.157,0.01,0.02,-0.02,0.03
47.167,-0.03,0.01,-0.01,0.03
47.177,0.01,0.01,-0.00,0.01
47.187,-0.02,-0.00,0.00,0.02
47.197,0.00,-0.00,0.00,0.00
47.207,-0.01,0.01,-0.01,0.02
47.217,-0.01,0.01,-0.02,0.02
47.227,-0.02,0.03,-0.03,0.05
47.237,-0.01,0.02,-0.02,0.03
47.247,-0.02,0.03,-0.01,0.04
47.257,-0.00,0.01,-0.00,0.01
47.267,0.01,0.02,-0.00,0.02
47.277,-0.00,0.02,-0.02,0.03
47.287,0.03,0.02,-0.00,0.03
47.297,0.01,0.02,-0.01,0.03
47.307,0.02,0.04,-0.01,0.05
47.317,0.02,0.01,-0.01,0.02
47.327,0.02,0.03,0.01,0.03
47.337,0.02,0.03,0.00,0.03
47.347,0.02,0.03,-0.01,0.04
47.357,0.03,0.03,-0.02,0.05
47.367,0.00,0.05,0.01,0.05
47.377,0.01,0.01,-0.02,0.02
47.387,0.01,0.03,-0.01,0.03
47.397,0.01,0.01,-0.01,0.02
47.407,0.01,0.04,-0.00,0.05
47.417,-0.01,0.02,-0.02,0.03
47.427,-0.03,0.03,0.00,0.04
47.437,-0.02,0.03,-0.01,0.03
47.447,-0.04,0.04,-0.01,0.06
47.457,-0.06,0.03,-0.01,0.07
47.467,-0.03,0.03,-0.00,0.04
47.477,-0.03,0.04,-0.00,0.05
47.487,-0.04,0.04,-0.00,0.06
47.497,-0.05,0.02,-0.01,0.05
47.507,-0.03,0.03,-0.00,0.05
47.517,0.00,0.02,-0.01,0.02
47.527,-0.02,0.01,-0.02,0.03
47.537,-0.03,0.03,-0.01,0.04
47.547,-0.04,0.02,-0.02,0.05
47.557,-0.02,0.03,-0.00,0.04
47.567,-0.04,0.01,-0.01,0.05
47.577,-0.05,0.02,-0.02,0.06
47.587,-0.05,0.02,-0.01,0.05
47.597,-0.04,0.02,-0.02,0.05
47.607,-0.05,0.03,-0.01,0.06
47.617,-0.06,0.04,0.00,0.07
47.627,-0.05,0.03,-0.00,0.06
47.637,-0.06,0.04,-0.03,0.08
47.647,-0.04,0.02,-0.01,0.05
47.656,-0.04,0.03,-0.01,0.05
47.667,-0.02,0.03,-0.01,0.04
47.676,-0.02,0.04,-0.01,0.04
47.687,-0.02,0.04,-0.01,0.04
47.696,-0.03,0.04,-0.01,0.05
47.707,-0.03,0.02,-0.01,0.04
47.716,0.01,0.03,0.00,0.03
47.726,0.02,0.04,-0.01,0.04
47.736,0.00,0.03,0.00,0.03
47.746,0.01,0.01,-0.01,0.02
47.756,0.03,0.01,-0.01,0.03
47.766,0.02,0.01,-0.00,0.02
47.776,0.02,0.03,-0.00,0.03
47.786,0.02,0.02,-0.02,0.03
47.796,0.01,0.02,-0.00,0.02
47.806,-0.01,0.02,0.00,0.02
47.816,-0.00,0.01,-0.02,0.02
47.826,0.00,0.02,-0.02,0.03
47.836,0.01,0.01,-0.00,0.01
47.846,-0.01,0.00,-0.02,0.02
47.856,-0.00,0.01,-0.01,0.01
47.866,-0.02,0.00,-0.01,0.02
47.876,-0.01,0.02,-0.00,0.02
47.886,-0.01,0.02,-0.00,0.02
47.896,-0.00,0.03,-0.01,0.03
47.906,-0.01,0.04,-0.01,0.05
47.916,0.00,0.02,-0.02,0.03
47.926,0.01,0.03,-0.01,0.03
47.936,0.01,0.01,-0.02,0.02
47.946,0.02,0.03,-0.01,0.03
47.956,-0.02,0.03,-0.03,0.04
47.966,-0.00,0.03,-0.01,0.03
47.976,-0.02,0.02,-0.01,0.03
47.986,-0.01,0.01,-0.01,0.02
47.996,-0.01,0.01,-0.01,0.02
48.006,-0.03,0.03,-0.00,0.04
48.016,-0.03,0.03,-0.02,0.05
48.026,-0.01,0.03,-0.02,0.03
48.036,-0.02,0.02,-0.02,0.03
48.046,0.01,0.04,0.02,0.04
48.056,-0.01,0.01,-0.01,0.02
48.066,-0.01,0.01,-0.01,0.02
48.076,-0.03,0.02,0.00,0.03
48.086,-0.04,0.03,-0.01,0.06
48.096,0.04,0.04,0.00,0.06
48.106,-0.10,0.03,-0.02,0.11
48.116,-0.01,0.06,-0.01,0.06
48.126,-0.09,0.02,-0.03,0.10
48.136,-0.02,0.06,-0.02,0.07
48.146,-0.09,0.03,-0.01,0.09
48.156,-0.02,0.06,-0.01,0.06
48.166,-0.04,0.02,0.01,0.05
48.176,-0.09,0.01,0.01,0.09
48.186,-0.10,0.01,0.01,0.10
48.196,-0.08,0.01,-0.00,0.08
48.206,-0.16,0.04,-0.02,0.16
48.216,-0.14,0.07,-0.03,0.16
48.226,-0.13,0.07,-0.05,0.16
48.235,-0.05,0.07,-0.02,0.09
48.246,-0.06,0.01,-0.01,0.06
48.255,-0.00,-0.01,0.00,0.01
48.265,0.04,-0.05,0.01,0.06
48.276,0.02,-0.01,0.02,0.03
48.286,0.04,0.03,-0.01,0.05
48.295,0.05,0.04,-0.03,0.07
48.306,0.03,0.03,-0.05,0.06
48.315,-0.01,0.03,-0.01,0.03
48.326,-0.03,0.00,-0.00,0.03
48.335,-0.07,0.01,-0.01,0.07
48.345,-0.08,0.00,-0.00,0.08
48.355,-0.10,0.01,-0.01,0.10
48.365,-0.10,0.04,-0.02,0.11
48.375,-0.07,0.06,-0.03,0.10
48.385,-0.06,0.05,-0.03,0.08
48.395,-0.06,0.02,-0.01,0.06
48.405,-0.04,0.01,-0.01,0.04
48.415,-0.02,-0.01,0.01,0.02
48.425,-0.00,0.01,-0.01,0.02
48.435,-0.00,0.02,-0.01,0.02
48.445,0.02,0.03,-0.02,0.04
48.456,0.00,0.03,-0.01,0.03
48.465,0.01,0.03,-0.02,0.04
48.475,-0.00,0.01,-0.01,0.02
48.485,-0.01,0.02,-0.03,0.03
48.495,-0.04,0.00,-0.01,0.04
48.505,-0.04,0.00,-0.00,0.04
48.515,-0.01,0.03,-0.01,0.03
48.525,0.02,0.02,-0.02,0.03
48.535,0.02,0.02,-0.02,0.04
48.545,0.02,0.02,-0.01,0.03
48.555,0.01,0.02,0.01,0.02
48.565,0.04,0.01,0.01,0.04
48.575,-0.04,0.02,-0.00,0.04
48.585,0.04,0.03,0.00,0.05
48.595,-0.05,0.01,-0.01,0.05
48.605,-0.00,0.05,-0.01,0.05
48.615,-0.04,0.02,-0.02,0.05
48.625,0.05,0.03,-0.02,0.06
48.635,0.00,0.01,0.00,0.01
48.645,-0.01,0.01,-0.01,0.01
48.655,0.06,0.02,-0.01,0.06
48.665,0.03,0.02,-0.02,0.04
48.675,0.00,0.01,-0.02,0.02
48.685,0.01,0.01,-0.01,0.02
48.695,-0.03,0.01,-0.02,0.04
48.705,0.03,0.05,-0.01,0.06
48.715,-0.02,-0.00,-0.02,0.03
48.725,-0.02,0.04,0.00,0.04
48.735,0.01,0.00,-0.01,0.02
48.745,0.03,0.02,-0.01,0.04
48.755,-0.04,-0.02,-0.00,0.04
48.765,-0.02,0.03,-0.01,0.04
48.775,0.00,0.02,-0.01,0.02
48.785,-0.00,0.06,-0.01,0.06
48.795,-0.01,0.01,-0.01,0.02
48.805,-0.04,0.04,0.00,0.05
48.815,-0.01,0.01,-0.01,0.02
48.825,-0.07,0.02,-0.01,0.07
48.835,-0.03,-0.00,-0.01,0.03
48.845,-0.07,0.04,-0.01,0.08
48.855,-0.01,0.03,-0.01,0.03
48.865,-0.07,0.01,-0.00,0.07
48.875,-0.00,0.02,-0.00,0.02
48.885,-0.04,0.01,-0.01,0.04
48.895,0.01,0.02,-0.01,0.03
48.905,-0.00,0.01,-0.01,0.02
48.914,-0.02,0.03,0.00,0.03
48.925,0.02,0.02,-0.00,0.03
48.935,-0.03,0.01,-0.01,0.03
48.945,0.02,0.03,0.01,0.04
48.955,-0.03,0.02,-0.00,0.03
48.964,-0.01,0.04,-0.02,0.04
48.975,-0.06,0.00,-0.02,0.06
48.985,0.31,0.07,0.02,0.32
48.995,-0.55,-0.03,-0.00,0.55
49.005,0.55,0.09,0.02,0.56
49.014,-0.35,-0.06,-0.02,0.35
49.024,0.16,0.11,0.02,0.19
49.034,-0.36,-0.02,-0.01,0.36
49.044,0.24,0.06,-0.02,0.25
49.054,-0.13,0.03,-0.01,0.13
49.064,-0.09,0.02,0.00,0.09
49.074,-0.02,0.05,0.01,0.06
49.084,-0.02,-0.02,-0.02,0.03
49.094,-0.00,0.07,-0.01,0.07
49.104,-0.00,-0.01,-0.02,0.03
49.114,0.02,0.06,-0.01,0.07
49.124,-0.01,-0.01,-0.01,0.02
49.134,0.05,0.02,-0.00,0.06
49.144,0.02,0.01,0.00,0.02
49.154,-0.01,0.02,-0.03,0.04
49.164,0.04,0.04,0.00,0.05
49.174,-0.02,0.00,-0.02,0.03
49.184,0.00,0.04,-0.01,0.05
49.194,0.00,0.03,-0.01,0.03
49.204,-0.04,0.02,-0.02,0.05
49.214,-0.01,0.03,-0.02,0.04
49.224,-0.06,0.04,-0.01,0.07
49.234,-0.01,0.04,-0.02,0.05
49.244,-0.03,0.02,-0.01,0.04
49.254,-0.00,0.04,-0.02,0.04
49.264,0.00,0.02,-0.02,0.03
49.274,-0.01,0.02,-0.00,0.02
49.284,0.02,0.02,0.00,0.03
49.294,0.00,0.00,0.00,0.01
49.304,-0.03,0.03,-0.01,0.04
49.314,-0.01,0.02,-0.01,0.03
49.324,-0.00,0.04,-0.01,0.04
49.334,-0.02,0.01,-0.00,0.02
49.344,-0.02,0.02,-0.01,0.03
49.354,-0.03,0.03,-0.02,0.04
49.364,-0.03,0.01,-0.02,0.04
49.374,-0.02,0.02,-0.00,0.03
49.384,-0.01,0.00,-0.01,0.02
49.394,-0.00,0.01,-0.00,0.01
49.404,-0.01,0.01,-0.00,0.01
49.414,0.01,0.03,-0.03,0.04
49.424,0.01,0.03,-0.02,0.04
49.434,-0.01,0.03,-0.01,0.04
49.444,-0.00,0.01,-0.00,0.01
49.454,-0.01,0.00,-0.00,0.01
49.464,-0.00,0.01,-0.01,0.02
49.474,-0.01,0.03,-0.01,0.03
49.484,-0.00,0.03,-0.01,0.03
49.494,-0.02,0.04,-0.03,0.05
49.504,-0.04,0.04,-0.02,0.06
49.514,-0.04,0.03,-0.02,0.05
49.524,-0.05,0.00,-0.01,0.05
49.534,-0.05,0.01,-0.01,0.05
49.544,-0.05,0.02,-0.01,0.05
49.554,-0.01,0.02,0.00,0.02
49.564,-0.02,0.02,-0.01,0.02
49.574,-0.01,0.02,-0.03,0.04
49.584,-0.00,0.02,-0.01,0.02
49.594,-0.01,0.01,0.00,0.02
49.603,0.01,0.01,-0.01,0.02
49.614,0.01,0.02,-0.00,0.03
49.624,-0.03,0.02,-0.00,0.04
49.633,-0.01,0.03,-0.01,0.03
49.643,-0.02,0.02,0.00,0.03
49.653,-0.03,0.03,-0.02,0.05
49.663,-0.03,0.01,-0.01,0.03
49.674,-0.04,0.01,-0.00,0.04
49.684,-0.03,0.03,-0.02,0.05
49.693,-0.03,0.02,-0.01,0.04
49.703,-0.02,0.02,-0.01,0.03
49.713,-0.02,0.00,0.00,0.02
49.723,-0.01,0.00,-0.01,0.02
49.733,-0.00,0.01,-0.01,0.01
49.743,0.01,0.01,-0.01,0.02
49.753,-0.00,0.02,-0.01,0.02
49.763,-0.01,0.02,-0.02,0.03
49.773,0.01,0.03,-0.02,0.04
49.783,0.00,0.00,-0.01,0.01
49.793,-0.01,0.02,-0.00,0.02
49.803,-0.02,0.02,-0.01,0.02
49.813,-0.03,0.04,-0.01,0.05
49.823,-0.01,0.03,-0.00,0.03
49.833,-0.03,0.04,-0.01,0.05
49.843,-0.02,0.02,0.00,0.03
49.853,-0.03,0.02,0.00,0.04
49.863,-0.02,0.03,-0.00,0.03
49.873,-0.01,0.00,-0.02,0.02
49.883,0.01,0.01,-0.01,0.01
49.893,0.02,0.02,-0.01,0.03
49.903,-0.01,0.03,-0.00,0.03
49.913,0.00,0.02,-0.02,0.03
49.923,-0.01,0.02,-0.02,0.03
49.933,-0.01,0.02,-0.01,0.02
49.943,-0.00,0.02,-0.01,0.02
49.953,-0.02,0.02,-0.00,0.03
49.963,-0.04,0.03,-0.02,0.05
49.973,-0.03,0.04,-0.01,0.05
49.983,-0.04,0.04,-0.01,0.05
49.993,-0.04,0.03,-0.02,0.06
50.003,-0.02,0.03,-0.00,0.04
50.013,-0.04,0.02,0.00,0.04
50.023,-0.03,0.02,-0.01,0.04
50.033,-0.02,0.01,0.00,0.03
50.043,-0.01,0.03,0.00,0.03
50.053,-0.01,0.02,-0.02,0.03
50.063,-0.02,0.04,-0.02,0.05
50.073,-0.01,0.02,-0.00,0.02
50.083,-0.03,0.01,-0.01,0.03
50.093,-0.03,0.02,-0.02,0.04
50.103,-0.01,0.02,-0.01,0.03
50.113,-0.00,0.03,-0.01,0.03
50.123,-0.01,0.03,-0.00,0.03
50.133,-0.03,0.03,0.00,0.04
50.143,-0.02,0.03,-0.01,0.04
50.153,-0.02,0.02,-0.02,0.03
50.163,-0.02,0.02,-0.01,0.03
50.173,0.00,0.02,-0.00,0.02
50.183,-0.02,0.03,-0.01,0.04
50.193,-0.02,0.02,-0.02,0.04
50.203,-0.01,0.01,-0.01,0.02
50.213,-0.02,0.03,-0.02,0.04
50.223,-0.03,0.03,-0.02,0.04
50.233,-0.02,0.02,-0.02,0.03
50.243,-0.03,0.02,-0.01,0.03
50.253,-0.02,0.02,-0.00,0.03
50.263,-0.01,0.02,-0.01,0.02
50.273,0.01,0.02,-0.03,0.03
50.283,-0.01,0.01,-0.02,0.02
50.293,-0.00,0.02,-0.01,0.03
50.303,-0.00,0.03,-0.01,0.03
50.312,-0.00,0.02,-0.01,0.02
50.322,0.01,0.03,-0.02,0.04
50.332,0.01,0.01,-0.03,0.03
50.343,-0.01,0.01,-0.01,0.02
50.352,-0.03,0.02,-0.01,0.03
50.362,-0.04,0.02,0.01,0.04
50.372,-0.02,0.02,-0.02,0.03
50.382,-0.02,0.04,-0.02,0.05
50.392,-0.02,0.04,-0.01,0.04
50.402,-0.01,0.03,-0.01,0.03
50.412,-0.01,0.03,-0.00,0.03
50.422,-0.02,0.01,0.01,0.02
50.432,-0.02,0.00,0.01,0.02
50.442,-0.00,0.02,0.01,0.02
50.452,-0.01,0.01,-0.01,0.01
50.462,-0.02,0.03,-0.01,0.03
50.472,-0.02,0.03,-0.01,0.03
50.482,-0.02,0.02,-0.01,0.03
50.492,-0.02,0.01,-0.00,0.02
50.502,-0.03,0.01,-0.01,0.03
50.512,-0.03,0.02,-0.02,0.04
50.522,-0.03,0.05,-0.02,0.06
50.532,-0.03,0.04,-0.01,0.05
50.542,-0.02,0.04,-0.00,0.05
50.552,-0.02,0.02,-0.01,0.03
50.562,-0.03,0.01,-0.01,0.03
50.572,-0.02,0.03,-0.00,0.04
50.582,-0.01,0.02,-0.01,0.02
50.592,-0.02,0.03,-0.02,0.04
50.602,-0.00,0.03,-0.03,0.05
50.612,-0.01,0.03,-0.02,0.04
50.622,0.00,0.02,-0.01,0.03
50.632,-0.00,0.02,-0.01,0.02
50.642,-0.01,0.02,-0.02,0.03
50.652,-0.02,0.02,-0.01,0.03
50.662,-0.01,0.02,-0.00,0.02
50.672,-0.02,0.05,-0.01,0.05
50.682,-0.02,0.01,-0.01,0.02
50.692,-0.00,0.02,-0.00,0.02
50.702,-0.00,0.03,-0.00,0.03
50.712,-0.01,0.02,-0.01,0.02
50.722,-0.02,0.03,-0.01,0.04
50.732,-0.01,0.02,-0.01,0.03
50.742,-0.01,0.03,-0.02,0.04
50.752,-0.01,0.02,-0.02,0.03
50.762,0.01,0.03,-0.02,0.04
50.772,-0.01,0.03,-0.01,0.03
50.782,-0.01,0.02,0.00,0.03
50.792,-0.01,0.03,0.00,0.03
50.802,-0.02,0.02,-0.01,0.03
50.812,-0.02,0.04,0.00,0.04
50.822,-0.01,0.03,-0.01,0.03
50.832,-0.01,0.01,-0.00,0.02
50.842,-0.02,0.01,-0.02,0.03
50.852,-0.01,0.03,0.00,0.03
50.862,-0.02,0.03,-0.01,0.03
50.872,-0.01,0.02,-0.03,0.04
50.882,-0.02,0.02,-0.01,0.03
50.892,-0.02,0.03,-0.01,0.04
50.901,-0.03,0.03,-0.02,0.05
50.912,-0.02,0.01,0.01,0.03
50.922,-0.03,0.02,-0.02,0.04
50.932,-0.03,0.03,-0.02,0.04
50.942,-0.02,0.02,-0.02,0.03
50.952,-0.03,0.02,-0.02,0.04
50.962,-0.03,0.03,-0.00,0.04
50.971,-0.02,0.02,0.00,0.03
50.981,-0.01,0.02,-0.01,0.03
50.992,-0.02,0.01,-0.02,0.03
51.002,-0.01,0.03,-0.01,0.04
51.012,-0.01,0.01,-0.01,0.02
51.021,-0.03,0.03,-0.00,0.04
51.031,-0.03,0.02,-0.01,0.04
51.042,-0.01,0.03,-0.01,0.03
51.051,-0.00,0.01,-0.01,0.01
51.061,-0.01,0.02,-0.01,0.03
51.071,-0.02,0.03,0.00,0.04
51.081,-0.01,0.03,0.00,0.04
51.091,-0.01,0.02,0.00,0.03
51.101,-0.02,0.02,-0.01,0.03
51.111,-0.01,0.03,-0.02,0.03
51.121,0.00,0.03,-0.01,0.04
51.131,-0.01,0.01,-0.02,0.03
51.141,-0.03,0.02,-0.02,0.04
51.151,-0.01,0.03,-0.02,0.03
51.161,-0.00,0.03,-0.01,0.03
51.171,-0.01,0.03,-0.01,0.03
51.181,-0.01,0.02,-0.01,0.02
51.191,-0.01,0.01,-0.00,0.01
51.201,-0.01,0.02,-0.01,0.02
51.211,0.00,0.02,-0.01,0.03
51.221,-0.03,0.03,-0.01,0.05
51.231,-0.03,0.02,-0.00,0.04
51.241,-0.01,0.02,-0.01,0.03
51.251,-0.01,0.02,-0.01,0.02
51.261,-0.02,0.03,-0.00,0.04
51.271,-0.01,0.03,-0.00,0.03
51.281,-0.02,0.02,-0.01,0.03
51.291,-0.01,0.02,-0.01,0.03
51.301,0.00,0.03,-0.00,0.03
51.311,-0.00,0.01,-0.01,0.02
51.321,-0.01,0.03,0.01,0.04
51.331,-0.02,0.00,-0.01,0.03
51.341,-0.02,0.01,-0.01,0.03
51.351,-0.03,0.02,-0.02,0.04
51.361,-0.02,0.03,-0.02,0.05
51.371,-0.02,0.03,0.00,0.03
51.381,-0.01,0.03,-0.02,0.04
51.391,-0.02,0.03,-0.03,0.04
51.401,-0.03,0.02,0.00,0.04
51.411,-0.02,0.02,-0.03,0.04
51.421,-0.01,0.03,-0.02,0.04
51.431,-0.01,0.04,-0.01,0.04
51.441,-0.01,0.03,-0.02,0.03
51.451,-0.02,0.01,-0.02,0.03
51.461,-0.02,0.01,-0.00,0.02
51.471,-0.01,0.03,-0.00,0.03
51.481,-0.03,0.03,-0.01,0.04
51.491,-0.01,0.03,-0.00,0.03
51.501,-0.01,0.02,-0.02,0.03
51.511,-0.01,0.02,-0.01,0.03
51.521,-0.01,0.04,-0.02,0.04
51.531,-0.04,0.02,-0.00,0.04
51.541,-0.01,0.01,0.00,0.02
51.551,-0.02,0.03,-0.00,0.03
51.561,-0.02,0.02,-0.01,0.03
51.571,-0.02,0.02,-0.01,0.03
51.581,-0.02,0.02,-0.01,0.03
51.591,-0.00,0.03,-0.00,0.03
51.601,-0.01,0.02,-0.01,0.03
51.611,-0.01,0.02,0.00,0.03
51.621,-0.01,0.02,0.00,0.03
51.630,-0.00,0.03,-0.03,0.04
51.640,-0.02,0.04,-0.02,0.05
51.650,-0.02,0.03,-0.01,0.03
51.660,-0.00,0.02,-0.01,0.02
51.671,-0.02,0.02,-0.00,0.03
51.680,-0.01,0.03,-0.02,0.04
51.690,0.01,0.01,-0.01,0.02
51.700,-0.00,0.02,-0.02,0.03
51.710,-0.02,0.02,-0.01,0.03
51.721,-0.02,0.03,-0.01,0.03
51.730,-0.03,0.03,-0.00,0.04
51.740,-0.03,0.02,-0.01,0.04
51.750,-0.01,0.02,-0.02,0.03
51.760,-0.01,0.02,-0.01,0.02
51.770,-0.01,0.02,-0.01,0.02
51.780,-0.02,0.02,0.00,0.02
51.790,-0.02,0.01,-0.01,0.03
51.800,-0.02,0.01,-0.00,0.02
51.810,-0.00,0.02,-0.01,0.02
51.820,-0.00,0.02,-0.02,0.03
51.830,-0.02,0.02,-0.02,0.03
51.840,-0.01,0.03,-0.02,0.04
51.850,-0.03,0.04,-0.01,0.05
51.860,-0.02,0.02,-0.02,0.04
51.870,-0.03,0.01,-0.02,0.04
51.880,-0.01,0.03,-0.02,0.04
51.890,-0.03,0.03,-0.01,0.04
51.900,-0.05,0.02,-0.00,0.05
51.910,0.04,0.03,-0.01,0.05
51.920,-0.39,0.04,-0.03,0.40
51.930,-0.25,0.11,0.00,0.28
51.940,-0.58,0.06,0.00,0.58
51.950,-0.40,0.09,-0.01,0.41
51.960,-0.37,0.09,-0.01,0.38
51.970,-0.68,0.08,0.00,0.69
51.980,-0.36,0.11,0.01,0.38
51.990,-0.46,0.04,-0.02,0.46
52.000,-0.34,0.13,0.03,0.36
52.010,-0.86,0.08,0.00,0.87
52.020,-0.11,0.12,-0.02,0.17
52.030,-0.06,0.07,-0.03,0.09
52.040,-1.06,0.16,0.00,1.07
52.050,-0.61,0.11,-0.03,0.62
52.060,0.05,0.13,-0.05,0.15
52.070,-0.51,0.05,-0.06,0.52
52.080,-0.75,0.24,-0.00,0.79
52.090,-0.66,0.13,-0.03,0.67
52.100,-0.26,0.11,-0.05,0.28
52.110,-0.36,0.18,-0.00,0.40
52.120,-0.65,0.13,0.05,0.66
52.130,-0.49,0.10,0.04,0.51
52.140,-0.50,0.06,-0.01,0.50
52.150,-0.28,0.13,-0.01,0.31
52.160,-0.66,0.15,-0.05,0.68
52.170,-0.64,0.21,-0.06,0.67
52.180,-0.44,0.16,-0.08,0.48
52.190,-0.39,0.05,-0.10,0.40
52.200,-0.69,0.11,-0.03,0.70
52.210,-0.44,-0.03,-0.03,0.44
52.220,-0.51,-0.05,-0.03,0.51
52.230,-0.49,-0.03,-0.04,0.49
52.240,-0.38,-0.01,-0.05,0.38
52.250,-0.54,0.10,0.03,0.55
52.260,-0.63,-0.11,-0.03,0.64
52.269,-0.30,-0.04,-0.01,0.30
52.280,-0.40,-0.04,0.04,0.40
52.290,-0.69,-0.13,-0.02,0.70
52.299,-0.51,-0.11,-0.05,0.52
52.309,-0.25,-0.07,-0.11,0.28
52.319,-0.57,0.06,-0.08,0.58
52.329,-0.73,0.13,-0.06,0.74
52.339,-0.66,0.08,-0.03,0.67
52.350,-0.51,-0.07,0.01,0.51
52.359,-0.58,-0.15,0.03,0.60
52.369,-0.49,-0.09,0.05,0.51
52.379,-0.72,-0.12,-0.04,0.73
52.389,-0.49,0.14,-0.09,0.52
52.399,-0.41,0.11,-0.20,0.47
52.409,-0.70,0.33,-0.11,0.78
52.419,-0.51,0.10,-0.06,0.52
52.429,-0.66,-0.03,0.03,0.67
52.439,-0.20,-0.19,0.07,0.29
52.449,-0.83,-0.04,0.14,0.85
52.459,-0.33,0.04,0.11,0.35
52.469,-0.60,-0.03,0.02,0.60
52.479,-0.45,0.14,-0.04,0.47
52.489,-0.43,0.08,-0.14,0.46
52.499,-0.74,0.23,-0.10,0.78
52.509,-0.27,0.11,-0.06,0.30
52.519,-0.72,0.02,-0.00,0.72
52.529,-0.45,-0.21,-0.06,0.50
52.539,-0.65,0.25,0.14,0.71
52.549,-0.37,-0.16,-0.10,0.42
52.559,-0.72,0.15,-0.07,0.74
52.569,-0.17,0.55,-0.01,0.57
52.579,-0.79,-0.13,-0.11,0.81
52.589,-0.37,0.25,0.06,0.45
52.599,-0.60,-0.33,-0.11,0.69
52.609,-0.48,0.49,0.16,0.71
52.619,-0.45,-0.07,-0.04,0.45
52.629,-0.71,0.21,0.05,0.74
52.639,-0.29,0.03,-0.07,0.30
52.649,-0.55,0.24,-0.09,0.60
52.659,-0.52,0.60,0.01,0.79
52.669,-0.39,-0.17,-0.27,0.50
52.679,-0.89,0.18,-0.15,0.92
52.689,-0.25,0.85,0.07,0.89
52.699,-0.79,0.30,-0.01,0.84
52.709,-0.43,-0.08,0.11,0.45
52.719,-0.56,0.16,0.17,0.60
52.729,-0.44,0.28,0.31,0.60
52.739,-0.52,-0.04,0.17,0.55
52.749,-0.49,-0.21,-0.05,0.54
52.759,-0.48,0.84,0.11,0.98
52.769,-0.53,0.15,-0.27,0.61
52.779,-0.48,0.46,-0.21,0.69
52.789,-0.60,0.57,-0.06,0.83
52.799,-0.48,0.02,-0.09,0.49
52.809,-0.61,-0.01,0.00,0.61
52.819,-0.60,-0.01,0.06,0.60
52.829,-0.58,-0.09,-0.08,0.59
52.839,-0.38,0.21,-0.11,0.45
52.849,-0.55,0.40,0.01,0.67
52.859,-0.49,0.58,0.14,0.78
52.869,-0.49,0.01,0.20,0.53
52.879,-0.59,-0.62,0.01,0.86
52.889,-0.19,0.11,0.15,0.27
52.899,-0.83,-0.07,-0.11,0.84
52.909,-0.47,0.47,-0.26,0.72
52.919,-0.47,0.64,-0.27,0.83
52.929,-0.78,0.62,-0.18,1.01
52.939,-0.39,-0.00,-0.29,0.48
52.949,-0.10,0.59,0.11,0.61
52.959,-0.53,0.55,0.44,0.88
52.968,-0.30,-0.28,0.18,0.45
52.978,0.02,-0.20,0.19,0.28
52.989,-0.11,0.58,0.40,0.71
52.999,-0.28,0.14,0.05,0.32
53.008,-0.11,-0.08,-0.23,0.27
53.018,-0.20,1.17,-0.01,1.18
53.028,0.04,0.57,-0.22,0.61
53.038,-0.20,0.23,-0.27,0.41
53.048,-0.21,-0.13,-0.41,0.48
53.058,-0.09,1.39,0.11,1.40
53.068,-0.23,-0.34,-0.28,0.50
53.078,0.08,1.06,0.43,1.14
53.088,-0.27,-0.03,0.44,0.52
53.098,-0.24,-0.94,0.02,0.97
53.108,0.01,0.45,0.31,0.55
53.118,-0.31,-0.06,-0.30,0.43
53.128,0.18,1.21,-0.12,1.23
53.138,-0.30,0.68,-0.30,0.80
53.148,0.08,0.72,-0.17,0.74
53.158,-0.05,0.27,0.18,0.33
53.168,-0.10,0.20,0.45,0.50
53.178,0.04,-0.86,0.16,0.88
53.188,-0.07,-0.08,0.20,0.23
53.198,-0.29,0.65,0.01,0.71
53.208,0.12,0.71,-0.31,0.78
53.218,-0.22,0.91,-0.33,0.99
53.228,0.18,0.95,-0.18,0.98
53.238,-0.09,0.56,0.07,0.57
53.248,-0.12,-0.50,0.02,0.52
53.258,-0.12,0.20,0.42,0.48
53.268,-0.00,-0.10,0.20,0.22
53.278,0.26,0.97,0.34,1.06
53.288,-0.09,0.34,0.10,0.36
53.298,0.12,0.21,-0.01,0.24
53.308,0.15,0.48,-0.07,0.51
53.318,0.06,0.15,-0.23,0.28
53.328,-0.34,0.65,-0.18,0.76
53.338,0.24,0.13,-0.41,0.49
53.348,-0.35,0.62,-0.20,0.74
53.358,0.21,0.66,-0.04,0.70
53.368,-0.22,0.36,0.17,0.46
53.378,-0.09,0.03,0.26,0.28
53.388,0.09,0.18,0.43,0.47
53.398,0.01,-0.18,0.35,0.39
53.408,-0.04,0.18,0.23,0.30
53.418,-0.11,0.09,-0.15,0.20
53.428,0.27,0.46,-0.55,0.77
53.438,0.03,0.93,-0.48,1.04
53.448,-0.26,1.17,-0.38,1.26
53.458,0.22,1.19,0.04,1.21
53.468,0.01,0.56,0.52,0.76
53.478,-0.20,-1.47,0.23,1.50
53.488,-0.09,-0.68,0.55,0.88
53.498,0.15,0.54,0.49,0.75
53.508,-0.29,-0.10,-0.27,0.41
53.518,0.00,1.49,-0.10,1.49
53.527,-0.10,0.75,-0.47,0.89
53.538,0.21,0.97,-0.41,1.07
53.548,-0.04,0.73,-0.04,0.73
53.558,-0.17,0.03,0.05,0.18
53.568,-0.09,0.12,0.31,0.34
53.578,-0.11,-0.11,0.42,0.45
53.588,-0.15,0.03,0.34,0.37
53.597,0.25,-0.15,0.02,0.29
53.608,-0.44,0.64,-0.02,0.77
53.618,0.45,0.68,-0.29,0.86
53.627,-0.17,0.73,-0.31,0.81
53.638,-0.12,0.77,-0.20,0.80
53.647,-0.15,0.33,-0.06,0.37
53.658,0.24,0.88,0.56,1.07
53.667,-0.40,-1.20,0.03,1.26
53.677,0.27,0.15,0.43,0.53
53.687,-0.63,-0.62,-0.34,0.95
53.697,0.08,1.05,-0.21,1.08
53.707,-0.00,1.44,-0.19,1.46
53.717,-0.18,0.37,-0.56,0.69
53.727,0.13,0.73,-0.07,0.74
53.737,-0.19,0.86,0.44,0.98
53.747,-0.14,-1.08,0.04,1.09
53.757,-0.04,0.33,0.68,0.76
53.767,0.02,0.15,0.60,0.62
53.777,-0.32,-0.38,-0.01,0.50
53.787,0.20,0.82,-0.19,0.87
53.797,-0.12,0.80,-0.45,0.92
53.807,0.05,1.42,-0.33,1.46
53.817,0.16,0.77,-0.26,0.82
53.827,-0.24,-0.15,-0.11,0.30
53.837,0.04,0.46,0.38,0.59
53.847,-0.12,-0.22,0.42,0.49
53.857,-0.10,-0.56,0.21,0.61
53.867,-0.23,0.15,0.05,0.28
53.877,0.21,1.32,0.19,1.35
53.887,-0.20,0.15,-0.33,0.42
53.897,0.24,1.14,0.00,1.16
53.907,0.06,-0.13,-0.21,0.25
53.917,0.02,0.77,0.31,0.83
53.927,-0.24,-0.75,-0.12,0.79
53.937,0.11,0.32,0.04,0.34
53.947,-0.20,0.77,-0.01,0.80
53.957,-0.03,0.70,-0.08,0.71
53.967,-0.08,0.68,-0.01,0.68
53.977,0.02,-0.09,-0.04,0.10
53.987,0.01,0.30,0.19,0.36
53.997,-0.34,-0.44,-0.12,0.57
54.007,0.38,1.22,0.19,1.29
54.017,-0.50,-0.53,-0.54,0.91
54.027,0.27,1.84,0.25,1.87
54.037,-0.08,-0.10,-0.24,0.27
54.047,-0.17,0.06,-0.10,0.21
54.057,0.13,0.58,0.30,0.67
54.067,-0.43,-0.18,-0.01,0.47
54.077,0.27,0.39,0.16,0.50
54.087,-0.27,0.46,0.07,0.54
54.097,0.39,0.92,0.30,1.04
54.107,-0.66,-0.57,-0.15,0.88
54.117,0.48,0.58,0.09,0.75
54.127,-0.66,0.29,-0.24,0.76
54.137,0.19,0.74,-0.15,0.77
54.147,-0.58,0.33,-0.37,0.76
54.157,0.40,0.59,-0.22,0.75
54.167,-0.33,0.77,0.05,0.84
54.177,-0.29,-0.50,-0.09,0.58
54.187,0.12,0.78,0.36,0.87
54.197,-0.01,0.08,0.24,0.25
54.207,-0.14,0.41,0.39,0.58
54.217,-0.22,-0.90,-0.15,0.94
54.227,0.16,1.24,0.20,1.27
54.237,-0.15,0.22,-0.23,0.35
54.247,-0.09,0.53,-0.25,0.59
54.257,-0.19,0.50,-0.18,0.57
54.266,-0.05,0.58,-0.03,0.58
54.277,-0.07,0.54,0.24,0.60
54.287,-0.21,-0.16,0.13,0.30
54.296,-0.04,0.28,0.28,0.40
54.307,-0.51,-0.00,0.05,0.51
54.317,0.28,0.73,0.04,0.79
54.326,-0.26,0.19,-0.20,0.38
54.336,-0.10,0.85,-0.06,0.86
54.346,-0.09,0.33,-0.18,0.39
54.356,0.17,-0.02,-0.27,0.32
54.366,-0.37,0.54,-0.14,0.68
54.376,0.12,1.19,0.16,1.21
54.386,-0.25,-0.04,0.00,0.25
54.396,0.10,-0.00,0.20,0.22
54.406,-0.16,-0.13,0.17,0.27
54.416,-0.33,0.52,0.27,0.67
54.426,0.12,0.54,0.09,0.56
54.436,-0.19,-0.11,-0.26,0.34
54.446,0.09,1.29,0.21,1.31
54.456,-0.14,-0.17,-0.23,0.31
54.466,0.15,0.81,0.13,0.83
54.476,-0.17,0.07,0.02,0.18
54.486,-0.14,0.12,-0.00,0.18
54.496,0.18,0.29,-0.05,0.34
54.506,-0.18,0.60,0.00,0.63
54.516,-0.09,0.47,-0.07,0.48
54.526,0.13,0.46,-0.03,0.48
54.536,-0.04,0.44,0.12,0.46
54.546,-0.40,-0.08,0.05,0.41
54.556,0.12,0.45,0.17,0.49
54.566,-0.16,0.32,0.08,0.37
54.576,0.18,0.90,0.24,0.95
54.586,-0.41,-0.43,-0.10,0.60
54.596,0.42,1.14,0.34,1.26
54.606,-0.41,-0.41,-0.20,0.62
54.616,0.16,0.80,0.05,0.82
54.626,-0.49,-0.00,-0.35,0.60
54.636,0.46,1.05,-0.09,1.15
54.646,-0.47,0.17,-0.21,0.55
54.656,-0.00,0.37,-0.04,0.37
54.666,-0.12,-0.11,-0.10,0.19
54.676,-0.27,0.91,0.26,0.99
54.686,0.12,0.18,0.26,0.34
54.696,-0.39,-0.24,0.17,0.49
54.706,-0.15,0.09,0.12,0.22
54.716,0.07,0.24,-0.15,0.29
54.726,-0.11,1.06,-0.03,1.07
54.736,-0.20,0.52,-0.22,0.59
54.746,-0.10,0.49,-0.16,0.52
54.756,0.13,0.64,0.19,0.68
54.766,-0.06,0.29,0.35,0.46
54.776,-0.21,-0.49,0.22,0.58
54.786,-0.05,0.42,0.44,0.61
54.796,0.17,0.18,0.18,0.30
54.806,-0.53,-0.16,-0.25,0.61
54.816,0.37,1.11,-0.04,1.17
54.826,-0.32,0.67,-0.28,0.79
54.836,0.00,0.68,-0.23,0.72
54.846,-0.29,0.31,-0.21,0.47
54.856,-0.13,0.25,-0.07,0.29
54.866,-0.22,0.51,0.12,0.57
54.876,-0.20,0.38,0.25,0.49
54.886,-0.10,0.21,0.23,0.33
54.896,-0.09,0.00,0.15,0.18
54.906,-0.24,0.12,0.06,0.28
54.916,0.11,0.60,-0.01,0.61
54.926,-0.22,0.25,-0.32,0.47
54.935,-0.07,0.49,-0.34,0.60
54.945,-0.01,1.19,-0.02,1.19
54.956,0.02,0.43,-0.04,0.44
54.966,-0.22,0.26,0.22,0.41
54.975,0.02,-0.30,0.27,0.40
54.986,0.07,0.07,0.42,0.43
54.995,-0.63,-0.67,-0.07,0.92
55.005,0.44,1.36,0.23,1.45
55.015,-0.63,-0.01,-0.39,0.74
55.025,0.53,1.50,-0.04,1.59
55.035,-0.48,-0.57,-0.63,0.98
55.045,0.12,1.52,0.17,1.53
55.055,-0.26,-0.25,-0.08,0.36
55.065,0.14,-0.11,0.07,0.19
55.075,-0.01,0.43,0.37,0.57
55.085,-0.22,0.19,0.32,0.43
55.095,-0.18,-0.08,0.09,0.21
55.105,0.15,-0.03,-0.17,0.23
55.115,-0.21,0.81,-0.09,0.85
55.125,0.07,0.74,-0.21,0.78
55.135,-0.50,-0.10,-0.66,0.83
55.145,0.37,1.25,-0.16,1.31
55.155,-0.44,0.41,-0.22,0.63
55.165,0.04,0.28,0.02,0.28
55.175,-0.11,0.44,0.41,0.61
55.185,-0.27,-0.63,0.11,0.70
55.195,-0.32,-0.24,0.09,0.41
55.205,0.04,0.94,0.27,0.97
55.215,-0.23,0.37,-0.04,0.43
55.225,0.23,0.97,0.22,1.02
55.235,-0.08,0.08,0.17,0.20
55.245,-0.09,-0.52,0.03,0.53
55.255,-0.44,0.36,0.15,0.59
55.265,0.20,0.53,-0.10,0.58
55.275,-0.64,0.00,-0.57,0.85
55.285,0.13,1.77,0.08,1.78
55.295,-0.52,-0.10,-0.54,0.76
55.305,0.05,1.07,0.05,1.08
55.315,-0.37,0.32,0.24,0.55
55.325,-0.06,-0.06,0.32,0.33
55.335,-0.43,-0.63,0.22,0.79
55.345,0.06,0.44,0.42,0.61
55.355,-0.35,0.23,0.08,0.42
55.365,0.05,0.40,-0.15,0.43
55.375,0.07,0.78,-0.17,0.80
55.385,-0.44,0.21,-0.48,0.68
55.395,0.16,0.98,-0.12,1.00
55.405,-0.16,0.49,-0.06,0.52
55.415,-0.04,0.35,0.21,0.41
55.425,-0.45,0.20,0.45,0.67
55.435,-0.25,-0.93,0.04,0.96
55.445,0.02,0.40,0.13,0.42
55.455,-0.18,0.23,-0.31,0.43
55.465,-0.53,1.24,-0.17,1.36
55.475,0.28,0.98,-0.14,1.03
55.485,-0.37,-0.03,-0.23,0.44
55.495,0.50,1.11,0.59,1.35
55.505,-0.69,-1.49,-0.15,1.65
55.515,0.23,0.20,0.29,0.42
55.525,-0.36,0.38,-0.00,0.52
55.535,0.01,0.55,-0.32,0.63
55.545,-0.27,0.85,-0.33,0.95
55.555,-0.00,0.82,-0.26,0.86
55.565,-0.17,0.59,-0.01,0.61
55.575,-0.32,0.17,0.32,0.48
55.585,-0.07,-0.45,0.35,0.57
55.595,-0.12,-0.31,0.39,0.51
55.604,-0.39,-0.18,0.01,0.43
55.614,0.16,0.21,-0.46,0.53
55.624,-0.25,0.89,-0.55,1.07
55.635,0.15,2.07,-0.10,2.08
55.644,-0.20,0.73,-0.20,0.78
55.655,0.11,0.54,0.27,0.62
55.664,-0.20,0.26,0.92,0.98
55.674,0.18,-1.86,0.35,1.90
55.684,-0.28,-0.11,0.84,0.89
55.694,0.12,-0.07,0.08,0.16
55.704,-0.02,0.57,-0.28,0.63
55.714,0.05,1.02,-0.58,1.18
55.724,-0.57,1.34,-0.60,1.58
55.734,0.32,1.12,-0.58,1.30
55.744,-0.63,-0.19,-0.56,0.86
55.754,0.31,1.96,0.83,2.15
55.764,-0.86,-1.82,-0.11,2.01
55.774,0.12,0.30,0.89,0.95
55.784,-0.48,-1.16,0.29,1.29
55.794,-0.10,0.61,0.29,0.69
55.804,-0.10,0.83,0.03,0.83
55.814,0.09,0.60,-0.38,0.72
55.824,-0.13,0.95,-0.36,1.02
55.834,0.11,0.52,-0.43,0.68
55.844,-0.29,0.42,-0.20,0.55
55.854,-0.23,0.03,-0.19,0.30
55.864,-0.17,0.43,0.11,0.47
55.874,-0.54,-0.22,-0.11,0.59
55.884,-0.10,0.55,0.12,0.57
55.894,-0.15,0.97,0.39,1.06
55.904,-0.47,-1.08,-0.25,1.20
55.914,-0.02,0.82,0.25,0.86
55.924,-0.30,0.30,-0.07,0.43
55.934,0.15,1.14,0.28,1.18
55.944,-0.38,-0.06,0.24,0.45
55.954,0.38,0.60,0.60,0.93
55.964,-0.33,-1.18,0.00,1.23
55.974,-0.27,-0.15,-0.05,0.31
55.984,0.30,1.65,0.15,1.68
55.994,-0.34,-0.53,-1.07,1.24
56.004,-0.05,1.94,-0.23,1.96
56.014,0.00,1.19,-0.27,1.22
56.024,-0.12,1.04,0.26,1.08
56.034,-0.13,-0.65,0.21,0.70
56.044,-0.07,-0.73,0.55,0.92
56.054,-0.06,-0.31,0.64,0.71
56.064,-0.28,-0.09,0.15,0.33
56.074,-0.09,0.00,-0.58,0.59
56.084,0.02,1.45,-0.33,1.49
56.094,-0.17,1.17,-0.65,1.35
56.104,-0.15,0.70,-0.67,0.98
56.114,-0.14,1.69,0.50,1.77
56.124,-0.24,-0.72,0.15,0.77
56.134,0.08,-0.72,0.67,0.99
56.144,-0.22,-0.94,0.74,1.22
56.154,-0.53,-0.71,0.10,0.89
56.164,0.23,1.33,0.13,1.35
56.174,-0.33,0.33,-0.72,0.86
56.184,0.05,1.56,-0.58,1.67
56.194,-0.41,0.98,-0.52,1.18
56.204,-0.22,0.45,-0.22,0.54
56.214,-0.18,0.47,0.30,0.59
56.224,-0.26,-0.57,0.34,0.71
56.234,-0.18,-0.65,0.48,0.83
56.244,-0.49,-0.41,0.20,0.67
56.254,0.04,0.68,-0.04,0.68
56.263,-0.25,0.60,-0.39,0.76
56.274,-0.21,0.93,-0.46,1.06
56.283,0.17,1.52,0.02,1.52
56.294,-0.70,-0.61,-0.27,0.97
56.303,0.38,1.05,0.65,1.29
56.313,-0.63,-1.17,0.13,1.34
56.323,-0.05,-0.00,0.42,0.42
56.333,-0.45,0.30,0.16,0.57
56.343,0.31,0.31,-0.34,0.56
56.353,-0.38,0.98,-0.22,1.07
56.363,-0.20,0.61,-0.55,0.85
56.373,0.07,1.03,-0.16,1.05
56.383,-0.41,0.26,0.00,0.48
56.393,0.18,0.62,0.57,0.87
56.403,-0.44,-0.98,0.25,1.10
56.413,-0.06,-0.69,0.23,0.73
56.423,-0.32,0.11,-0.16,0.38
56.433,0.01,0.51,-0.35,0.62
56.443,-0.20,2.15,-0.03,2.16
56.453,-0.16,0.30,-0.61,0.70
56.463,-0.01,0.90,-0.05,0.90
56.473,-0.28,-0.24,0.03,0.36
56.483,-0.02,0.46,0.68,0.82
56.493,-0.56,-0.41,0.66,0.96
56.503,0.29,-0.37,0.59,0.76
56.513,-0.32,-0.85,0.03,0.91
56.523,0.01,0.54,-0.25,0.60
56.533,-0.16,1.37,-0.35,1.43
56.543,-0.11,1.35,-0.63,1.49
56.553,0.12,0.92,-0.65,1.14
56.563,-0.17,0.60,-0.26,0.67
56.573,-0.52,0.30,0.15,0.62
56.583,0.02,-0.19,0.30,0.36
56.593,-0.25,-0.85,0.25,0.92
56.603,-0.18,0.53,0.61,0.83
56.613,-0.32,-0.18,0.15,0.40
56.623,-0.09,0.47,0.03,0.47
56.633,0.09,0.68,-0.12,0.69
56.643,-0.19,0.17,-0.36,0.44
56.653,-0.18,1.43,0.14,1.44
56.663,0.18,-0.06,-0.01,0.19
56.673,-0.23,0.27,0.31,0.47
56.683,-0.21,-1.03,-0.05,1.05
56.693,-0.24,0.78,0.23,0.84
56.703,0.10,0.12,-0.24,0.29
56.713,-0.47,1.06,-0.09,1.16
56.723,0.26,0.81,-0.16,0.86
56.733,-0.43,-0.26,-0.38,0.63
56.743,0.04,0.79,0.11,0.80
56.753,-0.37,0.22,0.11,0.44
56.763,-0.12,0.29,0.39,0.50
56.773,-0.30,-0.54,0.15,0.64
56.783,0.18,0.32,0.35,0.51
56.793,-0.65,-0.43,-0.24,0.81
56.803,0.25,0.84,-0.19,0.90
56.813,-0.25,1.16,-0.14,1.19
56.823,-0.10,0.38,-0.44,0.59
56.833,0.03,1.12,0.24,1.15
56.842,-0.17,-0.31,0.12,0.37
56.853,-0.21,-0.47,0.31,0.60
56.863,-0.44,-0.98,-0.06,1.07
56.873,0.06,0.28,-0.39,0.49
56.883,-0.25,0.85,-0.36,0.95
56.893,-0.18,2.60,0.26,2.62
56.903,0.06,0.14,-0.07,0.17
56.912,-0.36,-0.10,0.25,0.45
56.923,-0.06,-0.94,0.52,1.08
56.933,-0.29,-0.46,0.62,0.83
56.942,-0.37,-0.91,-0.20,1.00
56.953,0.04,1.22,-0.13,1.23
56.962,-0.34,0.83,-0.65,1.11
56.973,-0.03,1.79,-0.39,1.83
56.983,0.08,1.46,-0.08,1.47
56.992,-0.48,-0.43,-0.08,0.65
57.002,-0.00,0.57,0.90,1.06
57.013,-0.26,-1.85,0.37,1.90
57.022,-0.14,-0.48,0.50,0.71
57.032,-0.23,-0.19,-0.17,0.34
57.042,0.26,1.61,0.02,1.63
57.052,-0.51,0.43,-0.77,1.02
57.062,0.30,1.40,-0.47,1.51
57.072,-0.36,0.86,-0.22,0.96
57.082,0.07,0.88,0.32,0.94
57.092,-0.12,-1.30,-0.05,1.30
57.102,-0.38,-0.64,0.30,0.80
57.112,-0.33,0.38,0.40,0.64
57.122,-0.07,0.15,-0.09,0.19
57.132,-0.20,1.13,0.18,1.17
57.142,-0.02,0.15,-0.24,0.28
57.152,-0.18,0.11,-0.18,0.27
57.162,-0.15,0.42,-0.11,0.46
57.172,-0.09,0.34,-0.16,0.38
57.182,-0.11,0.62,-0.06,0.63
57.192,-0.17,0.42,0.02,0.45
57.202,-0.18,0.32,0.06,0.37
57.212,-0.22,-0.20,-0.00,0.30
57.222,-0.05,0.68,0.26,0.73
57.232,-0.69,-0.67,-0.33,1.02
57.242,0.25,1.21,0.13,1.24
57.252,-0.30,0.29,-0.12,0.44
57.262,0.16,0.70,0.22,0.75
57.272,-0.42,-0.10,0.27,0.51
57.282,0.15,-0.50,0.25,0.58
57.292,-0.35,0.20,0.31,0.50
57.302,-0.34,0.08,-0.14,0.37
57.312,0.14,0.75,-0.26,0.80
57.322,-0.32,0.70,-0.39,0.86
57.332,-0.03,0.91,-0.30,0.96
57.342,-0.44,0.37,-0.09,0.59
57.352,0.05,0.09,0.05,0.11
57.362,-0.38,-0.08,0.35,0.52
57.372,-0.50,-0.48,0.18,0.71
57.382,-0.14,0.23,0.20,0.34
57.392,-0.29,0.47,-0.04,0.56
57.402,-0.03,0.32,-0.26,0.41
57.412,-0.39,1.07,-0.05,1.14
57.422,0.23,0.15,-0.15,0.31
57.432,-0.37,0.05,-0.03,0.38
57.442,0.01,0.05,0.17,0.18
57.452,-0.07,0.78,0.52,0.94
57.462,-0.33,-0.76,-0.05,0.83
57.472,0.28,0.55,0.26,0.67
57.482,-0.45,0.04,-0.08,0.46
57.492,-0.07,0.32,-0.19,0.38
57.502,-0.13,0.97,-0.03,0.98
57.512,0.09,0.33,-0.13,0.37
57.522,-0.23,0.28,0.05,0.37
57.532,-0.21,-0.16,0.08,0.27
57.542,-0.28,0.06,0.05,0.29
57.552,0.03,0.34,0.03,0.34
57.562,-0.44,0.24,-0.23,0.56
57.572,0.05,0.66,-0.17,0.69
57.581,-0.24,0.66,-0.14,0.72
57.592,0.04,-0.16,-0.33,0.37
57.602,-0.32,1.12,0.27,1.20
57.611,0.04,0.18,0.38,0.43
57.621,-0.25,-0.15,0.50,0.58
57.632,0.17,-0.44,0.41,0.63
57.642,-0.48,-0.51,0.11,0.71
57.652,0.01,0.49,-0.10,0.50
57.661,-0.14,0.72,-0.43,0.85
57.672,0.19,1.27,-0.35,1.33
57.681,-0.38,0.89,-0.42,1.05
57.691,0.05,0.64,0.02,0.64
57.701,-0.16,-0.34,0.03,0.37
57.711,-0.11,-0.16,0.37,0.42
57.721,-0.48,-0.54,0.32,0.79
57.731,-0.12,0.26,0.23,0.37
57.741,-0.05,-0.25,-0.41,0.48
57.751,-0.38,1.14,-0.21,1.22
57.761,0.11,1.10,-0.29,1.14
57.771,-0.22,0.80,-0.11,0.83
57.781,-0.04,0.39,0.30,0.49
57.791,-0.14,-0.65,0.23,0.71
57.801,-0.41,-0.82,0.25,0.95
57.811,-0.31,-0.05,0.13,0.34
57.821,-0.02,0.07,-0.33,0.33
57.831,-0.10,1.45,-0.02,1.46
57.841,-0.35,0.88,-0.39,1.02
57.851,-0.10,-0.17,-0.55,0.58
57.861,0.09,1.37,0.23,1.39
57.871,-0.16,-0.08,0.33,0.38
57.881,-0.53,-0.24,0.48,0.75
57.891,0.14,-1.32,0.12,1.33
57.901,-0.29,0.34,0.19,0.48
57.911,-0.46,-0.14,-0.54,0.72
57.921,0.02,1.20,-0.37,1.26
57.931,-0.21,2.00,-0.00,2.01
57.941,0.00,0.07,-0.37,0.38
57.951,-0.41,-0.12,-0.10,0.44
57.961,0.28,0.70,0.64,0.99
57.971,-0.69,-1.02,0.24,1.25
57.981,-0.01,0.06,0.47,0.48
57.991,-0.07,0.70,0.59,0.92
58.001,0.05,-0.43,0.01,0.43
58.011,-0.07,0.29,-0.10,0.32
58.021,-0.17,0.53,-0.33,0.64
58.031,-0.07,0.66,-0.48,0.82
58.041,0.14,1.31,-0.11,1.32
58.051,-0.54,-0.14,-0.41,0.69
58.061,0.32,0.99,0.39,1.11
58.071,-0.50,-0.83,0.04,0.97
58.081,-0.17,-0.37,0.23,0.47
58.091,-0.16,0.38,0.24,0.47
58.101,-0.25,0.17,-0.03,0.31
58.111,-0.06,0.65,-0.04,0.65
58.121,-0.19,-0.12,-0.40,0.46
58.131,-0.11,0.79,-0.13,0.81
58.141,0.07,0.61,-0.04,0.61
58.151,-0.27,0.08,-0.02,0.28
58.161,-0.20,-0.32,-0.04,0.38
58.171,0.03,0.62,0.36,0.72
58.181,-0.26,-0.33,0.11,0.44
58.191,-0.18,0.37,0.16,0.44
58.201,0.03,0.09,-0.04,0.10
58.211,-0.16,0.17,-0.25,0.34
58.221,-0.05,0.92,-0.06,0.93
58.231,-0.28,0.17,-0.22,0.39
58.241,0.13,0.75,0.22,0.80
58.251,-0.25,-0.32,0.13,0.43
58.261,0.09,-0.27,0.16,0.33
58.271,-0.41,-0.43,-0.07,0.60
58.280,0.03,0.85,0.04,0.85
58.291,-0.23,0.73,-0.08,0.77
58.301,0.14,0.71,0.02,0.72
58.310,-0.30,-0.33,-0.12,0.47
58.320,-0.00,0.14,0.10,0.18
58.330,-0.30,0.12,0.09,0.34
58.340,-0.32,0.17,-0.06,0.37
58.350,0.03,0.43,-0.06,0.43
58.360,-0.26,0.66,0.03,0.71
58.370,0.03,-0.21,-0.16,0.26
58.380,-0.66,0.24,-0.06,0.70
58.390,0.34,0.83,0.13,0.91
58.400,-0.71,-0.38,-0.19,0.83
58.410,0.28,0.57,0.16,0.65
58.420,-0.62,0.01,-0.04,0.62
58.430,0.43,0.39,0.09,0.59
58.440,-0.83,0.03,-0.06,0.83
58.450,0.51,0.64,0.19,0.84
58.460,-0.39,0.28,0.19,0.52
58.470,-0.01,-0.40,-0.13,0.42
58.480,-0.18,0.08,-0.18,0.27
58.490,-0.19,0.86,-0.15,0.89
58.500,-0.23,0.30,-0.33,0.50
58.510,0.11,0.97,0.04,0.98
58.520,-0.40,-0.46,-0.09,0.62
58.530,0.13,0.84,0.55,1.01
58.540,-0.23,-1.36,-0.12,1.38
58.550,-0.08,0.53,0.17,0.56
58.560,-0.04,0.66,0.05,0.66
58.570,-0.09,0.77,0.03,0.77
58.580,0.18,0.36,0.22,0.46
58.590,0.04,0.28,0.61,0.67
58.600,-0.17,-1.59,-0.04,1.60
58.610,-0.20,0.40,0.30,0.54
58.620,0.02,-0.04,-0.34,0.34
58.630,-0.28,0.50,-0.64,0.86
58.640,-0.03,1.56,-0.33,1.60
58.650,-0.32,0.67,-0.62,0.97
58.660,0.29,1.29,0.32,1.36
58.670,-0.38,-0.75,0.01,0.84
58.680,-0.21,-0.76,0.41,0.89
58.690,-0.22,-0.18,0.67,0.72
58.700,-0.13,-0.07,0.38,0.41
58.710,-0.02,0.28,0.04,0.29
58.720,-0.19,-0.06,-0.63,0.66
58.730,-0.12,1.36,-0.26,1.39
58.740,-0.05,1.11,-0.44,1.19
58.750,-0.19,-0.11,-0.54,0.58
58.760,-0.07,1.24,0.51,1.34
58.770,-0.36,-0.62,0.33,0.79
58.780,0.03,-0.50,0.62,0.80
58.790,-0.29,-0.89,0.45,1.04
58.800,-0.37,0.02,0.09,0.38
58.810,-0.05,0.25,-0.51,0.57
58.820,0.04,1.17,-0.51,1.28
58.830,-0.38,1.47,-0.48,1.59
58.840,0.05,0.67,-0.40,0.78
58.850,-0.31,0.24,0.05,0.39
58.860,-0.03,-0.29,0.37,0.47
58.870,-0.44,-0.84,0.54,1.09
58.880,-0.27,-0.66,0.39,0.81
58.890,-0.03,0.30,0.19,0.35
58.900,-0.23,0.11,-0.40,0.47
58.910,-0.03,0.98,-0.45,1.08
58.920,-0.01,1.37,-0.30,1.40
58.930,-0.08,0.74,-0.21,0.78
58.940,-0.04,0.34,0.12,0.36
58.950,-0.27,-0.86,0.15,0.91
58.959,0.11,-0.06,0.59,0.60
58.969,-0.39,-0.84,0.15,0.94
58.979,-0.05,0.30,-0.09,0.32
58.990,-0.16,0.96,-0.15,0.98
58.999,0.06,0.51,-0.57,0.77
59.009,0.04,1.44,-0.04,1.44
59.019,-0.14,0.33,0.13,0.38
59.029,0.09,-0.14,0.25,0.31
59.039,-0.26,-1.26,0.14,1.29
59.049,-0.08,0.21,0.35,0.42
59.059,-0.12,0.39,0.07,0.41
59.069,-0.18,1.06,0.16,1.09
59.079,0.27,0.15,-0.18,0.36
59.089,-0.42,0.21,-0.04,0.47
59.099,0.14,0.25,0.11,0.31
59.109,-0.64,-0.78,-0.32,1.06
59.119,0.39,1.28,0.15,1.35
59.129,-0.76,-0.47,-0.47,1.01
59.139,0.18,1.08,-0.05,1.09
59.149,-0.32,0.29,-0.12,0.45
59.159,0.09,0.39,0.17,0.43
59.169,-0.46,-0.26,0.16,0.55
59.179,-0.15,-0.10,0.20,0.27
59.189,-0.14,-0.23,-0.02,0.27
59.199,-0.03,0.54,-0.02,0.54
59.209,-0.36,0.57,-0.14,0.69
59.219,-0.03,0.27,-0.29,0.40
59.229,-0.28,0.24,-0.24,0.44
59.239,0.17,0.79,0.09,0.81
59.249,-0.55,-0.31,0.04,0.63
59.259,0.15,0.75,0.53,0.93
59.269,-0.32,-0.80,0.11,0.87
59.279,0.05,0.25,0.31,0.40
59.289,-0.13,-0.17,-0.03,0.22
59.299,-0.26,0.77,-0.00,0.82
59.309,0.04,0.14,-0.43,0.46
59.319,-0.07,0.70,-0.29,0.76
59.329,0.15,0.72,-0.10,0.74
59.339,-0.41,-0.05,-0.08,0.42
59.349,-0.04,0.16,0.28,0.32
59.359,0.12,0.10,0.44,0.47
59.369,-0.26,-0.70,0.12,0.75
59.379,-0.11,0.31,0.18,0.37
59.389,-0.21,-0.01,-0.29,0.36
59.399,0.10,0.72,-0.34,0.81
59.409,-0.08,0.73,-0.36,0.81
59.419,-0.20,0.75,-0.23,0.81
59.429,0.03,0.35,0.05,0.35
59.439,-0.01,0.24,0.35,0.42
59.449,-0.17,-0.95,0.16,0.98
59.459,-0.21,0.19,0.51,0.58
59.469,-0.02,-0.33,0.07,0.34
59.479,-0.14,0.66,-0.12,0.69
59.489,-0.04,0.32,-0.33,0.46
59.499,-0.01,1.02,-0.20,1.04
59.509,-0.08,-0.33,-0.51,0.61
59.519,-0.22,0.86,-0.03,0.89
59.529,0.07,0.19,-0.05,0.21
59.539,-0.22,0.55,0.37,0.70
59.549,-0.04,-0.08,0.40,0.41
59.559,-0.16,-0.51,0.30,0.61
59.569,-0.06,-0.10,0.35,0.38
59.579,-0.05,0.17,0.11,0.21
59.589,-0.38,0.14,-0.23,0.46
59.598,0.07,0.58,-0.42,0.72
59.609,0.10,1.13,-0.26,1.16
59.618,-0.31,0.83,-0.22,0.91
59.629,0.25,0.52,0.24,0.62
59.638,-0.44,-0.86,0.01,0.97
59.648,0.05,-0.19,0.37,0.42
59.658,-0.60,-0.19,0.06,0.64
59.668,0.27,0.52,0.03,0.59
59.678,-0.40,0.31,-0.19,0.54
59.688,0.01,0.51,-0.22,0.55
59.698,-0.32,0.28,-0.26,0.50
59.708,0.35,0.71,0.03,0.80
59.718,-0.39,-0.04,0.05,0.40
59.728,-0.10,-0.04,0.19,0.22
59.738,0.04,0.15,0.37,0.40
59.748,-0.34,-1.03,-0.25,1.11
59.758,0.25,1.03,0.11,1.07
59.768,-0.62,-0.09,-0.46,0.78
59.778,0.39,1.09,-0.18,1.17
59.788,-0.28,0.54,-0.09,0.61
59.798,0.13,0.54,0.28,0.62
59.808,-0.32,-0.51,0.31,0.68
59.818,0.11,-0.15,0.48,0.51
59.828,-0.23,-0.66,0.13,0.71
59.838,-0.17,0.45,-0.01,0.48
59.848,-0.03,0.32,-0.38,0.50
59.858,0.05,0.70,-0.46,0.83
59.868,-0.25,0.71,-0.43,0.87
59.878,0.19,0.89,-0.18,0.93
59.888,-0.16,0.76,0.24,0.82
59.898,0.20,-0.55,0.11,0.60
59.908,-0.40,-0.31,0.55,0.75
59.918,-0.02,-0.50,0.43,0.66
59.928,-0.10,-0.05,0.28,0.30
59.938,-0.20,-0.07,-0.28,0.35
59.948,0.08,0.72,-0.29,0.78
59.958,-0.11,1.23,-0.16,1.24
59.968,-0.02,0.33,-0.39,0.51
59.978,0.10,0.78,0.18,0.81
59.988,-0.20,-0.40,0.19,0.49
59.998,0.12,-0.19,0.40,0.46
60.008,-0.35,-1.11,-0.02,1.16
60.018,-0.05,1.11,0.19,1.12
60.028,-0.11,0.02,-0.43,0.45
60.038,0.12,1.33,-0.15,1.35
60.048,-0.05,0.41,-0.22,0.47
60.058,0.02,0.71,0.27,0.76
60.068,-0.22,-0.83,0.08,0.86
60.078,-0.23,-0.40,0.17,0.49
60.088,0.06,0.15,0.11,0.19
60.098,-0.66,0.33,-0.13,0.75
60.108,0.34,0.57,-0.18,0.68
60.118,-0.41,0.39,-0.33,0.65
60.128,0.10,0.35,-0.23,0.43
60.138,-0.18,0.67,0.10,0.71
60.148,-0.11,-0.02,0.19,0.22
60.158,-0.14,-0.11,0.25,0.31
60.168,-0.10,-0.27,0.23,0.37
60.178,-0.40,0.27,0.16,0.51
60.188,0.00,-0.02,-0.20,0.20
60.198,-0.15,0.36,-0.34,0.51
60.208,0.04,0.35,-0.53,0.64
60.218,-0.46,1.04,-0.23,1.16
60.228,0.28,0.68,-0.08,0.74
60.238,-0.24,0.26,0.26,0.44
60.248,0.03,-0.33,0.41,0.53
60.258,-0.42,-1.01,0.27,1.12
60.267,0.07,0.08,0.33,0.35
60.277,-0.28,0.25,-0.10,0.39
60.288,0.04,0.50,-0.31,0.59
60.297,0.00,1.16,-0.09,1.17
60.307,-0.04,0.30,-0.16,0.34
60.317,0.08,0.52,0.30,0.61
60.327,0.00,-0.75,0.04,0.75
60.338,-0.28,-0.07,0.31,0.42
60.347,-0.12,0.06,0.13,0.18
60.357,-0.13,0.35,-0.10,0.39
60.367,0.51,0.98,-0.02,1.10
60.377,-0.48,-0.07,-0.37,0.61
60.387,0.22,1.02,0.09,1.04
60.397,-0.22,-0.43,-0.17,0.51
60.407,0.41,0.36,0.13,0.56
60.417,-0.50,-0.27,-0.09,0.58
60.427,-0.02,0.50,0.02,0.50
60.437,-0.29,-0.06,-0.26,0.39
60.447,0.23,1.09,0.18,1.13
60.457,-0.02,-0.11,0.05,0.12
60.467,-0.25,-0.30,0.08,0.40
60.477,0.44,0.24,0.24,0.56
60.487,-0.47,-0.20,-0.08,0.52
60.497,0.22,0.80,0.01,0.83
60.507,-0.27,0.37,-0.25,0.52
60.517,0.54,0.77,0.07,0.94
60.527,-0.63,-0.27,-0.03,0.68
60.537,0.39,0.17,0.22,0.48
60.547,-0.52,-0.71,-0.06,0.88
60.557,0.16,0.76,0.10,0.79
60.567,-0.36,0.10,-0.27,0.46
60.577,0.09,0.38,-0.46,0.60
60.587,-0.22,0.82,-0.24,0.88
60.597,0.10,1.24,0.10,1.24
60.607,-0.21,-0.27,0.04,0.35
60.617,0.14,0.32,0.72,0.80
60.627,-0.20,-0.67,0.61,0.93
60.637,-0.02,-1.12,0.23,1.14
60.647,-0.12,0.40,0.05,0.42
60.657,0.05,0.78,-0.23,0.82
60.667,-0.10,1.39,-0.21,1.41
60.677,0.16,0.14,-0.59,0.63
60.687,-0.34,0.56,-0.23,0.70
60.697,0.40,0.49,0.11,0.64
60.707,-0.63,-0.57,0.01,0.85
60.717,0.33,-0.28,0.14,0.46
60.727,-0.50,0.33,0.12,0.62
60.737,0.25,0.82,0.15,0.87
60.747,-0.16,0.72,0.24,0.78
60.757,-0.03,-0.48,0.10,0.49
60.767,-0.13,-0.10,0.15,0.22
60.777,0.13,-0.14,0.05,0.20
60.787,-0.27,0.33,-0.24,0.49
60.797,0.09,0.47,-0.35,0.59
60.807,-0.13,1.45,-0.01,1.45
60.817,0.18,-0.19,-0.36,0.45
60.827,-0.44,0.41,0.05,0.60
60.837,0.15,0.16,0.20,0.30
60.847,-0.45,-0.20,0.15,0.51
60.857,0.11,-0.45,-0.07,0.47
60.867,-0.29,0.29,-0.17,0.44
60.877,0.09,0.97,-0.07,0.98
60.887,-0.25,0.17,-0.33,0.44
60.897,0.12,0.51,-0.02,0.52
60.907,-0.11,0.07,0.07,0.15
60.917,0.09,-0.00,0.27,0.28
60.927,-0.60,-0.54,0.05,0.81
60.937,0.40,0.02,-0.05,0.40
60.947,-0.09,0.61,-0.06,0.62
60.956,-0.23,0.55,-0.15,0.61
60.966,0.20,0.84,0.13,0.87
60.976,0.17,0.16,0.36,0.43
60.987,-0.24,-0.69,0.23,0.76
60.996,0.12,0.10,0.49,0.51
61.007,-0.15,-0.54,-0.04,0.56
61.016,-0.17,0.70,-0.11,0.73
61.026,0.05,0.74,-0.32,0.80
61.036,-0.23,0.21,-0.65,0.72
61.047,0.36,1.21,-0.16,1.27
61.056,-0.28,0.60,0.03,0.67
61.066,0.03,-0.28,0.08,0.29
61.076,-0.19,-0.04,0.41,0.45
61.086,0.23,-0.25,0.34,0.48
61.096,-0.65,-0.35,0.06,0.74
61.106,0.58,1.24,0.22,1.39
61.116,-0.51,-0.56,-0.58,0.96
61.126,0.39,1.76,0.13,1.81
61.136,-0.38,-0.54,-0.42,0.79
61.146,0.30,0.52,-0.00,0.59
61.156,-0.21,0.28,0.23,0.42
61.166,-0.12,-0.48,-0.00,0.49
61.176,0.23,0.80,0.49,0.97
61.186,-0.51,-0.76,-0.06,0.91
61.196,0.29,0.64,0.12,0.72
61.206,-0.20,-0.20,-0.44,0.53
61.216,-0.01,0.96,-0.23,0.99
61.226,-0.09,0.93,-0.14,0.95
61.236,0.17,0.34,0.04,0.38
61.246,-0.01,0.61,0.59,0.85
61.256,-0.32,-1.51,0.10,1.55
61.266,0.21,0.39,0.56,0.71
61.276,-0.45,-0.86,-0.30,1.01
61.286,0.27,1.03,-0.22,1.09
61.296,-0.23,1.00,-0.42,1.11
61.306,0.22,1.15,-0.39,1.23
61.316,-0.07,1.01,0.15,1.02
61.326,-0.02,-0.40,0.13,0.42
61.336,0.11,-0.65,0.45,0.80
61.346,-0.36,-0.62,0.58,0.93
61.356,0.21,-0.37,0.16,0.45
61.366,-0.21,0.54,-0.06,0.58
61.376,0.20,1.25,-0.08,1.27
61.386,-0.09,0.39,-0.39,0.56
61.396,0.32,0.60,-0.19,0.71
61.406,-0.08,-0.10,-0.13,0.18
61.416,-0.18,0.73,0.35,0.83
61.426,0.02,-0.85,-0.04,0.85
61.436,-0.35,0.25,0.12,0.45
61.446,0.29,0.36,0.02,0.47
61.456,-0.38,0.15,-0.25,0.48
61.466,0.32,0.31,-0.36,0.58
61.476,-0.53,0.61,-0.29,0.86
61.486,0.33,1.28,0.21,1.34
61.496,-0.31,-0.65,-0.14,0.73
61.506,0.09,-0.65,-0.00,0.66
61.516,-0.33,0.48,0.21,0.62
61.526,0.39,0.42,0.17,0.60
61.536,-0.34,-0.06,-0.07,0.36
61.546,0.24,0.03,-0.13,0.27
61.556,0.13,0.91,0.04,0.92
61.566,-0.36,-0.38,-0.43,0.68
61.575,0.17,0.76,-0.14,0.79
61.586,-0.07,0.86,0.11,0.87
61.596,-0.01,0.15,0.23,0.27
61.606,-0.25,-0.72,0.11,0.77
61.615,0.12,0.11,0.44,0.47
61.625,-0.14,-0.22,0.07,0.27
61.635,-0.12,0.67,0.02,0.68
61.645,-0.21,0.16,-0.31,0.41
61.655,0.27,1.28,0.01,1.31
61.666,0.02,0.15,-0.16,0.22
61.675,-0.13,-0.05,-0.03,0.14
61.686,-0.06,0.27,0.26,0.38
61.695,-0.03,-0.38,-0.00,0.38
61.705,0.14,0.72,0.24,0.77
61.715,-0.24,0.09,-0.04,0.26
61.725,0.21,0.52,0.04,0.56
61.735,-0.09,-0.17,-0.23,0.30
61.745,-0.16,0.43,-0.14,0.48
61.755,0.03,0.49,-0.17,0.52
61.765,0.12,0.49,0.02,0.51
61.775,-0.12,0.18,0.17,0.28
61.785,0.10,-0.24,0.14,0.30
61.795,-0.35,-0.24,0.05,0.43
61.805,0.27,0.63,0.05,0.69
61.815,-0.34,0.19,-0.29,0.48
61.825,0.22,1.07,-0.06,1.10
61.835,-0.05,-0.11,-0.19,0.23
61.845,-0.30,0.30,0.11,0.43
61.855,0.24,0.14,0.23,0.36
61.865,-0.35,-0.47,-0.04,0.59
61.875,-0.03,0.51,0.14,0.52
61.885,-0.08,0.50,-0.04,0.51
61.895,-0.15,0.06,-0.26,0.30
61.905,0.36,0.86,-0.01,0.94
61.915,-0.56,-0.40,-0.34,0.77
61.925,0.24,0.74,0.07,0.78
61.935,-0.26,-0.38,-0.14,0.48
61.945,-0.01,0.91,0.40,0.99
61.955,0.32,0.37,0.51,0.71
61.965,-0.29,-1.09,0.01,1.12
61.975,0.03,0.59,0.37,0.70
61.985,0.00,0.40,0.08,0.41
61.995,-0.01,0.11,-0.32,0.33
62.005,0.23,0.65,-0.34,0.77
62.015,-0.32,0.52,-0.41,0.74
62.025,0.21,0.75,-0.18,0.80
62.035,-0.16,0.51,0.01,0.54
62.045,0.15,-0.06,0.11,0.20
62.055,-0.25,0.11,0.41,0.50
62.065,-0.08,-0.05,0.56,0.56
62.075,0.13,-0.41,0.23,0.49
62.085,-0.20,-0.28,-0.15,0.38
62.095,0.06,0.70,-0.29,0.75
62.105,0.01,0.51,-0.69,0.86
62.115,0.15,1.50,-0.31,1.54
62.125,0.03,0.83,-0.11,0.83
62.135,-0.06,-0.13,0.05,0.16
62.145,-0.03,-0.22,0.47,0.52
62.155,0.06,-0.23,0.80,0.84
62.165,-0.31,-1.17,0.29,1.25
62.175,-0.15,0.02,0.07,0.17
62.185,0.31,0.63,-0.29,0.76
62.195,-0.22,0.95,-0.47,1.09
62.205,-0.08,1.26,-0.48,1.35
62.215,0.14,0.19,-0.66,0.70
62.225,-0.09,0.79,0.05,0.79
62.235,-0.23,0.23,0.32,0.45
62.244,-0.12,-0.81,0.26,0.86
62.255,0.03,-0.30,0.44,0.53
62.264,0.25,0.10,0.34,0.44
62.274,-0.37,0.53,0.23,0.68
62.284,0.29,0.54,0.04,0.61
62.295,0.33,0.20,-0.20,0.44
62.305,0.22,0.55,-0.07,0.59
62.314,-0.30,0.12,-0.09,0.34
62.324,0.09,0.45,0.06,0.47
62.334,0.21,-0.09,-0.13,0.27
62.344,-0.15,0.55,0.08,0.57
62.354,-0.21,0.02,-0.10,0.23
62.364,0.01,0.46,-0.02,0.46
62.374,-0.10,0.10,-0.25,0.28
62.384,0.01,0.06,-0.42,0.42
62.394,-0.26,1.11,-0.05,1.14
62.404,-0.02,0.71,-0.03,0.71
62.414,-0.10,0.44,0.33,0.56
62.424,0.23,-0.51,0.21,0.59
62.434,-0.37,-0.51,0.35,0.72
62.444,0.04,0.63,0.48,0.79
62.454,-0.08,-0.45,-0.20,0.49
62.464,0.28,1.69,0.30,1.74
62.474,-0.16,-0.65,-0.45,0.80
62.484,0.12,0.95,-0.07,0.96
62.494,0.12,-0.22,-0.40,0.47
62.504,-0.15,1.13,0.12,1.15
62.514,0.08,-0.16,-0.02,0.18
62.524,-0.23,-0.17,-0.02,0.29
62.534,0.34,-0.06,0.03,0.34
62.544,-0.40,0.32,-0.18,0.54
62.554,0.07,0.89,-0.01,0.89
62.564,-0.24,0.18,-0.16,0.34
62.574,0.49,0.50,0.18,0.72
62.584,-0.10,0.17,0.35,0.41
62.594,-0.10,-0.30,0.40,0.51
62.604,0.13,0.16,0.50,0.54
62.614,0.10,-0.47,0.13,0.50
62.624,0.02,-0.05,-0.28,0.29
62.634,-0.00,0.93,-0.29,0.98
62.644,-0.04,0.79,-0.58,0.98
62.654,0.38,1.04,-0.40,1.18
62.664,-0.36,0.48,-0.04,0.60
62.674,0.20,0.84,0.61,1.06
62.684,-0.20,-1.62,0.10,1.63
62.694,0.25,-0.29,0.54,0.66
62.704,-0.63,-0.22,0.10,0.67
62.714,0.23,0.24,-0.40,0.53
62.724,-0.02,1.25,-0.35,1.30
62.734,-0.04,1.46,-0.37,1.51
62.744,0.05,0.97,-0.17,0.99
62.754,-0.14,-0.12,-0.06,0.19
62.764,0.11,-0.08,0.43,0.45
62.774,0.01,-0.66,0.38,0.76
62.784,-0.29,0.14,0.57,0.65
62.794,0.34,0.38,0.39,0.64
62.804,-0.15,-0.19,-0.17,0.29
62.814,0.28,0.50,-0.24,0.63
62.824,-0.27,0.80,-0.31,0.90
62.834,0.36,0.92,-0.32,1.04
62.844,-0.11,0.38,-0.29,0.49
62.854,0.01,0.27,-0.14,0.30
62.864,-0.10,0.08,0.03,0.13
62.874,-0.08,0.79,0.54,0.96
62.884,-0.06,-0.70,0.14,0.72
62.894,0.10,0.37,0.49,0.62
62.904,-0.37,-0.34,0.13,0.51
62.913,0.22,0.25,-0.16,0.37
62.923,0.06,0.64,-0.26,0.70
62.934,-0.12,1.37,-0.10,1.38
62.943,0.10,0.60,-0.17,0.63
62.953,0.11,-0.06,-0.11,0.16
62.964,0.10,0.18,0.27,0.34
62.973,0.08,-0.27,0.21,0.35
62.983,-0.47,-0.59,-0.03,0.76
62.993,0.58,1.59,0.41,1.74
63.003,-0.57,-1.07,-0.54,1.33
63.013,0.45,1.47,0.16,1.54
63.023,-0.01,0.11,-0.11,0.16
63.033,0.02,0.31,0.02,0.32
63.043,-0.10,0.29,0.14,0.34
63.053,0.08,-0.24,-0.11,0.28
63.063,0.13,0.84,0.18,0.87
63.073,-0.38,-0.23,-0.27,0.52
63.083,0.22,0.87,0.01,0.90
63.093,-0.09,0.50,-0.10,0.52
63.103,-0.15,0.02,-0.18,0.24
63.113,0.04,0.24,-0.10,0.27
63.123,0.04,0.47,0.01,0.47
63.133,-0.19,0.19,-0.03,0.27
63.143,-0.08,-0.01,-0.09,0.12
63.153,0.14,1.13,0.35,1.19
63.163,-0.12,-0.71,-0.09,0.73
63.173,-0.22,-0.07,-0.02,0.23
63.183,-0.05,0.46,-0.06,0.47
63.193,-0.18,0.89,0.03,0.90
63.203,0.13,0.80,0.27,0.85
63.213,-0.13,-0.49,0.11,0.51
63.223,0.11,0.05,0.42,0.43
63.233,-0.29,-0.72,-0.03,0.77
63.243,0.37,0.80,-0.04,0.88
63.253,-0.38,0.63,-0.19,0.76
63.263,-0.01,1.22,-0.08,1.22
63.273,0.48,0.28,-0.04,0.56
63.283,-0.03,-0.41,-0.00,0.41
63.293,-0.18,0.18,0.34,0.43
63.303,-0.03,-0.34,-0.01,0.34
63.313,0.06,0.21,-0.20,0.30
63.323,-0.01,1.01,-0.18,1.03
63.333,-0.13,0.52,-0.39,0.67
63.343,-0.03,1.10,-0.02,1.10
63.353,0.42,0.28,0.19,0.54
63.363,-0.43,-0.55,0.17,0.72
63.373,0.11,-0.75,0.18,0.78
63.383,-0.18,0.30,0.17,0.39
63.393,0.02,-0.21,-0.47,0.52
63.403,0.12,1.20,-0.29,1.24
63.413,0.22,1.87,0.14,1.89
63.423,-0.25,-0.18,-0.15,0.34
63.433,0.44,0.48,0.43,0.78
63.443,0.02,-1.18,0.25,1.20
63.453,-0.32,-0.22,0.43,0.58
63.463,0.20,0.50,0.21,0.58
63.473,-0.04,0.24,-0.18,0.30
63.483,-0.08,1.06,-0.09,1.07
63.493,0.10,0.52,-0.43,0.68
63.503,0.24,0.86,-0.15,0.91
63.513,-0.48,-0.23,-0.21,0.57
63.523,0.33,0.49,0.16,0.61
63.533,-0.22,-0.10,0.09,0.26
63.543,-0.08,0.24,0.18,0.31
63.553,-0.04,-0.12,-0.08,0.15
63.563,0.03,0.79,-0.01,0.79
63.573,0.08,0.41,-0.11,0.43
63.583,-0.00,0.55,0.03,0.55
63.593,0.06,0.16,0.16,0.24
63.603,-0.36,-0.59,-0.06,0.69
63.613,0.16,0.46,0.15,0.51
63.623,-0.26,0.34,-0.06,0.43
63.633,0.10,0.77,0.06,0.78
63.642,-0.08,0.06,-0.13,0.17
63.653,-0.06,0.11,-0.08,0.15
63.662,-0.02,0.26,-0.08,0.27
63.673,0.00,0.53,0.07,0.53
63.682,-0.17,0.32,0.15,0.40
63.692,0.22,0.48,0.46,0.70
63.702,-0.13,-0.74,0.11,0.76
63.712,0.17,-0.13,0.07,0.23
63.722,-0.15,0.66,-0.04,0.68
63.732,-0.11,0.70,-0.33,0.78
63.742,0.21,0.85,-0.43,0.98
63.752,0.01,1.19,-0.04,1.19
63.762,-0.19,-0.22,-0.13,0.32
63.772,0.03,-0.11,0.21,0.23
63.782,0.05,0.24,0.51,0.56
63.792,-0.00,-0.41,0.12,0.43
63.802,-0.01,0.48,0.08,0.49
63.812,0.03,0.23,-0.30,0.38
63.822,0.23,1.31,-0.06,1.33
63.832,-0.01,0.18,-0.36,0.40
63.842,0.07,0.66,0.01,0.66
63.852,-0.14,-0.21,0.04,0.26
63.862,0.07,0.13,0.34,0.37
63.872,0.03,0.05,0.41,0.41
63.882,-0.17,-0.30,0.21,0.40
63.892,0.01,0.62,0.18,0.65
63.902,0.07,0.12,-0.29,0.32
63.912,0.12,1.03,-0.23,1.06
63.922,-0.21,0.09,-0.60,0.64
63.932,0.30,1.53,0.05,1.56
63.942,-0.21,-0.71,-0.42,0.85
63.952,0.02,0.70,0.30,0.76
63.962,-0.17,0.24,0.47,0.56
63.972,-0.18,-0.50,0.18,0.56
63.982,0.12,0.43,0.44,0.63
63.992,-0.11,0.17,0.23,0.31
64.002,0.04,0.25,-0.03,0.25
64.012,0.09,-0.05,-0.42,0.44
64.022,0.16,1.30,-0.09,1.32
64.032,-0.27,0.14,-0.49,0.58
64.042,0.18,1.16,-0.05,1.17
64.052,0.17,0.35,0.19,0.43
64.062,-0.32,-0.02,0.38,0.50
64.072,-0.00,-0.96,0.14,0.97
64.082,0.03,0.55,0.43,0.70
64.092,-0.16,-0.02,-0.03,0.17
64.102,-0.15,0.20,-0.35,0.43
64.112,0.21,1.09,-0.20,1.12
64.122,-0.35,0.76,-0.40,0.93
64.132,0.35,0.87,-0.10,0.94
64.142,-0.38,-0.07,-0.03,0.39
64.152,0.05,0.09,0.29,0.31
64.162,-0.40,-0.07,0.36,0.54
64.172,0.62,-0.36,0.10,0.72
64.182,-0.15,0.17,-0.04,0.23
64.192,0.83,0.56,-0.23,1.03
64.202,0.31,0.60,-0.31,0.74
64.212,1.14,0.86,-0.21,1.45
64.222,0.49,0.29,-0.05,0.58
64.232,0.92,0.25,0.25,0.98
64.242,0.75,-0.76,0.12,1.08
64.252,1.19,-0.12,0.37,1.26
64.262,0.52,-0.33,-0.06,0.62
64.272,0.87,0.71,-0.04,1.12
64.281,0.78,0.77,-0.14,1.11
64.291,1.26,0.68,-0.14,1.44
64.302,0.78,0.64,0.22,1.03
64.311,0.78,-0.60,0.10,0.99
64.321,1.14,0.14,0.47,1.24
64.331,1.34,-0.68,0.05,1.50
64.341,1.18,0.61,0.18,1.34
64.351,0.86,0.26,-0.17,0.92
64.361,1.14,0.71,-0.21,1.36
64.371,1.55,0.67,-0.18,1.69
64.381,0.58,0.19,-0.25,0.66
64.391,1.47,0.55,0.07,1.57
64.401,0.92,-0.17,-0.01,0.93
64.411,1.46,0.26,0.21,1.50
64.421,0.99,-0.28,0.08,1.03
64.431,1.50,0.22,0.18,1.53
64.441,1.46,0.03,0.10,1.47
64.451,1.51,0.07,0.03,1.51
64.461,1.55,0.37,0.14,1.60
64.471,1.65,-0.05,-0.04,1.66
64.481,1.75,0.26,0.03,1.77
64.491,1.64,0.01,-0.00,1.64
64.501,1.75,0.07,0.04,1.75
64.511,1.87,0.00,0.01,1.87
64.521,1.72,0.08,0.02,1.72
64.531,1.60,-0.05,-0.02,1.60
64.541,1.75,0.06,-0.00,1.75
64.551,1.59,0.01,-0.03,1.59
64.561,2.43,0.13,-0.00,2.43
64.571,1.63,0.03,0.10,1.64
64.581,2.05,0.16,0.04,2.06
64.591,1.76,0.03,0.03,1.76
64.601,0.81,0.13,0.02,0.83
64.611,0.87,0.14,0.04,0.89
64.621,0.75,0.12,0.02,0.76
64.631,0.35,0.17,0.04,0.39
64.641,0.63,0.12,0.03,0.64
64.651,-0.02,0.14,0.08,0.16
64.661,-0.06,-0.01,0.03,0.06
64.671,0.07,0.14,0.12,0.20
64.681,-0.35,0.01,0.04,0.35
64.691,0.02,0.08,0.03,0.09
64.701,-0.14,0.00,0.01,0.14
64.711,-0.03,0.00,-0.02,0.03
64.721,0.10,-0.04,-0.03,0.11
64.731,0.01,-0.09,-0.02,0.09
64.741,0.17,-0.08,0.02,0.19
64.751,0.09,-0.13,0.02,0.16
64.761,0.11,-0.08,0.03,0.14
64.771,0.11,-0.14,0.00,0.18
64.781,0.11,-0.08,0.01,0.13
64.791,0.09,-0.10,-0.04,0.14
64.801,0.05,-0.07,-0.04,0.10
64.811,-0.01,-0.05,-0.01,0.05
64.821,-0.02,-0.06,-0.02,0.06
64.831,-0.07,-0.04,-0.03,0.08
64.841,-0.13,0.03,-0.02,0.14
64.851,-0.07,0.04,-0.01,0.08
64.861,-0.17,0.04,-0.02,0.17
64.871,-0.10,0.07,-0.00,0.12
64.881,-0.17,0.06,-0.02,0.18
64.891,-0.21,0.09,-0.03,0.23
64.901,-0.16,0.08,-0.03,0.18
64.911,-0.21,0.09,-0.01,0.23
64.921,-0.24,0.07,-0.03,0.25
64.930,-0.20,0.10,-0.03,0.23
64.940,-0.10,0.11,-0.03,0.15
64.951,-0.69,0.14,-0.00,0.70
64.960,-0.24,0.13,-0.02,0.27
64.970,-0.60,0.10,-0.07,0.61
64.980,-0.73,0.12,-0.04,0.74
64.990,-0.42,0.05,-0.01,0.43
65.000,-0.52,-0.01,-0.04,0.52
65.010,-0.30,0.03,-0.03,0.30
65.020,-0.43,-0.03,-0.05,0.43
65.030,-0.19,0.02,-0.05,0.20
65.040,-0.16,0.01,-0.06,0.17
65.050,-0.06,0.02,-0.05,0.08
65.060,-0.05,-0.01,-0.04,0.07
65.070,-0.01,-0.06,-0.04,0.07
65.080,-0.03,-0.07,-0.02,0.08
65.090,-0.08,-0.07,-0.03,0.11
65.100,-0.15,-0.02,-0.04,0.15
65.110,-0.23,0.02,-0.05,0.23
65.120,-0.28,0.07,-0.05,0.30
65.130,-0.29,0.09,-0.04,0.31
65.140,-0.28,0.09,-0.02,0.30
65.150,-0.29,0.05,-0.01,0.29
65.160,-0.24,0.04,0.00,0.25
65.170,-0.19,0.04,0.02,0.19
65.180,-0.09,0.06,-0.00,0.11
65.190,-0.02,0.08,-0.00,0.08
65.200,0.08,0.07,-0.01,0.11
65.210,0.11,0.05,-0.00,0.12
65.220,0.15,0.04,0.00,0.16
65.230,0.17,-0.00,0.01,0.17
65.240,0.18,-0.04,0.01,0.19
65.250,0.16,-0.03,0.01,0.17
65.260,0.13,-0.00,0.01,0.14
65.270,0.11,0.01,0.00,0.11
65.280,0.06,0.00,0.00,0.06
65.290,0.05,0.01,0.00,0.06
65.300,-0.00,-0.03,0.00,0.03
65.310,-0.01,-0.03,0.01,0.03
65.320,0.01,-0.02,0.02,0.03
65.330,0.02,-0.02,0.00,0.03
65.340,0.04,-0.02,-0.01,0.04
65.350,0.09,0.01,-0.01,0.09
65.360,0.12,0.02,-0.01,0.12
65.370,0.14,0.02,-0.01,0.15
65.380,0.18,0.01,0.01,0.18
65.390,0.19,-0.00,0.03,0.19
65.400,0.19,-0.00,0.02,0.19
65.410,0.18,0.02,0.01,0.18
65.420,0.15,0.04,0.02,0.16
65.430,0.11,0.06,0.02,0.12
65.440,0.08,0.05,0.01,0.10
65.450,0.04,0.04,0.01,0.06
65.460,-0.00,0.04,0.01,0.05
65.470,-0.05,0.03,-0.01,0.06
65.480,-0.05,0.05,-0.01,0.07
65.490,-0.06,0.04,0.00,0.08
65.500,-0.07,0.03,-0.02,0.07
65.510,-0.07,0.04,-0.02,0.08
65.520,-0.07,0.02,-0.01,0.08
65.530,-0.07,0.01,-0.02,0.08
65.540,-0.06,-0.01,-0.01,0.07
65.550,-0.07,-0.01,-0.04,0.08
65.560,-0.07,-0.01,-0.04,0.08
65.570,-0.08,0.00,-0.02,0.08
65.580,-0.09,0.00,-0.05,0.10
65.589,-0.11,0.02,-0.04,0.12
65.600,-0.13,0.02,-0.03,0.14
65.609,-0.14,0.03,-0.02,0.14
65.619,-0.15,0.02,-0.02,0.16
65.630,-0.16,0.03,-0.03,0.17
65.640,-0.17,0.04,-0.03,0.17
65.649,-0.17,0.06,-0.02,0.18
65.659,-0.18,0.06,-0.03,0.19
65.669,-0.15,0.05,-0.02,0.16
65.680,-0.16,0.06,-0.03,0.17
65.689,-0.13,0.05,-0.02,0.14
65.699,-0.12,0.04,-0.02,0.12
65.709,-0.11,0.04,-0.01,0.12
65.719,-0.10,0.03,0.00,0.10
65.729,-0.08,0.02,-0.02,0.09
65.739,-0.08,0.03,-0.01,0.09
65.749,-0.07,0.03,-0.03,0.08
65.759,-0.08,0.02,-0.01,0.08
65.769,-0.09,0.02,-0.02,0.09
65.779,-0.07,0.01,-0.01,0.07
65.789,-0.05,0.01,-0.02,0.05
65.799,-0.04,0.01,-0.02,0.04
65.809,-0.01,0.01,-0.02,0.02
65.819,0.00,0.02,-0.00,0.02
65.829,0.02,0.02,-0.03,0.04
65.839,0.03,0.02,-0.01,0.04
65.849,0.03,0.02,-0.00,0.04
65.859,0.03,0.03,-0.01,0.04
65.869,0.06,0.01,0.01,0.06
65.879,0.05,0.02,-0.00,0.06
65.889,0.04,0.04,-0.01,0.06
65.899,0.03,0.02,0.01,0.04
65.909,0.03,0.03,0.00,0.05
65.919,0.04,0.04,0.00,0.05
65.929,0.04,0.03,-0.02,0.05
65.939,0.03,0.02,0.00,0.04
65.949,0.05,0.03,-0.00,0.06
65.959,0.04,0.03,0.01,0.05
65.969,0.04,0.02,-0.00,0.05
65.979,0.05,0.02,0.00,0.05
65.989,0.02,0.03,-0.00,0.04
65.999,0.05,0.02,-0.00,0.05
66.009,0.02,0.02,0.02,0.03
66.019,0.02,0.01,-0.00,0.02
66.029,-0.01,0.02,-0.01,0.02
66.039,-0.02,0.02,-0.02,0.03
66.049,-0.03,0.01,-0.00,0.03
66.059,-0.04,0.02,-0.03,0.05
66.069,-0.07,0.04,-0.02,0.08
66.079,-0.07,0.02,-0.02,0.08
66.089,-0.07,0.03,-0.02,0.07
66.099,-0.08,0.03,-0.01,0.08
66.109,-0.08,0.02,-0.00,0.09
66.119,-0.08,0.03,0.00,0.09
66.129,-0.09,0.02,0.00,0.09
66.139,-0.08,0.03,-0.03,0.09
66.149,-0.10,0.05,-0.03,0.11
66.159,-0.08,0.04,-0.02,0.09
66.169,-0.08,0.02,-0.02,0.09
66.179,-0.07,0.01,-0.02,0.08
66.189,-0.10,0.03,-0.01,0.10
66.199,-0.09,0.03,-0.02,0.10
66.209,-0.08,0.04,-0.02,0.10
66.219,-0.09,0.02,-0.01,0.10
66.229,-0.08,0.03,-0.02,0.09
66.239,-0.08,0.02,-0.01,0.08
66.248,-0.09,0.04,-0.02,0.10
66.259,-0.10,0.03,-0.03,0.10
66.268,-0.06,0.02,-0.00,0.07
66.279,-0.06,0.02,0.01,0.07
66.289,-0.05,0.02,-0.01,0.06
66.299,-0.02,0.04,-0.01,0.04
66.308,-0.02,0.03,-0.01,0.04
66.319,-0.02,0.02,-0.01,0.03
66.328,-0.01,0.03,-0.00,0.04
66.338,-0.02,0.03,-0.00,0.03
66.348,0.00,0.02,-0.00,0.02
66.358,0.00,0.02,-0.00,0.02
66.368,-0.00,0.02,0.00,0.02
66.378,-0.00,0.02,0.00,0.02
66.388,0.01,0.01,-0.00,0.02
66.398,0.02,0.02,-0.00,0.03
66.408,0.00,0.02,-0.00,0.02
66.418,0.03,0.03,0.00,0.04
66.428,0.04,0.02,0.01,0.04
66.438,0.03,0.04,0.00,0.05
66.448,0.02,0.03,-0.00,0.03
66.458,0.02,0.02,-0.01,0.03
66.468,0.03,0.02,-0.01,0.04
66.478,0.02,0.01,-0.00,0.03
66.488,0.02,0.04,-0.01,0.05
66.498,0.02,0.04,-0.00,0.04
66.508,-0.00,0.04,0.00,0.04
66.518,-0.02,0.02,0.00,0.03
66.528,-0.03,0.02,-0.01,0.04
66.538,-0.03,0.03,-0.01,0.04
66.548,-0.02,0.03,-0.01,0.03
66.558,-0.03,0.03,-0.01,0.05
66.568,-0.03,0.03,-0.01,0.04
66.578,-0.05,0.04,-0.01,0.06
66.588,-0.05,0.04,-0.01,0.06
66.598,-0.06,0.02,0.00,0.06
66.608,-0.05,0.04,-0.02,0.07
66.618,-0.07,0.03,-0.03,0.08
66.628,-0.07,0.03,-0.02,0.08
66.638,-0.06,0.03,-0.02,0.07
66.648,-0.07,0.03,-0.02,0.08
66.658,-0.08,0.03,-0.02,0.09
66.668,-0.08,0.03,-0.01,0.09
66.678,-0.09,0.02,-0.01,0.09
66.688,-0.08,0.03,-0.02,0.09
66.698,-0.09,0.04,-0.01,0.10
66.708,-0.07,0.03,-0.01,0.08
66.718,-0.06,0.03,-0.02,0.07
66.728,-0.07,0.03,-0.01,0.08
66.738,-0.07,0.03,-0.01,0.08
66.748,-0.05,0.03,-0.00,0.06
66.758,-0.05,0.02,-0.00,0.05
66.768,-0.03,0.02,-0.02,0.04
66.778,-0.06,0.01,-0.02,0.06
66.788,-0.04,0.02,-0.00,0.05
66.798,-0.04,0.02,-0.00,0.04
66.808,-0.05,0.02,-0.00,0.05
66.818,-0.04,0.02,-0.02,0.04
66.828,-0.02,0.02,-0.02,0.04
66.838,-0.02,0.02,-0.00,0.03
66.848,-0.01,0.03,-0.01,0.03
66.858,-0.01,0.01,0.01,0.02
66.868,-0.01,0.01,-0.00,0.02
66.878,0.01,0.04,-0.00,0.04
66.888,-0.00,0.03,-0.01,0.03
66.898,0.01,0.02,-0.01,0.02
66.907,0.01,0.04,-0.02,0.04
66.918,0.00,0.03,0.00,0.03
66.928,0.01,0.04,-0.01,0.04
66.937,0.02,0.04,-0.01,0.05
66.947,0.01,0.02,-0.01,0.03
66.958,-0.00,0.02,-0.00,0.02
66.968,-0.00,0.02,-0.01,0.02
66.977,-0.01,0.03,-0.01,0.03
66.987,0.01,0.02,0.00,0.02
66.998,0.00,0.02,-0.01,0.03
67.007,-0.01,0.02,-0.01,0.02
67.018,-0.01,0.04,-0.01,0.04
67.027,-0.01,0.02,-0.01,0.03
67.037,-0.01,0.02,-0.00,0.03
67.047,-0.03,0.04,-0.02,0.05
67.057,-0.02,0.03,-0.01,0.04
67.067,-0.03,0.02,-0.03,0.04
67.077,-0.02,0.03,-0.02,0.04
67.087,-0.04,0.03,-0.02,0.06
67.097,-0.04,0.02,-0.02,0.05
67.107,-0.06,0.02,-0.01,0.06
67.117,-0.05,0.03,-0.02,0.06
67.127,-0.05,0.03,-0.03,0.07
67.137,-0.06,0.03,-0.01,0.07
67.147,-0.07,0.02,-0.04,0.08
67.157,-0.06,0.02,-0.02,0.07
67.167,-0.04,0.03,-0.00,0.05
67.177,-0.07,0.03,-0.01,0.07
67.187,-0.06,0.03,-0.00,0.07
67.197,-0.05,0.03,-0.00,0.06
67.207,-0.05,0.03,-0.00,0.06
67.217,-0.06,0.03,-0.00,0.07
67.227,-0.05,0.02,-0.01,0.05
67.237,-0.06,0.03,-0.01,0.07
67.247,-0.05,0.03,-0.02,0.06
67.257,-0.05,0.03,-0.01,0.05
67.267,-0.04,0.03,-0.00,0.05
67.277,-0.04,0.02,0.00,0.04
67.287,-0.04,0.02,-0.01,0.05
67.297,-0.03,0.02,0.01,0.03
67.307,-0.03,0.02,-0.00,0.04
67.317,-0.02,0.04,-0.01,0.05
67.327,-0.00,0.04,-0.01,0.04
67.337,-0.00,0.03,-0.00,0.03
67.347,-0.01,0.03,-0.02,0.04
67.357,0.00,0.02,-0.01,0.02
67.367,0.01,0.02,-0.01,0.02
67.377,0.00,0.02,-0.01,0.02
67.387,-0.00,0.03,0.00,0.03
67.397,0.00,0.03,-0.01,0.03
67.407,-0.00,0.03,-0.01,0.04
67.417,0.00,0.03,-0.00,0.03
67.427,0.00,0.03,0.01,0.03
67.437,-0.00,0.02,0.01,0.02
67.447,-0.00,0.03,-0.01,0.03
67.457,-0.02,0.02,-0.01,0.03
67.467,-0.01,0.02,0.00,0.02
67.477,-0.01,0.03,-0.00,0.03
67.487,-0.02,0.03,-0.02,0.04
67.497,-0.02,0.02,-0.01,0.03
67.507,-0.02,0.02,-0.02,0.04
67.517,-0.00,0.04,-0.00,0.04
67.527,-0.04,0.03,-0.01,0.05
67.537,-0.03,0.03,-0.01,0.04
67.547,-0.02,0.02,-0.01,0.03
67.557,-0.04,0.01,-0.01,0.05
67.567,-0.06,0.03,-0.01,0.07
67.577,-0.05,0.02,-0.00,0.06
67.586,-0.05,0.05,-0.01,0.07
67.597,-0.03,0.03,-0.02,0.05
67.606,-0.04,0.03,-0.01,0.05
67.616,-0.05,0.02,-0.01,0.05
67.626,-0.03,0.03,-0.01,0.04
67.637,-0.05,0.01,0.01,0.05
67.646,-0.04,0.02,-0.00,0.05
67.657,-0.05,0.03,-0.02,0.06
67.666,-0.05,0.02,-0.01,0.05
67.676,-0.04,0.03,-0.02,0.06
67.686,-0.05,0.02,-0.01,0.06
67.696,-0.03,0.02,-0.02,0.04
67.706,-0.05,0.02,-0.00,0.05
67.716,-0.02,0.03,-0.00,0.04
67.726,-0.05,0.03,-0.02,0.05
67.736,-0.03,0.02,-0.01,0.04
67.746,-0.04,0.03,-0.02,0.06
67.756,-0.00,0.03,-0.01,0.03
67.766,-0.02,0.03,-0.00,0.04
67.776,-0.00,0.02,-0.02,0.03
67.786,-0.02,0.00,-0.01,0.02
67.796,-0.04,0.02,-0.02,0.05
67.806,-0.02,0.04,-0.00,0.04
67.816,-0.01,0.04,0.01,0.04
67.826,-0.02,0.02,-0.00,0.03
67.836,-0.02,0.01,-0.00,0.03
67.846,-0.02,0.03,-0.02,0.04
67.856,0.00,0.03,-0.01,0.03
67.866,-0.01,0.02,-0.01,0.02
67.876,0.00,0.03,0.01,0.03
67.886,0.01,0.04,-0.01,0.04
67.896,0.00,0.04,-0.00,0.04
67.906,-0.00,0.04,0.00,0.04
67.916,-0.00,0.03,-0.00,0.03
67.926,-0.00,0.02,-0.02,0.03
67.936,0.00,0.03,-0.01,0.03
67.946,-0.02,0.03,-0.01,0.04
67.956,-0.02,0.03,0.01,0.04
67.966,-0.03,0.04,0.01,0.05
67.976,-0.03,0.04,-0.01,0.05
67.986,-0.02,0.01,-0.01,0.03
67.996,-0.01,0.02,-0.02,0.03
68.006,-0.01,0.03,-0.02,0.04
68.016,-0.02,0.02,-0.02,0.03
68.026,-0.01,0.03,-0.01,0.03
68.036,-0.03,0.03,0.01,0.04
68.046,-0.04,0.02,-0.01,0.04
68.056,-0.04,0.02,-0.00,0.05
68.066,-0.02,0.01,-0.01,0.03
68.076,-0.03,0.02,-0.01,0.04
68.086,-0.04,0.03,-0.01,0.05
68.096,-0.05,0.03,-0.02,0.06
68.106,-0.05,0.02,0.01,0.05
68.116,-0.05,0.03,-0.01,0.06
68.126,-0.04,0.03,-0.01,0.05
68.136,-0.04,0.01,-0.00,0.04
68.146,-0.05,0.02,-0.00,0.05
68.156,-0.03,0.03,-0.01,0.04
68.166,-0.05,0.03,-0.02,0.06
68.176,-0.04,0.02,-0.01,0.05
68.186,-0.04,0.05,-0.02,0.06
68.196,-0.06,0.03,-0.02,0.07
68.206,-0.03,0.02,-0.01,0.04
68.216,-0.04,0.03,-0.02,0.05
68.226,-0.04,0.03,0.00,0.05
68.236,-0.03,0.01,-0.01,0.03
68.245,-0.03,0.03,-0.01,0.04
68.255,-0.03,0.04,-0.01,0.05
68.265,-0.02,0.03,-0.01,0.04
68.276,-0.02,0.01,-0.01,0.02
68.285,-0.03,0.02,-0.01,0.04
68.295,-0.02,0.02,-0.01,0.03
68.305,-0.03,0.02,-0.01,0.04
68.316,-0.03,0.02,-0.02,0.04
68.325,0.02,0.02,-0.01,0.03
68.335,0.00,0.04,-0.02,0.04
68.345,0.00,0.03,-0.02,0.03
68.355,0.00,0.02,-0.01,0.03
68.365,-0.01,0.02,-0.01,0.03
68.375,-0.01,0.02,-0.01,0.03
68.385,0.01,0.03,-0.01,0.03
68.395,-0.00,0.02,-0.00,0.02
68.405,-0.01,0.02,0.00,0.02
68.415,-0.02,0.03,-0.01,0.03
68.425,-0.02,0.03,-0.00,0.04
68.435,-0.02,0.02,-0.00,0.03
68.445,-0.02,0.02,-0.01,0.03
68.455,-0.01,0.03,-0.02,0.04
68.465,-0.04,0.03,-0.02,0.06
68.475,-0.02,0.03,-0.00,0.03
68.485,-0.03,0.03,-0.01,0.04
68.495,-0.05,0.03,-0.02,0.06
68.505,-0.03,0.01,-0.00,0.04
68.515,-0.03,0.02,-0.01,0.04
68.525,-0.04,0.02,-0.01,0.04
68.535,-0.03,0.03,-0.01,0.05
68.545,-0.04,0.03,-0.01,0.05
68.555,-0.03,0.04,0.00,0.05
68.565,-0.04,0.04,-0.01,0.05
68.575,-0.04,0.03,-0.02,0.05
68.585,-0.05,0.03,-0.01,0.05
68.595,-0.03,0.01,-0.00,0.04
68.605,-0.03,0.03,-0.02,0.05
68.615,-0.04,0.04,-0.01,0.06
68.625,-0.05,0.01,-0.01,0.05
68.635,-0.05,0.02,-0.01,0.05
68.645,-0.03,0.04,-0.01,0.05
68.655,-0.04,0.02,-0.02,0.05
68.665,-0.04,0.02,-0.01,0.05
68.675,-0.04,0.04,-0.01,0.05
68.685,-0.03,0.02,-0.00,0.04
68.695,-0.03,0.02,-0.01,0.04
68.705,-0.02,0.04,-0.02,0.05
68.715,-0.03,0.02,-0.01,0.04
68.725,-0.03,0.03,-0.01,0.04
68.735,-0.03,0.03,-0.01,0.04
68.745,-0.04,0.03,-0.01,0.04
68.755,-0.02,0.03,-0.00,0.04
68.765,-0.02,0.02,0.00,0.03
68.775,-0.02,0.02,-0.01,0.03
68.785,-0.02,0.03,0.00,0.04
68.795,-0.00,0.01,-0.01,0.02
68.805,-0.02,0.02,-0.01,0.03
68.815,-0.02,0.03,-0.00,0.03
68.825,-0.01,0.03,-0.00,0.03
68.835,-0.02,0.04,-0.00,0.04
68.845,-0.01,0.02,-0.02,0.03
68.855,-0.02,0.02,-0.01,0.03
68.865,-0.01,0.03,-0.01,0.03
68.875,-0.01,0.01,-0.01,0.02
68.885,0.00,0.02,-0.00,0.02
68.895,-0.01,0.03,-0.01,0.04
68.905,-0.00,0.01,0.00,0.01
68.914,-0.02,0.03,0.01,0.04
68.924,-0.02,0.02,-0.01,0.03
68.935,-0.01,0.03,-0.02,0.04
68.945,-0.01,0.03,0.00,0.03
68.954,-0.03,0.03,-0.01,0.04
68.965,-0.02,0.03,-0.00,0.04
68.974,-0.02,0.03,-0.01,0.03
68.984,-0.03,0.03,-0.00,0.04
68.994,-0.03,0.02,-0.01,0.04
69.004,-0.05,0.03,0.00,0.06
69.015,-0.03,0.03,-0.01,0.04
69.024,-0.03,0.03,-0.01,0.04
69.034,-0.04,0.03,-0.02,0.05
69.044,-0.02,0.03,-0.00,0.04
69.054,-0.02,0.02,-0.01,0.03
69.064,-0.03,0.03,0.00,0.04
69.074,-0.03,0.01,-0.00,0.03
69.084,-0.03,0.02,-0.01,0.04
69.094,-0.03,0.03,-0.01,0.04
69.104,-0.05,0.04,-0.01,0.06
69.114,-0.04,0.02,-0.01,0.05
69.124,-0.03,0.03,-0.01,0.04
69.134,-0.05,0.03,-0.01,0.06
69.144,-0.01,0.03,-0.00,0.03
69.154,-0.02,0.03,0.00,0.03
69.164,-0.03,0.02,-0.02,0.04
69.174,-0.03,0.01,-0.02,0.04
69.184,-0.00,0.03,-0.01,0.03
69.194,-0.02,0.02,-0.01,0.03
69.204,-0.03,0.03,-0.02,0.04
69.214,-0.04,0.03,-0.01,0.05
69.224,-0.03,0.02,-0.01,0.04
69.234,-0.01,0.02,-0.00,0.02
69.244,-0.02,0.03,-0.00,0.04
69.254,-0.01,0.04,-0.01,0.04
69.264,-0.02,0.03,-0.01,0.03
69.274,-0.01,0.03,0.00,0.04
69.284,-0.02,0.02,0.00,0.03
69.294,-0.01,0.02,-0.01,0.02
69.304,-0.01,0.02,-0.02,0.03
69.314,0.01,0.02,-0.01,0.02
69.324,-0.01,0.03,-0.02,0.04
69.334,-0.02,0.02,-0.01,0.03
69.344,-0.01,0.02,-0.01,0.02
69.354,-0.03,0.04,-0.00,0.05
69.364,-0.03,0.04,0.01,0.05
69.374,-0.00,0.02,-0.02,0.03
69.384,-0.03,0.03,-0.01,0.04
69.394,-0.03,0.02,-0.02,0.04
69.404,-0.04,0.02,0.00,0.05
69.414,-0.02,0.03,-0.01,0.04
69.424,-0.01,0.03,-0.00,0.03
69.434,-0.03,0.02,-0.02,0.04
69.444,-0.02,0.02,-0.00,0.03
69.454,-0.03,0.02,-0.01,0.04
69.464,-0.02,0.02,-0.00,0.03
69.474,-0.02,0.03,-0.00,0.04
69.484,-0.02,0.03,0.00,0.04
69.494,-0.03,0.02,-0.01,0.03
69.504,-0.03,0.02,-0.01,0.04
69.514,-0.05,0.02,-0.02,0.06
69.524,-0.04,0.04,-0.01,0.06
69.534,-0.03,0.02,-0.01,0.04
69.544,-0.02,0.04,-0.02,0.05
69.554,-0.03,0.03,-0.00,0.04
69.564,-0.03,0.02,-0.01,0.04
69.574,-0.02,0.03,-0.01,0.04
69.583,-0.03,0.03,-0.01,0.04
69.594,-0.03,0.02,0.01,0.04
69.603,-0.02,0.03,-0.03,0.05
69.614,-0.02,0.02,0.01,0.03
69.623,-0.03,0.03,-0.03,0.05
69.634,-0.04,0.03,-0.01,0.05
69.643,-0.02,0.02,-0.02,0.03
69.653,-0.04,0.02,-0.02,0.05
69.663,-0.01,0.03,-0.01,0.04
69.673,-0.02,0.02,-0.01,0.03
69.683,-0.01,0.02,-0.02,0.03
69.693,-0.02,0.02,-0.01,0.03
69.703,-0.04,0.03,-0.02,0.05
69.713,-0.02,0.02,0.01,0.04
69.723,-0.01,0.02,0.00,0.02
69.733,-0.03,0.03,-0.01,0.05
