time,ax,ay,az,atotal
0.000,0.00,-0.00,-0.01,0.01
0.010,0.01,-0.01,0.00,0.02
0.020,0.01,0.02,-0.01,0.02
0.030,-0.02,0.01,-0.01,0.02
0.040,-0.01,-0.01,-0.01,0.02
0.050,-0.01,0.00,-0.02,0.02
0.060,-0.01,-0.00,-0.02,0.02
0.070,-0.01,-0.00,-0.01,0.01
0.080,-0.02,0.02,-0.00,0.02
0.090,-0.01,0.01,-0.00,0.02
0.100,0.00,-0.01,0.00,0.01
0.110,0.01,-0.01,-0.01,0.01
0.120,0.01,-0.01,-0.01,0.02
0.130,-0.01,0.00,-0.01,0.02
0.140,0.01,-0.00,-0.01,0.02
0.150,0.01,0.00,-0.02,0.03
0.160,-0.00,-0.00,-0.01,0.01
0.170,0.00,0.02,-0.01,0.02
0.180,0.00,-0.01,0.00,0.01
0.190,0.00,-0.00,-0.02,0.02
0.200,-0.02,0.02,-0.02,0.03
0.210,0.01,0.00,-0.00,0.01
0.220,0.00,-0.00,-0.02,0.02
0.230,-0.01,0.00,-0.01,0.01
0.240,-0.01,0.01,-0.01,0.02
0.250,-0.00,0.01,-0.01,0.02
0.260,-0.00,-0.00,-0.02,0.02
0.270,-0.00,-0.00,-0.01,0.01
0.280,0.02,-0.01,-0.02,0.03
0.290,0.00,0.00,-0.01,0.02
0.300,-0.00,0.01,-0.00,0.01
0.310,-0.01,0.01,-0.01,0.02
0.320,-0.00,0.01,-0.01,0.01
0.330,-0.01,0.00,0.00,0.01
0.340,0.00,-0.01,-0.01,0.02
0.350,0.01,-0.01,-0.01,0.02
0.359,0.01,-0.00,-0.01,0.01
0.369,0.01,-0.01,-0.00,0.02
0.379,0.01,-0.01,-0.01,0.02
0.390,0.01,-0.00,-0.01,0.01
0.400,-0.01,-0.00,-0.01,0.02
0.409,-0.02,0.00,-0.01,0.02
0.420,-0.01,-0.00,-0.01,0.01
0.430,0.01,0.00,-0.01,0.02
0.439,-0.01,-0.01,-0.03,0.03
0.449,0.01,0.00,0.00,0.01
0.459,-0.00,0.00,-0.01,0.01
0.469,-0.00,0.01,-0.01,0.01
0.479,0.00,-0.00,-0.02,0.02
0.489,-0.00,0.00,-0.02,0.02
0.499,-0.01,-0.01,-0.02,0.03
0.509,-0.00,-0.00,-0.02,0.02
0.519,-0.01,0.00,-0.00,0.01
0.529,-0.00,-0.00,-0.01,0.01
0.539,0.01,-0.01,-0.00,0.01
0.549,-0.00,-0.02,-0.01,0.02
0.559,0.00,0.01,-0.01,0.01
0.569,-0.00,0.00,-0.02,0.02
0.579,0.01,0.02,-0.00,0.02
0.589,-0.00,0.01,-0.01,0.02
0.599,-0.00,0.01,-0.02,0.03
0.609,-0.00,0.00,-0.01,0.01
0.619,0.01,0.02,-0.01,0.02
0.629,-0.00,0.01,0.00,0.01
0.639,0.01,-0.01,-0.01,0.02
0.649,0.01,-0.01,0.00,0.02
0.659,0.01,-0.01,-0.00,0.01
0.669,0.01,-0.00,-0.00,0.01
0.679,0.02,-0.00,-0.02,0.03
0.689,-0.00,-0.01,-0.01,0.02
0.699,0.02,-0.01,-0.03,0.04
0.709,0.00,-0.01,-0.02,0.02
0.719,-0.01,-0.00,-0.02,0.03
0.729,0.00,0.00,-0.01,0.01
0.739,-0.00,-0.01,-0.01,0.02
0.749,0.01,-0.00,-0.02,0.02
0.759,0.02,-0.00,-0.02,0.03
0.769,-0.01,0.00,-0.02,0.02
0.779,0.01,-0.00,-0.01,0.01
0.789,0.00,0.00,-0.01,0.01
0.799,-0.00,-0.01,-0.00,0.01
0.809,0.00,-0.01,-0.01,0.02
0.819,-0.00,-0.00,-0.03,0.03
0.829,-0.02,-0.01,-0.02,0.03
0.839,-0.01,-0.00,-0.02,0.02
0.849,0.01,0.01,-0.00,0.02
0.859,-0.00,0.02,-0.00,0.02
0.869,0.00,-0.01,-0.00,0.01
0.879,0.00,0.01,-0.01,0.01
0.889,-0.01,0.01,-0.00,0.02
0.899,-0.02,0.01,-0.01,0.02
0.909,0.01,-0.02,-0.02,0.03
0.919,0.01,0.00,0.04,0.04
0.929,-0.01,-0.03,-0.05,0.06
0.939,0.05,0.05,0.01,0.07
0.949,-0.13,0.01,-0.02,0.14
0.959,0.04,0.00,0.00,0.04
0.969,-0.07,-0.02,-0.02,0.07
0.979,0.02,-0.02,-0.01,0.03
0.989,-0.03,-0.02,-0.01,0.04
0.999,-0.02,-0.03,-0.03,0.04
1.009,0.06,-0.02,-0.02,0.07
1.018,0.05,-0.02,0.00,0.06
1.029,0.01,0.00,-0.01,0.02
1.039,0.02,-0.01,-0.01,0.02
1.049,0.04,0.02,-0.01,0.05
1.058,0.01,0.00,-0.02,0.02
1.069,-0.03,0.02,-0.01,0.04
1.078,-0.02,0.02,-0.01,0.03
1.089,-0.01,0.00,-0.02,0.02
1.098,0.00,-0.00,-0.00,0.00
1.108,0.02,-0.02,-0.00,0.03
1.118,0.02,-0.01,-0.01,0.03
1.128,0.02,-0.02,-0.01,0.03
1.138,0.05,-0.01,-0.00,0.05
1.148,0.02,-0.02,-0.02,0.03
1.158,-0.01,-0.01,-0.02,0.02
1.168,0.00,-0.00,-0.01,0.01
1.178,-0.03,0.01,-0.01,0.03
1.188,-0.04,0.01,-0.01,0.04
1.198,-0.04,-0.00,-0.02,0.04
1.208,-0.04,0.00,-0.01,0.04
1.218,-0.03,-0.00,-0.01,0.03
1.228,0.00,0.01,0.00,0.01
1.238,0.01,0.00,0.00,0.01
1.248,0.01,-0.00,-0.02,0.02
1.258,0.02,-0.00,-0.00,0.02
1.268,0.02,0.01,-0.01,0.02
1.278,0.01,-0.00,-0.00,0.02
1.288,-0.00,-0.02,0.01,0.02
1.298,-0.03,-0.02,0.00,0.04
1.308,-0.03,0.00,-0.01,0.03
1.318,-0.03,0.00,-0.02,0.04
1.328,-0.01,0.01,-0.01,0.01
1.338,0.02,-0.00,-0.00,0.02
1.348,0.03,-0.00,0.00,0.03
1.358,0.04,-0.01,0.00,0.04
1.368,0.03,0.00,-0.02,0.03
1.378,0.03,0.00,-0.02,0.04
1.388,0.03,0.01,-0.00,0.03
1.398,0.01,0.00,-0.00,0.01
1.408,-0.01,-0.00,-0.01,0.02
1.418,-0.02,0.02,-0.01,0.03
1.428,-0.02,0.01,-0.01,0.02
1.438,-0.02,0.02,-0.01,0.03
1.448,-0.02,0.00,-0.01,0.02
1.458,0.01,-0.00,-0.00,0.01
1.468,0.02,-0.01,-0.01,0.03
1.478,0.01,-0.02,0.00,0.03
1.488,-0.00,0.00,-0.01,0.01
1.498,-0.02,0.01,-0.01,0.03
1.508,-0.05,-0.00,0.00,0.05
1.518,-0.03,-0.01,-0.01,0.04
1.528,-0.03,0.00,-0.00,0.03
1.538,-0.01,-0.01,-0.01,0.02
1.548,0.00,-0.00,-0.00,0.01
1.558,0.00,0.00,0.00,0.01
1.568,0.03,-0.00,0.00,0.03
1.578,0.02,0.01,-0.00,0.02
1.588,0.02,-0.00,0.00,0.02
1.598,0.02,0.00,-0.01,0.02
1.608,0.02,-0.01,-0.01,0.03
1.618,0.01,-0.00,-0.00,0.01
1.628,-0.00,-0.00,-0.01,0.01
1.638,0.00,0.02,-0.01,0.02
1.648,-0.02,0.00,-0.01,0.02
1.658,-0.01,-0.02,-0.00,0.02
1.668,0.01,-0.01,0.00,0.01
1.678,-0.01,-0.01,-0.01,0.01
1.688,-0.02,-0.01,-0.01,0.02
1.698,-0.00,-0.00,-0.01,0.01
1.708,-0.01,0.01,-0.02,0.02
1.718,-0.00,-0.01,-0.00,0.01
1.728,-0.03,-0.01,-0.00,0.03
1.738,-0.03,-0.00,-0.02,0.04
1.747,-0.02,0.00,-0.02,0.03
1.757,-0.00,0.00,-0.02,0.02
1.767,0.01,0.00,-0.02,0.02
1.777,-0.00,-0.01,-0.01,0.02
1.787,0.02,-0.01,0.01,0.02
1.797,0.00,0.01,-0.00,0.01
1.808,-0.01,-0.00,-0.02,0.02
1.818,-0.01,-0.00,-0.00,0.01
1.827,-0.02,-0.00,0.00,0.02
1.837,-0.04,-0.00,-0.02,0.04
1.847,-0.01,0.00,-0.03,0.04
1.857,0.01,0.01,-0.01,0.01
1.867,0.01,-0.01,-0.01,0.02
1.877,-0.00,0.00,-0.01,0.01
1.887,0.02,-0.00,-0.00,0.02
1.897,0.03,-0.01,-0.00,0.03
1.907,0.01,-0.01,-0.02,0.03
1.917,0.00,-0.01,-0.01,0.01
1.927,-0.00,-0.01,-0.01,0.01
1.937,0.02,-0.01,-0.00,0.02
1.947,-0.00,0.00,-0.00,0.00
1.957,-0.02,0.01,-0.02,0.03
1.967,0.00,0.01,-0.01,0.02
1.977,0.02,0.01,-0.01,0.02
1.987,0.01,-0.00,-0.01,0.02
1.997,0.01,-0.00,-0.01,0.01
2.007,-0.00,-0.00,-0.00,0.00
2.017,0.01,-0.01,-0.02,0.03
2.027,-0.02,-0.01,-0.02,0.03
2.037,-0.02,-0.00,-0.00,0.02
2.047,-0.00,-0.00,-0.01,0.01
2.057,-0.02,0.00,-0.01,0.02
2.067,-0.02,0.00,-0.01,0.02
2.077,-0.02,0.01,-0.01,0.02
2.087,-0.01,0.01,-0.02,0.02
2.097,0.00,0.01,0.00,0.01
2.107,0.02,-0.00,-0.01,0.02
2.117,0.01,-0.01,-0.01,0.02
2.127,0.01,-0.01,0.01,0.02
2.137,-0.01,-0.01,-0.00,0.01
2.147,0.00,0.00,-0.02,0.02
2.157,0.00,-0.00,-0.02,0.02
2.167,0.00,-0.01,-0.00,0.01
2.177,0.01,-0.01,0.00,0.01
2.187,-0.02,-0.01,-0.02,0.03
2.197,0.01,-0.00,-0.01,0.02
2.207,0.03,-0.01,0.00,0.03
2.217,0.03,-0.01,-0.00,0.03
2.227,0.01,0.00,-0.01,0.02
2.237,0.02,0.00,-0.01,0.02
2.247,0.00,0.01,-0.02,0.02
2.257,-0.01,-0.00,0.00,0.01
2.267,-0.01,-0.02,-0.01,0.03
2.277,-0.03,-0.00,-0.02,0.04
2.287,-0.02,0.00,-0.01,0.02
2.297,-0.00,0.01,-0.00,0.01
2.307,-0.01,-0.00,0.00,0.01
2.317,0.00,-0.02,-0.00,0.02
2.327,-0.01,0.00,-0.01,0.01
2.337,-0.00,-0.01,-0.01,0.01
2.347,-0.00,-0.01,-0.01,0.01
2.357,0.00,-0.01,-0.01,0.02
2.367,-0.00,0.00,-0.00,0.00
2.376,-0.00,-0.01,-0.02,0.02
2.387,0.02,-0.02,-0.02,0.03
2.396,0.01,-0.00,0.00,0.01
2.407,-0.01,0.00,-0.01,0.01
2.416,0.00,0.00,-0.01,0.01
2.426,-0.02,-0.00,-0.02,0.03
2.436,-0.00,-0.00,-0.01,0.01
2.446,0.02,-0.00,-0.02,0.02
2.456,0.02,0.01,-0.01,0.02
2.466,0.01,0.02,0.00,0.03
2.476,-0.00,0.00,-0.00,0.00
2.486,-0.02,-0.00,-0.01,0.02
2.496,-0.01,0.00,-0.01,0.01
2.506,-0.01,0.01,-0.01,0.01
2.516,0.00,-0.01,0.01,0.01
2.526,-0.02,-0.00,-0.02,0.03
2.536,-0.01,-0.01,-0.01,0.02
2.546,-0.01,0.00,-0.01,0.01
2.556,-0.01,-0.01,0.00,0.01
2.566,-0.01,-0.01,-0.03,0.03
2.576,0.00,0.00,-0.02,0.02
2.586,0.01,-0.01,-0.02,0.03
2.596,0.01,-0.00,-0.01,0.01
2.606,-0.00,-0.01,-0.01,0.01
2.616,0.02,-0.01,0.01,0.02
2.626,0.02,-0.01,0.00,0.02
2.636,0.01,0.00,0.01,0.01
2.646,0.01,0.00,-0.00,0.01
2.656,0.01,0.00,-0.00,0.01
2.666,0.00,-0.01,-0.02,0.02
2.676,0.01,-0.00,-0.00,0.01
2.686,0.01,-0.01,-0.00,0.02
2.696,0.01,-0.00,-0.00,0.01
2.706,0.02,-0.01,-0.01,0.02
2.716,0.02,-0.01,-0.00,0.02
2.726,0.02,-0.01,-0.01,0.02
2.736,0.02,-0.01,-0.01,0.02
2.746,-0.00,0.01,-0.00,0.01
2.756,0.00,-0.01,0.00,0.02
2.766,-0.00,0.00,-0.01,0.01
2.776,-0.01,0.01,-0.01,0.02
2.786,-0.02,0.01,-0.01,0.03
2.796,-0.02,0.01,-0.02,0.03
2.806,-0.00,-0.00,-0.01,0.01
2.816,0.00,0.00,-0.02,0.03
2.826,-0.01,-0.00,-0.03,0.03
2.836,0.00,0.00,-0.02,0.02
2.846,0.00,-0.02,-0.01,0.02
2.856,-0.00,-0.01,-0.02,0.02
2.866,-0.01,-0.01,-0.02,0.02
2.876,-0.00,0.00,-0.01,0.01
2.886,-0.01,-0.00,-0.01,0.02
2.896,-0.01,-0.01,-0.03,0.03
2.906,0.02,-0.01,-0.00,0.02
2.916,0.00,0.00,-0.02,0.02
2.926,0.02,-0.00,-0.01,0.02
2.936,0.01,0.01,0.01,0.02
2.946,0.00,0.02,-0.01,0.02
2.956,0.00,-0.00,-0.03,0.03
2.966,-0.00,0.01,-0.02,0.02
2.976,0.01,-0.00,-0.02,0.02
2.986,0.00,-0.01,-0.00,0.01
2.996,-0.00,-0.02,-0.00,0.02
3.006,0.00,-0.01,-0.01,0.01
3.016,-0.00,-0.01,0.00,0.01
3.026,0.01,-0.00,-0.01,0.01
3.036,0.01,-0.01,-0.01,0.02
3.046,0.00,-0.01,0.00,0.01
3.056,0.01,0.00,0.01,0.01
3.065,-0.00,-0.01,0.00,0.01
3.075,-0.02,-0.01,-0.00,0.02
3.086,0.00,0.01,-0.01,0.01
3.095,-0.03,0.01,-0.01,0.03
3.106,-0.03,-0.01,-0.01,0.03
3.115,-0.01,-0.00,-0.01,0.02
3.125,-0.02,-0.00,-0.02,0.03
3.136,-0.01,-0.00,-0.02,0.02
3.145,-0.01,-0.01,-0.00,0.01
3.155,0.01,-0.00,-0.01,0.01
3.165,0.02,-0.01,-0.00,0.02
3.175,0.03,-0.01,0.00,0.03
3.185,-0.00,-0.01,-0.01,0.01
3.195,-0.00,-0.00,-0.02,0.02
3.205,0.01,0.00,-0.01,0.01
3.215,0.01,0.01,-0.01,0.02
3.225,-0.00,-0.01,-0.01,0.01
3.235,-0.00,0.00,-0.01,0.01
3.245,-0.00,-0.01,-0.01,0.02
3.255,-0.00,0.00,-0.02,0.02
3.265,-0.00,0.00,0.00,0.01
3.275,0.01,-0.01,-0.02,0.02
3.285,0.03,-0.00,-0.02,0.03
3.295,0.02,0.00,-0.02,0.03
3.305,-0.01,0.00,-0.03,0.03
3.315,-0.01,0.01,-0.02,0.02
3.325,-0.01,0.00,-0.01,0.01
3.335,-0.00,0.00,-0.01,0.01
3.345,-0.02,-0.00,-0.02,0.03
3.355,-0.00,-0.01,-0.02,0.02
3.365,-0.02,-0.00,-0.00,0.02
3.375,-0.01,-0.01,-0.01,0.02
3.385,-0.00,-0.01,-0.02,0.02
3.395,-0.00,-0.02,-0.02,0.02
3.405,0.01,-0.01,-0.01,0.02
3.415,0.00,-0.02,-0.01,0.02
3.425,-0.01,-0.01,-0.00,0.02
3.435,-0.02,-0.01,-0.01,0.02
3.445,-0.00,-0.01,-0.00,0.01
3.455,-0.00,-0.01,-0.02,0.03
3.465,0.01,0.00,-0.02,0.02
3.475,-0.01,0.00,0.01,0.01
3.485,0.01,0.02,0.01,0.02
3.495,-0.02,0.02,0.00,0.03
3.505,0.01,0.01,-0.00,0.01
3.515,0.02,0.01,-0.01,0.02
3.525,0.02,0.01,-0.01,0.03
3.535,0.03,-0.00,-0.02,0.04
3.545,0.01,-0.02,-0.01,0.03
3.555,-0.01,-0.00,-0.01,0.01
3.565,-0.02,-0.00,-0.00,0.02
3.575,-0.02,-0.00,-0.02,0.03
3.585,-0.01,-0.01,-0.01,0.02
3.595,-0.02,-0.00,-0.01,0.03
3.605,-0.01,0.01,0.01,0.01
3.615,0.00,0.00,-0.01,0.01
3.625,0.02,0.01,-0.03,0.03
3.635,-0.01,-0.00,-0.01,0.02
3.645,0.00,0.01,-0.00,0.01
3.655,-0.01,0.01,-0.02,0.02
3.665,0.01,0.00,-0.01,0.01
3.675,-0.00,-0.00,0.00,0.00
3.685,-0.01,-0.00,0.00,0.01
3.695,-0.01,-0.01,-0.01,0.01
3.705,-0.01,-0.01,-0.01,0.02
3.715,-0.00,-0.02,-0.02,0.03
3.725,-0.01,0.00,-0.02,0.02
3.735,0.00,-0.01,-0.01,0.02
3.745,0.00,-0.01,-0.01,0.02
3.755,0.01,-0.01,-0.02,0.02
3.764,0.01,-0.01,-0.01,0.02
3.774,0.01,0.01,-0.01,0.01
3.784,-0.01,0.00,-0.00,0.01
3.794,-0.00,0.00,0.00,0.00
3.804,0.00,0.00,-0.02,0.02
3.814,0.00,-0.02,-0.01,0.03
3.824,0.01,0.00,-0.01,0.01
3.834,0.01,-0.00,-0.00,0.01
3.845,0.02,0.01,-0.03,0.03
3.854,0.01,-0.02,-0.02,0.02
3.864,0.01,0.00,-0.02,0.03
3.874,0.00,-0.01,-0.02,0.03
3.884,-0.00,-0.01,-0.03,0.03
3.894,-0.02,-0.01,-0.02,0.03
3.904,-0.03,0.00,-0.02,0.04
3.914,-0.04,0.00,-0.02,0.05
3.924,-0.01,-0.00,-0.03,0.03
3.934,-0.01,0.00,0.00,0.01
3.944,0.01,0.00,-0.00,0.01
3.954,-0.00,-0.00,-0.01,0.01
3.964,0.01,-0.00,-0.01,0.01
3.974,-0.00,-0.00,-0.00,0.01
3.984,0.01,-0.02,-0.01,0.02
3.994,0.00,-0.00,-0.00,0.00
4.004,-0.00,-0.00,-0.01,0.01
4.014,-0.02,0.00,-0.01,0.02
4.024,-0.00,-0.00,-0.02,0.02
4.034,-0.01,0.00,-0.01,0.01
4.044,-0.01,0.01,-0.02,0.02
4.054,-0.01,0.00,-0.00,0.02
4.064,0.01,-0.00,-0.02,0.02
4.074,0.00,-0.01,-0.02,0.02
4.084,0.01,-0.01,0.00,0.02
4.094,0.00,-0.00,-0.02,0.02
4.104,-0.01,-0.01,-0.01,0.02
4.114,-0.01,0.00,-0.01,0.01
4.124,-0.00,-0.00,-0.02,0.02
4.134,0.02,-0.02,-0.01,0.03
4.144,-0.00,-0.02,-0.01,0.02
4.154,-0.01,-0.01,-0.03,0.03
4.164,-0.02,-0.01,0.00,0.02
4.174,-0.03,-0.01,-0.02,0.03
4.184,0.00,0.00,-0.01,0.01
4.194,-0.01,0.01,-0.01,0.02
4.204,-0.00,-0.01,-0.03,0.03
4.214,0.00,-0.00,-0.03,0.03
4.224,-0.00,0.00,0.00,0.00
4.234,-0.00,-0.00,-0.00,0.01
4.244,-0.02,-0.00,-0.01,0.02
4.254,-0.03,-0.01,-0.01,0.03
4.264,0.01,-0.01,-0.01,0.02
4.274,0.00,-0.00,-0.01,0.01
4.284,0.01,0.00,-0.01,0.01
4.294,0.02,-0.00,-0.00,0.02
4.304,0.01,-0.01,-0.01,0.01
4.314,0.03,-0.00,-0.01,0.03
4.324,0.03,0.00,-0.01,0.03
4.334,0.01,-0.00,-0.01,0.01
4.344,-0.00,-0.00,-0.00,0.01
4.354,-0.01,-0.01,0.00,0.01
4.364,-0.00,0.02,-0.00,0.02
4.374,0.01,-0.00,-0.01,0.02
4.384,0.01,-0.01,-0.02,0.02
4.394,0.01,-0.01,-0.01,0.02
4.404,0.00,-0.02,-0.01,0.02
4.414,0.02,-0.02,-0.01,0.03
4.424,0.00,-0.01,-0.01,0.02
4.434,0.01,-0.01,-0.03,0.04
4.444,-0.00,-0.00,-0.02,0.02
4.453,-0.02,0.01,-0.01,0.02
4.464,-0.04,0.00,-0.01,0.04
4.473,-0.01,-0.00,-0.01,0.02
4.483,-0.01,0.01,-0.01,0.02
4.493,-0.02,0.00,-0.01,0.02
4.503,-0.01,0.00,-0.01,0.02
4.513,-0.01,-0.00,-0.01,0.02
4.523,0.01,-0.00,-0.02,0.02
4.533,-0.00,-0.01,0.00,0.01
4.543,-0.00,-0.01,0.01,0.01
4.553,-0.01,0.01,-0.01,0.02
4.563,-0.01,-0.00,-0.01,0.02
4.573,-0.00,-0.01,-0.02,0.02
4.583,0.00,-0.01,-0.01,0.01
4.593,-0.00,0.00,-0.02,0.02
4.603,0.00,-0.01,-0.01,0.01
4.613,0.01,-0.01,-0.02,0.03
4.623,0.00,0.01,-0.01,0.01
4.633,0.01,0.01,-0.00,0.01
4.643,-0.01,-0.00,0.00,0.01
4.653,-0.01,-0.01,-0.00,0.02
4.663,-0.00,-0.01,-0.02,0.03
4.673,0.00,-0.00,-0.02,0.02
4.683,0.01,-0.00,-0.00,0.01
4.693,0.00,-0.01,-0.02,0.02
4.703,-0.00,0.01,-0.01,0.02
4.713,0.00,-0.00,-0.01,0.01
4.723,-0.02,-0.01,-0.01,0.03
4.733,-0.02,-0.01,-0.02,0.03
4.743,0.00,-0.01,0.00,0.01
4.753,0.01,-0.01,0.01,0.02
4.763,-0.00,0.00,0.00,0.00
4.773,0.00,-0.00,-0.01,0.01
4.783,-0.01,-0.02,-0.01,0.02
4.793,-0.00,-0.00,0.00,0.01
4.803,0.00,0.01,-0.00,0.01
4.813,-0.00,-0.02,-0.01,0.02
4.823,-0.01,-0.01,-0.01,0.02
4.833,0.00,0.01,-0.01,0.02
4.843,-0.00,0.00,-0.01,0.01
4.853,-0.04,-0.01,0.01,0.04
4.863,-0.02,-0.00,-0.01,0.02
4.873,0.02,0.01,-0.01,0.02
4.883,0.00,-0.01,-0.01,0.01
4.893,0.02,-0.01,-0.00,0.02
4.903,0.00,-0.01,-0.02,0.02
4.913,-0.01,-0.01,0.01,0.01
4.923,-0.00,-0.01,-0.02,0.02
4.933,0.00,-0.00,-0.02,0.02
4.943,-0.02,0.02,-0.02,0.03
4.953,-0.01,0.00,-0.02,0.02
4.963,-0.02,-0.01,-0.01,0.02
4.973,0.01,-0.01,-0.01,0.02
4.983,0.02,-0.01,-0.02,0.03
4.993,0.00,0.01,-0.01,0.01
5.003,0.01,-0.01,-0.01,0.01
5.013,0.04,-0.02,-0.01,0.04
5.023,0.01,-0.00,-0.02,0.03
5.033,-0.01,-0.00,-0.02,0.02
5.043,-0.02,-0.00,-0.03,0.03
5.053,-0.02,-0.01,-0.02,0.03
5.063,-0.02,-0.01,-0.01,0.02
5.073,-0.01,-0.01,-0.00,0.01
5.083,0.02,-0.01,-0.01,0.02
5.092,0.02,-0.02,-0.01,0.02
5.103,0.01,-0.01,-0.02,0.02
5.113,0.01,0.00,-0.02,0.03
5.123,0.00,-0.02,-0.03,0.03
5.132,0.02,-0.03,0.01,0.03
5.142,-0.05,-0.03,-0.00,0.06
5.152,-0.00,-0.00,-0.03,0.03
5.163,-0.10,-0.17,-0.21,0.29
5.172,0.21,-0.35,-0.05,0.41
5.183,-0.05,-0.49,-0.01,0.49
5.192,0.13,-0.66,-0.01,0.67
5.202,0.06,-0.60,0.05,0.60
5.212,0.04,-0.79,-0.10,0.79
5.222,-0.02,-0.71,0.04,0.71
5.232,-0.05,-0.81,-0.17,0.83
5.242,0.04,-0.70,0.05,0.70
5.252,-0.14,-0.74,-0.17,0.77
5.262,0.14,-0.85,0.03,0.86
5.272,-0.42,-0.74,0.00,0.85
5.282,0.10,-0.72,0.05,0.73
5.292,0.06,-0.86,-0.03,0.87
5.302,0.04,-0.63,-0.10,0.64
5.312,-0.09,-0.84,-0.12,0.85
5.322,-0.13,-0.67,-0.06,0.69
5.332,0.21,-1.03,-0.05,1.05
5.342,0.13,-1.02,0.02,1.03
5.352,-0.08,-0.95,-0.07,0.96
5.362,0.16,-0.97,-0.08,0.98
5.372,-0.05,-0.80,-0.20,0.82
5.382,0.08,-0.92,-0.19,0.95
5.392,-0.14,-0.94,-0.15,0.96
5.402,-0.02,-0.98,-0.09,0.98
5.412,0.19,-1.08,-0.19,1.11
5.422,-0.01,-0.94,-0.14,0.95
5.432,-0.04,-0.93,-0.16,0.95
5.442,-0.10,-0.77,-0.20,0.80
5.452,0.11,-0.84,-0.13,0.86
5.462,0.01,-1.02,-0.06,1.02
5.472,-0.08,-0.87,0.02,0.88
5.482,0.04,-1.04,-0.03,1.04
5.492,-0.14,-0.92,0.05,0.93
5.502,0.01,-0.96,-0.08,0.96
5.512,-0.26,-0.73,-0.06,0.78
5.522,-0.16,-0.68,-0.07,0.70
5.532,0.13,-0.73,-0.03,0.74
5.542,0.35,-1.01,0.00,1.07
5.552,0.51,-1.07,-0.04,1.19
5.562,0.47,-1.09,-0.11,1.20
5.572,0.66,-0.62,-0.16,0.92
5.582,-0.16,-0.48,-0.21,0.54
5.592,-0.26,-0.72,-0.07,0.77
5.602,-0.25,-1.33,0.08,1.35
5.612,0.27,-0.69,0.36,0.83
5.622,0.20,-1.11,-0.19,1.14
5.632,-0.16,-0.65,-0.16,0.68
5.642,-0.42,-0.46,-0.26,0.68
5.652,-0.62,-0.47,-0.18,0.79
5.662,0.47,-0.70,0.41,0.94
5.672,0.09,-1.50,-0.14,1.51
5.682,-0.55,-0.87,-0.11,1.04
5.692,-0.48,-0.54,-0.32,0.79
5.702,-0.28,-0.61,-0.61,0.90
5.712,-0.24,-0.38,-0.35,0.57
5.722,-0.13,-0.63,0.07,0.65
5.732,-0.45,-1.74,0.24,1.81
5.742,0.22,-1.12,0.37,1.20
5.752,0.67,-0.58,0.49,1.01
5.762,-0.33,-1.10,-0.31,1.19
5.772,-0.15,-0.33,-0.22,0.43
5.782,0.29,-0.51,-0.11,0.60
5.792,0.05,-1.41,-0.52,1.50
5.802,-0.18,-0.44,0.16,0.50
5.811,-0.09,-0.91,0.03,0.91
5.821,0.30,-0.89,0.13,0.95
5.831,0.11,-0.59,-0.15,0.62
5.841,-0.08,-0.80,-0.34,0.87
5.851,-0.51,0.24,-0.07,0.57
5.861,-0.01,-0.94,-0.07,0.95
5.871,0.38,-0.57,-0.00,0.68
5.881,-0.07,-0.59,0.08,0.60
5.891,-0.11,-0.29,0.48,0.57
5.901,0.19,-0.53,0.01,0.56
5.911,0.29,-0.31,-0.28,0.51
5.921,0.37,-0.45,-0.60,0.83
5.931,0.16,0.16,-0.29,0.36
5.941,0.03,-0.19,0.44,0.48
5.951,0.11,-1.17,-0.26,1.20
5.961,-0.23,-0.00,0.22,0.32
5.971,0.18,-0.53,0.01,0.56
5.981,-0.40,0.27,-0.18,0.52
5.991,0.40,0.20,0.28,0.53
6.001,-0.20,-0.23,0.23,0.38
6.011,-0.20,-0.90,0.24,0.96
6.021,-0.09,-0.60,-0.21,0.64
6.031,-0.10,0.62,-0.22,0.67
6.041,-0.01,0.17,-0.59,0.62
6.051,-0.22,-0.05,-0.55,0.59
6.061,0.80,-0.01,0.22,0.83
6.071,-0.17,-0.54,0.43,0.71
6.081,0.09,-0.47,0.89,1.01
6.091,0.31,-0.99,-0.73,1.27
6.101,0.34,0.89,-0.12,0.96
6.111,-0.17,1.02,0.25,1.06
6.121,0.12,-0.82,-0.52,0.98
6.131,0.19,0.03,0.97,0.99
6.141,-0.49,-1.49,-0.05,1.57
6.151,-0.42,0.04,-0.41,0.59
6.161,0.33,1.06,-0.55,1.24
6.171,-0.60,0.36,-0.93,1.16
6.181,-0.50,0.70,0.33,0.92
6.191,0.11,-1.27,0.23,1.29
6.201,0.04,-0.59,1.17,1.31
6.211,-0.07,-0.92,0.09,0.93
6.221,0.44,0.27,-1.06,1.18
6.231,0.01,1.48,-0.62,1.61
6.241,-0.52,0.15,-0.46,0.71
6.251,-0.15,0.50,0.89,1.03
6.261,0.61,-1.96,0.53,2.12
6.271,-0.59,-0.41,0.64,0.96
6.281,0.32,-0.48,-0.58,0.82
6.291,-0.27,1.93,-0.28,1.97
6.301,-0.58,-0.12,-0.88,1.07
6.311,-0.63,-0.03,-0.51,0.81
6.321,-0.41,0.21,0.39,0.61
6.331,0.43,-0.73,0.63,1.06
6.341,-0.08,-0.38,0.55,0.67
6.351,0.20,0.10,-0.09,0.24
6.361,0.55,-0.06,-0.37,0.66
6.371,0.41,0.52,-0.13,0.68
6.381,0.09,0.18,0.07,0.21
6.391,-0.15,0.00,0.08,0.17
6.401,-0.28,-0.57,0.08,0.64
6.411,0.41,0.18,0.38,0.59
6.421,1.01,-0.46,-0.06,1.11
6.430,0.23,0.26,-0.17,0.39
6.441,-0.29,0.54,-0.16,0.63
6.451,-0.38,-0.39,-0.38,0.67
6.461,0.05,0.49,0.50,0.70
6.470,0.14,-1.14,-0.38,1.21
6.480,0.11,0.61,-0.00,0.62
6.490,0.54,0.83,0.38,1.06
6.501,0.84,-0.93,-0.11,1.26
6.510,-0.05,0.37,0.95,1.03
6.521,-0.56,-0.83,-0.49,1.12
6.530,0.05,0.58,-0.02,0.58
6.540,-0.46,-0.16,-0.85,0.98
6.550,-0.09,1.02,-0.31,1.07
6.560,-0.43,0.36,0.42,0.70
6.570,0.47,-1.18,0.07,1.28
6.580,0.01,-0.30,0.55,0.63
6.590,-0.18,0.12,0.27,0.35
6.600,-0.37,0.26,-0.46,0.65
6.610,-0.19,0.55,-0.31,0.66
6.620,0.08,-0.35,-0.40,0.54
6.630,-0.20,0.44,0.46,0.67
6.640,0.03,-0.72,-0.22,0.75
6.650,-0.63,0.26,-0.13,0.70
6.660,0.04,0.36,0.06,0.37
6.670,0.24,-0.05,0.10,0.27
6.680,0.35,-0.41,0.29,0.61
6.690,-0.44,0.06,0.29,0.53
6.700,-0.03,-0.46,-0.29,0.54
6.710,-0.28,0.96,-0.27,1.04
6.720,0.63,-0.18,-0.64,0.92
6.730,-0.09,-0.18,-0.45,0.49
6.740,-0.03,0.88,0.79,1.18
6.750,0.93,-0.98,0.55,1.46
6.760,0.15,-0.15,0.59,0.62
6.770,0.53,-0.93,-0.67,1.26
6.780,-0.15,0.72,-0.73,1.03
6.790,-0.07,0.63,-0.59,0.86
6.800,-0.84,0.50,-0.62,1.16
6.810,0.53,-0.07,0.51,0.73
6.820,0.39,1.17,2.14,2.47
6.830,0.84,-2.14,1.53,2.76
6.840,0.46,-1.67,0.29,1.76
6.850,-0.19,0.82,-1.09,1.38
6.860,-0.22,1.90,-0.99,2.15
6.870,0.42,0.28,-1.62,1.70
6.880,-0.70,0.71,-0.25,1.03
6.890,-0.70,-0.21,0.59,0.94
6.900,1.05,-1.63,0.95,2.16
6.910,0.65,-0.98,0.64,1.34
6.920,0.46,0.37,-0.01,0.59
6.930,-1.00,0.39,-1.05,1.50
6.940,-1.26,0.82,-1.20,1.92
6.950,-0.13,0.68,-0.52,0.86
6.960,-0.08,-0.31,-0.14,0.35
6.970,-0.49,0.57,1.74,1.90
6.980,0.47,-2.22,0.68,2.37
6.990,-0.25,0.32,0.64,0.75
7.000,0.35,-0.08,-0.32,0.48
7.010,-0.65,0.76,-1.24,1.59
7.020,-0.79,0.66,-0.67,1.23
7.030,-1.07,0.63,-0.37,1.30
7.040,0.61,-0.38,0.42,0.83
7.050,0.53,-0.57,0.96,1.24
7.060,-0.00,-0.32,0.98,1.03
7.070,-1.29,0.13,0.12,1.31
7.080,0.80,-0.33,-0.51,1.00
7.090,0.53,0.55,-0.66,1.01
7.100,-1.02,0.56,-0.41,1.23
7.109,-0.67,0.20,-0.70,0.99
7.120,-0.06,0.36,0.20,0.42
7.130,1.06,-1.01,0.47,1.54
7.140,0.91,0.21,0.73,1.18
7.149,-0.15,-0.46,0.47,0.68
7.160,-0.34,0.29,-0.50,0.67
7.170,0.09,0.61,-0.82,1.02
7.180,0.08,0.65,-0.02,0.66
7.189,-0.19,0.39,1.58,1.63
7.199,2.56,-0.89,0.82,2.83
7.209,-0.60,-1.93,-0.53,2.10
7.219,0.73,1.20,-1.25,1.88
7.229,-0.66,0.97,-1.35,1.79
7.239,-1.74,1.36,-0.21,2.22
7.250,0.43,-0.23,0.92,1.04
7.259,1.54,-1.75,1.27,2.65
7.269,1.22,-0.76,1.32,1.95
7.279,-1.25,-0.22,-0.33,1.31
7.289,1.14,0.09,-1.34,1.76
7.299,-1.15,2.76,-1.25,3.24
7.309,-0.20,0.21,-0.19,0.35
7.319,0.36,-0.69,1.71,1.88
7.329,2.22,-1.09,1.99,3.17
7.339,0.01,-2.34,-0.60,2.41
7.349,-1.39,1.23,-2.02,2.75
7.359,-0.97,2.13,-1.65,2.87
7.369,-0.72,0.61,-0.73,1.19
7.379,-0.43,0.31,0.63,0.82
7.389,0.55,-1.59,1.65,2.35
7.399,-0.34,-1.20,0.98,1.59
7.409,-0.00,-0.29,0.11,0.31
7.419,-0.36,0.45,-0.94,1.11
7.429,-0.25,1.42,-0.84,1.67
7.439,-0.69,-0.08,-1.05,1.26
7.449,-0.43,0.61,0.64,0.98
7.459,0.65,-1.66,0.43,1.83
7.469,-0.08,-0.14,0.46,0.49
7.479,-0.69,0.36,-0.13,0.79
7.489,0.25,0.09,-0.49,0.56
7.499,0.32,0.83,0.01,0.89
7.509,0.20,-0.55,0.30,0.66
7.519,0.07,-0.72,0.01,0.72
7.529,0.08,0.61,0.39,0.73
7.539,-0.33,-0.25,-0.44,0.61
7.549,0.86,0.15,-0.31,0.93
7.559,0.40,0.04,-0.12,0.42
7.569,0.53,0.27,0.50,0.77
7.579,-0.34,0.07,0.78,0.85
7.589,0.04,-1.17,0.16,1.18
7.599,0.50,-0.52,-0.80,1.07
7.609,0.20,2.06,0.06,2.07
7.619,-0.25,0.21,-0.28,0.43
7.629,-0.02,-0.40,0.33,0.52
7.639,0.17,-0.39,0.43,0.61
7.649,0.59,-0.61,0.08,0.85
7.659,0.19,0.34,0.15,0.42
7.669,-0.69,-0.00,-1.07,1.28
7.679,-0.29,1.14,-0.01,1.18
7.689,0.06,-0.36,-0.33,0.49
7.699,0.22,-0.02,0.92,0.95
7.709,-0.24,-0.91,0.22,0.97
7.719,-0.09,0.21,-0.07,0.24
7.729,-0.30,0.74,-0.18,0.82
7.739,0.05,-0.12,-0.57,0.58
7.749,-0.67,0.27,-0.13,0.73
7.759,-0.60,0.09,0.23,0.65
7.769,-0.62,-0.28,0.40,0.79
7.779,0.75,-0.10,0.39,0.85
7.789,0.22,-0.48,-0.38,0.65
7.799,-0.60,0.20,-0.87,1.08
7.809,-0.51,1.18,0.06,1.29
7.819,0.06,-0.50,-0.33,0.60
7.828,0.96,-0.40,0.53,1.17
7.838,0.27,0.13,0.84,0.89
7.849,-0.45,1.70,2.03,2.68
7.858,-0.51,-0.29,1.86,1.95
7.868,0.94,-1.40,0.72,1.84
7.878,-0.02,1.44,0.65,1.58
7.888,-0.21,0.22,-0.87,0.92
7.898,0.16,0.66,-1.28,1.45
7.908,-0.09,1.61,-0.48,1.68
7.918,0.68,-1.14,-0.84,1.57
7.928,-0.12,0.34,0.27,0.45
7.938,0.62,-0.61,0.06,0.87
7.948,0.43,-0.31,-0.33,0.62
7.958,0.63,0.46,-0.12,0.79
7.968,-0.05,0.62,-0.52,0.81
7.978,-0.13,0.47,0.59,0.77
7.988,-0.49,-0.60,0.18,0.80
7.998,0.14,-0.59,0.35,0.70
8.008,0.41,-0.05,0.00,0.42
8.018,0.53,0.65,-0.17,0.85
8.028,-0.10,0.31,-0.61,0.69
8.038,-1.07,0.87,0.38,1.43
8.048,-0.79,-0.88,-0.01,1.18
8.058,0.15,-0.56,0.39,0.70
8.068,-0.00,0.24,-0.03,0.24
8.078,-0.04,0.52,-0.74,0.91
8.088,-0.60,0.76,-0.20,0.99
8.098,-0.40,-0.33,-0.51,0.73
8.108,-0.49,-0.11,0.54,0.73
8.118,-0.08,-0.33,0.33,0.48
8.128,-0.02,-0.21,0.09,0.23
8.138,-0.66,0.18,-0.36,0.78
8.148,0.06,0.32,-0.67,0.74
8.158,-0.48,0.39,-0.35,0.71
8.168,-1.00,0.01,0.18,1.02
8.178,-0.31,-0.48,0.21,0.61
8.188,0.26,-0.13,0.48,0.56
8.198,-0.53,0.22,0.11,0.58
8.208,0.05,-0.40,-0.83,0.92
8.218,-0.34,0.56,-0.42,0.78
8.228,0.11,0.72,0.22,0.76
8.238,0.26,0.24,0.91,0.97
8.248,0.01,-0.89,0.76,1.17
8.258,0.27,-0.56,0.69,0.93
8.268,0.31,0.18,-0.14,0.39
8.278,0.43,-0.06,-1.21,1.28
8.288,-0.25,1.47,-0.62,1.62
8.298,-0.07,0.07,-0.35,0.36
8.308,-0.42,-0.00,0.00,0.42
8.318,0.46,-0.66,0.76,1.10
8.328,0.54,-0.93,0.31,1.12
8.338,1.03,-0.13,-0.03,1.04
8.348,-0.05,0.87,-0.29,0.92
8.358,-0.51,0.96,0.05,1.09
8.368,0.29,-0.22,0.14,0.39
8.378,0.42,-0.69,0.23,0.84
8.388,0.09,0.14,0.36,0.40
8.398,0.25,-0.32,0.02,0.41
8.408,0.01,0.47,-0.12,0.48
8.418,-0.15,0.10,-0.19,0.26
8.428,-0.18,-0.06,-0.63,0.66
8.438,-0.27,0.15,0.04,0.31
8.448,-0.62,0.41,0.40,0.84
8.458,0.32,-0.50,0.04,0.60
8.468,0.63,-0.18,0.29,0.71
8.478,-0.42,-0.05,0.00,0.42
8.488,-0.66,0.32,-0.20,0.76
8.498,0.15,0.52,-0.07,0.55
8.507,-0.11,0.09,0.24,0.28
8.518,-0.23,-0.03,0.41,0.47
8.528,-0.01,-0.47,0.10,0.48
8.537,-0.20,0.24,-0.05,0.31
8.547,-0.48,-0.26,-0.79,0.96
8.557,-0.15,0.61,-0.55,0.83
8.567,-0.24,0.28,-0.42,0.56
8.578,-0.12,-0.43,-0.21,0.50
8.587,-0.37,0.15,0.20,0.45
8.597,0.60,-0.53,0.14,0.81
8.607,-0.22,-0.13,-0.09,0.27
8.617,0.25,-0.03,-0.16,0.29
8.627,0.60,-0.14,-0.34,0.71
8.637,0.02,0.26,-0.07,0.27
8.647,-0.81,0.23,0.37,0.92
8.657,-0.01,-0.62,-0.18,0.64
8.667,0.11,0.28,0.26,0.40
8.677,0.37,-0.15,0.29,0.49
8.687,0.03,0.08,0.04,0.09
8.697,0.25,0.04,-0.02,0.25
8.707,0.03,0.39,0.41,0.56
8.717,0.05,-0.15,0.06,0.17
8.727,0.57,-0.33,-0.07,0.66
8.737,-0.15,0.46,0.46,0.67
8.747,0.10,-0.15,-0.18,0.26
8.757,0.18,-0.15,-0.28,0.36
8.767,0.19,0.43,0.00,0.47
8.777,-0.09,-0.01,0.06,0.11
8.787,1.16,0.11,0.66,1.34
8.797,0.28,-0.76,-0.29,0.86
8.807,0.25,0.17,-0.53,0.61
8.817,-0.67,0.62,-0.49,1.04
8.827,-0.65,0.09,-0.42,0.78
8.837,0.31,0.56,0.45,0.78
8.847,0.11,-0.72,0.38,0.82
8.857,0.08,-0.55,0.29,0.63
8.867,-0.78,0.15,0.06,0.80
8.877,-0.72,0.10,-0.07,0.73
8.887,-0.36,0.66,-0.47,0.89
8.897,-0.70,0.22,-0.47,0.87
8.907,0.02,0.04,0.23,0.23
8.917,0.60,-0.49,0.74,1.07
8.927,-0.20,-0.51,0.12,0.56
8.937,-0.03,-0.16,-0.80,0.82
8.947,-1.27,0.73,-0.99,1.77
8.957,-0.21,0.60,-0.33,0.71
8.967,0.08,0.05,0.10,0.14
8.977,-0.03,-0.40,0.80,0.89
8.987,-0.01,-0.60,0.69,0.92
8.997,0.50,-0.31,0.01,0.59
9.007,0.03,0.22,-0.34,0.40
9.017,-0.48,0.68,-0.33,0.89
9.027,-0.32,-0.12,-0.49,0.60
9.037,0.41,0.31,-0.03,0.51
9.047,-0.07,-0.19,0.61,0.64
9.057,-0.16,-0.88,-0.54,1.04
9.067,0.37,0.21,-0.11,0.44
9.077,0.62,0.34,-0.18,0.73
9.087,0.61,0.03,-0.07,0.61
9.097,0.49,-0.35,0.34,0.69
9.107,0.02,-0.10,0.06,0.12
9.117,0.61,-0.08,0.07,0.62
9.127,0.47,0.07,0.03,0.48
9.137,-0.02,0.51,-0.05,0.51
9.147,0.18,-0.63,-0.14,0.67
9.157,-0.11,0.17,0.19,0.28
9.167,-0.02,0.33,0.65,0.73
9.177,0.22,-0.84,-0.38,0.95
9.187,0.03,0.40,-0.19,0.45
9.197,-0.07,0.14,-0.28,0.32
9.206,0.68,-0.12,-0.40,0.80
9.217,-0.08,0.09,-0.08,0.14
9.226,-0.78,0.19,0.08,0.80
9.237,-0.41,-0.02,0.62,0.74
9.247,0.83,-0.30,0.49,1.01
9.256,-0.02,-0.38,0.52,0.65
9.266,-0.56,-0.14,-0.27,0.64
9.276,-1.08,0.21,-0.99,1.48
9.286,-0.17,1.05,-0.58,1.22
9.297,-0.24,-0.48,-0.57,0.79
9.306,-0.65,0.37,0.25,0.79
9.316,-0.50,-0.01,0.82,0.96
9.326,-0.01,-1.49,0.08,1.49
9.336,-0.42,0.63,0.33,0.83
9.346,-0.18,0.73,-0.13,0.77
9.356,-0.30,-0.26,-0.73,0.83
9.366,-0.33,0.41,-0.14,0.55
9.376,-0.29,-0.83,-0.55,1.04
9.386,-0.37,1.02,0.49,1.20
9.396,0.45,-0.46,0.21,0.68
9.406,-0.13,-0.10,0.36,0.39
9.416,-0.09,-0.09,0.57,0.58
9.426,0.33,-0.53,-0.28,0.69
9.436,-0.02,0.04,-0.46,0.46
9.446,-0.53,0.99,-0.39,1.19
9.456,0.06,-0.00,-0.59,0.59
9.466,0.39,0.03,0.01,0.39
9.476,-0.16,0.68,1.05,1.26
9.486,0.76,-0.87,1.03,1.55
9.496,0.62,-0.52,0.68,1.06
9.506,0.64,-0.88,-0.77,1.33
9.516,-0.42,0.69,-1.14,1.39
9.526,-0.07,1.33,-0.54,1.44
9.536,0.18,0.40,-0.85,0.96
9.546,-0.60,0.72,0.80,1.24
9.556,0.86,-1.79,0.59,2.07
9.566,1.27,-1.08,0.22,1.68
9.576,0.05,1.63,0.59,1.73
9.586,0.20,-0.08,0.20,0.30
9.596,-0.56,0.16,0.54,0.80
9.606,0.51,-0.70,-0.22,0.89
9.616,-0.97,0.83,-0.01,1.28
9.626,-0.62,0.18,-0.33,0.73
9.636,-0.18,0.49,-0.74,0.91
9.646,0.14,0.31,-0.03,0.34
9.656,-0.84,0.61,0.64,1.21
9.666,-0.28,-1.00,0.66,1.23
9.676,0.65,-0.82,-0.42,1.13
9.686,0.15,0.40,-0.74,0.85
9.696,-1.71,0.91,-0.55,2.01
9.706,0.53,0.62,-1.40,1.62
9.716,-0.25,0.53,0.63,0.85
9.726,-1.22,0.15,0.96,1.56
9.736,0.78,-2.04,1.55,2.68
9.746,0.01,-0.26,1.43,1.45
9.756,-0.18,-0.34,-0.82,0.90
9.766,-0.79,1.40,-1.61,2.28
9.776,-0.32,1.03,-1.87,2.16
9.786,-0.73,0.67,-1.19,1.55
9.796,-0.52,0.65,0.66,1.06
9.806,1.32,-1.57,1.96,2.84
9.816,0.90,-2.26,1.24,2.73
9.826,-0.05,0.19,0.26,0.32
9.836,0.55,0.33,-1.00,1.18
9.846,0.22,1.22,-1.20,1.73
9.856,-0.49,0.85,-0.70,1.21
9.866,0.12,-0.29,-0.05,0.32
9.876,0.09,-0.05,0.81,0.82
9.886,1.30,-1.45,0.60,2.04
9.896,0.48,-0.49,0.03,0.69
9.905,0.93,0.11,-0.25,0.97
9.916,0.36,0.12,-0.93,1.00
9.926,-0.43,1.08,-0.36,1.22
9.936,-0.50,0.04,0.18,0.53
9.945,0.58,-1.49,-0.34,1.64
9.956,0.20,0.11,0.09,0.24
9.965,0.47,0.15,0.32,0.59
9.975,0.13,0.37,0.35,0.53
9.985,0.14,-0.40,0.41,0.59
9.995,-0.26,-0.71,0.04,0.75
10.005,-0.32,0.22,-0.31,0.49
10.015,-0.79,0.46,-0.30,0.96
10.025,0.66,-0.04,-0.44,0.80
10.035,-0.78,1.14,0.24,1.40
10.045,0.62,-1.51,0.08,1.64
10.055,-0.56,-0.14,0.40,0.71
10.065,-0.47,-0.10,-0.00,0.48
10.075,-0.89,0.87,0.03,1.25
10.085,-0.57,-0.15,-0.43,0.72
10.095,-0.04,0.21,-0.29,0.36
10.105,-0.44,0.21,0.16,0.52
10.115,-0.59,-0.53,0.06,0.80
10.125,-0.40,-0.38,0.07,0.55
10.135,-0.07,-0.24,-0.42,0.49
10.145,-0.07,0.36,-0.68,0.77
10.155,-0.81,1.09,-0.22,1.38
10.165,-0.38,0.31,0.65,0.81
10.175,0.69,-0.16,1.41,1.58
10.185,0.67,-2.01,0.56,2.19
10.195,-0.40,-0.11,-0.13,0.43
10.205,0.43,0.29,-1.16,1.27
10.215,0.44,1.53,-0.65,1.72
10.225,-0.35,0.89,-0.19,0.98
10.235,-0.52,-0.54,0.51,0.91
10.245,0.82,-0.84,1.08,1.60
10.255,0.26,-0.86,0.48,1.02
10.265,0.05,0.53,0.41,0.67
10.275,0.55,0.49,0.05,0.74
10.285,0.17,0.42,-0.36,0.58
10.295,0.23,0.09,-0.31,0.39
10.305,0.25,0.06,0.01,0.26
10.315,1.06,-0.60,-0.27,1.25
10.325,0.32,-0.05,-0.24,0.40
10.335,0.04,0.54,0.33,0.64
10.345,0.20,0.12,0.77,0.81
10.355,0.31,-0.80,0.13,0.87
10.365,0.39,0.18,0.13,0.45
10.375,0.47,0.05,-0.31,0.57
10.385,-0.70,0.13,-0.50,0.87
10.395,-0.41,0.40,-0.26,0.63
10.405,-0.29,-0.27,-0.43,0.58
10.415,-0.24,0.27,0.16,0.40
10.425,-0.12,-0.46,-0.05,0.48
10.435,-0.17,0.13,0.03,0.22
10.445,0.33,-0.06,0.15,0.37
10.455,-0.06,-0.49,-0.26,0.56
10.465,-0.44,-0.15,-0.29,0.55
10.475,-0.70,0.48,-0.39,0.93
10.485,-0.42,0.42,-0.26,0.65
10.495,-0.07,0.55,0.42,0.70
10.505,0.30,-0.78,0.50,0.97
10.515,0.28,-0.61,0.66,0.94
10.525,0.09,-0.66,-0.10,0.68
10.535,-0.17,0.37,-0.57,0.70
10.544,-0.11,0.56,-0.81,0.99
10.555,-0.28,0.59,-0.36,0.74
10.565,-0.71,0.25,0.38,0.85
10.575,0.06,-1.20,0.25,1.23
10.585,0.48,-0.47,0.34,0.75
10.595,0.31,-0.39,-0.48,0.69
10.604,-0.59,0.70,-0.71,1.16
10.615,-0.72,0.80,-0.24,1.10
10.624,0.27,-0.32,-0.05,0.42
10.634,-0.12,-0.36,0.52,0.65
10.644,-0.05,-1.00,0.25,1.04
10.654,0.21,0.32,0.09,0.40
10.664,0.69,1.03,0.31,1.28
10.674,0.33,-0.44,0.02,0.55
10.684,-0.25,-0.34,0.35,0.55
10.694,-0.01,-0.27,0.08,0.28
10.704,0.45,-0.09,-0.33,0.57
10.714,-0.12,1.13,-0.03,1.14
10.724,0.41,-0.36,-0.36,0.65
10.734,-0.13,0.31,0.41,0.53
10.744,0.02,-0.44,0.61,0.75
10.754,0.40,-0.67,0.15,0.80
10.764,0.45,0.29,0.04,0.53
10.774,-0.28,0.47,-0.49,0.74
10.784,0.03,0.33,-0.20,0.39
10.794,-0.28,0.09,-0.05,0.30
10.804,0.15,-0.36,0.14,0.41
10.814,0.17,0.09,0.51,0.54
10.824,0.79,-0.35,0.14,0.87
10.834,0.50,0.07,-0.10,0.51
10.844,-0.39,0.41,-0.06,0.57
10.854,-0.09,0.20,0.29,0.36
10.864,-0.24,-0.59,0.15,0.66
10.874,-0.50,-0.59,-0.41,0.87
10.884,-0.53,0.61,-0.80,1.14
10.894,0.02,0.18,-1.02,1.04
10.904,-0.55,0.06,-1.04,1.18
10.921,-0.80,1.07,0.51,1.43
10.924,-0.30,-1.19,0.46,1.31
10.934,0.24,-0.37,1.39,1.46
10.944,0.75,-0.37,0.56,1.00
10.954,0.65,-0.31,-0.54,0.90
10.964,0.12,0.91,-0.27,0.96
10.974,0.76,-0.06,-0.64,0.99
10.984,0.63,-0.07,-0.21,0.67
10.994,0.39,-0.01,0.26,0.47
11.004,-0.36,-0.05,0.37,0.52
11.014,0.37,-0.75,0.02,0.83
11.024,0.36,-0.39,-0.10,0.54
11.034,-0.25,-0.11,-0.67,0.72
11.044,-0.34,1.39,-0.01,1.43
11.054,-0.16,0.21,-0.03,0.27
11.064,-0.11,-0.41,-0.06,0.43
11.074,0.42,-0.61,0.65,0.98
11.084,0.57,-1.11,0.09,1.26
11.094,-0.04,0.21,-0.85,0.87
11.104,-0.06,0.92,-0.84,1.25
11.114,-0.15,1.12,-0.03,1.13
11.124,-0.33,-0.42,0.65,0.84
11.134,0.83,-1.16,0.64,1.56
11.144,0.19,-1.47,0.32,1.51
11.154,-0.25,0.35,-0.36,0.56
11.164,-0.23,0.43,-1.46,1.54
11.173,0.29,1.54,-0.55,1.66
11.184,-0.29,-0.15,-0.40,0.52
11.194,-0.58,-0.31,0.65,0.92
11.204,0.96,-1.72,0.58,2.05
11.214,0.33,-0.49,0.46,0.75
11.223,0.51,0.02,-0.44,0.68
11.234,-0.46,0.86,-0.62,1.16
11.243,-0.71,0.31,-0.91,1.20
11.253,-0.73,0.66,0.24,1.01
11.263,-0.24,-0.49,0.62,0.82
11.274,0.53,-1.17,0.96,1.61
11.283,0.26,-1.06,0.03,1.09
11.294,-0.27,1.02,-0.42,1.14
11.303,-0.18,1.19,-0.43,1.28
11.314,-0.51,-0.21,-0.71,0.90
11.323,-0.05,-0.26,0.36,0.45
11.334,-0.11,-1.05,-0.19,1.07
11.343,0.22,0.72,0.57,0.94
11.353,0.49,-0.36,-0.25,0.66
11.363,0.69,-0.56,-0.50,1.02
11.373,-0.39,1.01,0.19,1.10
11.383,-0.34,-0.72,-0.46,0.92
11.393,-0.03,0.55,0.56,0.79
11.403,0.40,-0.73,-0.13,0.84
11.413,0.76,-0.51,-0.07,0.92
11.423,0.14,-0.22,-0.44,0.51
11.433,0.15,-0.25,-1.17,1.21
11.443,-0.72,1.68,0.32,1.86
11.453,-0.35,0.51,0.71,0.94
11.463,-0.05,-1.60,0.83,1.80
11.473,0.56,-1.28,0.54,1.50
11.483,0.57,0.26,-0.00,0.63
11.493,0.24,1.16,-0.45,1.27
11.503,-0.48,1.25,0.18,1.35
11.513,-0.04,-0.93,0.10,0.94
11.523,-0.05,-0.67,0.51,0.85
11.533,0.38,-0.32,-0.38,0.62
11.543,0.49,0.49,-0.33,0.77
11.553,0.51,0.26,-0.41,0.70
11.563,0.20,0.12,0.20,0.31
11.573,-0.61,-0.09,0.38,0.73
11.583,-0.11,-0.82,-0.18,0.85
11.593,-0.25,0.01,-0.56,0.61
11.603,0.00,0.92,0.30,0.97
11.613,0.02,-0.67,-0.41,0.79
11.623,0.43,-0.15,-0.52,0.70
11.633,0.21,0.10,-0.10,0.25
11.643,-0.61,1.49,1.14,1.98
11.653,0.54,-0.14,1.74,1.82
11.663,0.07,-1.81,1.06,2.10
11.673,-0.36,0.17,0.84,0.92
11.683,0.12,0.57,-0.58,0.82
11.693,0.10,0.78,-1.29,1.51
11.703,-0.89,1.22,-0.78,1.71
11.713,-0.60,0.20,-0.06,0.64
11.723,0.81,-1.36,0.22,1.60
11.733,0.06,0.19,1.56,1.58
11.743,0.20,-0.68,0.17,0.72
11.753,0.68,0.51,-0.31,0.90
11.763,0.09,1.07,-0.18,1.08
11.773,-0.05,-0.40,-0.67,0.79
11.783,-0.15,0.09,0.19,0.26
11.793,-0.04,-0.85,-0.45,0.96
11.803,-0.79,0.42,0.06,0.90
11.813,0.39,-0.14,-0.14,0.43
11.823,0.01,0.06,-0.97,0.98
11.833,0.32,0.14,-0.03,0.35
11.843,0.35,-0.41,-0.13,0.55
11.853,-0.02,0.15,0.43,0.46
11.863,-0.13,-0.69,0.44,0.83
11.873,0.03,-0.20,-0.25,0.32
11.883,0.86,0.06,0.07,0.86
11.893,0.19,0.17,-0.31,0.41
11.902,0.59,0.39,0.02,0.70
11.912,-0.12,-0.06,0.28,0.31
11.922,0.38,-1.03,-0.17,1.11
11.933,-0.32,0.21,0.01,0.38
11.942,-0.28,-0.16,-0.15,0.36
11.952,-0.14,0.29,-0.10,0.34
11.962,0.65,0.24,-0.04,0.70
11.973,0.03,-0.50,0.06,0.50
11.982,-0.64,-0.05,-0.38,0.74
11.992,-0.26,-0.13,0.19,0.35
12.002,-0.16,-0.12,-0.19,0.28
12.012,0.94,-0.15,0.02,0.96
12.022,-0.20,0.15,0.26,0.36
12.032,-0.57,0.02,0.02,0.57
12.042,-0.24,-0.50,-0.34,0.65
12.052,-0.20,0.27,0.03,0.34
12.062,-0.60,-0.09,-0.38,0.71
12.072,-0.60,0.51,0.19,0.81
12.082,0.19,-0.43,-0.29,0.55
12.092,0.62,0.05,0.10,0.63
12.102,-0.20,-0.02,0.38,0.43
12.112,-0.29,-0.17,-0.14,0.37
12.122,-0.71,0.22,0.27,0.79
12.132,0.15,-0.69,-0.35,0.79
12.142,0.47,0.68,-0.14,0.84
12.152,-0.40,0.16,-0.33,0.54
12.162,-0.70,0.37,-0.09,0.80
12.172,-0.44,-0.13,0.44,0.63
12.182,0.28,-0.52,0.63,0.86
12.192,0.45,-0.78,0.01,0.91
12.202,-0.72,0.99,0.18,1.24
12.212,0.76,-0.69,-1.20,1.58
12.222,0.41,0.69,-0.51,0.95
12.232,0.50,0.42,0.10,0.66
12.242,-0.54,-0.61,-0.07,0.81
12.252,0.31,0.02,1.05,1.10
12.262,0.37,-1.04,0.22,1.13
12.272,0.90,-0.04,0.33,0.96
12.282,0.81,0.16,-0.75,1.12
12.292,-0.04,0.65,-0.40,0.77
12.302,-0.31,0.14,-0.31,0.46
12.312,0.49,-0.49,-0.26,0.74
12.322,0.86,-0.55,-0.34,1.07
12.332,0.11,1.06,0.76,1.31
12.342,0.47,-0.81,0.15,0.95
12.352,0.45,-0.16,0.74,0.88
12.362,0.32,-0.92,-0.31,1.02
12.372,-0.52,0.64,-0.45,0.94
12.382,-0.01,0.19,-0.70,0.72
12.392,0.23,-0.08,-0.99,1.02
12.402,0.28,0.46,0.16,0.56
12.412,-1.07,0.02,0.86,1.37
12.422,-0.14,-1.24,0.48,1.34
12.432,0.79,-0.84,0.68,1.34
12.442,-0.62,0.55,0.12,0.84
12.452,0.00,0.73,-0.39,0.82
12.462,-0.22,-0.50,-1.06,1.19
12.472,-0.97,0.29,-0.40,1.09
12.482,-0.27,-0.03,-0.06,0.28
12.492,0.21,-0.35,-0.30,0.51
12.502,-0.12,0.32,0.55,0.65
12.512,-0.33,-0.01,0.54,0.63
12.522,0.16,-0.35,0.27,0.47
12.532,-0.19,-0.57,-0.07,0.60
12.542,-0.74,0.25,-0.16,0.80
12.552,0.45,0.77,-0.33,0.96
12.562,0.08,0.73,0.07,0.73
12.572,-0.31,-0.62,0.04,0.70
12.582,-0.08,-0.56,0.25,0.62
12.591,0.79,-0.32,0.17,0.87
12.601,0.68,0.09,-0.62,0.92
12.612,-0.02,0.37,-0.36,0.52
12.621,-0.66,0.80,-0.20,1.06
12.632,0.69,-0.78,-0.15,1.05
12.641,0.44,-0.43,0.36,0.71
12.652,-0.05,-0.17,-0.02,0.18
12.661,0.63,-0.24,-0.36,0.77
12.671,0.58,0.29,-0.26,0.70
12.681,0.57,0.59,0.55,0.99
12.691,0.11,-0.35,0.40,0.54
12.701,0.26,-0.25,0.56,0.67
12.711,0.28,-0.00,0.46,0.54
12.721,0.31,-0.53,0.06,0.61
12.731,0.77,0.68,0.00,1.03
12.741,0.52,0.32,-0.30,0.68
12.751,-0.22,-0.20,-0.81,0.86
12.761,-0.03,0.55,0.15,0.57
12.771,0.24,0.46,0.94,1.08
12.781,0.89,-1.72,0.02,1.93
12.791,0.43,0.79,1.10,1.42
12.801,-0.02,-0.90,-0.77,1.18
12.811,0.26,0.48,-0.60,0.81
12.821,0.02,0.11,-1.30,1.30
12.831,0.06,-0.96,-1.77,2.01
12.841,-0.38,0.42,-1.03,1.17
12.851,0.15,-0.28,-1.05,1.10
12.861,0.23,-1.22,-1.27,1.77
12.871,0.16,-0.10,-0.17,0.25
12.881,-0.12,-1.04,-0.91,1.39
12.891,-0.02,-0.27,-0.26,0.37
12.901,0.03,0.22,0.36,0.42
12.911,0.47,-1.54,-0.10,1.62
12.921,0.15,-1.00,-0.01,1.01
12.931,-0.09,-0.59,-0.72,0.93
12.941,0.38,0.09,-1.01,1.09
12.951,-0.56,0.13,-0.60,0.83
12.961,-0.18,-0.85,-0.89,1.24
12.971,0.07,-1.46,-0.93,1.74
12.981,0.48,-0.63,-0.77,1.11
12.991,0.20,-1.33,-2.11,2.50
13.001,-0.17,-0.20,-1.90,1.91
13.011,0.06,0.35,-1.11,1.17
13.021,0.74,-0.17,-0.36,0.84
13.031,0.19,0.11,2.04,2.05
13.041,0.61,-0.45,3.66,3.73
13.051,-0.41,4.14,8.87,9.80
13.061,2.14,-7.05,4.38,8.57
13.071,0.29,-1.89,2.19,2.90
13.081,-2.32,4.03,1.27,4.82
13.091,-1.41,3.80,-0.34,4.07
13.101,1.44,-0.22,-2.14,2.59
13.111,-1.05,-0.65,-2.71,2.98
13.121,-1.35,0.90,-0.47,1.69
13.131,1.13,-0.52,-0.93,1.55
13.141,0.68,0.19,0.45,0.84
13.151,-0.24,-0.61,0.01,0.66
13.161,0.72,0.32,0.75,1.09
13.171,0.69,-1.08,-0.34,1.33
13.181,-1.99,1.26,-0.30,2.37
13.191,-0.98,0.76,0.10,1.25
13.201,-0.64,0.77,0.51,1.12
13.211,-0.05,-1.41,0.03,1.41
13.221,-0.82,0.30,-0.00,0.87
13.231,0.40,-0.23,-0.94,1.05
13.240,0.16,0.77,-0.99,1.26
13.251,-1.19,1.76,-0.22,2.14
13.261,-0.55,-1.64,-0.91,1.95
13.271,0.33,-2.12,-1.42,2.57
13.281,-0.67,5.53,2.55,6.13
13.290,-0.14,0.03,2.44,2.44
13.300,-1.00,-2.52,1.45,3.08
13.310,0.24,-1.31,1.04,1.69
13.320,1.35,-0.49,-1.52,2.10
13.330,-0.12,2.68,-1.07,2.89
13.340,0.20,1.25,-1.50,1.96
13.351,-0.06,1.11,-0.63,1.28
13.360,0.47,-0.20,0.64,0.82
13.370,1.04,-1.16,1.29,2.02
13.380,1.02,-1.58,0.55,1.96
13.390,1.31,-0.04,-0.14,1.32
13.400,0.71,1.27,-0.80,1.66
13.410,-0.01,1.38,-0.38,1.43
13.420,-0.08,0.93,0.12,0.95
13.430,0.90,-0.93,0.24,1.31
13.440,0.04,-0.59,0.21,0.62
13.450,0.81,-1.90,-1.25,2.42
13.460,0.97,-0.06,-2.16,2.36
13.470,0.56,3.04,-0.62,3.15
13.480,-0.65,3.11,2.12,3.82
13.490,-0.26,-1.77,1.68,2.46
13.500,0.70,-3.00,2.44,3.93
13.510,0.81,-1.07,0.15,1.36
13.520,0.93,1.19,-0.26,1.53
13.530,-0.53,1.44,-0.84,1.75
13.540,-0.62,1.58,-1.23,2.09
13.550,-0.18,-0.12,-0.72,0.75
13.560,-1.48,1.98,1.78,3.05
13.570,0.77,-2.04,1.65,2.74
13.580,0.44,-0.83,1.73,1.97
13.590,0.22,-1.26,-0.38,1.33
13.600,0.12,0.15,-2.42,2.43
13.610,-1.36,2.92,-1.74,3.66
13.620,-0.17,-0.46,-2.91,2.95
13.630,-0.52,-0.67,-2.47,2.61
13.640,-1.34,4.12,2.76,5.14
13.650,-0.47,-1.07,3.29,3.49
13.660,0.23,-3.78,3.00,4.84
13.670,-0.01,-1.62,0.89,1.85
13.680,0.52,-0.47,-1.95,2.08
13.690,-2.28,3.53,-1.70,4.54
13.700,0.09,1.33,-2.80,3.11
13.710,-0.32,1.32,-1.05,1.72
13.720,-0.19,-1.61,-0.05,1.62
13.730,-0.15,-0.71,2.04,2.16
13.740,0.75,-1.52,1.99,2.61
13.750,0.35,-0.49,0.73,0.95
13.760,0.85,-0.46,-1.02,1.41
13.770,0.46,0.98,-1.21,1.63
13.780,-0.56,1.44,-1.18,1.94
13.790,-0.54,0.22,-0.52,0.78
13.800,0.86,-2.84,-1.83,3.48
13.810,0.81,0.62,-0.58,1.18
13.820,-0.59,5.04,4.25,6.62
13.830,1.17,-3.09,2.26,4.00
13.840,1.14,-2.63,2.52,3.82
13.850,0.52,-2.71,-1.63,3.21
13.860,-1.62,3.05,-1.49,3.76
13.870,1.49,2.35,-1.89,3.37
13.880,-0.04,1.50,-1.19,1.91
13.890,-2.05,0.71,-0.32,2.19
13.900,1.05,-2.31,0.83,2.66
13.910,2.38,-1.43,2.29,3.60
13.920,0.05,-0.85,0.86,1.21
13.930,0.43,0.03,0.32,0.54
13.940,-0.20,1.00,-1.16,1.54
13.950,-0.59,1.00,-0.80,1.41
13.959,-0.92,0.35,-1.11,1.48
13.970,-1.17,0.01,0.10,1.18
13.979,-0.01,-0.65,0.44,0.78
13.989,0.78,-0.66,1.07,1.48
13.999,1.35,-0.55,0.51,1.54
14.009,-0.33,0.21,-0.39,0.55
14.019,-1.52,0.76,-0.28,1.73
14.029,-0.62,0.36,-0.35,0.80
14.039,0.06,-0.21,-0.04,0.22
14.049,-0.62,-0.23,-0.17,0.68
14.059,-0.52,0.20,0.15,0.58
14.069,0.47,0.12,0.07,0.49
14.079,1.04,-0.54,0.22,1.19
14.089,-0.26,-0.22,-0.10,0.35
14.099,-0.77,0.10,0.03,0.77
14.109,-0.97,0.33,-0.61,1.19
14.119,1.17,0.65,0.21,1.36
14.129,1.08,-0.20,0.29,1.14
14.139,0.38,-0.84,0.14,0.93
14.149,-0.05,-0.25,0.29,0.39
14.159,0.56,-0.33,-0.33,0.73
14.169,0.42,0.46,-0.34,0.71
14.179,-0.10,0.29,-0.47,0.57
14.189,-0.03,0.16,-0.35,0.39
14.199,0.14,0.09,0.50,0.52
14.209,-0.11,-0.57,0.36,0.68
14.219,0.97,-0.99,-0.29,1.42
14.229,0.69,0.16,0.15,0.73
14.239,-0.51,0.20,-0.64,0.84
14.249,0.15,0.19,-0.55,0.60
14.259,0.35,-0.02,-0.10,0.36
14.269,0.13,-0.46,-0.30,0.57
14.279,0.73,-0.47,0.21,0.89
14.289,0.33,-0.20,-0.09,0.40
14.299,0.43,0.24,0.51,0.71
14.309,-0.17,-0.19,0.23,0.34
14.319,0.46,-0.71,-0.23,0.88
14.329,-0.19,-0.00,0.01,0.19
14.339,-0.66,-0.35,-0.77,1.07
14.349,-0.19,0.60,-0.43,0.76
14.359,-0.53,0.78,0.25,0.97
14.369,-1.04,-0.15,0.22,1.08
14.379,0.33,-1.37,0.53,1.51
14.389,-0.12,-0.18,0.56,0.61
14.399,0.00,0.21,-0.19,0.28
14.409,-0.22,0.43,-0.57,0.74
14.419,-0.10,0.03,-1.22,1.22
14.429,0.33,0.41,-0.03,0.53
14.439,-0.37,0.11,0.65,0.76
14.449,0.47,-1.25,0.73,1.52
14.459,0.10,-0.36,0.71,0.80
14.469,-0.17,-0.61,-1.01,1.19
14.479,0.63,0.94,-1.12,1.59
14.489,-0.43,1.31,-0.25,1.40
14.499,0.13,-0.37,0.01,0.39
14.509,0.39,-1.23,0.67,1.45
14.519,1.87,-0.94,1.09,2.36
14.529,1.74,-0.51,0.34,1.85
14.539,0.43,-0.11,-0.37,0.58
14.549,-0.24,0.35,-0.42,0.60
14.558,0.33,0.08,-0.41,0.53
14.569,-0.04,0.04,-0.64,0.65
14.578,0.29,-0.05,0.30,0.42
14.589,0.68,-1.13,-0.25,1.34
14.599,0.44,-0.75,-0.05,0.87
14.609,1.10,-0.94,-0.78,1.64
14.619,0.59,0.30,0.47,0.81
14.629,1.19,0.33,1.26,1.76
14.638,1.00,-2.57,-1.23,3.02
14.648,0.93,-0.76,-1.19,1.69
14.658,-2.15,0.72,0.12,2.27
14.669,-2.31,-0.61,1.48,2.81
14.679,0.32,0.62,2.47,2.57
14.689,1.36,-2.64,-1.06,3.15
14.698,-1.95,-0.37,0.15,1.99
14.708,-1.17,0.64,-0.72,1.51
14.718,-1.59,0.41,-1.31,2.11
14.728,-0.66,0.55,-0.55,1.02
14.738,0.30,-0.71,-2.08,2.22
14.748,-0.62,0.10,-1.05,1.22
14.758,-0.99,-0.14,0.44,1.09
14.768,-0.90,1.29,2.38,2.86
14.778,-0.53,-1.31,3.01,3.32
14.788,-0.83,-1.98,1.86,2.84
14.798,-0.87,-1.34,-0.22,1.61
14.808,-0.90,2.15,-1.99,3.06
14.818,-2.18,1.48,-1.89,3.24
14.828,-1.21,1.54,-2.23,2.97
14.838,0.07,0.28,-0.57,0.64
14.848,0.86,0.03,1.53,1.76
14.858,-0.03,-0.53,1.22,1.33
14.868,0.11,-0.28,1.07,1.11
14.878,1.75,-0.34,-0.24,1.80
14.888,-0.76,0.49,-0.42,1.00
14.898,-0.13,1.73,0.73,1.88
14.908,0.67,-0.54,-0.09,0.87
14.918,1.20,-0.32,-0.17,1.25
14.928,-0.32,1.01,0.17,1.07
14.938,0.27,-0.45,-0.93,1.07
14.948,-0.21,0.85,-0.34,0.94
14.958,0.67,0.60,0.25,0.94
14.968,0.62,-0.41,0.17,0.76
14.978,1.14,0.66,1.00,1.66
14.988,1.41,-1.04,0.44,1.80
14.998,0.69,0.09,-0.63,0.94
15.008,1.18,1.15,0.37,1.69
15.018,0.01,0.23,0.19,0.30
15.028,0.15,0.05,0.10,0.18
15.038,0.13,-0.08,-0.14,0.21
15.048,0.02,0.65,0.29,0.71
15.058,-0.88,0.40,-0.19,0.98
15.068,-0.35,0.06,-0.26,0.44
15.078,0.61,0.29,0.31,0.75
15.088,-0.87,0.73,0.59,1.28
15.098,-0.54,-0.77,-0.37,1.01
15.108,-0.92,0.19,-0.26,0.98
15.118,-0.25,0.72,-0.21,0.79
15.128,-0.49,0.33,0.04,0.59
15.138,-0.72,-0.05,-0.49,0.88
15.148,-0.53,0.29,-0.13,0.62
15.158,-0.42,-0.30,-0.35,0.62
15.168,-0.52,0.51,0.01,0.73
15.178,-0.08,0.30,0.02,0.31
15.188,-0.03,-0.31,0.14,0.34
15.198,-0.51,-0.07,0.14,0.53
15.208,-0.26,0.16,-0.06,0.31
15.218,-0.07,0.36,-0.24,0.44
15.228,0.23,0.46,0.03,0.51
15.238,-0.07,-0.42,0.08,0.44
15.248,0.08,0.44,0.63,0.77
15.258,0.18,-0.59,0.43,0.75
15.268,0.05,-0.10,-0.16,0.20
15.278,0.05,0.65,-0.24,0.69
15.288,0.35,-0.20,-0.59,0.72
15.298,0.08,0.39,-0.25,0.47
15.308,0.17,0.21,0.05,0.28
15.318,0.47,-0.19,0.37,0.63
15.328,0.34,-0.00,0.73,0.80
15.337,1.09,-1.11,0.15,1.57
15.347,0.48,0.16,-0.48,0.69
15.357,0.48,1.25,-0.17,1.35
15.368,0.13,-0.36,-0.56,0.68
15.377,-0.31,0.51,0.09,0.61
15.387,0.15,0.01,0.67,0.69
15.397,0.13,-1.03,0.05,1.04
15.407,0.44,0.22,0.37,0.62
15.417,0.24,0.07,-0.19,0.32
15.427,-0.37,0.58,-0.21,0.72
15.437,-0.11,0.10,-0.28,0.32
15.447,0.05,-0.49,-0.06,0.49
15.457,-0.50,0.12,0.21,0.56
15.467,0.02,-0.36,-0.01,0.36
15.477,0.03,0.63,0.13,0.64
15.487,0.47,-0.42,-0.22,0.66
15.497,0.01,-0.43,-0.40,0.59
15.507,-0.45,0.71,0.03,0.84
15.517,0.10,-0.59,-0.28,0.66
15.527,-0.37,0.49,0.21,0.65
15.537,0.10,-0.27,0.20,0.35
15.547,-0.02,0.20,0.44,0.48
15.557,-0.08,-0.47,0.02,0.48
15.567,-0.16,-0.03,-0.08,0.18
15.577,0.18,0.80,0.36,0.89
15.587,1.23,-0.59,-0.08,1.36
15.597,-0.08,0.16,0.18,0.25
15.607,-0.10,-0.06,-0.11,0.16
15.617,0.47,-0.18,-0.27,0.57
15.627,0.64,0.37,0.05,0.75
15.637,0.41,-0.11,-0.13,0.45
15.647,0.07,-0.03,0.24,0.25
15.657,-0.09,0.48,0.32,0.58
15.667,0.34,-0.79,-0.18,0.88
15.677,-0.49,0.35,0.01,0.61
15.687,-0.54,0.19,-0.46,0.73
15.697,-0.04,0.19,-0.12,0.23
15.707,-0.25,0.43,-0.03,0.50
15.717,0.68,-0.51,0.35,0.92
15.727,-0.35,-0.02,0.20,0.40
15.737,0.01,-0.22,-0.10,0.24
15.747,-0.06,0.41,-0.28,0.50
15.757,-0.23,0.19,-0.14,0.33
15.767,-0.48,0.58,0.30,0.80
15.777,-0.10,-0.90,0.11,0.91
15.787,-0.40,-0.00,-0.27,0.48
15.797,0.01,0.63,-0.21,0.67
15.807,-0.11,0.17,-0.36,0.42
15.817,-0.67,0.14,-0.03,0.69
15.827,0.10,-0.39,0.03,0.41
15.837,-0.72,-0.35,-0.15,0.81
15.847,-1.03,0.48,0.11,1.15
15.857,-0.41,-0.17,-0.07,0.45
15.867,0.35,0.07,0.01,0.36
15.877,0.01,-0.15,-0.06,0.16
15.887,-0.69,-0.03,-0.08,0.70
15.897,-0.37,-0.26,-0.30,0.54
15.907,-0.23,0.42,-0.08,0.49
15.917,-0.07,0.01,-0.13,0.15
15.927,0.03,0.02,-0.12,0.13
15.937,-0.32,-0.14,0.30,0.46
15.947,0.34,-0.88,-0.20,0.96
15.957,0.28,0.26,-0.05,0.38
15.967,0.08,-0.29,-0.65,0.72
15.977,-0.20,0.40,-0.24,0.51
15.986,0.20,0.29,0.38,0.52
15.997,0.89,-0.81,0.36,1.26
16.007,0.50,-0.43,0.64,0.92
16.016,0.64,-0.29,0.13,0.71
16.026,0.38,0.26,0.09,0.47
16.036,0.25,0.16,-0.04,0.30
16.046,-0.10,0.40,-0.31,0.52
16.057,-0.36,0.10,-0.09,0.38
16.067,-0.28,0.33,0.93,1.03
16.076,0.70,-1.16,0.55,1.47
16.086,0.14,-0.07,0.33,0.37
16.096,0.04,0.16,-0.90,0.91
16.106,-1.03,0.96,-1.05,1.75
16.116,0.44,0.27,-0.37,0.64
16.126,0.56,0.12,0.16,0.59
16.136,-0.04,-0.67,1.03,1.23
16.146,0.12,-0.88,0.47,1.00
16.156,-0.06,-0.34,0.29,0.45
16.166,0.13,0.44,-0.47,0.65
16.176,-0.07,0.45,-0.92,1.03
16.186,-0.57,1.10,-0.16,1.25
16.196,-0.54,-0.45,0.38,0.79
16.206,0.49,-1.06,0.52,1.28
16.216,-0.44,-0.13,0.51,0.68
16.226,-0.44,-0.22,-0.54,0.73
16.236,-0.42,0.85,-0.86,1.28
16.246,0.10,0.56,-0.51,0.76
16.256,0.04,0.36,0.24,0.43
16.266,-0.00,-0.77,0.52,0.93
16.276,-0.08,-0.83,0.74,1.11
16.286,0.10,-0.15,0.11,0.22
16.296,0.48,-0.19,-0.78,0.94
16.306,0.27,0.69,-0.68,1.01
16.316,-0.21,0.47,-0.40,0.65
16.326,-0.02,-0.11,0.10,0.15
16.336,0.23,-0.32,0.69,0.79
16.346,0.19,-0.72,0.41,0.85
16.356,0.31,-0.31,0.06,0.44
16.366,0.71,0.32,0.08,0.79
16.376,0.18,-0.23,-0.62,0.68
16.386,-0.20,0.44,-0.38,0.61
16.396,0.43,-0.19,-0.35,0.59
16.406,0.09,0.75,0.47,0.89
16.416,0.34,-0.61,0.55,0.89
16.426,0.13,-0.37,0.91,0.99
16.436,0.88,-0.93,0.26,1.30
16.446,-0.12,0.56,-0.43,0.72
16.456,0.01,0.62,-0.59,0.86
16.466,-0.03,0.30,-0.46,0.55
16.476,-0.08,0.29,0.23,0.37
16.486,0.07,-1.46,-0.34,1.50
16.496,-0.48,0.43,0.42,0.77
16.506,0.39,-0.66,-0.55,0.94
16.516,0.18,1.02,-0.05,1.03
16.526,-0.21,-0.28,-0.30,0.46
16.536,-0.47,0.21,0.22,0.56
16.546,-0.29,-0.48,0.44,0.71
16.556,-0.16,-0.06,0.46,0.49
16.566,-0.04,-0.29,-0.15,0.33
16.576,0.21,0.77,-0.13,0.81
16.586,-0.21,0.31,-0.15,0.40
16.596,-0.02,-0.48,-0.35,0.60
16.606,-0.62,0.23,0.18,0.69
16.616,-0.24,-0.38,-0.12,0.47
16.626,-0.26,0.44,0.09,0.52
16.635,0.15,-0.18,-0.05,0.24
16.646,-0.27,-0.24,-0.41,0.55
16.655,-0.12,0.50,0.07,0.52
16.666,-0.10,-0.04,-0.05,0.12
16.676,0.23,-0.14,0.25,0.37
16.686,0.31,-0.45,0.04,0.55
16.695,0.74,-0.33,-0.31,0.87
16.705,0.11,0.80,0.03,0.81
16.715,0.46,-0.56,-0.27,0.77
16.725,-0.11,1.15,0.82,1.41
16.735,0.17,-0.91,0.31,0.98
16.745,0.37,-0.64,-0.01,0.74
16.755,0.12,0.42,-0.02,0.43
16.765,0.39,0.17,-0.31,0.53
16.775,0.01,0.79,0.23,0.83
16.785,0.35,-0.77,-0.14,0.85
16.795,0.14,0.28,0.28,0.42
16.805,0.77,-0.41,-0.14,0.88
16.815,0.00,-0.02,-0.22,0.23
16.825,0.12,0.72,0.48,0.87
16.835,0.28,-0.82,-0.20,0.89
16.845,-0.12,0.52,0.25,0.59
16.855,0.43,-0.21,-0.21,0.52
16.865,0.01,0.01,-0.40,0.40
16.875,0.07,0.03,-0.19,0.21
16.885,-0.33,0.59,0.12,0.69
16.895,-0.06,0.19,0.25,0.32
16.905,0.05,0.23,0.50,0.55
16.915,0.29,-0.55,0.22,0.66
16.925,0.05,-0.17,-0.36,0.40
16.935,-0.26,0.60,-0.70,0.96
16.945,-0.51,1.27,-0.35,1.42
16.955,-0.27,0.50,0.11,0.58
16.965,0.00,-0.79,0.06,0.79
16.975,0.03,-0.11,0.65,0.66
16.985,-0.04,0.13,0.30,0.33
16.995,-0.05,0.09,-0.37,0.39
17.005,-0.36,1.03,-0.40,1.17
17.015,-0.52,0.23,-0.36,0.67
17.025,-0.26,0.08,0.02,0.28
17.035,-0.62,0.29,0.26,0.74
17.045,0.32,-0.03,0.08,0.33
17.055,0.52,0.44,0.18,0.70
17.065,0.53,0.09,0.11,0.55
17.075,0.33,0.48,-0.01,0.58
17.085,0.05,0.33,-0.21,0.39
17.095,-0.00,0.67,-0.05,0.67
17.105,0.34,0.61,0.14,0.71
17.115,0.56,0.64,0.19,0.87
17.125,0.55,0.56,0.45,0.91
17.135,0.27,0.29,0.39,0.55
17.145,0.18,0.59,-0.02,0.62
17.155,0.15,1.09,-0.35,1.15
17.165,0.10,1.26,-0.38,1.32
17.175,-0.23,1.20,-0.22,1.24
17.185,0.19,1.02,0.18,1.05
17.195,0.43,0.61,0.50,0.90
17.205,0.30,0.59,0.41,0.78
17.215,0.10,1.23,0.05,1.24
17.225,0.35,1.41,-0.35,1.49
17.235,0.13,1.79,-0.03,1.79
17.245,-0.33,1.11,0.04,1.16
17.255,0.50,0.95,0.23,1.10
17.265,0.23,1.21,0.42,1.30
17.275,0.04,1.38,0.25,1.41
17.285,0.18,1.52,-0.10,1.54
17.295,-0.23,1.52,-0.17,1.55
17.305,-0.12,1.88,0.19,1.90
17.315,-0.19,1.14,0.18,1.17
17.325,0.31,1.55,0.35,1.62
17.335,-0.08,1.46,0.12,1.46
17.345,0.31,1.72,-0.18,1.76
17.355,-0.42,1.99,-0.11,2.04
17.365,-0.14,1.70,0.08,1.71
17.374,-0.09,1.70,0.32,1.73
17.384,0.06,1.43,0.25,1.45
17.395,-0.03,1.81,0.15,1.81
17.405,-0.12,1.75,-0.13,1.76
17.414,0.29,2.08,0.13,2.10
17.424,-0.20,2.25,0.02,2.26
17.434,0.19,2.03,0.19,2.05
17.444,0.28,1.81,0.28,1.85
17.454,0.23,1.82,-0.01,1.84
17.464,0.34,1.76,-0.04,1.79
17.474,0.22,1.58,-0.04,1.59
17.484,0.42,1.42,0.12,1.49
17.494,0.33,1.15,0.26,1.23
17.504,0.14,0.92,0.24,0.96
17.514,-0.01,0.83,0.15,0.84
17.524,-0.08,0.73,-0.07,0.73
17.534,0.04,0.70,-0.08,0.71
17.544,-0.01,0.48,0.04,0.48
17.554,-0.15,0.38,0.11,0.42
17.564,-0.32,0.21,0.10,0.39
17.574,-0.07,0.15,0.11,0.20
17.584,0.02,0.12,-0.03,0.12
17.594,0.06,0.09,-0.13,0.17
17.604,-0.03,0.03,-0.08,0.09
17.614,-0.10,-0.04,0.01,0.11
17.624,-0.13,-0.09,0.03,0.16
17.634,-0.08,-0.12,0.02,0.15
17.644,-0.03,-0.13,-0.04,0.13
17.654,-0.00,-0.13,-0.08,0.16
17.664,-0.06,-0.13,-0.07,0.16
17.674,-0.12,-0.16,-0.02,0.20
17.684,-0.12,-0.14,0.00,0.18
17.694,-0.12,-0.11,-0.01,0.16
17.704,-0.01,-0.13,-0.04,0.14
17.714,0.04,-0.12,-0.07,0.15
17.724,0.14,-0.15,-0.02,0.21
17.734,0.16,-0.17,0.00,0.23
17.744,0.14,-0.14,0.00,0.20
17.754,0.15,-0.11,-0.01,0.18
17.764,0.17,-0.09,-0.03,0.19
17.774,0.13,-0.08,-0.02,0.15
17.784,0.13,-0.08,-0.00,0.16
17.794,0.10,-0.10,0.02,0.15
17.804,0.08,-0.08,0.03,0.12
17.814,0.10,-0.08,-0.00,0.13
17.824,0.09,-0.04,-0.02,0.10
17.834,0.10,-0.03,-0.02,0.11
17.844,0.09,-0.04,-0.02,0.10
17.854,0.07,-0.06,-0.01,0.09
17.864,0.03,-0.06,0.00,0.07
17.874,0.04,-0.04,0.03,0.06
17.884,-0.03,-0.01,-0.01,0.03
17.894,-0.08,0.03,-0.03,0.09
17.904,-0.12,0.05,-0.03,0.13
17.914,-0.10,0.04,-0.02,0.11
17.924,-0.14,0.03,-0.01,0.15
17.934,-0.08,0.03,-0.01,0.09
17.944,-0.06,0.01,-0.02,0.06
17.954,-0.05,0.02,-0.03,0.06
17.964,-0.04,-0.03,-0.03,0.06
17.974,0.01,-0.03,-0.04,0.05
17.983,0.03,-0.03,-0.02,0.05
17.994,0.00,-0.04,0.01,0.05
18.004,0.02,-0.06,-0.01,0.06
18.014,0.04,-0.06,-0.01,0.07
18.024,0.03,-0.05,-0.03,0.07
18.034,0.05,-0.07,-0.02,0.09
18.044,0.09,-0.07,-0.01,0.11
18.053,0.11,-0.08,-0.00,0.14
18.064,0.13,-0.08,0.00,0.15
18.073,0.10,-0.07,0.00,0.12
18.084,0.11,-0.05,0.01,0.12
18.093,0.11,-0.05,-0.00,0.12
18.103,0.10,-0.04,-0.02,0.11
18.113,0.08,-0.04,-0.01,0.09
18.123,0.07,-0.04,-0.01,0.08
18.133,0.07,-0.03,-0.01,0.08
18.143,0.04,-0.03,-0.02,0.05
18.153,0.01,-0.00,-0.02,0.02
18.163,-0.01,-0.01,-0.02,0.02
18.173,-0.01,-0.02,-0.02,0.04
18.183,-0.03,-0.03,-0.01,0.04
18.193,-0.03,-0.04,-0.01,0.06
18.203,-0.06,-0.03,-0.03,0.07
18.213,-0.05,-0.02,-0.03,0.06
18.223,-0.09,-0.03,-0.03,0.10
18.233,-0.06,-0.05,-0.03,0.09
18.243,-0.03,-0.07,-0.02,0.08
18.253,0.01,-0.07,-0.02,0.08
18.263,0.02,-0.05,-0.02,0.06
18.273,0.02,-0.05,-0.02,0.06
18.283,0.02,-0.05,-0.02,0.06
18.293,0.06,-0.05,-0.02,0.08
18.303,0.06,-0.05,-0.01,0.08
18.313,0.06,-0.04,-0.01,0.07
18.323,0.06,-0.06,-0.01,0.08
18.333,0.07,-0.02,-0.01,0.07
18.343,0.08,-0.01,0.01,0.08
18.353,0.08,-0.03,-0.01,0.09
18.363,0.08,-0.04,-0.01,0.09
18.373,0.09,-0.04,-0.00,0.10
18.383,0.08,-0.04,-0.02,0.09
18.393,0.06,-0.04,-0.01,0.08
18.403,0.07,-0.05,-0.02,0.09
18.413,0.03,-0.05,-0.02,0.06
18.423,0.03,-0.05,-0.02,0.06
18.433,0.01,-0.04,-0.02,0.05
18.443,0.01,-0.05,-0.01,0.05
18.453,-0.02,-0.05,-0.01,0.05
18.463,-0.05,-0.04,-0.02,0.07
18.473,-0.04,-0.04,-0.02,0.06
18.483,-0.05,-0.04,-0.02,0.07
18.493,-0.04,-0.04,-0.02,0.06
18.503,-0.03,-0.05,-0.04,0.07
18.513,-0.02,-0.04,-0.02,0.05
18.523,-0.01,-0.04,-0.03,0.05
18.533,0.01,-0.04,-0.01,0.04
18.543,0.03,-0.05,-0.02,0.06
18.553,0.05,-0.04,-0.03,0.07
18.563,0.04,-0.04,-0.02,0.06
18.573,0.04,-0.04,-0.01,0.06
18.583,0.06,-0.05,-0.01,0.08
18.593,0.04,-0.05,-0.02,0.07
18.603,0.05,-0.04,-0.01,0.07
18.613,0.05,-0.04,-0.01,0.07
18.623,0.06,-0.05,-0.01,0.08
18.633,0.06,-0.05,-0.00,0.08
18.643,0.05,-0.04,0.00,0.06
18.653,0.06,-0.05,-0.03,0.08
18.663,0.05,-0.04,-0.01,0.07
18.673,0.05,-0.05,-0.01,0.07
18.683,0.06,-0.05,-0.01,0.08
18.693,0.03,-0.04,-0.02,0.06
18.703,0.03,-0.05,-0.01,0.05
18.713,0.02,-0.05,-0.02,0.06
18.722,0.02,-0.05,-0.02,0.05
18.732,0.02,-0.05,-0.00,0.05
18.743,-0.03,-0.04,-0.01,0.05
18.752,-0.02,-0.05,-0.02,0.05
18.762,-0.02,-0.04,-0.01,0.05
18.772,-0.03,-0.03,-0.02,0.05
18.782,-0.02,-0.05,-0.03,0.06
18.792,-0.02,-0.05,-0.03,0.06
18.802,-0.00,-0.05,-0.01,0.05
18.812,0.01,-0.04,-0.02,0.05
18.822,0.01,-0.04,-0.01,0.04
18.832,0.04,-0.02,-0.01,0.05
18.842,0.04,-0.03,0.01,0.05
18.852,0.06,-0.05,-0.01,0.08
18.862,0.06,-0.04,-0.01,0.07
18.872,0.07,-0.04,-0.01,0.08
18.882,0.06,-0.02,-0.01,0.06
18.892,0.07,-0.03,-0.02,0.07
18.902,0.07,-0.04,-0.01,0.08
18.912,0.04,-0.04,-0.01,0.06
18.922,0.05,-0.05,-0.00,0.07
18.932,0.01,-0.04,0.00,0.04
18.942,0.05,-0.05,0.00,0.08
18.952,0.00,-0.05,-0.02,0.06
18.962,-0.01,-0.04,-0.01,0.04
18.972,0.02,-0.06,-0.01,0.06
18.982,0.01,-0.05,-0.01,0.06
18.992,0.00,-0.04,-0.02,0.04
19.002,0.01,-0.04,-0.02,0.04
19.012,0.01,-0.04,-0.02,0.05
19.022,0.01,-0.05,-0.01,0.05
19.032,0.01,-0.03,-0.02,0.03
19.042,-0.01,-0.04,-0.02,0.04
19.052,-0.03,-0.03,-0.02,0.04
19.062,0.00,-0.04,-0.01,0.04
19.072,0.01,-0.05,-0.00,0.05
19.082,0.01,-0.02,-0.01,0.03
19.092,0.02,-0.03,-0.00,0.04
19.102,0.01,-0.03,-0.01,0.03
19.112,0.04,-0.04,-0.02,0.06
19.122,0.02,-0.03,-0.00,0.04
19.132,0.02,-0.05,0.00,0.05
19.142,0.05,-0.04,-0.01,0.07
19.152,0.05,-0.05,-0.01,0.07
19.162,0.06,-0.04,-0.02,0.08
19.172,0.05,-0.04,-0.00,0.07
19.182,0.05,-0.05,-0.00,0.07
19.192,0.04,-0.04,-0.02,0.06
19.202,0.03,-0.03,-0.01,0.05
19.212,0.01,-0.04,-0.01,0.04
19.222,0.02,-0.03,-0.02,0.04
19.232,0.03,-0.05,-0.01,0.06
19.242,0.01,-0.04,-0.01,0.05
19.252,-0.01,-0.03,-0.02,0.04
19.262,-0.01,-0.03,-0.01,0.03
19.272,-0.00,-0.02,-0.01,0.02
19.282,-0.00,-0.02,-0.02,0.03
19.292,-0.01,-0.05,-0.01,0.05
19.302,0.00,-0.04,-0.03,0.05
19.312,0.01,-0.03,-0.02,0.04
19.322,0.00,-0.03,-0.03,0.04
19.332,0.01,-0.03,-0.02,0.04
19.342,0.03,-0.05,-0.01,0.06
19.352,0.03,-0.06,-0.01,0.07
19.362,0.03,-0.04,-0.01,0.05
19.372,0.04,-0.04,-0.02,0.06
19.382,0.03,-0.04,-0.01,0.06
19.392,0.01,-0.02,-0.03,0.04
19.401,0.03,-0.03,-0.01,0.05
19.412,0.04,-0.05,0.01,0.06
19.422,0.03,-0.04,0.00,0.05
19.432,0.04,-0.04,-0.02,0.06
19.442,0.03,-0.02,-0.02,0.04
19.451,0.05,-0.03,-0.03,0.07
19.461,0.03,-0.03,-0.01,0.04
19.471,0.03,-0.03,-0.01,0.04
19.481,0.03,-0.04,-0.01,0.05
19.491,0.03,-0.04,-0.01,0.05
19.501,0.00,-0.03,-0.00,0.03
19.511,0.01,-0.03,-0.02,0.03
19.521,0.02,-0.03,-0.03,0.05
19.531,0.01,-0.03,-0.03,0.05
19.541,0.02,-0.04,-0.03,0.05
19.551,0.01,-0.04,-0.02,0.05
19.561,-0.00,-0.05,-0.01,0.05
19.571,0.00,-0.05,-0.00,0.05
19.581,0.02,-0.04,-0.02,0.05
19.591,0.01,-0.04,-0.01,0.04
19.601,0.01,-0.04,-0.02,0.05
19.611,0.03,-0.03,-0.01,0.04
19.621,0.02,-0.04,0.00,0.04
19.631,0.02,-0.03,-0.01,0.04
19.641,0.02,-0.04,-0.00,0.05
19.651,0.05,-0.05,-0.01,0.07
19.661,0.06,-0.05,-0.01,0.08
19.671,0.06,-0.05,-0.02,0.08
19.681,0.03,-0.04,-0.01,0.05
19.691,0.07,-0.04,-0.02,0.08
19.701,0.05,-0.03,-0.02,0.07
19.711,0.05,-0.03,-0.00,0.06
19.721,0.03,-0.03,-0.00,0.04
19.731,0.00,-0.03,-0.02,0.03
19.741,0.01,-0.04,-0.02,0.05
19.751,0.00,-0.03,-0.02,0.04
19.761,0.01,-0.03,-0.02,0.04
19.771,-0.01,-0.01,-0.01,0.02
19.781,-0.02,-0.03,-0.01,0.04
19.791,-0.02,-0.03,-0.01,0.04
19.801,-0.03,-0.03,-0.02,0.05
19.811,-0.02,-0.02,-0.03,0.04
19.821,-0.00,-0.04,-0.03,0.05
19.831,0.02,-0.04,-0.01,0.04
19.841,0.02,-0.04,-0.02,0.05
19.851,0.02,-0.05,-0.02,0.06
19.861,0.07,-0.04,-0.01,0.08
19.871,0.07,-0.04,-0.02,0.08
19.881,0.04,-0.04,-0.02,0.06
19.891,0.05,-0.05,0.00,0.07
19.901,0.03,-0.05,-0.01,0.05
19.911,0.02,-0.04,-0.02,0.06
19.921,-0.01,-0.04,-0.02,0.05
19.931,-0.01,-0.04,-0.01,0.04
19.941,0.02,-0.04,-0.01,0.04
19.951,0.03,-0.04,-0.00,0.05
19.961,0.04,-0.04,-0.02,0.07
19.971,0.06,-0.02,-0.03,0.07
19.981,0.06,-0.03,-0.02,0.07
19.991,0.07,-0.05,0.01,0.08
20.001,0.04,-0.04,0.00,0.06
20.011,0.04,-0.05,-0.01,0.06
20.021,0.06,-0.04,-0.02,0.07
20.030,0.01,-0.04,-0.02,0.05
20.041,-0.01,-0.04,-0.00,0.04
20.051,-0.03,-0.03,-0.03,0.05
20.061,-0.02,-0.04,-0.01,0.05
20.070,-0.03,-0.04,-0.03,0.06
20.081,-0.03,-0.04,-0.01,0.05
20.090,0.00,-0.04,-0.00,0.04
20.100,-0.01,-0.04,-0.00,0.04
20.111,-0.02,-0.04,-0.01,0.04
20.120,-0.01,-0.04,-0.02,0.05
20.130,0.02,-0.04,-0.01,0.04
20.140,0.01,-0.03,-0.03,0.04
20.150,0.03,-0.04,-0.00,0.05
20.160,0.04,-0.04,-0.01,0.05
20.170,0.05,-0.05,-0.01,0.07
20.181,0.05,-0.04,0.01,0.07
20.190,0.06,-0.05,-0.01,0.08
20.200,0.06,-0.04,-0.01,0.07
20.210,0.04,-0.04,-0.02,0.06
20.220,0.01,-0.04,-0.01,0.05
20.230,0.03,-0.05,0.01,0.06
20.240,-0.01,-0.05,-0.02,0.05
20.250,0.00,-0.04,-0.03,0.05
20.260,0.01,-0.04,-0.04,0.05
20.270,0.00,-0.03,-0.02,0.03
20.280,-0.00,-0.05,-0.01,0.05
20.290,0.02,-0.02,0.00,0.03
20.300,0.02,-0.00,-0.01,0.02
20.310,0.04,-0.04,-0.01,0.06
20.320,0.03,-0.03,0.00,0.05
20.330,0.02,-0.02,-0.02,0.04
20.340,0.04,-0.04,-0.02,0.06
20.350,0.02,-0.04,-0.01,0.04
20.360,-0.01,-0.04,-0.01,0.04
20.370,-0.00,-0.05,-0.03,0.06
20.380,-0.01,-0.03,-0.01,0.03
20.390,-0.01,-0.04,-0.02,0.05
20.400,-0.02,-0.05,-0.02,0.06
20.410,-0.00,-0.04,0.00,0.04
20.420,0.01,-0.04,-0.01,0.04
20.430,0.02,-0.04,-0.01,0.05
20.440,0.01,-0.03,-0.03,0.04
20.450,0.03,-0.03,-0.01,0.04
20.460,0.05,-0.04,-0.01,0.06
20.470,0.02,-0.02,-0.01,0.03
20.480,0.02,-0.02,-0.01,0.03
20.490,0.05,-0.03,0.00,0.06
20.500,0.02,-0.04,-0.01,0.04
20.510,0.03,-0.05,-0.02,0.06
20.520,0.03,-0.05,-0.01,0.05
20.530,0.04,-0.03,-0.01,0.05
20.540,0.02,-0.03,-0.02,0.04
20.550,0.01,-0.04,-0.03,0.05
20.560,0.00,-0.03,-0.02,0.03
20.570,0.01,-0.04,0.01,0.04
20.580,0.01,-0.03,-0.02,0.04
20.590,-0.00,-0.04,-0.02,0.04
20.600,0.01,-0.03,-0.01,0.03
20.610,0.01,-0.03,-0.01,0.03
20.620,-0.01,-0.04,-0.02,0.04
20.630,-0.00,-0.05,-0.01,0.05
20.640,0.02,-0.04,-0.01,0.04
20.650,0.02,-0.04,-0.02,0.05
20.660,0.03,-0.05,-0.01,0.06
20.670,0.02,-0.04,-0.02,0.05
20.680,0.02,-0.04,-0.01,0.05
20.690,0.04,-0.03,-0.01,0.05
20.700,0.03,-0.05,-0.01,0.06
20.710,0.01,-0.03,-0.01,0.03
20.720,0.02,-0.06,-0.02,0.06
20.729,0.03,-0.03,-0.02,0.05
20.739,0.02,-0.03,-0.02,0.04
20.749,-0.01,-0.02,-0.01,0.03
20.759,0.01,-0.04,-0.02,0.04
20.769,0.02,-0.05,-0.02,0.05
20.779,0.03,-0.04,-0.02,0.05
20.789,0.03,-0.04,-0.00,0.05
20.799,0.01,-0.03,-0.02,0.04
20.809,0.01,-0.04,-0.03,0.05
20.819,0.01,-0.03,-0.01,0.03
20.829,0.02,-0.03,-0.03,0.05
20.839,0.03,-0.03,-0.03,0.05
20.849,0.02,-0.03,-0.01,0.04
20.859,0.02,-0.04,-0.01,0.05
20.869,0.01,-0.05,-0.02,0.05
20.879,-0.02,-0.04,-0.01,0.04
20.889,0.01,-0.04,-0.01,0.05
20.899,0.00,-0.04,-0.02,0.04
20.909,-0.00,-0.02,-0.02,0.03
20.919,0.01,-0.02,-0.02,0.03
20.929,0.02,-0.04,-0.02,0.05
20.939,0.01,-0.03,-0.01,0.04
20.949,0.02,-0.02,-0.02,0.04
20.959,0.02,-0.04,-0.01,0.04
20.969,0.02,-0.05,-0.01,0.06
20.979,0.02,-0.03,-0.00,0.03
20.989,0.03,-0.02,0.00,0.03
20.999,0.03,-0.04,-0.01,0.05
21.009,0.04,-0.04,-0.01,0.06
21.019,0.03,-0.04,0.00,0.05
21.029,0.05,-0.03,-0.01,0.06
21.039,0.02,-0.04,-0.02,0.05
21.049,0.01,-0.04,-0.01,0.04
21.059,0.01,-0.03,-0.00,0.03
21.069,0.01,-0.02,-0.01,0.02
21.079,0.00,-0.04,-0.01,0.04
21.089,-0.02,-0.03,-0.02,0.04
21.099,-0.01,-0.04,-0.02,0.04
21.109,-0.00,-0.03,-0.01,0.04
21.119,0.01,-0.04,-0.01,0.04
21.129,0.02,-0.03,-0.00,0.04
21.139,0.03,-0.02,-0.01,0.04
21.149,0.02,-0.02,-0.00,0.03
21.159,0.04,-0.04,-0.01,0.05
21.169,0.03,-0.03,-0.01,0.04
21.179,0.02,-0.03,-0.01,0.04
21.189,0.02,-0.03,-0.03,0.05
21.199,0.00,-0.04,-0.01,0.04
21.209,-0.01,-0.03,-0.01,0.03
21.219,0.01,-0.03,-0.01,0.03
21.229,0.02,-0.04,-0.01,0.04
21.239,0.03,-0.03,-0.02,0.05
21.249,0.01,-0.03,-0.01,0.04
21.259,0.00,-0.04,-0.02,0.04
21.269,0.03,-0.02,-0.00,0.04
21.279,0.02,-0.03,-0.02,0.04
21.289,0.01,-0.04,-0.02,0.05
21.299,0.02,-0.02,-0.02,0.04
21.309,0.01,-0.03,-0.01,0.03
21.319,0.02,-0.03,-0.02,0.04
21.329,0.02,-0.03,-0.02,0.04
21.339,0.04,-0.03,-0.02,0.05
21.349,0.04,-0.04,-0.01,0.06
21.359,0.02,-0.03,-0.01,0.04
21.369,0.02,-0.03,-0.02,0.04
21.379,0.00,-0.04,-0.01,0.04
21.388,-0.01,-0.03,-0.01,0.03
21.399,-0.02,-0.03,-0.02,0.04
21.408,-0.00,-0.03,-0.02,0.04
21.418,0.02,-0.04,-0.01,0.05
21.429,0.02,-0.03,-0.02,0.04
21.438,0.02,-0.03,-0.01,0.04
21.448,0.04,-0.03,-0.01,0.05
21.458,0.03,-0.03,0.00,0.04
21.468,0.01,-0.02,-0.00,0.02
21.478,0.03,-0.05,-0.01,0.06
21.488,0.04,-0.03,-0.02,0.05
21.498,0.02,-0.02,-0.00,0.03
21.508,0.01,-0.04,-0.00,0.04
21.518,0.03,-0.02,-0.01,0.04
21.528,0.01,-0.02,-0.02,0.03
21.538,-0.00,-0.02,-0.00,0.02
21.548,0.00,-0.04,-0.02,0.04
21.558,-0.00,-0.04,-0.01,0.04
21.568,0.01,-0.03,0.00,0.03
21.578,0.01,-0.01,0.01,0.02
21.588,0.01,0.01,0.01,0.01
21.598,0.02,-0.01,-0.02,0.03
21.608,0.05,0.11,0.15,0.20
21.618,-0.13,0.28,0.08,0.32
21.628,-0.06,0.43,0.02,0.43
21.638,-0.11,0.55,-0.05,0.56
21.648,0.05,0.61,-0.04,0.61
21.658,-0.08,0.69,0.08,0.70
21.668,-0.08,0.57,-0.07,0.58
21.678,0.26,0.79,0.19,0.86
21.688,-0.02,0.56,-0.05,0.56
21.698,0.23,0.84,0.20,0.89
21.708,-0.18,0.61,-0.01,0.64
21.718,0.29,0.81,0.05,0.86
21.728,-0.09,0.84,-0.02,0.85
21.738,-0.12,0.87,0.04,0.88
21.748,0.02,0.88,-0.02,0.88
21.758,-0.04,0.92,0.04,0.92
21.768,-0.02,0.85,0.08,0.85
21.778,-0.04,0.85,0.07,0.85
21.788,-0.01,0.90,0.11,0.91
21.798,-0.07,0.87,0.06,0.88
21.808,0.07,0.91,-0.01,0.91
21.818,0.09,0.93,0.00,0.94
21.828,-0.05,0.95,0.06,0.95
21.838,0.00,0.84,0.02,0.84
21.848,0.07,0.86,0.05,0.87
21.858,-0.06,0.91,0.07,0.91
21.868,-0.03,0.93,0.05,0.93
21.878,-0.10,0.88,0.04,0.89
21.888,-0.12,0.74,0.02,0.75
21.898,-0.02,0.94,0.15,0.95
21.908,-0.15,0.68,-0.04,0.69
21.918,-0.23,1.00,-0.03,1.02
21.928,-0.29,0.97,0.02,1.01
21.938,-0.19,0.73,0.06,0.75
21.948,-0.17,0.84,0.12,0.87
21.958,-0.22,0.88,0.10,0.91
21.968,-0.08,0.70,0.03,0.71
21.978,-0.13,0.84,0.11,0.86
21.988,-0.37,0.78,0.04,0.86
21.998,0.01,0.92,0.05,0.92
22.008,-0.22,0.78,-0.08,0.81
22.018,-0.08,0.85,-0.01,0.85
22.028,-0.41,0.87,-0.03,0.96
22.038,0.34,0.98,0.23,1.06
22.047,-0.11,0.55,0.13,0.57
22.058,0.13,0.75,0.23,0.79
22.068,-0.31,0.63,-0.07,0.70
22.078,-0.15,0.92,-0.07,0.94
22.088,0.07,1.06,-0.15,1.07
22.098,-0.31,0.66,-0.07,0.74
22.108,0.07,0.69,0.28,0.75
22.118,-0.26,0.50,0.17,0.59
22.127,0.63,0.98,0.14,1.17
22.137,0.05,0.58,-0.14,0.60
22.147,-0.27,0.92,-0.21,0.98
22.158,-0.06,0.89,-0.10,0.90
22.167,-0.17,0.74,0.15,0.77
22.177,-0.10,0.87,0.31,0.92
22.187,0.43,0.84,0.15,0.96
22.197,-0.17,0.53,0.00,0.55
22.207,-0.47,1.07,0.07,1.17
22.217,0.18,1.07,-0.07,1.09
22.227,0.66,0.48,-0.09,0.82
22.237,-0.37,0.97,0.23,1.07
22.247,-0.54,0.53,0.03,0.75
22.257,0.26,0.84,0.19,0.90
22.267,-0.02,0.60,-0.14,0.62
22.277,0.04,0.87,0.29,0.92
22.287,-0.16,-0.30,-0.07,0.35
22.297,-0.30,0.87,0.15,0.93
22.307,0.45,0.91,0.15,1.02
22.317,0.50,-0.21,-0.14,0.56
22.327,-0.66,0.67,0.43,1.04
22.337,0.29,-0.19,-0.08,0.35
22.347,0.79,0.20,-0.27,0.86
22.357,-0.20,0.67,-0.35,0.78
22.367,-0.04,0.60,-0.22,0.64
22.377,-0.21,0.60,0.08,0.64
22.387,0.36,-0.25,0.18,0.48
22.397,-0.08,0.03,0.26,0.28
22.407,0.54,-0.18,0.05,0.57
22.417,-0.13,0.69,-0.06,0.70
22.427,0.21,0.09,-0.35,0.41
22.437,-0.43,0.95,0.27,1.08
22.447,0.05,-0.43,0.04,0.43
22.457,0.06,-0.40,0.13,0.42
22.467,-0.14,-0.13,-0.05,0.20
22.477,0.16,0.41,-0.34,0.56
22.487,0.15,0.47,-0.37,0.62
22.497,-0.46,0.50,0.11,0.69
22.507,-0.70,-0.46,0.16,0.85
22.517,-0.18,-0.31,0.40,0.54
22.527,0.28,-0.37,0.02,0.46
22.537,0.47,0.26,-0.43,0.69
22.547,0.35,0.75,-0.30,0.88
22.557,0.33,0.29,0.03,0.44
22.567,0.02,-0.51,0.27,0.58
22.577,-0.10,-0.23,0.44,0.51
22.587,0.19,-0.22,0.04,0.29
22.597,0.87,-0.27,-0.18,0.93
22.607,0.21,0.60,0.15,0.65
22.617,0.21,-0.17,-0.23,0.35
22.627,-0.07,0.55,0.22,0.59
22.637,0.59,-0.40,-0.05,0.71
22.647,0.19,-0.51,-0.30,0.62
22.657,0.13,0.39,-0.04,0.41
22.667,0.44,0.20,0.12,0.50
22.677,0.33,-0.00,0.16,0.37
22.687,0.14,0.24,0.46,0.53
22.697,0.85,-0.58,0.17,1.04
22.707,0.87,-0.40,-0.12,0.96
22.717,0.32,0.34,-0.18,0.50
22.727,0.25,0.15,-0.27,0.39
22.737,0.13,0.30,0.11,0.35
22.747,0.22,-0.45,0.08,0.51
22.757,0.28,0.19,0.13,0.36
22.766,0.29,-0.24,-0.25,0.45
22.776,0.48,-0.22,-0.48,0.71
22.786,-0.26,1.17,0.14,1.21
22.796,-0.07,-0.20,0.03,0.22
22.806,-0.06,-0.14,0.69,0.70
22.817,-0.22,-0.80,0.43,0.93
22.826,0.58,-0.33,-0.14,0.68
22.836,-0.23,0.62,-0.41,0.78
22.847,-0.35,0.20,-0.64,0.75
22.856,-0.53,0.40,-0.30,0.73
22.866,-0.08,-0.41,-0.08,0.43
22.877,-0.18,-0.56,0.10,0.60
22.886,-0.27,-0.21,-0.13,0.36
22.896,0.08,0.22,-0.49,0.54
22.906,-0.23,0.96,0.12,0.99
22.916,-0.16,-0.82,-0.08,0.84
22.926,-0.60,0.01,0.34,0.69
22.936,-0.19,-0.30,0.27,0.44
22.946,0.22,0.01,0.03,0.23
22.956,0.41,0.41,0.16,0.60
22.966,0.56,-0.39,-0.13,0.69
22.976,-0.34,0.24,0.28,0.50
22.986,0.01,-0.57,-0.06,0.57
22.996,0.05,0.55,0.12,0.56
23.006,0.41,-0.41,-0.21,0.61
23.016,0.14,0.02,-0.09,0.17
23.026,0.28,0.28,0.27,0.48
23.036,0.57,-0.64,-0.09,0.86
23.046,0.20,0.32,0.24,0.45
23.056,-0.09,-0.11,-0.01,0.14
23.066,0.04,-0.39,-0.19,0.43
23.076,0.43,0.04,-0.11,0.45
23.086,0.43,0.26,-0.02,0.50
23.096,0.50,-0.25,-0.11,0.57
23.106,0.19,-0.14,0.16,0.29
23.116,0.29,-0.34,-0.02,0.45
23.126,0.36,0.03,-0.26,0.45
23.136,0.00,0.50,-0.16,0.53
23.146,0.02,0.45,-0.07,0.46
23.156,-0.30,-0.16,-0.47,0.58
23.166,-0.82,0.24,0.06,0.86
23.176,-0.31,-0.44,0.30,0.62
23.186,0.49,-0.27,0.20,0.60
23.196,0.23,0.26,0.29,0.46
23.206,0.26,-0.04,-0.56,0.62
23.216,0.21,1.10,-0.33,1.16
23.226,0.97,-0.85,-0.35,1.34
23.236,0.20,-0.49,0.25,0.58
23.246,0.48,0.38,0.88,1.07
23.256,0.38,-0.49,0.28,0.68
23.266,1.64,0.11,0.14,1.65
23.276,0.83,1.10,0.78,1.59
23.286,-1.49,-0.75,-0.68,1.80
23.296,-1.13,-0.43,-0.82,1.46
23.306,-0.94,0.45,-0.04,1.04
23.316,-0.07,-0.02,-0.12,0.14
23.326,0.97,0.28,0.77,1.27
23.336,0.32,-0.22,0.52,0.65
23.346,0.85,0.07,-0.18,0.88
23.356,0.11,-0.56,-0.75,0.95
23.366,0.41,-0.25,0.00,0.48
23.376,0.22,0.45,0.34,0.60
23.386,-0.13,-0.25,0.18,0.33
23.396,1.16,-0.19,0.72,1.38
23.406,1.31,-0.52,0.23,1.43
23.416,0.16,0.21,-0.18,0.32
23.426,-1.29,0.97,-0.11,1.62
23.436,-0.21,-0.35,-0.02,0.41
23.446,-0.41,-0.37,-0.38,0.67
23.456,-0.05,-0.13,-0.19,0.24
23.465,0.55,-0.14,-0.45,0.73
23.475,-0.91,0.90,-0.53,1.38
23.485,0.18,-0.34,-0.52,0.65
23.495,0.68,-0.09,0.15,0.70
23.505,-0.45,-0.08,0.50,0.68
23.515,-0.68,-0.47,0.08,0.83
23.525,-0.37,0.54,0.16,0.67
23.535,1.61,-0.27,-0.19,1.64
23.545,-0.18,1.01,-0.13,1.03
23.555,-0.26,-0.23,-0.30,0.46
23.565,0.02,0.07,-0.23,0.24
23.575,0.02,0.17,0.40,0.44
23.585,-0.27,-0.27,0.20,0.43
23.595,-0.12,0.21,0.04,0.24
23.605,0.14,-0.31,-0.44,0.56
23.615,-0.20,0.63,-0.32,0.73
23.625,-0.55,-0.23,-0.31,0.68
23.635,-0.61,0.29,0.08,0.68
23.645,0.52,-0.77,0.26,0.96
23.655,0.02,0.09,0.08,0.13
23.665,0.65,-0.32,-0.25,0.76
23.675,-0.01,0.65,0.09,0.66
23.685,-0.08,-0.07,0.11,0.16
23.695,0.33,-0.44,0.03,0.55
23.705,0.37,-0.35,-0.04,0.51
23.715,-0.37,0.21,-0.15,0.45
23.725,-0.01,0.32,-0.06,0.33
23.735,0.58,-0.22,0.02,0.63
23.745,0.13,0.05,0.24,0.28
23.755,0.06,-0.12,0.46,0.48
23.765,-0.13,-0.65,0.13,0.67
23.775,0.04,-0.38,0.29,0.48
23.785,0.37,-0.08,0.10,0.39
23.795,0.15,0.23,-0.27,0.38
23.805,0.10,0.16,-0.12,0.22
23.815,-0.22,0.09,0.15,0.29
23.825,0.09,-0.62,0.15,0.64
23.835,-0.02,-0.30,0.07,0.31
23.845,0.55,-0.53,-0.48,0.90
23.855,-0.28,0.69,-0.19,0.77
23.865,-0.24,0.14,-0.40,0.49
23.875,0.07,0.13,-0.04,0.16
23.885,-0.14,-0.66,0.21,0.70
23.895,0.06,-0.36,0.41,0.55
23.905,-0.27,-0.23,-0.16,0.39
23.915,-0.20,0.40,-0.45,0.63
23.925,0.12,0.67,-0.32,0.75
23.935,-0.32,-0.26,-0.13,0.44
23.945,-0.43,-0.03,0.51,0.66
23.955,0.05,-0.62,0.35,0.71
23.965,0.36,0.13,0.36,0.53
23.975,-0.04,-0.07,0.06,0.10
23.985,-0.10,-0.12,-0.32,0.36
23.995,-0.18,0.60,-0.13,0.64
24.005,0.49,-0.64,-0.45,0.92
24.015,-0.42,0.09,-0.16,0.46
24.025,-0.05,0.19,-0.08,0.21
24.035,0.86,0.17,-0.06,0.88
24.045,0.55,-0.19,0.38,0.70
24.055,0.23,-0.64,0.27,0.74
24.065,0.12,0.28,0.17,0.34
24.075,0.71,0.35,-0.11,0.80
24.085,0.40,0.69,-0.23,0.83
24.095,-0.84,-0.49,-0.39,1.04
24.105,-0.55,-1.31,-0.29,1.44
24.114,0.26,1.01,0.93,1.40
24.125,0.47,-0.39,0.00,0.61
24.135,1.42,0.43,0.18,1.49
24.144,0.78,-0.76,-0.18,1.10
24.154,-0.94,0.26,-0.65,1.17
24.164,-0.01,0.07,-0.15,0.17
24.174,0.91,-0.16,0.07,0.93
24.184,0.15,0.24,0.77,0.83
24.194,0.93,-0.61,0.46,1.20
24.204,0.65,0.45,0.35,0.86
24.214,-0.48,0.34,-0.43,0.73
24.224,-0.84,-0.60,-0.89,1.36
24.234,-0.31,0.04,-0.33,0.46
24.244,-0.07,0.70,0.06,0.70
24.254,-0.03,-0.35,-0.17,0.39
24.264,-0.39,-0.06,0.64,0.75
24.274,-0.40,-0.50,0.52,0.83
24.284,-0.04,-0.90,-0.13,0.91
24.294,0.52,0.40,0.18,0.68
24.304,-0.11,0.44,-0.31,0.55
24.314,-0.82,-0.07,-0.48,0.95
24.324,-0.93,0.26,0.34,1.02
24.334,0.26,-1.09,-0.27,1.15
24.344,0.25,0.36,0.28,0.52
24.354,0.01,-0.02,-0.07,0.07
24.364,-0.00,0.28,-0.41,0.50
24.374,-1.56,0.69,-0.37,1.74
24.384,-0.87,-0.87,-0.34,1.27
24.394,-0.49,-1.38,-0.13,1.47
24.404,0.67,0.36,0.93,1.20
24.414,-0.05,0.03,0.46,0.46
24.424,0.87,-0.10,0.05,0.87
24.434,0.02,0.07,-0.17,0.18
24.444,-0.03,-0.32,-0.84,0.91
24.454,-1.22,-0.44,-1.04,1.67
24.464,-0.08,0.90,-0.00,0.91
24.474,0.58,0.03,0.57,0.82
24.484,0.61,-0.11,0.89,1.08
24.494,0.06,-0.88,0.75,1.16
24.504,-0.67,-0.43,-0.30,0.85
24.514,-0.22,0.34,-0.85,0.94
24.524,0.33,-0.27,-0.19,0.47
24.534,0.93,-0.05,0.62,1.12
24.544,0.80,0.34,0.52,1.02
24.554,0.43,0.02,0.10,0.44
24.564,0.59,-0.02,-0.13,0.61
24.574,-1.32,-0.75,-1.06,1.85
24.584,-1.10,0.21,-0.34,1.18
24.594,-0.31,0.34,0.43,0.63
24.604,1.36,-0.07,0.46,1.44
24.614,0.33,0.12,0.71,0.79
24.624,-0.45,-3.18,-0.09,3.21
24.634,0.77,-0.61,0.47,1.09
24.644,1.38,-0.84,0.75,1.78
24.654,1.32,0.83,-0.14,1.56
24.664,1.35,-1.46,-0.83,2.16
24.674,1.21,0.12,0.16,1.23
24.684,1.07,0.02,0.19,1.09
24.694,1.31,-0.29,-0.18,1.35
24.704,1.20,-1.95,-0.46,2.34
24.714,-0.43,-1.41,1.15,1.87
24.724,-1.89,-0.77,0.73,2.17
24.734,0.81,0.37,0.55,1.04
24.744,-0.84,1.13,-0.33,1.45
24.754,-0.38,-1.29,-1.63,2.11
24.763,-0.23,-2.56,-0.78,2.69
24.774,-1.68,-0.42,0.59,1.84
24.783,-2.21,-2.22,0.02,3.13
24.794,-0.99,0.44,-0.11,1.09
24.803,0.86,-1.31,0.10,1.57
24.814,0.45,0.07,0.06,0.46
24.823,-0.34,-0.59,-0.50,0.85
24.834,-0.13,-0.40,-0.33,0.53
24.843,-1.08,-1.07,-0.46,1.59
24.853,-0.74,-1.88,0.37,2.05
24.863,-2.69,-1.21,0.61,3.01
24.873,-1.83,-1.15,0.02,2.16
24.883,-1.28,0.80,-0.70,1.66
24.893,-1.64,-0.92,-1.66,2.51
24.903,-3.42,0.01,-0.82,3.52
24.913,-1.32,-0.57,-0.25,1.46
24.923,-2.28,-1.09,-0.05,2.52
24.933,-1.91,0.15,0.05,1.92
24.943,-2.05,-0.87,-0.29,2.24
24.953,-0.86,0.68,-0.14,1.11
24.963,-1.09,-0.40,-0.68,1.35
24.973,-1.00,0.34,-0.30,1.10
24.983,-0.94,0.33,-0.28,1.03
24.993,-0.04,0.31,-0.07,0.32
25.003,-0.57,0.58,0.18,0.84
25.013,0.10,0.20,-0.22,0.31
25.023,-0.24,0.42,-0.09,0.50
25.033,-0.30,0.80,-0.42,0.96
25.043,0.70,1.06,-0.41,1.33
25.053,-0.35,0.93,-0.08,1.00
25.063,0.15,-0.07,0.27,0.31
25.073,1.26,-0.00,0.43,1.33
25.083,0.50,0.89,0.65,1.21
25.093,1.79,0.45,0.01,1.85
25.103,0.92,0.60,-0.19,1.12
25.113,0.35,0.43,-0.49,0.75
25.123,0.42,0.43,-0.00,0.60
25.133,0.17,1.04,0.09,1.06
25.143,0.49,0.17,0.45,0.69
25.153,1.50,0.50,0.46,1.64
25.163,0.73,0.38,0.48,0.95
25.173,0.44,1.06,0.42,1.22
25.183,1.25,-0.15,0.13,1.26
25.193,0.52,0.54,-0.05,0.75
25.203,1.10,0.33,-0.11,1.15
25.213,2.10,-0.34,-0.23,2.13
25.223,0.94,1.23,0.35,1.58
25.233,0.77,0.25,0.08,0.81
25.243,1.07,0.53,0.21,1.22
25.253,1.70,-0.44,0.20,1.76
25.263,1.58,0.36,0.30,1.65
25.273,1.83,-0.22,-0.01,1.84
25.283,1.65,0.49,0.06,1.72
25.293,1.70,0.10,-0.27,1.73
25.303,1.32,0.52,-0.07,1.42
25.313,1.31,0.20,0.04,1.33
25.323,0.67,-0.20,-0.19,0.73
25.333,0.93,0.23,-0.02,0.96
25.343,0.66,0.12,-0.04,0.67
25.353,0.17,0.35,-0.09,0.40
25.363,0.59,-0.81,-0.17,1.02
25.373,-1.95,0.49,0.33,2.04
25.382,0.21,-0.58,-0.63,0.89
25.393,-0.56,0.74,-0.01,0.93
25.403,-0.31,0.35,-0.13,0.49
25.413,-0.50,-0.25,-0.47,0.73
25.423,-0.70,0.07,-0.13,0.72
25.433,-1.71,-0.12,-0.17,1.73
25.443,-0.99,0.19,0.07,1.01
25.453,-0.85,0.05,0.04,0.85
25.463,-1.21,0.10,-0.02,1.22
25.473,-0.46,-0.20,-0.25,0.56
25.482,-0.89,0.01,-0.15,0.90
25.492,-0.68,0.03,-0.11,0.69
25.502,-0.46,-0.04,-0.47,0.66
25.512,-0.51,0.30,-0.09,0.60
25.522,-0.33,0.21,0.10,0.41
25.532,-0.15,-0.10,0.14,0.23
25.542,-0.01,-0.35,0.12,0.37
25.552,-0.50,0.36,0.01,0.62
25.562,-0.30,0.09,-0.47,0.56
25.573,-0.06,0.34,-0.09,0.36
25.582,0.39,-0.17,0.07,0.44
25.592,-0.12,-0.04,0.28,0.31
25.602,0.17,-0.02,0.19,0.26
25.612,0.28,0.18,0.17,0.37
25.622,1.18,-0.14,-0.10,1.19
25.632,-0.41,0.27,-0.01,0.49
25.642,0.32,0.04,-0.26,0.41
25.652,0.40,0.42,0.15,0.60
25.662,0.38,-0.03,-0.08,0.39
25.672,0.01,0.26,0.27,0.37
25.682,0.49,-0.54,0.26,0.78
25.692,0.73,-0.09,0.46,0.86
25.702,0.61,0.40,0.32,0.80
25.712,0.95,0.22,-0.09,0.98
25.722,0.71,-1.16,-1.07,1.73
25.732,0.13,-1.29,-2.20,2.56
25.742,-0.16,1.43,-1.08,1.80
25.752,-0.78,6.88,4.83,8.44
25.762,1.68,-4.37,2.42,5.27
25.772,1.55,-5.26,1.95,5.83
25.782,0.22,-0.98,-1.50,1.81
25.792,-0.79,1.62,-1.97,2.67
25.802,0.15,2.73,-2.08,3.44
25.812,-0.31,1.77,-1.56,2.38
25.822,-0.98,0.33,-0.20,1.06
25.832,-0.27,-1.32,0.68,1.51
25.842,2.44,-1.87,1.94,3.63
25.852,0.03,-1.38,0.49,1.47
25.862,0.90,0.09,0.04,0.91
25.872,-0.35,0.81,-0.80,1.19
25.882,-0.78,1.32,-0.91,1.79
25.892,-0.60,0.94,-0.29,1.15
25.902,-0.44,-0.33,-0.44,0.70
25.912,0.29,-0.86,0.12,0.91
25.922,-0.52,-0.61,0.57,0.98
25.932,0.58,0.16,1.00,1.17
25.942,0.30,-0.19,0.28,0.46
25.952,0.23,0.02,-0.43,0.49
25.962,-0.26,0.56,-0.75,0.97
25.972,-0.44,0.71,-0.21,0.87
25.982,-0.29,-0.78,-0.37,0.90
25.992,-0.42,0.29,0.25,0.57
26.002,-0.19,-0.18,-0.05,0.27
26.012,0.36,0.23,0.08,0.43
26.022,0.10,-0.13,0.05,0.17
26.032,-0.02,0.21,0.22,0.31
26.042,-0.57,-0.09,-0.26,0.63
26.052,-0.05,-0.46,-0.34,0.57
26.062,0.39,0.37,0.24,0.59
26.072,0.38,0.17,0.03,0.42
26.082,0.76,-0.93,-0.50,1.30
26.092,0.04,-0.81,-1.07,1.34
26.102,-0.38,0.50,-1.55,1.67
26.112,-0.82,4.37,1.88,4.83
26.122,1.20,-1.42,2.43,3.06
26.132,1.41,-3.82,2.24,4.65
26.141,0.45,-2.81,-0.70,2.93
26.151,-1.05,2.11,-1.20,2.64
26.162,0.74,1.93,-1.41,2.50
26.172,0.00,1.23,-1.39,1.86
26.181,-1.12,0.95,0.38,1.52
26.192,0.71,-1.87,0.59,2.08
26.201,1.87,-1.80,1.37,2.94
26.211,0.57,-0.62,0.35,0.91
26.221,0.38,-0.44,-0.62,0.85
26.231,0.81,0.88,-0.31,1.23
26.241,0.26,0.99,-0.21,1.05
26.251,-0.19,-0.04,-0.08,0.21
26.261,0.53,-0.91,0.34,1.10
26.271,1.02,-0.58,-0.10,1.18
26.281,1.45,-1.53,-1.00,2.33
26.291,0.93,-0.83,-2.04,2.39
26.301,0.15,0.47,-1.80,1.87
26.311,-0.83,7.65,4.23,8.78
26.321,1.31,-3.29,2.17,4.15
26.331,1.07,-5.30,2.78,6.08
26.341,1.57,-1.64,0.71,2.38
26.351,-0.64,-0.65,-2.48,2.65
26.361,-0.71,2.92,-1.60,3.41
26.371,-0.17,2.37,-2.02,3.12
26.381,-0.16,1.93,-0.03,1.94
26.391,0.31,-1.75,-0.47,1.84
26.401,0.03,-2.21,1.37,2.59
26.411,0.98,-2.07,0.79,2.42
26.421,-0.09,0.36,0.05,0.37
26.431,-0.06,1.28,-0.31,1.31
26.441,-0.05,0.62,-0.50,0.80
26.451,-0.40,0.32,-0.10,0.52
26.461,-0.71,-0.82,-0.11,1.09
26.471,-0.39,0.16,0.47,0.63
26.481,0.46,-1.08,-0.22,1.19
26.491,0.74,0.32,0.26,0.85
26.501,-0.01,-0.41,-0.35,0.54
26.511,-1.86,0.44,-0.33,1.94
26.521,0.04,-0.90,-1.08,1.41
26.531,-0.52,-0.07,-1.37,1.47
26.541,0.06,0.05,-1.33,1.33
26.551,-1.15,1.66,0.03,2.02
26.561,0.33,0.22,1.37,1.42
26.571,0.93,-1.00,2.26,2.64
26.581,1.42,-1.32,2.31,3.01
26.591,-0.56,1.73,3.59,4.03
26.601,0.71,1.75,5.34,5.66
26.611,1.87,-4.03,4.45,6.29
26.621,0.24,-4.63,-0.19,4.64
26.631,-0.40,1.64,-1.62,2.34
26.641,-0.77,1.24,-2.78,3.14
26.651,-1.00,2.79,-2.59,3.94
26.661,-1.23,1.84,-0.71,2.32
26.671,0.20,-2.02,-0.76,2.16
26.681,0.68,-3.22,1.60,3.66
26.691,1.19,-0.77,2.37,2.76
26.701,-0.31,-1.39,-0.69,1.58
26.711,-0.84,1.34,-0.76,1.76
26.721,-1.19,1.20,-0.60,1.79
26.731,-0.96,0.37,-0.86,1.34
26.741,-0.10,-0.01,-0.79,0.80
26.751,-0.25,-1.23,-0.42,1.32
26.761,-0.03,-0.15,0.33,0.36
26.771,-0.22,-0.23,0.58,0.67
26.781,0.25,-0.21,0.37,0.49
26.791,-0.34,0.32,0.03,0.46
26.801,-0.61,-0.61,-0.44,0.97
26.811,-0.33,0.18,-0.54,0.66
26.821,-0.00,0.31,-0.62,0.69
26.831,-0.60,-0.21,-0.62,0.88
26.840,-0.64,0.12,-0.63,0.91
26.850,-0.24,0.08,-0.44,0.50
26.860,0.02,-0.17,-0.62,0.64
26.871,-0.52,-0.26,-0.98,1.14
26.881,-0.63,0.42,-0.96,1.22
26.890,-0.41,0.45,-1.00,1.17
26.900,-0.24,-0.14,-0.79,0.83
26.910,-0.31,0.26,-0.46,0.61
26.920,-0.30,0.72,0.19,0.80
26.930,0.68,-0.09,-0.04,0.68
26.940,0.37,-0.52,0.31,0.71
26.950,0.37,-0.27,0.36,0.58
26.960,-0.55,0.15,-0.20,0.60
26.970,0.61,0.81,-0.23,1.04
26.980,0.67,-0.27,-0.53,0.90
26.990,-0.42,0.47,-0.26,0.69
27.000,0.69,-0.10,-0.66,0.96
27.011,0.02,0.86,0.24,0.89
27.020,0.40,-0.64,0.61,0.97
27.030,0.53,-0.12,0.81,0.98
27.040,0.43,-0.61,-0.10,0.75
27.050,0.31,0.37,-0.80,0.93
27.060,0.30,2.36,0.72,2.48
27.070,0.23,-1.06,0.22,1.11
27.080,-0.59,-0.62,0.57,1.03
27.090,1.39,0.03,0.27,1.41
27.100,0.03,0.55,-0.50,0.74
27.110,0.38,-0.00,-0.44,0.58
27.120,0.44,0.13,-0.20,0.50
27.130,-0.71,0.77,0.04,1.05
27.140,-0.72,-0.18,0.22,0.77
27.150,0.18,-0.37,0.11,0.43
27.160,0.55,0.12,0.10,0.57
27.170,0.27,-0.08,-0.08,0.30
27.180,0.06,0.38,-0.21,0.44
27.190,-0.70,0.24,-0.27,0.79
27.200,0.43,0.48,0.16,0.66
27.210,0.35,-0.38,0.11,0.53
27.220,0.22,-0.38,0.17,0.47
27.230,0.10,0.02,-0.29,0.30
27.240,0.42,0.79,-0.06,0.90
27.250,0.10,-0.36,-0.23,0.44
27.260,-0.64,0.48,0.34,0.87
27.270,0.21,-0.12,0.26,0.35
27.280,0.75,0.14,0.43,0.87
27.290,-0.05,-0.86,-0.14,0.87
27.300,0.21,0.10,-0.08,0.25
27.310,-0.24,0.60,-0.45,0.78
27.320,0.07,0.16,-0.43,0.46
27.330,0.03,0.69,0.31,0.75
27.340,0.49,-1.42,-0.15,1.51
27.350,0.40,-0.33,0.28,0.59
27.360,-0.67,0.63,0.19,0.94
27.370,0.33,-0.16,-0.22,0.43
27.380,0.12,0.44,0.32,0.55
27.390,-0.21,-1.37,-0.20,1.40
27.400,-1.14,0.97,0.04,1.50
27.410,-0.06,0.03,-0.24,0.25
27.420,0.86,-0.29,-0.41,1.00
27.430,0.28,-0.47,-0.23,0.59
27.440,-0.80,0.23,0.24,0.86
27.450,-0.65,-0.03,-0.19,0.68
27.460,0.22,-0.08,0.12,0.26
27.470,0.12,-0.75,-0.35,0.84
27.480,-0.57,0.32,-0.04,0.65
27.490,-0.50,0.08,-0.14,0.52
27.500,-0.14,0.41,-0.27,0.51
27.510,-0.20,-0.43,-0.29,0.56
27.519,0.21,-0.14,0.09,0.27
27.530,-0.78,0.06,-0.16,0.80
27.539,0.44,-0.26,0.02,0.51
27.549,0.58,0.69,0.15,0.92
27.559,0.33,-0.42,0.24,0.59
27.570,-0.38,-0.70,0.56,0.97
27.579,-0.43,-0.18,-0.22,0.52
27.590,0.42,0.36,-0.68,0.87
27.599,0.53,0.46,-0.68,0.98
27.609,-0.54,-0.12,0.15,0.58
27.619,-0.78,-0.47,0.21,0.93
27.629,0.24,0.39,0.24,0.52
27.639,0.83,-0.40,-0.19,0.94
27.649,0.49,-0.06,0.22,0.54
27.659,-0.32,-0.14,0.16,0.38
27.669,-0.10,0.14,0.25,0.30
27.679,0.79,0.26,0.36,0.90
27.689,0.50,-0.81,-0.30,1.00
27.699,0.16,0.31,0.04,0.35
27.709,0.12,0.11,-0.33,0.37
27.719,0.36,-0.30,-0.25,0.53
27.729,0.40,-0.26,0.29,0.56
27.739,0.01,-0.31,0.16,0.35
27.749,0.22,-0.47,0.07,0.53
27.759,0.11,0.31,-0.25,0.42
27.769,-0.00,-0.12,-0.28,0.31
27.779,-0.04,-0.14,-0.25,0.29
27.789,0.00,0.11,-0.02,0.11
27.799,-0.02,-0.21,0.31,0.37
27.809,0.44,-0.46,-0.03,0.64
27.819,0.24,0.16,0.30,0.42
27.829,0.18,0.07,0.25,0.31
27.839,0.01,-0.54,-0.30,0.62
27.849,0.36,-0.06,0.28,0.46
27.859,0.12,-0.45,-0.31,0.56
27.869,0.09,0.78,0.21,0.81
27.879,0.89,-0.74,-0.21,1.18
27.889,-0.78,0.12,-0.06,0.79
27.899,-0.56,-0.56,-0.27,0.84
27.909,0.13,0.46,-0.14,0.50
27.919,-0.46,0.70,0.69,1.09
27.929,0.56,-1.41,-0.36,1.56
27.939,-0.65,0.85,0.30,1.11
27.949,0.14,-0.84,-0.77,1.15
27.959,-0.47,1.09,0.11,1.19
27.969,-0.22,-0.70,-0.24,0.77
27.979,0.07,0.87,0.45,0.98
27.989,-0.40,-0.85,-0.09,0.95
27.999,-0.26,-0.56,-0.40,0.74
28.009,-0.42,0.47,-0.59,0.86
28.019,-0.51,1.43,-0.19,1.53
28.029,-0.25,-0.50,0.18,0.58
28.039,-0.52,-0.77,0.65,1.14
28.049,-0.16,-0.43,0.25,0.52
28.059,0.24,0.29,-0.39,0.54
28.069,-0.46,0.90,-0.39,1.08
28.079,-0.69,0.41,-0.43,0.91
28.089,-0.23,-0.66,-0.34,0.77
28.099,-0.39,0.53,0.40,0.77
28.109,-0.05,-0.80,0.20,0.83
28.119,0.22,-0.24,-0.16,0.37
28.129,0.30,0.42,0.37,0.64
28.139,-0.66,0.59,0.56,1.05
28.149,-0.43,-0.83,-0.33,0.99
28.158,-0.57,0.54,-0.25,0.82
28.169,-0.46,-0.10,-0.34,0.58
28.178,-0.04,0.48,0.22,0.53
28.189,0.23,-0.25,-0.03,0.34
28.198,0.59,-0.26,0.37,0.75
28.209,-0.70,-0.06,0.10,0.71
28.218,0.04,0.27,0.26,0.38
28.228,-0.13,-0.01,0.04,0.14
28.238,0.41,0.18,-0.06,0.45
28.248,0.32,-0.30,-0.24,0.50
28.258,-0.01,-0.53,-0.17,0.55
28.268,0.14,0.59,0.31,0.68
28.278,0.37,-0.04,-0.10,0.38
28.288,-0.16,0.31,-0.31,0.47
28.298,0.06,0.45,0.14,0.48
28.308,0.06,-0.73,0.06,0.74
28.318,0.11,-0.21,0.01,0.24
28.328,0.39,0.60,-0.06,0.72
28.338,0.42,0.04,-0.08,0.43
28.348,-0.20,0.56,0.62,0.86
28.358,-0.05,-0.73,-0.19,0.76
28.368,0.46,0.37,0.35,0.69
28.378,0.64,-0.22,-0.26,0.72
28.388,0.12,0.24,-0.09,0.29
28.398,0.42,0.31,-0.07,0.53
28.408,0.11,0.48,0.53,0.72
28.418,0.12,-0.15,0.68,0.70
28.428,0.22,-0.79,0.05,0.82
28.438,-0.20,0.32,-0.16,0.41
28.448,-0.26,0.18,-0.43,0.53
28.458,0.42,0.33,-0.00,0.54
28.468,-0.26,0.07,-0.21,0.34
28.478,-0.53,-0.14,-0.28,0.61
28.488,-0.88,0.17,0.13,0.90
28.498,-0.70,0.20,0.10,0.74
28.508,0.48,-0.27,-0.06,0.56
28.518,-0.56,-0.00,-0.04,0.56
28.528,-0.67,0.50,0.19,0.86
28.538,-0.34,-0.08,0.12,0.36
28.548,0.81,-0.63,-0.37,1.09
28.558,-0.25,0.77,0.00,0.81
28.568,0.09,-0.73,-0.75,1.05
28.578,0.17,0.57,0.12,0.61
28.588,0.55,-0.20,0.32,0.67
28.598,-0.25,0.12,0.88,0.92
28.608,0.04,-1.47,0.25,1.49
28.618,0.36,0.53,0.00,0.65
28.628,0.31,0.30,-0.62,0.76
28.638,-0.11,0.09,-0.60,0.61
28.648,-0.49,-0.26,-0.44,0.70
28.658,0.10,-0.11,-0.18,0.23
28.668,0.56,0.41,0.34,0.78
28.678,0.87,-0.25,0.17,0.93
28.688,0.39,-0.28,-0.02,0.48
28.698,0.18,0.23,-0.05,0.30
28.708,0.05,-0.25,-0.23,0.34
28.718,0.23,0.23,-0.07,0.33
28.728,0.24,0.52,-0.00,0.57
28.738,0.07,-0.56,0.22,0.61
28.748,-0.05,0.10,0.70,0.71
28.758,0.38,-1.22,-0.38,1.33
28.768,0.58,0.74,-0.11,0.95
28.778,0.01,0.04,-0.56,0.56
28.788,-0.63,0.39,-0.05,0.74
28.798,-0.30,-0.19,-0.23,0.42
28.808,-0.54,0.22,-0.29,0.65
28.818,-0.50,0.23,-0.05,0.55
28.828,-0.35,-0.37,0.03,0.52
28.838,-0.08,0.02,0.08,0.12
28.848,-0.18,-0.08,-0.55,0.59
28.858,-0.70,0.68,-0.00,0.98
28.867,-0.28,-0.31,-0.15,0.45
28.878,-0.39,-0.22,-0.00,0.45
28.888,-0.70,-0.46,-0.49,0.97
28.898,-0.76,0.62,-0.33,1.03
28.908,-0.44,0.18,-0.64,0.79
28.918,-0.39,0.27,-0.17,0.50
28.927,-0.72,-0.48,-0.17,0.88
28.937,-0.27,0.49,0.64,0.85
28.947,-0.03,-0.29,0.40,0.49
28.957,0.40,-0.21,0.53,0.70
28.967,-0.49,-0.41,0.05,0.64
28.977,-0.02,0.48,-0.14,0.50
28.987,0.31,-0.14,-0.71,0.79
28.997,0.05,0.25,-0.61,0.66
29.007,-0.68,0.47,0.17,0.84
29.017,0.26,-0.68,-0.08,0.73
29.027,0.70,0.12,0.29,0.77
29.037,0.36,-0.57,-0.17,0.70
29.047,0.40,0.40,-0.14,0.58
29.057,-0.14,1.56,1.24,2.00
29.067,-0.02,-0.50,1.16,1.27
29.077,0.51,-1.29,0.85,1.63
29.087,0.64,-1.05,-0.56,1.34
29.097,0.15,0.63,-1.06,1.24
29.107,0.44,1.88,0.29,1.95
29.117,-0.18,-0.08,-0.22,0.30
29.127,0.10,-0.59,0.38,0.71
29.137,1.27,-0.73,0.18,1.47
29.147,0.57,0.02,0.14,0.59
29.157,0.06,-0.09,-0.61,0.62
29.167,-0.13,0.56,-0.34,0.67
29.177,-0.41,0.14,0.18,0.47
29.187,-0.31,0.38,0.42,0.65
29.197,-0.33,-0.47,0.09,0.58
29.207,0.15,-0.31,-0.04,0.35
29.217,-0.16,0.14,0.11,0.24
29.227,-0.39,0.14,-0.09,0.42
29.237,-0.55,0.32,0.23,0.67
29.247,-0.59,-0.51,0.18,0.80
29.257,-0.39,-0.41,0.15,0.58
29.267,-0.40,-0.58,-0.63,0.94
29.277,-0.36,1.09,-0.57,1.28
29.287,-0.37,0.52,-0.49,0.81
29.297,0.35,-1.23,-0.63,1.43
29.307,-0.36,0.09,-0.13,0.39
29.317,-0.40,0.94,0.31,1.07
29.327,0.62,-0.10,0.69,0.93
29.337,0.24,-0.74,0.90,1.19
29.347,0.06,-1.39,-0.70,1.56
29.357,-0.05,0.80,-0.79,1.13
29.367,-0.17,1.55,-0.26,1.58
29.377,0.08,0.05,0.36,0.37
29.387,-0.40,-0.83,0.74,1.19
29.397,0.69,-0.54,0.93,1.28
29.407,1.00,-0.53,0.49,1.23
29.417,0.74,-0.38,-0.37,0.91
29.427,-0.28,0.26,-0.66,0.77
29.437,-0.06,1.07,-0.55,1.20
29.447,0.39,-0.70,-0.48,0.94
29.457,-0.47,0.83,0.37,1.02
29.467,0.81,-0.87,-0.07,1.19
29.477,0.41,0.79,0.91,1.27
29.487,0.18,-1.49,-0.12,1.51
29.497,0.03,-0.11,-0.13,0.17
29.507,-0.48,0.68,-0.06,0.84
29.517,-0.15,0.25,-0.67,0.73
29.527,-0.87,0.76,-0.06,1.16
29.536,0.04,-0.40,0.14,0.42
29.547,0.73,-0.42,0.75,1.13
29.557,-0.34,-0.98,0.02,1.04
29.566,-1.03,0.37,0.02,1.10
29.576,-0.96,0.89,-0.18,1.32
29.587,-0.49,-0.34,-0.34,0.69
29.596,-0.77,0.46,0.25,0.93
29.606,-0.54,-0.74,-0.29,0.96
29.616,-0.11,-0.18,0.05,0.22
29.627,-0.18,-0.12,-0.25,0.33
29.636,-0.03,0.26,-0.47,0.54
29.646,0.05,0.36,-0.28,0.46
29.656,-0.08,0.38,0.49,0.62
29.666,0.01,-1.20,0.13,1.20
29.676,-0.05,-0.51,-0.17,0.54
29.686,0.27,0.44,-0.05,0.52
29.696,0.19,0.21,-0.55,0.61
29.706,-0.01,0.32,0.07,0.33
29.716,-0.35,-0.14,0.16,0.41
29.726,0.62,-0.63,0.28,0.92
29.736,0.43,-0.59,-0.34,0.81
29.746,0.88,0.57,0.02,1.05
29.756,0.51,-0.15,0.08,0.54
29.766,0.41,-0.33,0.30,0.60
29.776,0.58,-0.13,0.37,0.70
29.786,0.67,-0.05,-0.16,0.69
29.796,0.57,-0.06,-0.31,0.65
29.806,0.65,-0.12,-0.56,0.87
29.816,0.44,0.59,-0.39,0.84
29.826,0.05,0.43,0.00,0.43
29.836,0.35,-0.44,0.18,0.58
29.846,0.60,-0.91,-0.03,1.09
29.856,0.43,0.32,0.21,0.58
29.866,0.74,0.85,0.54,1.25
29.876,0.95,-1.28,0.06,1.60
29.886,0.10,-0.29,-0.17,0.35
29.896,-0.11,1.39,-0.10,1.40
29.906,-0.22,0.75,-0.40,0.88
29.916,0.71,-1.87,-0.88,2.19
29.926,-1.60,0.85,0.48,1.88
29.936,-0.51,-0.12,0.15,0.54
29.946,1.15,-0.56,-0.04,1.28
29.956,0.31,-0.18,0.70,0.78
29.966,-0.47,-0.21,0.03,0.52
29.976,-0.70,-0.72,-0.42,1.09
29.986,-0.33,0.24,-0.89,0.98
29.996,-0.61,0.02,-0.41,0.74
30.006,-0.46,-0.07,0.41,0.62
30.016,-1.05,1.23,0.50,1.70
30.026,0.03,-1.00,-0.31,1.05
30.036,-0.01,-1.37,0.25,1.39
30.046,-0.97,0.78,-0.48,1.34
30.056,-0.47,-0.55,-0.66,0.98
30.066,0.34,-1.35,-0.33,1.43
30.076,-0.67,0.30,1.06,1.29
30.086,0.15,-0.54,-0.38,0.68
30.096,-0.72,0.37,-0.62,1.02
30.106,0.09,-0.23,-0.73,0.77
30.116,-0.70,-1.19,-0.55,1.49
30.126,-1.02,0.82,0.88,1.57
30.136,0.59,-1.01,-0.17,1.19
30.146,-0.28,0.36,0.39,0.60
30.156,-0.36,-0.75,0.34,0.90
30.166,-0.36,0.35,0.03,0.51
30.176,0.69,-0.88,-0.39,1.18
30.186,-0.07,0.08,-0.31,0.33
30.196,0.43,-0.29,-0.12,0.53
30.206,-0.15,-0.42,0.33,0.55
30.216,0.27,-0.04,0.22,0.35
30.226,-0.22,-0.29,-0.04,0.37
30.235,0.30,-0.22,-0.22,0.43
30.245,0.23,-0.74,-0.44,0.89
30.256,-0.09,0.00,-0.17,0.20
30.266,0.30,0.33,-0.06,0.45
30.276,0.01,-0.43,0.08,0.44
30.285,0.33,-0.37,0.83,0.96
30.295,-0.50,-0.76,0.16,0.92
30.305,0.01,-0.35,-0.58,0.68
30.315,0.12,0.08,-0.71,0.73
30.326,-0.47,0.48,-0.16,0.69
30.335,-0.58,-0.57,0.05,0.81
30.345,-0.09,-0.30,0.38,0.49
30.355,0.17,-0.40,0.28,0.52
30.365,-0.17,-0.39,-0.06,0.43
30.375,-0.88,-0.01,-0.19,0.90
30.385,0.10,0.62,0.03,0.63
30.395,0.05,-0.61,-0.43,0.75
30.405,-0.48,-0.33,0.32,0.67
30.415,-0.27,-0.28,0.23,0.45
30.425,-0.05,-0.20,-0.48,0.52
30.435,-0.61,-0.05,0.01,0.61
30.445,-0.74,-0.02,0.02,0.74
30.455,0.27,-1.07,-0.85,1.39
30.465,-0.31,1.03,0.29,1.11
30.475,-0.37,0.18,0.54,0.68
30.485,0.11,-0.88,0.17,0.91
30.495,-0.12,-0.29,0.26,0.41
30.505,0.26,-0.40,-0.14,0.50
30.515,-0.12,0.03,-0.60,0.61
30.525,0.51,0.45,-0.45,0.82
30.535,0.37,-0.17,-0.20,0.45
30.545,-0.08,0.34,0.92,0.99
30.555,0.54,-1.07,0.51,1.30
30.565,-0.09,-0.50,-0.11,0.52
30.575,0.01,0.12,-0.31,0.34
30.585,-0.25,0.50,-0.58,0.81
30.595,0.30,0.69,-0.35,0.83
30.605,-0.31,-0.50,-0.29,0.65
30.615,-0.27,0.09,0.81,0.86
30.625,0.28,-0.46,0.11,0.54
30.635,0.19,-0.28,-0.10,0.35
30.645,-0.30,-0.06,-0.14,0.34
30.655,-0.59,0.09,0.01,0.60
30.665,-0.07,0.16,0.14,0.23
30.675,0.09,0.23,0.00,0.24
30.685,-0.01,-0.20,-0.18,0.27
30.695,-0.16,0.03,0.14,0.22
30.705,-0.07,-0.57,0.20,0.61
30.715,-0.86,0.40,0.11,0.96
30.725,0.37,-0.76,-0.76,1.14
30.735,0.34,0.68,-0.01,0.76
30.745,-0.88,0.30,-0.01,0.93
30.755,-0.14,-0.46,-0.45,0.66
30.765,0.20,0.09,0.34,0.40
30.775,-0.28,-0.35,0.37,0.58
30.785,-0.03,-0.18,0.38,0.42
30.795,0.26,-0.28,-0.05,0.38
30.805,0.62,-0.26,0.02,0.67
30.815,-0.35,-0.20,-0.35,0.53
30.825,-0.31,0.12,-0.21,0.39
30.835,-0.50,0.23,-0.12,0.57
30.845,0.30,-0.35,-0.03,0.46
30.854,-0.36,-0.57,0.23,0.71
30.865,-0.47,0.08,0.12,0.49
30.875,0.32,0.09,-0.11,0.35
30.885,-0.20,-0.26,-0.21,0.39
30.895,-0.22,0.18,0.10,0.30
30.905,-0.11,-0.41,-0.08,0.43
30.915,0.21,-0.28,0.39,0.53
30.925,-0.17,-0.28,0.18,0.37
30.934,0.36,-0.56,-0.44,0.80
30.944,-0.55,0.74,-0.09,0.93
30.954,-0.81,0.19,-0.28,0.88
30.964,-0.19,-0.04,-0.09,0.21
30.974,-0.36,-0.92,-0.13,1.00
30.984,-0.54,0.36,0.29,0.71
30.994,-0.07,-0.19,0.02,0.20
31.004,-0.21,0.15,-0.18,0.32
31.014,-0.38,-0.25,-0.25,0.51
31.024,-0.65,-0.13,-0.05,0.66
31.034,-0.16,0.26,0.10,0.32
31.044,-0.07,-0.29,-0.39,0.49
31.054,0.53,0.24,-0.06,0.58
31.064,-0.00,0.46,-0.07,0.47
31.074,0.13,0.02,0.20,0.23
31.084,-0.35,-1.01,-0.44,1.16
31.094,-0.24,0.64,0.15,0.70
31.104,0.49,0.23,-0.03,0.54
31.114,0.58,0.49,0.45,0.88
31.124,0.33,-0.60,0.41,0.79
31.134,-0.27,-0.66,0.26,0.76
31.144,0.20,-0.12,-0.28,0.36
31.154,0.66,0.03,-0.74,0.99
31.164,0.23,0.87,-0.28,0.94
31.174,-0.38,0.59,0.01,0.70
31.184,-0.71,0.05,0.91,1.16
31.194,0.54,-1.52,0.24,1.63
31.204,0.66,-0.05,0.08,0.66
31.214,0.12,-0.15,-0.75,0.78
31.224,-0.11,1.90,-0.32,1.93
31.234,-0.09,0.12,0.17,0.22
31.244,-0.41,-1.13,0.26,1.23
31.254,0.43,-0.99,0.71,1.29
31.264,0.17,0.30,0.08,0.35
31.274,0.68,0.19,-0.52,0.87
31.284,-0.94,0.15,-0.40,1.03
31.294,-1.36,0.52,-0.03,1.45
31.304,-0.09,-0.18,0.36,0.41
31.314,-0.47,-0.59,0.22,0.79
31.324,-0.96,-0.02,0.54,1.10
31.334,-0.44,-0.22,0.00,0.49
31.344,0.16,-0.43,-0.90,1.01
31.354,-0.40,0.87,-0.34,1.02
31.364,-1.16,-0.02,-0.45,1.25
31.374,-0.70,-0.15,-0.00,0.71
31.384,0.23,-0.95,0.12,0.98
31.394,-0.52,-0.09,-0.00,0.53
31.404,-0.55,0.27,-0.19,0.64
31.414,-0.00,-0.45,-0.84,0.95
31.424,-0.56,1.38,-0.12,1.50
31.434,-0.25,-1.25,-0.06,1.28
31.444,-0.66,0.07,0.50,0.83
31.454,0.14,-0.32,0.27,0.44
31.464,-0.55,0.76,0.67,1.15
31.474,-0.40,-0.69,0.03,0.80
31.484,-0.89,0.09,-0.15,0.91
31.494,0.07,-0.44,-0.30,0.54
31.504,-0.41,0.30,0.13,0.53
31.514,-0.28,-0.21,-0.22,0.42
31.524,0.01,-0.04,-0.05,0.07
31.534,0.40,-0.18,0.19,0.48
31.544,0.32,-0.72,-0.39,0.88
31.554,0.29,0.33,-0.15,0.46
31.564,0.27,0.29,-0.17,0.43
31.573,0.27,-0.03,0.02,0.27
31.583,-0.15,-0.18,0.48,0.54
31.594,0.08,-0.50,0.01,0.50
31.604,0.55,-0.14,-0.25,0.62
31.613,-0.73,0.14,-0.35,0.83
31.624,0.33,-0.27,-0.50,0.66
31.633,-0.26,-0.01,-0.66,0.71
31.643,-0.31,0.41,-0.56,0.76
31.653,0.37,-0.22,-0.32,0.53
31.663,0.97,-1.64,-0.57,1.98
31.673,0.07,2.22,1.04,2.45
31.683,0.95,-1.72,-0.40,2.00
31.693,-0.51,2.13,1.44,2.63
31.703,-1.24,1.10,2.98,3.40
31.713,-0.36,-2.71,1.28,3.02
31.723,0.37,-1.34,1.22,1.85
31.733,-0.58,0.14,-0.47,0.76
31.743,-0.15,1.37,-0.76,1.57
31.753,-0.93,0.50,-1.26,1.64
31.763,-0.90,0.68,-0.83,1.40
31.773,-0.15,-0.77,0.19,0.81
31.783,-0.98,-0.69,1.12,1.64
31.793,-0.19,-1.83,0.23,1.85
31.803,0.10,0.85,-0.05,0.85
31.813,-0.17,0.30,-0.73,0.81
31.823,-1.44,0.59,-0.32,1.59
31.833,-1.07,0.25,0.04,1.10
31.843,-0.02,-0.97,0.30,1.01
31.853,-0.59,-0.72,0.21,0.95
31.863,-0.84,1.00,0.59,1.43
31.873,-0.93,-0.24,-0.18,0.98
31.883,-0.23,-0.30,-0.22,0.43
31.893,-0.46,0.28,-0.07,0.54
31.903,-0.43,-0.78,-0.28,0.93
31.913,-0.86,0.54,0.14,1.02
31.923,0.81,-0.46,-0.33,0.99
31.933,-0.66,1.05,0.41,1.30
31.943,0.22,-0.84,0.12,0.87
31.953,0.18,-0.15,0.47,0.53
31.963,0.18,-0.91,-0.39,1.01
31.973,-0.06,0.39,-0.58,0.70
31.983,-0.19,0.99,-0.02,1.01
31.993,-0.24,-0.55,0.03,0.60
32.003,-0.57,-0.05,0.33,0.66
32.013,0.72,-0.67,-0.59,1.14
32.023,0.15,-0.26,-0.75,0.81
32.033,-0.74,0.24,-0.27,0.82
32.043,-0.37,1.26,1.07,1.70
32.053,0.48,-1.33,0.42,1.48
32.063,-0.27,-0.14,1.00,1.04
32.073,0.31,-0.67,-0.22,0.77
32.083,-0.06,0.29,-0.78,0.83
32.093,0.09,0.83,-0.16,0.85
32.103,0.81,-0.45,0.28,0.97
32.113,-0.93,-0.24,0.55,1.11
32.123,0.74,-1.36,-0.39,1.59
32.133,0.31,0.55,0.03,0.63
32.143,-0.63,0.04,-0.39,0.74
32.153,-0.71,0.30,0.31,0.83
32.163,-0.60,-0.86,0.30,1.09
32.173,-0.27,-0.17,0.01,0.32
32.183,-0.32,-0.37,-0.69,0.85
32.193,-0.86,0.91,-0.15,1.26
32.203,-0.52,-0.24,-0.50,0.76
32.213,0.29,-0.53,-0.26,0.66
32.223,-0.71,0.00,-0.07,0.72
32.233,-0.71,0.04,0.35,0.79
32.243,-0.68,0.55,0.46,0.98
32.252,0.39,-1.43,-0.32,1.51
32.263,-0.14,-0.11,0.13,0.22
32.272,-0.68,-0.07,-0.38,0.78
32.283,0.01,0.28,-0.96,1.00
32.292,0.04,0.52,-0.40,0.66
32.303,-0.49,-0.54,-0.07,0.73
32.312,-0.33,0.09,0.42,0.54
32.322,0.36,-0.38,0.12,0.54
32.332,0.62,-0.80,-0.52,1.14
32.342,-0.17,1.12,0.11,1.14
32.353,0.61,-0.10,-0.15,0.64
32.362,-0.09,-0.45,-0.37,0.58
32.372,-0.48,1.26,0.79,1.56
32.382,0.30,-1.24,0.25,1.30
32.392,0.63,-0.60,0.52,1.01
32.402,0.33,0.13,0.37,0.51
32.412,0.29,-0.42,-1.16,1.26
32.422,0.13,1.25,-0.29,1.29
32.432,-0.35,0.00,-0.14,0.38
32.442,0.19,-0.08,0.26,0.33
32.452,0.47,-0.97,0.44,1.16
32.462,-0.11,0.20,0.52,0.57
32.472,0.73,-0.60,0.29,0.99
32.482,0.21,0.31,0.10,0.39
32.492,-0.35,0.14,-0.08,0.38
32.502,0.12,-0.22,-0.23,0.35
32.512,-0.50,0.25,0.54,0.78
32.522,-0.40,-0.47,0.35,0.71
32.532,0.43,-0.85,-0.15,0.97
32.542,-0.22,0.03,-0.32,0.39
32.552,-0.79,1.00,-0.08,1.27
32.562,0.11,-0.65,-0.17,0.68
32.572,-0.63,0.05,-0.02,0.64
32.582,-0.42,-0.23,0.28,0.55
32.592,-0.22,-0.29,-0.14,0.39
32.602,0.37,-0.20,-0.05,0.42
32.612,-0.22,-0.66,-0.47,0.83
32.622,-0.46,1.16,-0.04,1.25
32.632,-0.14,-0.60,-0.41,0.74
32.642,-0.63,0.53,0.49,0.95
32.652,-0.52,-0.63,0.24,0.85
32.662,0.29,-0.88,-0.10,0.93
32.672,-0.13,0.88,0.42,0.98
32.682,0.41,-0.39,-0.20,0.60
32.692,0.26,-0.49,-0.33,0.64
32.702,0.06,0.37,-0.31,0.49
32.712,0.13,-0.42,-0.80,0.91
32.722,-0.58,0.75,-0.08,0.95
32.732,0.44,-0.13,0.19,0.50
32.742,0.71,-0.86,0.48,1.22
32.752,1.24,-0.48,0.35,1.37
32.762,0.01,-0.16,-0.25,0.29
32.772,-0.28,0.89,-0.05,0.93
32.782,-0.51,0.18,0.09,0.55
32.792,0.36,-0.37,0.20,0.55
32.802,0.19,-0.59,0.13,0.63
32.812,-0.01,-0.59,-0.61,0.84
32.822,0.56,0.99,0.28,1.17
32.832,0.71,-0.11,-0.03,0.71
32.842,-0.20,0.09,0.17,0.28
32.852,0.24,-0.62,0.31,0.74
32.862,0.50,-0.19,-0.17,0.56
32.872,-0.44,-0.05,-0.11,0.45
32.882,0.91,0.07,-0.31,0.96
32.892,0.04,0.37,0.24,0.44
32.902,-0.16,-0.73,-0.00,0.75
32.912,0.24,-0.67,-0.54,0.89
32.922,-0.18,1.11,0.24,1.15
32.932,0.62,-0.75,-0.69,1.20
32.942,0.15,-0.01,0.01,0.15
32.951,-0.83,-0.02,0.34,0.90
32.962,-0.48,-0.27,-0.10,0.56
32.972,-0.26,0.28,-0.11,0.40
32.981,0.58,0.04,-0.11,0.59
32.991,-0.41,0.53,0.04,0.67
33.002,-0.43,-0.50,0.08,0.67
33.011,0.15,-0.12,0.36,0.41
33.022,0.28,-0.26,0.19,0.42
33.031,0.15,-0.00,-0.38,0.41
33.041,-0.26,-0.13,-0.72,0.78
33.051,-0.64,1.15,0.22,1.34
33.061,0.64,-0.56,0.19,0.87
33.071,0.64,-0.29,0.55,0.89
33.081,0.03,-0.84,0.17,0.85
33.091,0.01,0.19,-0.07,0.20
33.101,-0.00,0.05,-0.41,0.41
33.111,0.19,0.18,-0.55,0.61
33.121,-0.57,-0.05,-0.40,0.70
33.131,-0.19,0.61,0.65,0.91
33.141,0.09,-1.08,0.52,1.20
33.151,0.71,-0.81,0.22,1.10
33.161,0.08,0.68,0.01,0.68
33.171,0.43,-0.33,-0.49,0.73
33.181,-0.46,-0.03,-0.19,0.50
33.191,-0.61,0.10,-0.07,0.62
33.201,0.12,-0.35,-0.31,0.48
33.211,0.40,0.20,-0.17,0.47
33.221,0.74,-0.15,0.14,0.77
33.231,-0.04,-0.82,0.26,0.86
33.241,-0.79,0.15,0.56,0.98
33.251,-0.15,-0.85,-0.35,0.93
33.261,-0.16,0.03,-0.29,0.33
33.271,-0.70,0.99,0.18,1.23
33.281,-0.69,-0.60,-0.84,1.24
33.291,0.23,0.25,-0.44,0.56
33.301,0.33,-0.35,0.49,0.69
33.311,-0.41,-0.67,0.70,1.06
33.321,-0.77,-0.24,0.65,1.04
33.331,0.93,-0.91,-0.58,1.43
33.341,0.03,1.65,0.15,1.66
33.351,-0.75,-0.43,-0.63,1.06
33.361,-0.51,-0.16,-0.44,0.69
33.371,-0.25,0.01,0.34,0.42
33.381,0.64,-0.69,0.05,0.94
33.391,0.65,0.01,0.69,0.95
33.401,-0.66,-0.97,-0.46,1.25
33.411,-0.12,0.17,-0.87,0.89
33.421,-0.72,1.57,-0.28,1.74
33.431,0.47,-0.26,-0.06,0.54
33.441,-0.29,-0.35,1.19,1.27
33.451,0.65,-1.17,0.89,1.61
33.461,0.98,-0.61,0.01,1.15
33.471,0.31,0.28,-0.77,0.88
33.481,0.32,1.03,-0.90,1.40
33.491,-0.53,0.71,-0.31,0.94
33.501,-0.45,-0.92,-0.10,1.03
33.511,0.74,-0.03,0.72,1.03
33.521,0.58,-0.93,0.12,1.11
33.531,0.77,0.10,0.83,1.14
33.541,0.53,-0.49,0.20,0.75
33.551,-0.29,-0.42,-1.14,1.25
33.561,-0.12,1.14,-0.44,1.23
33.571,-0.04,0.54,-0.31,0.63
33.581,0.34,-0.46,0.25,0.62
33.591,0.32,-0.53,0.44,0.76
33.601,0.89,-0.95,-0.22,1.32
33.611,0.48,0.68,0.26,0.87
33.621,0.11,0.54,0.10,0.56
33.630,-0.37,-0.08,0.43,0.58
33.641,-0.13,-0.31,0.19,0.39
33.650,0.52,-0.53,-0.17,0.76
33.660,0.46,-0.68,-0.30,0.87
33.670,-0.33,1.12,0.38,1.23
33.680,0.81,-0.66,-0.84,1.34
33.690,-0.84,1.28,0.30,1.57
33.701,-0.14,-1.36,0.03,1.37
33.710,-0.12,-0.30,0.06,0.33
33.720,0.56,0.08,0.07,0.57
33.730,-0.33,0.48,-0.27,0.65
33.740,-0.24,-0.37,-0.22,0.49
33.750,-0.27,-0.07,0.27,0.39
33.760,-0.96,0.11,0.10,0.97
33.770,0.07,-0.57,-0.72,0.92
33.780,0.46,0.59,-0.15,0.76
33.790,-0.15,-0.03,-0.26,0.31
33.800,-0.51,0.11,0.55,0.76
33.810,0.04,-0.81,0.40,0.90
33.820,-0.28,-0.33,-0.18,0.47
33.830,-0.22,0.08,-0.55,0.60
33.840,-0.68,0.98,-0.08,1.19
33.850,-0.13,-0.49,-0.58,0.77
33.860,0.72,-0.05,0.36,0.81
33.870,0.21,-0.93,0.47,1.06
33.880,-0.43,0.13,0.71,0.84
33.890,-0.31,-0.22,-0.01,0.38
33.900,0.76,0.15,-0.38,0.86
33.910,-0.58,0.26,-0.39,0.74
33.920,0.10,-0.85,-0.75,1.14
33.930,0.29,1.01,0.45,1.14
33.940,0.71,-0.07,0.57,0.91
33.950,0.43,-0.37,1.14,1.27
33.960,1.03,-1.95,0.18,2.22
33.970,0.66,-0.08,-0.40,0.78
33.980,0.21,0.99,-0.37,1.08
33.990,0.17,0.52,-0.74,0.92
34.000,0.52,-0.21,-0.50,0.75
34.010,0.18,0.01,0.62,0.65
34.020,0.67,-0.76,0.48,1.12
34.030,0.60,-0.30,0.66,0.94
34.040,0.96,-0.74,-0.48,1.30
34.050,0.25,0.17,-0.21,0.37
34.060,-0.57,0.61,-0.47,0.96
34.070,0.51,0.52,-0.32,0.80
34.080,-0.09,-0.15,0.15,0.24
34.090,0.43,-0.44,0.61,0.86
34.100,0.68,-1.15,0.33,1.37
34.110,0.35,-0.51,-0.63,0.89
34.120,0.13,0.87,-0.09,0.88
34.130,-1.16,0.44,-0.36,1.29
34.140,-1.14,0.46,0.05,1.23
34.150,-0.69,-0.49,0.28,0.89
34.160,0.82,-0.90,-0.03,1.22
34.170,0.07,0.35,0.26,0.44
34.180,-0.48,0.01,-0.59,0.76
34.190,-0.17,0.49,-0.46,0.69
34.200,0.11,-0.35,-0.14,0.39
34.210,-0.49,-0.49,-0.28,0.75
34.220,-0.83,0.81,0.40,1.23
34.230,0.12,-0.77,-0.24,0.81
34.240,-0.20,0.67,0.49,0.85
34.250,-0.12,-0.89,-0.07,0.90
34.260,-0.28,-0.13,-0.21,0.37
34.269,-0.32,0.73,-0.04,0.80
34.280,0.43,-0.27,-0.05,0.52
34.290,-0.13,0.03,0.53,0.55
34.300,0.27,-0.25,0.29,0.46
34.310,-0.22,-0.74,-0.70,1.04
34.320,-0.05,0.67,-0.35,0.76
34.329,0.84,-0.12,-0.27,0.89
34.340,0.08,0.22,0.19,0.30
34.349,0.33,0.12,0.46,0.58
34.360,0.70,-0.64,0.34,1.01
34.369,0.67,-0.56,0.41,0.96
34.379,0.24,-0.06,0.18,0.30
34.389,0.52,0.24,-0.40,0.70
34.399,0.22,-0.20,-0.52,0.60
34.409,-0.21,0.07,-0.35,0.41
34.420,-0.07,-0.29,0.23,0.38
34.429,-0.19,0.23,0.61,0.68
34.439,0.94,-0.62,-0.00,1.12
34.449,0.31,-0.44,-0.15,0.56
34.459,-0.48,0.25,0.08,0.55
34.469,-0.60,-0.11,-0.56,0.83
34.479,0.56,0.02,-0.54,0.78
34.489,0.58,0.66,0.20,0.90
34.499,0.52,-1.34,-0.10,1.44
34.509,-0.48,0.27,0.39,0.68
34.519,0.32,-0.31,-0.13,0.46
34.529,-0.36,-0.13,-0.03,0.39
34.539,-0.50,0.05,0.28,0.58
34.549,-0.68,-0.08,-0.17,0.70
34.559,-0.72,0.62,0.29,0.99
34.569,-0.27,-0.14,-0.08,0.31
34.579,0.13,-0.61,0.15,0.65
34.589,-0.30,-0.71,-0.18,0.79
34.599,-0.33,0.68,-0.25,0.79
34.609,0.81,-0.75,-1.14,1.59
34.619,-0.71,1.34,0.55,1.61
34.629,-0.63,-0.58,0.41,0.95
34.639,0.66,-0.46,0.56,0.98
34.649,0.72,-0.57,0.03,0.92
34.659,0.06,-0.40,-0.36,0.54
34.669,-0.42,0.57,-0.08,0.71
34.679,0.63,-0.38,-0.82,1.11
34.689,-0.14,1.35,0.30,1.39
34.699,-0.02,-0.60,0.21,0.63
34.709,0.00,-1.41,0.20,1.42
34.719,0.04,0.12,0.56,0.57
34.729,0.78,0.26,-0.25,0.86
34.739,0.88,0.51,-0.06,1.01
34.749,0.27,-0.69,-0.21,0.77
34.759,-0.89,-0.27,-0.20,0.95
34.769,0.33,0.70,0.03,0.77
34.779,1.35,-0.63,-0.32,1.52
34.789,0.84,0.16,0.62,1.06
34.799,0.05,-0.47,0.57,0.75
34.809,0.41,-0.32,0.10,0.53
34.819,-0.01,0.31,-0.35,0.47
34.829,0.31,0.05,-0.74,0.80
34.839,-0.11,0.06,-0.10,0.16
34.849,-0.54,0.06,0.04,0.54
34.859,0.87,-0.27,0.13,0.92
34.869,0.32,0.14,-0.12,0.37
34.879,-0.53,0.03,0.14,0.55
34.889,-0.22,-1.26,-0.02,1.28
34.899,-0.37,0.30,0.05,0.49
34.909,0.01,0.37,-0.40,0.55
34.919,-0.07,-0.42,-0.30,0.52
34.929,-1.10,0.06,0.32,1.14
34.939,-0.90,-0.04,-0.06,0.90
34.949,0.61,-0.51,0.23,0.83
34.959,0.15,-1.03,-0.48,1.15
34.968,0.08,0.13,-0.34,0.37
34.978,-1.07,0.34,-0.20,1.14
34.988,0.23,-0.28,0.14,0.39
34.998,-0.16,-0.62,0.61,0.89
35.008,0.42,-1.24,-0.07,1.31
35.019,-0.27,-0.38,-0.44,0.64
35.028,-0.66,0.14,-0.53,0.86
35.038,-0.16,0.99,0.17,1.02
35.048,-0.14,-0.97,0.40,1.06
35.058,0.16,-1.45,0.76,1.64
35.068,0.09,-0.91,0.18,0.93
35.078,0.18,0.20,-0.44,0.52
35.088,0.73,0.61,-0.58,1.11
35.098,0.49,-1.25,-0.66,1.49
35.108,-0.82,0.07,0.57,1.01
35.118,0.71,-1.10,0.69,1.48
35.128,1.37,-1.17,0.21,1.81
35.138,-0.08,-0.04,0.02,0.09
35.148,0.28,-1.27,-1.05,1.67
35.158,0.18,0.08,-0.37,0.42
35.168,0.37,-0.85,0.04,0.92
35.178,0.06,-0.45,0.21,0.50
35.188,0.55,-0.77,0.43,1.04
35.198,0.62,-1.56,-0.06,1.68
35.208,0.37,-0.78,0.12,0.87
35.218,0.01,-0.60,-0.35,0.70
35.228,0.78,-1.05,-0.29,1.34
35.238,0.19,-1.14,-0.04,1.16
35.248,-0.13,-1.37,-0.04,1.38
35.258,0.16,-1.08,-0.28,1.12
35.268,0.82,-1.04,-0.25,1.35
35.278,0.14,-1.25,0.07,1.26
35.288,-0.22,-1.53,0.15,1.56
35.298,0.23,-1.47,0.04,1.48
35.308,-0.21,-1.03,-0.19,1.06
35.318,0.04,-1.55,-0.13,1.56
35.328,-0.44,-1.60,-0.28,1.68
35.338,-0.26,-1.51,-0.12,1.54
35.348,-0.20,-1.70,-0.35,1.75
35.358,-0.23,-1.20,-0.21,1.24
35.368,-0.31,-1.86,-0.31,1.91
35.378,-0.27,-1.57,-0.15,1.60
35.388,-0.05,-1.73,-0.20,1.74
35.398,-0.16,-1.54,-0.07,1.55
35.408,-0.17,-1.85,0.16,1.86
35.418,0.01,-1.92,-0.06,1.92
35.428,0.00,-1.59,-0.18,1.60
35.438,-0.00,-1.63,-0.42,1.69
35.448,0.16,-1.66,-0.30,1.70
35.458,-0.00,-1.73,0.00,1.73
35.468,0.12,-2.19,-0.18,2.20
35.478,0.33,-2.33,0.16,2.36
35.488,0.11,-2.13,0.03,2.14
35.498,0.09,-2.22,-0.03,2.23
35.508,-0.02,-1.84,-0.23,1.85
35.518,0.04,-1.57,-0.30,1.60
35.528,0.11,-1.64,-0.29,1.67
35.538,-0.03,-1.42,-0.04,1.42
35.548,0.04,-1.55,0.04,1.55
35.558,0.16,-1.07,-0.00,1.08
35.568,0.16,-1.01,-0.13,1.03
35.578,-0.08,-0.67,-0.08,0.68
35.588,0.01,-0.66,-0.10,0.67
35.598,-0.07,-0.57,-0.11,0.58
35.608,0.20,-0.47,0.03,0.51
35.618,0.08,-0.28,0.06,0.30
35.628,0.33,-0.16,0.00,0.37
35.638,0.01,-0.10,-0.10,0.14
35.648,-0.00,0.00,-0.01,0.01
35.658,-0.09,-0.11,-0.10,0.18
35.667,-0.17,0.03,0.01,0.17
35.678,-0.23,0.03,-0.12,0.26
35.688,-0.27,0.11,-0.04,0.29
35.697,-0.23,0.10,-0.00,0.25
35.707,-0.06,0.02,0.01,0.06
35.718,-0.25,0.11,-0.02,0.28
35.727,-0.19,0.10,-0.04,0.22
35.737,-0.25,0.20,-0.07,0.33
35.747,-0.07,0.16,-0.05,0.18
35.757,-0.06,0.11,0.03,0.13
35.768,0.01,0.02,0.05,0.06
35.777,0.07,0.03,0.01,0.07
35.787,0.15,0.03,-0.02,0.16
35.797,0.13,0.07,-0.02,0.15
35.807,0.11,0.05,-0.01,0.12
35.817,0.14,0.00,0.02,0.14
35.827,0.17,-0.05,0.03,0.17
35.837,0.12,-0.06,0.00,0.13
35.847,0.13,-0.06,-0.01,0.14
35.857,0.13,-0.07,-0.01,0.15
35.867,0.03,-0.06,-0.01,0.06
35.877,-0.03,-0.07,0.01,0.08
35.887,-0.04,-0.07,-0.02,0.09
35.897,0.00,-0.06,-0.04,0.07
35.907,-0.01,-0.06,-0.02,0.07
35.917,0.01,-0.09,-0.01,0.09
35.927,0.03,-0.08,0.01,0.09
35.937,0.04,-0.07,0.01,0.08
35.947,0.04,-0.05,-0.02,0.07
35.957,0.05,-0.05,-0.03,0.08
35.967,0.09,-0.06,-0.01,0.11
35.977,0.04,-0.05,-0.00,0.07
35.987,-0.05,-0.06,0.00,0.08
35.997,-0.07,-0.03,-0.01,0.08
36.007,-0.07,-0.01,-0.04,0.08
36.017,-0.13,0.00,-0.06,0.14
36.027,-0.14,-0.02,-0.02,0.14
36.037,-0.10,-0.03,-0.01,0.10
36.047,-0.07,-0.01,-0.03,0.08
36.057,-0.05,-0.04,-0.03,0.07
36.067,-0.02,-0.04,-0.02,0.05
36.077,0.03,-0.05,-0.02,0.06
36.087,0.04,-0.05,-0.03,0.07
36.097,0.10,-0.08,0.00,0.13
36.107,0.10,-0.08,0.01,0.13
36.117,0.10,-0.06,-0.00,0.11
36.127,0.11,-0.05,-0.01,0.12
36.137,0.11,-0.05,-0.01,0.12
36.147,0.07,-0.04,-0.01,0.08
36.157,0.05,-0.06,-0.01,0.08
36.167,0.05,-0.04,-0.01,0.06
36.177,0.03,-0.05,-0.01,0.06
36.187,0.02,-0.03,-0.01,0.04
36.197,-0.01,-0.04,-0.02,0.05
36.207,-0.00,-0.04,-0.01,0.04
36.217,-0.01,-0.02,-0.03,0.04
36.227,-0.03,-0.05,-0.03,0.06
36.237,-0.03,-0.06,-0.01,0.07
36.247,-0.02,-0.03,-0.02,0.04
36.257,-0.03,-0.05,-0.01,0.06
36.267,-0.04,-0.04,-0.03,0.07
36.277,-0.01,-0.05,-0.03,0.06
36.287,-0.02,-0.04,-0.03,0.06
36.297,-0.01,-0.04,-0.01,0.05
36.307,-0.00,-0.07,-0.01,0.07
36.317,-0.01,-0.04,-0.02,0.05
36.327,-0.01,-0.05,-0.02,0.05
36.337,0.01,-0.03,-0.03,0.04
36.347,0.01,-0.04,-0.01,0.04
36.356,0.02,-0.04,-0.00,0.04
36.366,0.01,-0.04,-0.00,0.04
36.377,0.00,-0.03,-0.01,0.04
36.386,0.02,-0.03,-0.01,0.03
36.396,0.02,-0.02,-0.01,0.04
36.406,0.03,-0.03,-0.01,0.05
36.416,0.05,-0.05,-0.00,0.07
36.426,0.05,-0.05,-0.01,0.07
36.436,0.06,-0.03,-0.01,0.07
36.446,0.06,-0.03,-0.01,0.07
36.456,0.05,-0.04,0.00,0.06
36.466,0.08,-0.05,-0.00,0.09
36.476,0.04,-0.06,-0.01,0.07
36.486,0.02,-0.05,-0.03,0.06
36.496,0.03,-0.04,-0.01,0.05
36.506,-0.00,-0.05,-0.01,0.05
36.516,-0.03,-0.03,-0.01,0.04
36.526,-0.04,-0.05,0.00,0.06
36.536,-0.00,-0.05,-0.02,0.05
36.546,-0.05,-0.03,-0.03,0.06
36.556,-0.02,-0.04,-0.01,0.05
36.566,0.01,-0.04,-0.02,0.05
36.576,-0.00,-0.05,-0.00,0.05
36.586,0.02,-0.05,-0.02,0.06
36.596,0.01,-0.05,-0.03,0.06
36.606,0.03,-0.05,-0.01,0.06
36.616,0.00,-0.06,-0.01,0.06
36.626,-0.00,-0.06,-0.02,0.07
36.636,0.02,-0.03,-0.01,0.04
36.646,-0.01,-0.02,-0.01,0.03
36.656,0.01,-0.04,-0.01,0.05
36.666,0.02,-0.04,-0.03,0.06
36.676,0.02,-0.04,-0.01,0.05
36.686,0.03,-0.04,-0.00,0.06
36.696,0.04,-0.04,-0.01,0.06
36.706,0.04,-0.05,0.00,0.06
36.716,0.03,-0.04,0.00,0.05
36.726,0.01,-0.04,0.00,0.04
36.736,-0.00,-0.03,-0.02,0.03
36.746,0.02,-0.04,-0.01,0.05
36.756,0.01,-0.02,-0.01,0.02
36.766,0.00,-0.04,-0.00,0.04
36.776,0.01,-0.05,-0.02,0.06
36.786,0.02,-0.04,-0.01,0.05
36.796,-0.01,-0.05,-0.01,0.06
36.806,-0.00,-0.04,-0.01,0.04
36.816,0.01,-0.04,-0.01,0.05
36.826,-0.04,-0.05,-0.03,0.07
36.836,-0.02,-0.04,-0.04,0.06
36.846,-0.01,-0.03,-0.01,0.03
36.856,-0.03,-0.04,-0.00,0.05
36.866,-0.02,-0.04,-0.01,0.05
36.876,0.01,-0.04,-0.02,0.05
36.886,0.01,-0.04,-0.01,0.04
36.896,-0.02,-0.04,0.00,0.04
36.906,0.03,-0.05,-0.02,0.06
36.916,0.04,-0.04,-0.01,0.06
36.926,0.02,-0.04,-0.01,0.05
36.936,0.04,-0.03,-0.00,0.05
36.946,0.03,-0.04,-0.01,0.05
36.956,0.01,-0.04,-0.02,0.04
36.966,0.02,-0.03,-0.02,0.04
36.976,0.02,-0.04,-0.00,0.04
36.986,0.01,-0.04,-0.00,0.04
36.996,0.03,-0.05,-0.01,0.05
37.005,0.02,-0.04,-0.01,0.05
37.016,0.01,-0.04,-0.01,0.04
37.026,0.04,-0.04,-0.01,0.06
37.036,0.01,-0.04,-0.02,0.05
37.045,-0.01,-0.03,-0.02,0.04
37.055,-0.01,-0.04,-0.02,0.04
37.065,-0.00,-0.03,-0.00,0.03
37.075,-0.01,-0.05,-0.01,0.05
37.085,-0.01,-0.03,-0.02,0.04
37.095,-0.01,-0.04,-0.01,0.04
37.105,-0.01,-0.05,-0.02,0.05
37.115,0.00,-0.04,-0.03,0.05
37.125,0.01,-0.03,-0.02,0.03
37.135,-0.01,-0.04,-0.01,0.04
37.145,-0.00,-0.03,-0.02,0.04
37.155,0.01,-0.05,-0.01,0.05
37.165,0.01,-0.04,0.00,0.04
37.175,-0.00,-0.03,-0.01,0.03
37.185,0.00,-0.04,-0.01,0.04
37.195,0.01,-0.04,-0.01,0.04
37.205,0.01,-0.04,-0.01,0.04
37.215,0.01,-0.03,-0.01,0.03
37.225,0.03,-0.02,-0.01,0.04
37.235,0.03,-0.03,-0.02,0.05
37.245,0.01,-0.04,0.00,0.04
37.255,0.02,-0.04,-0.01,0.04
37.265,0.03,-0.04,-0.00,0.05
37.275,0.03,-0.04,-0.02,0.05
37.285,0.01,-0.03,-0.01,0.04
37.295,0.00,-0.04,-0.02,0.04
37.305,0.03,-0.04,-0.02,0.05
37.315,0.00,-0.04,-0.02,0.04
37.325,0.00,-0.04,-0.01,0.04
37.335,0.01,-0.04,-0.01,0.04
37.345,-0.01,-0.04,-0.02,0.04
37.355,-0.01,-0.02,-0.02,0.03
37.365,-0.01,-0.05,-0.02,0.05
37.375,-0.01,-0.04,-0.01,0.04
37.385,-0.01,-0.04,-0.01,0.04
37.395,-0.01,-0.04,-0.01,0.04
37.405,0.00,-0.05,-0.02,0.05
37.415,0.02,-0.04,-0.02,0.05
37.425,0.04,-0.03,-0.02,0.05
37.435,0.02,-0.03,-0.03,0.04
37.445,0.02,-0.03,-0.01,0.04
37.455,0.01,-0.04,-0.01,0.04
37.465,0.01,-0.04,-0.01,0.04
37.475,0.02,-0.03,0.00,0.04
37.485,0.01,-0.04,-0.00,0.04
37.495,0.01,-0.04,-0.01,0.05
37.505,0.00,-0.05,-0.01,0.05
37.515,0.01,-0.02,-0.02,0.03
37.525,-0.00,-0.04,-0.02,0.04
37.535,0.01,-0.03,-0.00,0.04
37.545,0.01,-0.04,-0.01,0.04
37.555,0.01,-0.04,-0.01,0.04
37.565,0.01,-0.03,-0.01,0.03
37.575,0.00,-0.03,-0.01,0.04
37.585,0.02,-0.04,-0.03,0.05
37.595,0.03,-0.05,-0.01,0.05
37.605,0.00,-0.03,-0.01,0.03
37.615,0.00,-0.04,-0.01,0.04
37.625,0.01,-0.04,-0.01,0.04
37.635,-0.01,-0.03,-0.02,0.04
37.645,-0.01,-0.03,-0.03,0.04
37.655,-0.00,-0.03,-0.02,0.04
37.665,-0.00,-0.04,-0.01,0.04
37.675,-0.02,-0.03,-0.02,0.04
37.685,-0.02,-0.02,-0.01,0.03
37.695,0.01,-0.03,-0.00,0.03
37.704,0.01,-0.03,-0.02,0.04
37.715,0.01,-0.04,-0.02,0.05
37.725,0.02,-0.04,-0.02,0.05
37.735,0.04,-0.03,-0.00,0.05
37.744,0.04,-0.03,0.00,0.05
37.754,0.03,-0.04,0.00,0.05
37.764,0.02,-0.04,-0.02,0.05
37.774,0.03,-0.04,-0.00,0.05
37.784,0.02,-0.03,-0.01,0.04
37.794,0.00,-0.03,-0.01,0.03
37.804,-0.01,-0.01,-0.01,0.02
37.814,0.01,-0.04,-0.01,0.04
37.824,0.01,-0.04,-0.01,0.04
37.834,0.01,-0.04,-0.02,0.04
37.844,-0.00,-0.04,-0.02,0.05
37.854,0.00,-0.04,-0.02,0.04
37.864,0.01,-0.04,-0.03,0.05
37.874,0.02,-0.04,-0.01,0.05
37.884,0.00,-0.05,-0.01,0.05
37.894,0.01,-0.04,-0.02,0.04
37.904,0.01,-0.02,-0.01,0.03
37.914,0.01,-0.04,-0.01,0.04
37.924,0.02,-0.03,-0.01,0.03
37.934,0.01,-0.04,-0.02,0.05
37.944,0.01,-0.03,-0.01,0.04
37.954,0.00,-0.03,-0.01,0.04
37.964,0.01,-0.05,-0.02,0.05
37.974,0.01,-0.04,-0.02,0.05
37.984,0.01,-0.04,0.00,0.04
37.994,0.00,-0.03,-0.01,0.03
38.004,-0.01,-0.03,-0.03,0.04
38.014,0.02,-0.04,-0.02,0.05
38.024,0.00,-0.03,-0.01,0.03
38.034,0.00,-0.03,-0.01,0.03
38.044,0.01,-0.05,-0.01,0.06
38.054,0.02,-0.04,-0.02,0.05
38.064,0.02,-0.03,-0.01,0.04
38.074,0.03,-0.04,-0.02,0.05
38.084,0.03,-0.04,-0.01,0.05
38.094,0.03,-0.04,-0.01,0.05
38.104,0.01,-0.05,0.01,0.05
38.114,-0.00,-0.05,-0.01,0.05
38.124,-0.01,-0.04,-0.02,0.04
38.134,-0.00,-0.03,-0.02,0.03
38.144,-0.01,-0.03,-0.02,0.04
38.154,-0.01,-0.04,-0.02,0.05
38.164,0.01,-0.04,-0.00,0.04
38.174,0.01,-0.03,-0.01,0.04
38.184,0.01,-0.03,-0.01,0.03
38.194,0.00,-0.03,-0.01,0.03
38.204,0.01,-0.04,-0.01,0.05
38.214,0.01,-0.03,-0.00,0.03
38.224,0.02,-0.02,-0.00,0.03
38.234,0.01,-0.04,-0.02,0.04
38.244,0.02,-0.03,-0.02,0.04
38.254,-0.01,-0.03,-0.02,0.04
38.264,0.01,-0.05,-0.01,0.05
38.274,0.02,-0.03,-0.01,0.04
38.284,-0.01,-0.02,-0.02,0.04
38.294,0.01,-0.04,-0.02,0.04
38.304,0.00,-0.03,0.00,0.03
38.314,-0.00,-0.03,-0.00,0.03
38.324,0.02,-0.03,-0.00,0.03
38.334,0.02,-0.02,-0.03,0.04
38.343,0.00,-0.03,-0.01,0.03
38.354,0.01,-0.03,-0.01,0.04
38.364,0.01,-0.03,-0.02,0.04
38.374,0.01,-0.02,-0.03,0.04
38.384,-0.00,-0.04,-0.02,0.05
38.393,-0.00,-0.03,-0.01,0.03
38.404,-0.00,-0.03,-0.02,0.04
38.413,0.01,-0.02,-0.01,0.02
38.423,-0.00,-0.03,-0.02,0.04
38.434,-0.01,-0.01,-0.02,0.03
38.443,0.01,-0.03,-0.02,0.03
38.453,0.01,-0.03,-0.02,0.04
38.463,0.01,-0.01,-0.02,0.03
38.473,-0.01,-0.02,-0.02,0.03
38.483,-0.01,-0.04,-0.02,0.04
38.493,-0.01,-0.03,-0.02,0.04
38.503,-0.01,-0.03,0.00,0.03
38.513,-0.00,-0.03,-0.00,0.03
38.523,0.01,-0.05,-0.02,0.05
38.533,0.03,-0.04,-0.02,0.05
38.543,0.01,-0.04,-0.01,0.04
38.553,0.02,-0.04,-0.01,0.04
38.563,0.01,-0.04,-0.01,0.04
38.573,-0.00,-0.02,-0.01,0.02
38.583,0.00,-0.03,-0.01,0.04
38.593,-0.00,-0.03,-0.01,0.03
38.603,0.00,-0.03,-0.02,0.04
38.613,0.01,-0.04,-0.01,0.04
38.623,0.01,-0.03,-0.02,0.04
38.633,0.00,-0.03,-0.00,0.03
38.643,-0.01,-0.04,-0.01,0.04
38.653,-0.02,-0.04,-0.01,0.04
38.663,-0.00,-0.03,-0.02,0.03
38.673,0.01,-0.03,-0.02,0.04
38.683,0.03,-0.03,-0.01,0.05
38.693,0.02,-0.04,-0.01,0.04
38.703,0.00,-0.04,-0.01,0.04
38.713,0.00,-0.02,-0.01,0.02
38.723,0.00,-0.03,-0.02,0.04
38.733,0.01,-0.04,0.00,0.04
38.743,0.01,-0.04,-0.00,0.04
38.753,-0.01,-0.04,-0.01,0.04
38.763,0.00,-0.02,-0.01,0.02
38.773,0.02,-0.03,-0.00,0.03
38.783,0.01,-0.04,-0.01,0.04
38.793,0.01,-0.03,-0.01,0.03
38.803,0.02,-0.03,-0.01,0.04
38.813,0.02,-0.03,-0.00,0.04
38.823,0.03,-0.05,0.01,0.05
38.833,0.01,-0.04,-0.02,0.05
38.843,0.00,-0.03,-0.02,0.04
38.853,-0.00,-0.02,-0.02,0.03
38.863,0.00,-0.04,-0.02,0.05
38.873,0.01,-0.04,-0.02,0.04
38.883,0.01,-0.05,-0.02,0.05
38.893,0.02,-0.04,-0.01,0.05
38.903,0.00,-0.03,-0.01,0.03
38.913,0.00,-0.03,-0.01,0.03
38.923,0.00,-0.04,-0.01,0.04
38.933,0.00,-0.03,-0.02,0.03
38.943,0.01,-0.03,-0.02,0.03
38.953,0.01,-0.04,-0.02,0.05
38.963,-0.00,-0.03,-0.00,0.03
38.973,-0.00,-0.02,-0.01,0.02
38.982,0.00,-0.02,-0.01,0.02
38.992,-0.01,-0.04,-0.01,0.04
39.003,0.01,-0.03,-0.02,0.04
39.012,-0.00,-0.03,-0.01,0.04
39.023,0.00,-0.04,-0.02,0.05
39.033,0.01,-0.04,-0.01,0.04
39.042,0.01,-0.03,-0.02,0.03
39.053,0.01,-0.04,-0.02,0.04
39.062,-0.01,-0.03,-0.03,0.05
39.073,-0.01,-0.04,-0.02,0.04
39.082,-0.00,-0.03,-0.02,0.03
39.092,0.00,-0.02,-0.01,0.02
39.103,-0.01,-0.04,-0.01,0.04
39.112,-0.01,-0.04,-0.01,0.04
39.122,0.01,-0.03,-0.01,0.03
39.132,0.01,-0.04,-0.02,0.04
39.142,0.00,-0.03,-0.02,0.04
39.152,0.02,-0.03,-0.01,0.04
39.162,0.01,-0.02,-0.01,0.03
39.172,0.02,-0.03,-0.00,0.03
39.182,0.03,-0.04,-0.02,0.05
39.192,0.02,-0.04,-0.01,0.04
39.202,0.00,-0.02,-0.02,0.03
39.212,0.01,-0.03,-0.02,0.03
39.222,-0.01,-0.03,-0.02,0.04
39.232,-0.01,-0.02,-0.02,0.03
39.242,0.01,-0.03,-0.01,0.03
39.252,-0.00,-0.02,-0.01,0.02
39.262,0.01,-0.03,-0.01,0.03
39.272,0.01,-0.02,-0.00,0.02
39.282,0.01,-0.02,0.00,0.02
39.292,0.01,-0.03,-0.02,0.04
39.302,-0.00,-0.04,-0.01,0.05
39.312,0.01,-0.03,-0.03,0.04
39.322,-0.01,-0.02,-0.02,0.03
39.332,0.00,-0.03,-0.02,0.04
39.342,0.01,-0.02,-0.01,0.03
39.352,0.01,-0.03,-0.01,0.03
39.362,0.02,-0.04,-0.01,0.04
39.372,0.01,-0.03,-0.02,0.03
39.382,0.01,-0.04,-0.00,0.04
39.392,0.02,-0.03,-0.02,0.04
39.402,0.01,-0.03,-0.03,0.04
39.412,0.01,-0.03,-0.00,0.03
39.422,-0.00,-0.02,-0.01,0.02
39.432,0.02,-0.03,-0.03,0.04
39.442,-0.01,-0.04,-0.01,0.05
39.452,0.01,-0.03,-0.01,0.03
39.462,-0.00,-0.02,-0.01,0.03
39.472,0.00,-0.02,-0.02,0.02
39.482,-0.00,-0.02,-0.01,0.02
39.492,0.01,-0.03,-0.01,0.03
39.502,0.02,-0.02,-0.02,0.03
39.512,0.01,-0.03,-0.01,0.03
39.522,0.01,-0.02,-0.01,0.02
39.532,0.00,-0.02,-0.01,0.03
39.542,-0.01,-0.02,-0.02,0.03
39.552,-0.02,-0.03,-0.01,0.03
39.562,-0.00,-0.02,-0.00,0.02
39.572,0.00,-0.03,-0.02,0.04
39.582,0.01,-0.03,-0.01,0.03
39.592,0.00,-0.02,-0.01,0.02
39.602,0.01,-0.03,-0.01,0.03
39.612,-0.00,-0.02,-0.01,0.02
39.622,-0.00,-0.02,-0.00,0.02
39.632,0.02,-0.03,-0.00,0.04
39.642,0.03,-0.04,-0.03,0.06
39.652,0.02,-0.04,-0.01,0.04
39.662,0.01,-0.04,-0.01,0.04
39.672,0.01,-0.02,-0.00,0.03
39.682,0.01,-0.02,-0.01,0.03
39.692,0.02,-0.02,-0.01,0.03
39.702,0.00,-0.03,-0.04,0.05
39.712,-0.00,-0.03,-0.03,0.04
39.722,0.01,-0.04,-0.01,0.04
39.732,0.02,-0.02,-0.03,0.04
39.742,0.00,-0.03,-0.02,0.04
39.752,-0.00,-0.04,-0.02,0.04
39.761,0.01,-0.03,-0.01,0.03
39.772,-0.01,-0.01,-0.00,0.02
39.781,0.01,-0.03,-0.01,0.03
39.792,0.01,-0.03,-0.02,0.04
