time,ax,ay,az,atotal
0.000,-0.02,-0.00,-0.03,0.03
0.010,-0.02,-0.02,-0.01,0.03
0.020,-0.02,0.00,-0.01,0.02
0.030,-0.01,-0.01,-0.01,0.02
0.040,-0.02,-0.02,-0.00,0.03
0.050,-0.02,-0.00,-0.02,0.03
0.060,-0.00,0.01,-0.01,0.02
0.070,-0.01,-0.01,-0.02,0.02
0.080,-0.01,0.01,-0.01,0.01
0.090,-0.01,-0.00,-0.00,0.01
0.100,-0.00,-0.01,-0.00,0.01
0.110,-0.03,-0.02,-0.01,0.03
0.120,-0.01,0.01,-0.02,0.02
0.130,-0.02,0.01,-0.01,0.02
0.140,-0.00,0.00,-0.01,0.01
0.150,-0.02,-0.00,-0.01,0.03
0.160,-0.03,0.01,-0.02,0.04
0.170,-0.03,-0.00,-0.01,0.03
0.180,-0.02,-0.00,-0.01,0.02
0.190,-0.01,0.01,-0.01,0.02
0.200,-0.00,0.00,-0.02,0.02
0.210,-0.02,-0.02,-0.01,0.03
0.220,-0.03,0.00,-0.01,0.03
0.229,-0.02,-0.01,-0.00,0.03
0.239,-0.02,-0.02,-0.01,0.03
0.250,-0.01,-0.01,-0.01,0.01
0.260,-0.01,0.01,-0.02,0.02
0.270,-0.01,0.00,-0.01,0.02
0.280,-0.02,-0.00,-0.02,0.03
0.290,-0.02,-0.01,-0.00,0.02
0.300,-0.01,-0.01,-0.01,0.02
0.310,-0.03,0.01,-0.01,0.03
0.319,-0.02,-0.01,-0.01,0.02
0.329,-0.01,-0.03,-0.02,0.03
0.339,-0.03,-0.00,0.00,0.03
0.349,-0.02,-0.01,-0.01,0.02
0.359,-0.01,-0.01,-0.01,0.01
0.369,0.01,0.00,-0.01,0.01
0.379,-0.02,0.00,-0.01,0.02
0.389,-0.02,-0.00,-0.03,0.03
0.399,-0.02,0.00,-0.01,0.03
0.409,-0.03,0.00,0.00,0.03
0.419,-0.03,-0.00,-0.01,0.03
0.429,-0.01,-0.00,-0.02,0.02
0.439,-0.00,-0.00,-0.01,0.01
0.449,-0.02,0.01,-0.01,0.02
0.459,-0.01,0.00,-0.00,0.02
0.469,-0.02,-0.00,-0.02,0.03
0.479,-0.02,-0.00,-0.01,0.02
0.489,-0.02,0.01,-0.02,0.02
0.499,-0.03,0.00,-0.03,0.04
0.509,-0.02,-0.02,-0.02,0.03
0.519,-0.01,-0.01,-0.01,0.02
0.529,-0.02,-0.01,-0.02,0.03
0.539,-0.01,-0.02,-0.02,0.03
0.549,-0.01,-0.01,-0.01,0.02
0.559,-0.01,-0.00,-0.01,0.02
0.569,0.01,0.00,-0.02,0.02
0.579,-0.01,-0.01,-0.01,0.01
0.589,-0.00,-0.01,-0.02,0.02
0.599,-0.01,-0.02,-0.02,0.03
0.609,-0.00,-0.01,-0.01,0.02
0.619,-0.02,-0.01,-0.03,0.03
0.629,-0.01,-0.01,-0.01,0.02
0.639,-0.03,-0.00,-0.00,0.03
0.649,-0.01,0.01,-0.01,0.02
0.659,-0.01,-0.01,-0.00,0.01
0.669,-0.01,0.00,-0.01,0.01
0.679,-0.01,0.01,0.00,0.01
0.689,-0.02,0.01,-0.02,0.03
0.699,-0.01,-0.01,-0.02,0.03
0.709,-0.00,-0.01,-0.00,0.01
0.719,-0.00,-0.01,-0.01,0.02
0.729,-0.01,-0.01,-0.01,0.02
0.739,-0.02,-0.01,-0.02,0.03
0.749,-0.02,0.00,-0.01,0.02
0.759,-0.00,-0.01,-0.01,0.02
0.769,-0.01,-0.02,-0.00,0.02
0.779,-0.01,-0.01,-0.02,0.02
0.789,-0.02,-0.01,-0.02,0.03
0.799,-0.02,-0.01,-0.01,0.03
0.809,-0.03,-0.01,-0.01,0.03
0.819,-0.02,-0.01,-0.01,0.03
0.829,-0.01,-0.01,-0.01,0.01
0.839,-0.01,0.01,0.00,0.01
0.849,-0.03,-0.00,-0.03,0.04
0.859,-0.03,-0.01,-0.01,0.03
0.869,-0.00,-0.01,0.00,0.01
0.879,0.01,-0.00,-0.00,0.01
0.889,-0.01,-0.01,-0.01,0.02
0.899,0.00,0.00,-0.00,0.00
0.909,0.01,0.00,-0.01,0.02
0.919,-0.01,-0.01,-0.02,0.02
0.928,-0.02,-0.01,-0.01,0.02
0.939,-0.01,-0.01,-0.02,0.02
0.949,-0.03,0.04,0.10,0.11
0.958,-0.01,-0.12,-0.19,0.23
0.969,0.02,0.05,0.08,0.09
0.978,-0.23,0.06,-0.04,0.24
0.988,0.18,-0.12,0.01,0.21
0.998,0.09,0.01,0.04,0.10
1.008,-0.13,-0.06,-0.10,0.17
1.018,-0.16,0.03,0.06,0.17
1.028,0.03,-0.06,-0.08,0.10
1.038,0.13,-0.02,0.01,0.13
1.048,-0.15,0.01,-0.01,0.15
1.058,-0.10,-0.00,0.04,0.11
1.068,-0.05,0.04,-0.01,0.06
1.078,0.11,0.01,-0.04,0.12
1.088,-0.13,0.06,-0.04,0.15
1.098,-0.07,0.02,0.01,0.07
1.108,-0.04,0.01,-0.01,0.04
1.118,0.11,-0.01,0.00,0.11
1.128,-0.02,0.01,-0.00,0.02
1.138,-0.07,0.01,0.00,0.08
1.148,-0.01,0.01,-0.03,0.03
1.158,-0.00,0.00,-0.01,0.01
1.168,-0.04,-0.03,-0.02,0.06
1.178,-0.05,-0.03,-0.02,0.06
1.188,0.01,-0.03,-0.02,0.04
1.198,0.04,-0.00,-0.02,0.05
1.208,-0.04,-0.01,-0.02,0.04
1.218,-0.06,-0.00,-0.02,0.07
1.228,0.02,-0.01,-0.00,0.03
1.238,0.00,0.00,-0.01,0.01
1.248,-0.01,-0.02,-0.00,0.02
1.258,-0.06,0.02,-0.01,0.07
1.268,-0.01,0.00,-0.03,0.03
1.278,0.01,0.03,-0.01,0.03
1.288,0.01,-0.00,-0.01,0.02
1.298,0.00,0.00,-0.01,0.01
1.308,-0.00,-0.01,-0.01,0.02
1.318,-0.02,0.01,-0.03,0.04
1.328,0.01,0.02,-0.01,0.03
1.338,-0.03,0.00,-0.02,0.04
1.348,-0.03,-0.01,0.00,0.03
1.358,-0.03,-0.01,-0.02,0.04
1.368,-0.05,-0.01,-0.02,0.06
1.378,-0.04,0.00,-0.03,0.05
1.388,-0.03,0.02,-0.03,0.05
1.398,-0.04,-0.00,-0.00,0.04
1.408,-0.03,0.00,-0.01,0.03
1.418,-0.03,-0.00,-0.01,0.03
1.428,-0.01,0.01,0.00,0.02
1.438,-0.02,-0.01,-0.01,0.03
1.448,-0.02,-0.01,-0.03,0.04
1.458,-0.01,-0.01,-0.00,0.01
1.468,0.00,-0.00,-0.01,0.01
1.478,-0.00,-0.00,-0.02,0.02
1.488,-0.02,0.01,-0.01,0.03
1.498,-0.01,-0.00,-0.01,0.01
1.508,-0.01,0.00,-0.02,0.02
1.518,-0.03,0.00,-0.00,0.03
1.528,-0.01,-0.01,0.01,0.02
1.538,0.00,0.01,-0.00,0.01
1.548,0.00,-0.01,-0.02,0.02
1.558,0.01,-0.02,-0.00,0.02
1.568,-0.01,0.02,-0.03,0.03
1.578,0.01,0.00,-0.02,0.03
1.588,-0.01,-0.00,-0.00,0.02
1.598,-0.02,0.00,-0.02,0.03
1.608,-0.05,-0.00,-0.00,0.05
1.618,-0.04,0.00,-0.01,0.04
1.628,-0.03,-0.00,-0.02,0.04
1.637,-0.02,-0.02,-0.02,0.04
1.647,-0.02,-0.01,-0.01,0.03
1.657,-0.04,-0.02,-0.02,0.05
1.667,0.01,-0.02,-0.01,0.02
1.677,-0.02,-0.01,-0.02,0.03
1.687,-0.00,0.00,0.01,0.01
1.697,-0.00,-0.01,-0.01,0.01
1.707,-0.02,0.00,-0.00,0.02
1.717,-0.04,0.03,-0.01,0.05
1.727,-0.05,0.01,-0.01,0.05
1.737,-0.05,0.00,-0.02,0.05
1.747,-0.04,0.00,0.00,0.04
1.757,-0.01,-0.00,-0.01,0.02
1.767,0.00,0.00,-0.01,0.01
1.777,-0.00,-0.02,-0.03,0.03
1.787,-0.01,-0.01,-0.01,0.02
1.797,-0.01,-0.01,-0.00,0.02
1.807,-0.01,-0.02,-0.00,0.02
1.817,-0.00,0.00,-0.03,0.03
1.827,0.01,-0.01,-0.01,0.02
1.837,0.03,0.00,0.01,0.03
1.847,-0.01,0.00,-0.00,0.01
1.857,0.00,0.01,-0.01,0.02
1.867,0.01,0.01,-0.01,0.01
1.877,-0.02,-0.00,-0.01,0.02
1.887,-0.02,-0.00,-0.00,0.02
1.897,-0.02,0.01,-0.02,0.03
1.907,-0.00,0.01,-0.02,0.02
1.917,0.00,-0.01,-0.02,0.03
1.927,-0.02,-0.01,-0.02,0.03
1.937,-0.02,-0.00,-0.02,0.03
1.947,-0.04,-0.00,-0.01,0.04
1.957,-0.04,-0.01,-0.02,0.04
1.967,0.01,-0.02,-0.01,0.02
1.977,-0.03,-0.00,-0.02,0.03
1.987,-0.03,-0.00,-0.03,0.05
1.997,-0.02,-0.02,-0.03,0.04
2.007,-0.03,-0.00,-0.02,0.03
2.017,-0.00,0.01,0.00,0.01
2.027,-0.04,0.01,-0.01,0.04
2.037,-0.03,0.01,-0.01,0.04
2.047,-0.03,0.01,-0.02,0.04
2.057,-0.02,0.02,-0.02,0.03
2.067,-0.01,0.00,-0.02,0.02
2.077,-0.00,-0.02,-0.02,0.02
2.087,0.01,-0.01,-0.02,0.02
2.097,0.03,-0.00,-0.01,0.03
2.107,0.00,-0.01,-0.00,0.01
2.117,0.00,-0.00,-0.00,0.01
2.127,0.01,0.00,-0.03,0.03
2.137,0.01,0.01,-0.02,0.02
2.147,-0.02,-0.02,-0.01,0.03
2.157,0.00,0.01,-0.00,0.01
2.167,-0.02,0.00,-0.01,0.02
2.177,-0.03,0.01,-0.01,0.03
2.187,-0.02,0.01,-0.01,0.02
2.197,-0.01,0.00,-0.02,0.02
2.207,-0.02,0.01,0.01,0.02
2.217,-0.01,0.01,-0.01,0.01
2.227,-0.02,-0.00,-0.02,0.03
2.236,-0.03,-0.00,-0.02,0.03
2.247,-0.03,0.01,-0.00,0.03
2.257,-0.03,-0.01,0.00,0.03
2.266,-0.03,-0.00,-0.02,0.04
2.277,-0.02,-0.00,-0.01,0.03
2.287,-0.03,-0.01,-0.01,0.04
2.296,-0.01,-0.01,-0.00,0.02
2.306,-0.01,-0.01,-0.00,0.01
2.317,-0.01,-0.01,-0.02,0.03
2.326,-0.01,-0.01,-0.01,0.02
2.336,-0.03,-0.01,-0.00,0.03
2.346,-0.01,-0.00,-0.02,0.02
2.356,-0.03,0.01,-0.02,0.03
2.366,-0.02,0.01,-0.03,0.03
2.376,-0.01,-0.00,-0.02,0.02
2.386,-0.02,-0.00,-0.02,0.03
2.396,-0.01,-0.01,0.00,0.02
2.406,-0.00,0.00,-0.01,0.01
2.416,0.00,0.00,-0.01,0.01
2.426,0.00,-0.00,-0.01,0.01
2.436,0.02,-0.01,-0.01,0.02
2.446,0.01,-0.01,-0.01,0.02
2.456,0.01,-0.00,-0.01,0.01
2.466,-0.00,-0.01,-0.02,0.02
2.476,-0.02,0.01,-0.03,0.04
2.486,-0.04,0.01,-0.00,0.04
2.496,-0.04,-0.01,-0.01,0.04
2.506,-0.02,-0.01,-0.01,0.03
2.516,-0.02,-0.01,0.00,0.03
2.526,-0.03,-0.01,-0.01,0.03
2.536,-0.02,-0.00,-0.02,0.03
2.546,-0.04,-0.01,-0.02,0.05
2.556,-0.05,-0.02,-0.02,0.05
2.566,-0.03,-0.01,-0.02,0.04
2.576,-0.02,-0.01,-0.02,0.03
2.586,-0.02,-0.01,-0.03,0.03
2.596,-0.02,0.02,-0.02,0.03
2.606,0.02,-0.02,-0.03,0.04
2.616,0.01,-0.01,-0.01,0.02
2.626,-0.01,-0.01,-0.01,0.02
2.636,0.00,0.01,0.00,0.01
2.646,-0.01,0.00,-0.02,0.02
2.656,-0.04,-0.00,-0.02,0.04
2.666,-0.03,-0.01,-0.01,0.04
2.676,-0.03,-0.01,-0.01,0.03
2.686,-0.01,0.00,-0.03,0.03
2.696,-0.02,0.01,-0.02,0.03
2.706,0.00,-0.00,-0.02,0.02
2.716,0.01,-0.00,-0.01,0.02
2.726,-0.00,0.00,0.00,0.00
2.736,0.00,0.00,-0.00,0.01
2.746,-0.01,0.00,-0.02,0.02
2.756,-0.02,0.00,-0.01,0.02
2.766,-0.02,-0.01,0.00,0.02
2.776,-0.01,-0.01,-0.02,0.03
2.786,0.01,-0.00,-0.01,0.01
2.796,-0.01,-0.00,-0.02,0.02
2.806,-0.01,-0.02,-0.02,0.03
2.816,-0.02,-0.02,-0.02,0.03
2.826,-0.02,-0.01,-0.01,0.03
2.836,-0.03,0.00,-0.03,0.05
2.846,-0.03,-0.00,0.00,0.03
2.856,-0.02,0.00,-0.00,0.02
2.866,-0.03,-0.00,-0.02,0.03
2.876,-0.02,-0.01,-0.02,0.03
2.886,-0.00,-0.00,-0.02,0.02
2.896,-0.00,0.01,-0.02,0.02
2.906,-0.01,0.02,-0.01,0.02
2.915,-0.00,-0.01,-0.00,0.01
2.926,-0.02,-0.00,-0.01,0.02
2.935,-0.02,-0.00,0.00,0.02
2.946,-0.02,0.01,-0.01,0.02
2.955,-0.02,0.02,-0.00,0.03
2.965,0.00,-0.01,-0.01,0.02
2.975,-0.01,-0.01,-0.01,0.02
2.985,-0.01,-0.00,-0.02,0.02
2.995,-0.01,0.00,-0.01,0.02
3.005,-0.02,0.00,-0.02,0.03
3.015,-0.02,-0.01,-0.01,0.02
3.025,-0.03,0.01,-0.02,0.04
3.035,-0.04,-0.00,-0.02,0.04
3.045,-0.03,-0.01,-0.01,0.03
3.055,-0.02,0.01,-0.02,0.03
3.065,0.02,0.00,-0.03,0.04
3.075,-0.00,0.00,-0.02,0.02
3.085,0.01,0.01,-0.01,0.02
3.095,-0.00,0.00,-0.01,0.01
3.105,0.01,-0.01,-0.02,0.03
3.115,0.01,-0.01,-0.01,0.02
3.125,-0.02,-0.01,-0.01,0.02
3.135,-0.02,-0.00,-0.00,0.02
3.145,-0.03,-0.01,0.00,0.03
3.155,-0.03,-0.01,-0.00,0.03
3.165,-0.02,-0.01,-0.01,0.02
3.175,-0.02,-0.01,-0.01,0.02
3.185,-0.01,-0.01,-0.02,0.02
3.195,-0.02,-0.01,-0.01,0.02
3.205,-0.00,-0.01,-0.01,0.01
3.215,0.00,0.01,-0.01,0.01
3.225,-0.04,0.01,-0.02,0.04
3.235,-0.03,-0.00,-0.01,0.03
3.245,-0.02,0.01,-0.01,0.03
3.255,-0.02,0.02,-0.01,0.03
3.265,-0.01,-0.00,-0.02,0.02
3.275,-0.01,-0.03,-0.04,0.06
3.285,-0.01,-0.04,-0.03,0.05
3.295,-0.03,-0.17,-0.13,0.22
3.305,0.07,-0.19,0.00,0.20
3.315,-0.02,-0.02,0.26,0.26
3.325,-0.27,0.13,0.01,0.30
3.335,0.14,0.36,0.07,0.39
3.345,-0.38,0.56,-0.16,0.70
3.355,0.09,0.62,0.06,0.63
3.365,-0.14,0.51,-0.11,0.54
3.375,0.13,0.56,0.18,0.61
3.385,-0.08,0.52,-0.01,0.53
3.395,0.18,0.57,0.04,0.60
3.405,-0.19,0.65,0.12,0.69
3.415,0.14,0.35,-0.12,0.40
3.425,0.08,0.62,0.16,0.64
3.435,-0.20,0.35,-0.17,0.44
3.445,0.28,0.60,0.11,0.67
3.455,-0.48,0.61,0.06,0.78
3.465,0.16,0.42,-0.03,0.45
3.475,-0.03,0.58,0.05,0.58
3.485,-0.28,0.66,0.01,0.72
3.495,-0.33,0.70,0.02,0.77
3.505,0.01,0.78,0.03,0.78
3.515,-0.04,0.65,-0.02,0.65
3.525,-0.05,0.67,0.05,0.67
3.535,-0.07,0.63,0.13,0.65
3.545,0.08,0.66,0.05,0.66
3.555,0.07,0.67,0.03,0.67
3.565,-0.06,0.81,0.00,0.82
3.575,-0.14,0.71,-0.05,0.73
3.584,-0.11,0.75,0.03,0.76
3.595,-0.09,0.61,-0.01,0.62
3.604,0.21,0.57,0.09,0.61
3.614,0.02,0.61,0.14,0.63
3.624,-0.00,0.48,0.01,0.48
3.634,0.15,0.62,-0.00,0.63
3.644,-0.26,0.70,-0.05,0.75
3.654,-0.01,0.69,0.07,0.69
3.664,-0.08,0.52,0.06,0.53
3.674,0.05,0.46,0.06,0.47
3.684,0.04,0.54,0.06,0.54
3.694,0.09,0.58,-0.06,0.59
3.704,-0.09,0.64,-0.16,0.66
3.714,-0.20,0.97,-0.05,0.99
3.724,-0.16,0.81,0.13,0.84
3.734,-0.13,0.39,0.19,0.45
3.744,0.26,0.42,0.25,0.55
3.754,0.13,0.60,0.18,0.64
3.764,0.05,0.70,-0.03,0.70
3.774,-0.12,0.82,-0.10,0.84
3.784,-0.32,0.66,-0.10,0.74
3.794,-0.35,0.62,0.08,0.72
3.804,-0.19,0.40,0.23,0.50
3.814,-0.05,0.33,0.07,0.35
3.824,-0.03,0.81,0.04,0.81
3.834,-0.42,0.66,-0.22,0.81
3.844,-0.23,0.81,-0.05,0.84
3.854,-0.31,0.48,0.03,0.58
3.864,0.24,0.18,0.24,0.39
3.874,-0.16,0.31,0.08,0.36
3.884,-0.01,0.63,-0.05,0.64
3.894,0.08,0.87,-0.15,0.89
3.904,-0.04,0.70,-0.28,0.76
3.914,-0.03,0.66,0.01,0.66
3.924,-0.07,0.28,0.12,0.31
3.934,0.46,0.26,0.14,0.55
3.944,0.41,1.03,0.18,1.13
3.954,0.43,0.49,0.04,0.65
3.964,-0.06,0.30,-0.18,0.35
3.974,-0.67,1.08,-0.01,1.27
3.984,0.58,0.56,-0.17,0.83
3.994,0.05,0.76,0.19,0.78
4.004,0.09,0.21,0.21,0.30
4.014,-0.38,0.63,0.21,0.76
4.024,-0.25,0.84,0.22,0.90
4.034,0.65,0.20,-0.02,0.68
4.044,-0.67,0.65,0.04,0.93
4.054,-0.42,0.71,-0.21,0.85
4.064,-0.12,0.52,-0.59,0.79
4.074,-0.42,0.64,-0.08,0.76
4.084,0.33,0.89,0.20,0.97
4.094,0.41,0.50,0.16,0.67
4.104,0.24,0.19,0.49,0.58
4.114,0.28,0.33,0.51,0.67
4.124,0.41,0.14,-0.07,0.44
4.134,-0.24,1.13,0.10,1.16
4.144,-0.64,1.10,-0.58,1.40
4.154,-0.27,0.82,-0.67,1.09
4.164,-0.95,1.09,0.33,1.49
4.174,-0.56,-0.20,-0.04,0.59
4.184,0.36,0.29,0.52,0.69
4.194,0.01,0.39,0.32,0.51
4.204,-0.02,0.73,-0.25,0.77
4.213,-0.72,1.10,-0.43,1.38
4.224,-0.55,0.58,-0.48,0.93
4.234,-0.33,0.60,0.00,0.69
4.244,0.34,0.20,0.20,0.44
4.253,-0.06,0.75,0.62,0.98
4.263,0.56,0.31,0.41,0.76
4.274,0.51,0.12,0.32,0.61
4.284,-0.21,0.88,0.08,0.91
4.293,0.69,0.02,-0.51,0.86
4.304,0.01,1.37,-0.28,1.39
4.313,-0.44,0.97,-0.43,1.15
4.324,-0.19,0.46,-0.30,0.58
4.333,0.26,-0.02,0.33,0.42
4.343,0.30,0.80,0.83,1.19
4.353,0.19,0.46,0.41,0.64
4.363,0.00,0.90,-0.12,0.90
4.373,0.19,0.29,-0.42,0.55
4.383,-0.05,0.24,0.20,0.32
4.393,0.79,-1.64,0.61,1.92
4.403,1.47,-0.18,0.42,1.54
4.413,-0.03,0.28,-0.49,0.56
4.423,0.57,1.90,0.16,1.99
4.433,1.25,1.55,-0.36,2.02
4.443,-2.12,1.22,-0.15,2.45
4.453,1.92,0.52,0.20,2.00
4.463,-0.79,-0.34,-0.88,1.23
4.473,-0.52,0.06,-1.39,1.48
4.483,-2.86,1.52,1.13,3.43
4.493,0.08,0.12,0.62,0.64
4.503,1.90,1.89,1.83,3.24
4.513,-0.10,-1.10,0.16,1.12
4.523,-1.87,0.75,-0.49,2.07
4.533,-0.18,-1.73,-1.40,2.23
4.543,0.79,0.76,0.00,1.10
4.553,0.10,3.23,0.93,3.37
4.563,1.33,2.06,-0.34,2.47
4.573,-1.07,0.89,-0.12,1.40
4.583,-0.56,-1.07,-0.25,1.23
4.593,-0.06,0.07,-0.74,0.75
4.603,-2.30,0.93,0.15,2.48
4.613,-0.55,-0.48,0.19,0.76
4.623,1.76,2.03,1.18,2.94
4.633,-0.70,0.15,0.56,0.91
4.643,-1.63,0.12,-0.27,1.66
4.653,-0.05,0.62,-0.95,1.14
4.663,-0.51,1.37,-0.97,1.75
4.673,-1.55,1.08,0.14,1.90
4.683,1.78,0.49,0.56,1.93
4.693,-0.11,-0.45,0.51,0.69
4.703,-0.36,0.10,0.70,0.79
4.713,0.16,0.20,-0.75,0.80
4.723,-0.44,2.60,0.24,2.65
4.733,0.10,0.77,0.26,0.82
4.743,0.14,-1.38,-0.32,1.42
4.753,-0.10,1.26,0.79,1.49
4.763,0.90,-0.29,-0.33,1.00
4.773,0.32,-0.05,-0.41,0.52
4.783,0.59,1.10,-0.29,1.29
4.793,0.31,1.75,0.87,1.98
4.803,0.67,-0.44,-0.46,0.93
4.813,0.47,0.53,0.20,0.74
4.823,0.90,0.30,-0.21,0.98
4.833,0.16,0.11,-0.15,0.24
4.843,0.95,1.09,-0.10,1.45
4.853,0.20,0.77,0.39,0.88
4.863,0.36,-0.33,-0.04,0.49
4.873,-0.21,0.47,0.07,0.52
4.883,-0.22,0.28,0.48,0.60
4.893,0.73,-0.12,0.17,0.76
4.903,0.40,0.57,-0.11,0.71
4.913,-0.05,0.20,-0.76,0.79
4.923,-1.18,0.96,-0.22,1.54
4.933,-0.61,0.43,-0.12,0.76
4.942,-0.01,-0.49,-0.01,0.49
4.953,-0.86,1.08,0.67,1.54
4.962,0.72,-0.87,0.16,1.14
4.972,-0.01,-0.16,0.19,0.24
4.983,-0.71,0.94,0.12,1.18
4.992,-0.14,-0.08,-0.85,0.87
5.002,-0.07,0.61,-0.37,0.72
5.012,-0.17,0.26,0.20,0.37
5.022,0.32,-0.16,0.76,0.84
5.032,-0.20,-0.67,0.79,1.05
5.042,0.69,-1.55,-0.42,1.75
5.052,0.73,1.45,-0.29,1.65
5.062,0.20,-0.40,-0.86,0.97
5.072,-0.52,1.06,-0.43,1.26
5.082,0.76,-0.77,-0.15,1.09
5.092,0.30,-0.11,0.39,0.51
5.102,0.40,-0.24,0.15,0.48
5.112,0.62,0.67,0.69,1.14
5.122,0.66,-1.02,0.32,1.26
5.132,-0.20,-0.45,-0.73,0.88
5.142,0.19,0.03,-0.90,0.92
5.152,0.39,2.15,0.39,2.22
5.162,0.24,-0.60,-0.08,0.65
5.172,-0.02,-1.35,0.39,1.41
5.182,0.76,0.61,1.03,1.42
5.192,0.91,-1.14,-0.10,1.46
5.202,0.02,0.72,-0.01,0.72
5.212,-0.30,-0.11,-0.58,0.66
5.222,-0.28,-0.02,-0.92,0.97
5.232,-0.71,0.91,-0.12,1.16
5.242,0.20,-0.51,0.36,0.65
5.252,0.42,-0.72,0.64,1.05
5.262,0.23,-1.15,0.14,1.19
5.272,0.08,0.89,-0.05,0.89
5.282,0.11,0.75,0.26,0.80
5.292,0.20,-1.08,0.04,1.10
5.302,-0.49,-0.64,-0.52,0.96
5.312,-0.14,-0.25,-0.92,0.96
5.322,0.67,2.42,0.69,2.60
5.332,0.70,-1.57,-0.03,1.72
5.342,-0.09,-1.63,-0.27,1.65
5.352,0.20,1.60,0.71,1.76
5.362,1.59,-0.71,-0.03,1.74
5.372,0.01,-0.06,-0.01,0.07
5.382,-0.12,0.01,0.17,0.20
5.392,0.19,0.47,-0.30,0.59
5.402,0.68,-0.67,-0.10,0.96
5.412,-0.60,0.75,0.50,1.08
5.422,0.38,-0.87,-0.17,0.96
5.432,1.41,-0.44,0.13,1.48
5.442,-0.25,0.41,0.13,0.50
5.452,-0.44,0.06,-0.03,0.44
5.462,0.62,-0.79,-0.36,1.06
5.472,-0.02,-0.89,-0.61,1.08
5.482,-1.08,1.00,-0.15,1.48
5.492,-0.18,-0.35,0.01,0.39
5.502,0.49,-1.09,-0.48,1.29
5.512,-0.68,1.24,0.69,1.57
5.522,0.55,-1.41,-0.03,1.51
5.532,0.42,-0.12,0.61,0.74
5.542,-0.37,-0.69,-0.63,1.01
5.552,-0.03,0.34,-0.65,0.73
5.562,-0.17,0.64,-0.44,0.80
5.571,-0.13,0.18,0.16,0.28
5.581,-0.40,-0.70,0.63,1.02
5.591,0.74,-1.45,0.22,1.64
5.602,0.70,-0.18,-0.34,0.80
5.611,0.29,0.20,-1.32,1.37
5.621,-0.20,2.03,0.42,2.09
5.631,0.22,-0.85,0.04,0.88
5.641,0.49,-0.88,0.37,1.07
5.651,-0.21,0.83,1.20,1.47
5.661,1.21,-1.10,-0.32,1.67
5.671,0.23,0.34,0.22,0.47
5.681,0.35,-0.19,-0.88,0.97
5.691,-0.02,1.54,-0.24,1.56
5.701,-0.31,0.64,0.25,0.76
5.711,0.74,-1.64,-0.12,1.81
5.721,0.05,0.59,0.81,1.01
5.731,0.91,-0.83,-0.13,1.24
5.741,0.22,0.91,0.33,0.99
5.751,-0.60,0.90,-0.19,1.10
5.761,-0.03,-0.07,-0.94,0.94
5.771,-0.14,0.49,-0.01,0.51
5.781,-0.23,0.32,-0.02,0.40
5.791,-0.31,0.18,0.80,0.88
5.801,0.80,-0.31,0.24,0.89
5.811,0.65,0.17,-0.01,0.67
5.821,-0.66,0.65,-0.12,0.93
5.831,-0.33,1.10,0.54,1.27
5.841,0.17,-0.76,0.00,0.78
5.851,0.14,0.19,-0.03,0.24
5.861,-0.34,0.59,-0.43,0.80
5.871,0.79,-0.06,-0.75,1.09
5.881,-0.12,0.55,-0.12,0.58
5.891,0.25,0.68,0.03,0.73
5.901,0.09,1.15,0.97,1.51
5.911,0.46,-1.12,0.14,1.22
5.921,-0.13,0.11,0.26,0.31
5.931,-0.23,0.58,-0.37,0.72
5.941,0.51,0.70,-0.49,0.99
5.951,-0.01,1.70,0.09,1.70
5.961,-0.05,-0.72,-0.65,0.97
5.971,-1.54,1.77,0.67,2.44
5.981,0.97,-0.71,0.57,1.33
5.991,0.95,-1.01,0.43,1.45
6.001,-0.93,1.49,-0.05,1.76
6.011,0.65,0.92,-0.25,1.16
6.021,-0.11,0.46,-0.74,0.88
6.031,-0.93,-0.23,-0.62,1.14
6.041,-0.30,1.23,0.22,1.29
6.051,0.17,0.31,0.15,0.38
6.061,0.10,0.12,1.09,1.10
6.071,0.35,-0.42,0.10,0.56
6.081,0.93,0.54,-0.19,1.09
6.091,-0.08,1.15,-0.07,1.15
6.101,0.32,0.72,-0.11,0.80
6.111,-0.92,-0.30,-0.30,1.01
6.121,0.15,0.18,-0.36,0.43
6.131,0.38,0.99,-0.10,1.06
6.141,0.85,-0.29,-0.35,0.96
6.151,0.04,1.55,0.37,1.59
6.161,0.15,1.01,0.60,1.18
6.171,1.12,-1.47,0.15,1.86
6.181,0.01,1.13,0.26,1.16
6.191,0.67,0.34,-0.23,0.79
6.201,-0.32,1.09,0.31,1.17
6.210,0.00,0.58,0.28,0.64
6.221,0.42,-0.76,-0.87,1.23
6.230,-0.31,0.88,-0.97,1.35
6.240,-0.05,1.41,-0.02,1.41
6.250,0.20,0.51,0.48,0.73
6.260,0.35,0.26,1.29,1.37
6.270,0.02,-1.35,0.53,1.45
6.280,-0.31,0.31,-0.16,0.46
6.290,0.86,1.73,-0.34,1.96
6.300,-0.71,0.81,-0.61,1.24
6.310,-0.62,1.35,-0.25,1.50
6.320,0.29,-0.63,0.56,0.90
6.330,0.78,-1.29,-0.22,1.53
6.340,-0.16,1.35,0.24,1.38
6.350,0.32,1.58,0.25,1.63
6.360,1.32,-0.78,-0.91,1.78
6.370,-1.41,1.77,-0.02,2.26
6.380,-0.22,0.51,0.42,0.69
6.390,0.46,-0.35,0.27,0.64
6.400,0.16,0.29,0.30,0.45
6.410,-0.03,0.71,0.07,0.72
6.420,0.21,0.71,-0.49,0.89
6.430,0.14,1.16,-0.05,1.17
6.440,-0.35,-0.31,-0.47,0.67
6.450,-0.38,1.23,0.85,1.54
6.460,0.17,-0.57,0.46,0.75
6.470,0.13,0.16,0.05,0.22
6.480,-0.12,2.26,0.71,2.37
6.490,1.03,-2.39,-1.80,3.16
6.500,-0.91,2.35,-0.32,2.54
6.510,-0.37,2.00,0.95,2.24
6.520,0.59,-1.64,-0.03,1.75
6.530,0.06,-0.22,0.50,0.55
6.540,0.01,1.28,0.34,1.32
6.550,1.46,0.66,0.05,1.60
6.560,0.44,-0.65,-0.99,1.26
6.570,0.89,0.70,-0.06,1.13
6.580,-0.43,1.54,0.98,1.88
6.590,0.95,-1.74,0.10,1.98
6.600,0.53,1.26,0.57,1.48
6.610,0.02,1.55,0.18,1.56
6.620,0.58,-1.79,-1.88,2.66
6.630,-0.89,2.78,-0.89,3.05
6.640,-0.98,-0.32,0.47,1.13
6.650,-0.27,-1.20,0.04,1.23
6.660,1.05,1.04,1.80,2.33
6.670,0.97,-0.84,0.10,1.28
6.680,-0.26,2.57,1.40,2.94
6.690,-0.26,-2.78,-1.67,3.26
6.700,-0.69,0.14,-2.55,2.64
6.710,-2.06,3.89,0.33,4.42
6.720,0.19,-1.90,-0.97,2.14
6.730,-1.14,1.27,0.94,1.95
6.740,2.24,-0.44,2.21,3.18
6.750,1.00,-1.93,-0.74,2.30
6.760,-0.26,2.54,0.49,2.60
6.770,0.15,-0.60,-0.53,0.81
6.780,-0.47,0.66,-0.44,0.92
6.790,-0.87,0.66,0.12,1.10
6.800,0.64,0.11,0.09,0.65
6.810,0.93,-0.27,-0.19,0.98
6.820,-0.03,1.31,0.71,1.49
6.830,0.80,-1.29,-0.08,1.52
6.840,0.37,0.40,-0.14,0.56
6.850,0.53,1.18,0.16,1.30
6.860,0.53,-0.69,-0.10,0.88
6.870,0.54,-0.57,-0.66,1.03
6.879,0.38,1.50,0.35,1.59
6.890,1.06,0.47,0.46,1.24
6.900,0.03,-1.29,-0.13,1.30
6.910,0.90,0.53,-0.25,1.08
6.919,-0.04,1.20,0.76,1.42
6.929,1.69,-1.38,-0.28,2.20
6.939,0.54,-0.35,-0.94,1.14
6.949,-0.36,3.03,0.91,3.18
6.959,0.56,-0.52,0.23,0.80
6.969,0.05,-1.33,-0.01,1.33
6.979,0.09,0.54,0.29,0.62
6.989,0.83,-0.81,-0.87,1.45
6.999,-0.25,1.06,-0.02,1.09
7.009,0.55,0.97,0.12,1.12
7.019,-1.11,-0.04,-0.13,1.11
7.029,-0.38,-0.33,0.24,0.56
7.039,0.04,-0.78,-0.46,0.91
7.049,0.10,1.14,0.74,1.37
7.059,0.44,-0.51,-0.26,0.72
7.069,0.80,-0.16,-0.30,0.87
7.079,-1.03,1.63,0.30,1.95
7.089,0.19,-0.40,0.01,0.44
7.099,0.19,-0.73,-0.14,0.77
7.109,1.30,-0.84,-0.68,1.70
7.119,0.23,2.20,0.71,2.32
7.129,0.22,-0.07,0.49,0.55
7.139,-0.07,-1.40,-0.34,1.44
7.149,-0.49,1.55,1.25,2.05
7.159,1.64,-1.90,-0.73,2.61
7.169,0.17,0.85,-0.58,1.04
7.179,0.75,0.29,-0.65,1.03
7.189,-0.29,1.51,0.48,1.61
7.199,0.12,-1.34,-0.38,1.39
7.209,0.11,-0.15,-0.16,0.24
7.219,0.22,0.17,0.23,0.36
7.229,1.00,-0.40,0.23,1.10
7.239,0.42,0.11,-0.60,0.74
7.249,0.84,0.98,-0.32,1.33
7.259,0.02,-0.29,-0.57,0.65
7.269,-0.31,-0.66,-0.25,0.77
7.279,0.28,0.68,0.87,1.14
7.289,1.32,0.33,2.21,2.59
7.299,0.93,-3.07,0.36,3.23
7.309,0.14,1.45,0.46,1.53
7.319,-0.16,1.50,0.70,1.67
7.329,1.31,-3.39,-2.45,4.38
7.339,-1.20,2.58,-0.53,2.90
7.349,-0.93,0.89,0.50,1.38
7.359,0.70,-0.54,0.53,1.03
7.369,0.19,-2.78,-0.36,2.81
7.379,-0.52,1.50,-0.07,1.59
7.389,-0.19,0.71,0.04,0.73
7.399,0.62,-0.54,-0.78,1.13
7.409,-0.79,0.06,-0.32,0.85
7.419,-0.34,0.03,-0.05,0.34
7.429,0.04,0.38,0.71,0.80
7.439,0.74,-0.69,0.17,1.03
7.449,0.59,0.58,0.77,1.13
7.459,0.56,-1.19,-0.34,1.36
7.469,0.43,0.25,0.02,0.49
7.479,0.35,-0.07,-0.42,0.55
7.489,0.40,0.44,-0.28,0.66
7.499,0.12,0.81,0.51,0.96
7.509,1.18,-1.13,-0.15,1.64
7.519,0.38,-0.22,-0.36,0.57
7.528,-0.32,1.13,0.09,1.17
7.538,1.41,-0.75,-0.01,1.59
7.548,-0.27,0.45,-0.04,0.53
7.559,0.20,-0.81,-0.32,0.89
7.569,-0.10,1.00,-0.18,1.02
7.578,-0.15,0.31,0.30,0.46
7.588,-0.48,-0.50,-0.15,0.71
7.598,0.21,-0.57,-0.28,0.67
7.608,-0.16,0.05,-0.03,0.17
7.618,0.14,0.18,-0.63,0.67
7.628,-0.61,1.75,0.96,2.09
7.638,0.06,-2.53,-0.85,2.67
7.648,-0.83,2.95,1.61,3.46
7.658,0.64,-2.77,-0.92,2.99
7.668,1.31,-0.42,-0.27,1.40
7.678,-1.70,1.53,0.04,2.29
7.688,1.11,-1.24,-1.50,2.24
7.698,-0.13,1.84,0.51,1.91
7.708,1.21,-0.66,0.86,1.63
7.718,-0.03,-1.55,0.13,1.56
7.728,0.42,-0.39,-0.27,0.63
7.738,0.42,0.37,-0.15,0.58
7.748,0.48,0.03,0.34,0.59
7.758,0.48,-2.34,-1.20,2.68
7.768,-0.35,1.27,0.34,1.36
7.778,0.50,0.34,0.71,0.93
7.788,0.98,-2.21,-0.67,2.51
7.798,0.25,0.57,0.65,0.90
7.808,1.74,-0.99,0.16,2.01
7.818,0.00,-0.27,0.29,0.40
7.828,1.76,-1.36,-0.88,2.39
7.838,-0.09,1.78,0.70,1.92
7.848,0.19,-0.59,0.46,0.77
7.858,1.31,-2.62,-1.31,3.21
7.868,0.45,1.62,0.68,1.81
7.878,1.07,-1.15,-0.32,1.60
7.888,0.99,-0.57,-0.81,1.40
7.898,-0.32,1.32,1.18,1.79
7.908,0.57,-1.10,0.08,1.24
7.918,0.24,-0.54,0.50,0.77
7.928,0.27,-1.03,-0.40,1.14
7.938,0.22,-0.60,-0.90,1.11
7.948,-0.55,1.31,0.15,1.43
7.958,-0.71,-0.09,-0.23,0.75
7.968,-0.13,-0.58,-0.12,0.60
7.978,0.46,-0.28,0.62,0.82
7.988,-1.32,-1.66,-0.17,2.12
7.998,-0.95,0.22,-0.69,1.19
8.008,0.58,1.81,0.56,1.98
8.018,-0.64,-1.34,-0.50,1.57
8.028,-1.02,-0.87,-0.39,1.39
8.038,-0.63,0.47,0.34,0.86
8.048,0.64,-0.76,-0.12,1.00
8.058,-0.39,-0.27,-0.08,0.48
8.068,-0.05,-0.09,-0.05,0.12
8.078,-0.36,-0.63,-0.45,0.85
8.088,0.48,0.44,0.25,0.70
8.098,0.48,-0.73,0.45,0.99
8.108,0.56,-1.19,0.12,1.32
8.118,-0.21,-0.72,-0.00,0.75
8.128,0.62,-0.06,-0.32,0.69
8.138,1.34,-0.67,-0.45,1.56
8.148,0.23,-0.13,-0.36,0.44
8.158,-0.07,0.41,1.18,1.25
8.168,1.47,-2.84,-0.13,3.20
8.178,1.16,-0.06,0.57,1.29
8.187,0.77,-1.03,0.29,1.32
8.198,1.62,-1.35,-0.65,2.20
8.207,0.56,0.31,-0.04,0.64
8.218,1.47,-1.55,-0.56,2.21
8.227,0.20,-0.35,-0.31,0.51
8.237,1.10,-1.46,-0.02,1.83
8.247,0.94,-1.08,0.63,1.56
8.257,1.19,-2.20,-0.15,2.50
8.267,1.21,-0.77,-0.21,1.45
8.277,0.86,-0.82,-0.61,1.33
8.287,0.59,-0.94,-0.12,1.12
8.297,0.14,-0.99,0.39,1.07
8.307,0.67,-2.10,-0.14,2.21
8.317,0.68,-1.27,0.06,1.44
8.327,1.23,-2.25,-0.51,2.61
8.337,-0.43,-0.93,-0.23,1.05
8.347,0.67,-1.11,-0.30,1.33
8.357,-0.67,-0.26,0.45,0.85
8.367,0.55,-2.85,-0.03,2.91
8.377,-0.26,-2.12,-0.35,2.17
8.387,0.13,-0.52,-0.15,0.56
8.397,0.32,-2.01,-0.44,2.08
8.407,-0.81,-0.85,-0.08,1.18
8.417,0.02,-2.48,-0.10,2.49
8.427,-0.32,-1.58,0.07,1.61
8.437,0.23,-1.65,0.21,1.68
8.447,0.16,-2.42,-0.13,2.43
8.457,-0.42,-1.71,-0.37,1.80
8.467,-0.10,-1.43,-0.10,1.44
8.477,-0.16,-2.12,-0.16,2.13
8.487,-0.43,-1.86,-0.06,1.92
8.497,0.12,-2.43,-0.19,2.44
8.507,0.04,-1.74,-0.62,1.84
8.517,0.19,-2.43,-0.72,2.54
8.527,-0.17,-1.43,-0.29,1.47
8.537,-0.24,-2.05,-0.15,2.07
8.547,0.45,-2.18,-0.30,2.25
8.557,-0.29,-1.77,0.03,1.80
8.567,0.36,-2.64,-0.30,2.69
8.577,0.24,-1.91,-0.10,1.93
8.587,0.68,-2.03,0.06,2.14
8.597,0.09,-1.27,-0.42,1.34
8.607,0.80,-2.90,-0.18,3.01
8.617,-0.13,-1.72,0.14,1.73
8.627,0.76,-2.69,0.06,2.80
8.637,0.21,-2.42,-0.29,2.45
8.647,0.37,-1.93,-0.14,1.97
8.657,0.46,-2.28,-0.06,2.33
8.667,0.11,-2.04,-0.12,2.04
8.677,0.17,-2.80,-0.33,2.83
8.687,-0.28,-2.51,0.23,2.54
8.697,0.11,-2.26,-0.08,2.26
8.707,-0.24,-2.25,-0.07,2.27
8.717,-0.14,-2.09,-0.37,2.12
8.727,-0.38,-1.98,-0.11,2.02
8.737,-0.63,-2.15,-0.38,2.27
8.747,-0.67,-1.73,-0.26,1.88
8.757,-0.30,-1.92,-0.08,1.94
8.767,-0.49,-1.54,-0.08,1.62
8.777,-0.28,-1.68,-0.04,1.70
8.787,-0.85,-1.38,-0.03,1.62
8.797,-0.09,-1.32,-0.33,1.36
8.807,0.21,-0.74,0.07,0.77
8.817,-1.43,-0.85,-0.31,1.69
8.827,0.26,-0.62,-0.02,0.67
8.837,-0.15,-0.50,0.00,0.52
8.846,0.15,-0.38,-0.04,0.41
8.857,-0.03,-0.19,-0.04,0.20
8.866,0.29,-0.15,-0.12,0.35
8.877,0.11,-0.01,-0.02,0.11
8.886,0.25,-0.05,0.03,0.26
8.896,0.15,0.02,0.01,0.15
8.906,0.12,-0.02,0.04,0.13
8.916,0.15,0.11,0.08,0.20
8.926,0.08,0.13,0.00,0.15
8.936,-0.10,0.15,-0.07,0.19
8.946,-0.00,0.23,-0.01,0.23
8.957,0.16,0.20,-0.00,0.26
8.966,0.06,0.21,0.01,0.22
8.976,0.25,0.16,0.04,0.30
8.986,0.21,0.17,0.07,0.28
8.996,0.16,0.18,0.01,0.24
9.006,0.07,0.20,-0.02,0.22
9.016,0.01,0.20,-0.04,0.20
9.026,0.02,0.14,0.00,0.14
9.036,-0.04,0.10,0.02,0.11
9.046,-0.02,0.04,0.01,0.05
9.056,-0.12,0.05,0.00,0.13
9.066,-0.25,0.06,-0.02,0.25
9.076,-0.29,0.07,-0.06,0.30
9.086,-0.28,0.05,-0.08,0.30
9.096,-0.22,0.04,-0.06,0.23
9.106,-0.20,-0.03,-0.03,0.20
9.116,-0.16,-0.04,-0.02,0.17
9.126,-0.09,-0.03,-0.03,0.09
9.136,-0.06,-0.02,-0.03,0.07
9.146,-0.05,-0.01,-0.04,0.06
9.156,-0.07,0.01,-0.04,0.08
9.166,-0.00,-0.02,-0.00,0.02
9.176,0.04,-0.00,0.02,0.04
9.186,0.06,0.00,0.02,0.07
9.196,0.10,0.03,-0.00,0.11
9.206,0.10,0.05,0.00,0.11
9.216,0.10,0.05,0.00,0.11
9.226,0.12,0.05,-0.00,0.13
9.236,0.15,0.04,0.01,0.16
9.246,0.15,0.05,0.03,0.16
9.256,0.10,0.09,0.01,0.13
9.266,0.07,0.09,-0.01,0.11
9.276,-0.01,0.09,-0.02,0.10
9.286,-0.06,0.07,-0.02,0.10
9.296,-0.06,0.06,-0.01,0.09
9.306,-0.04,0.06,-0.02,0.07
9.316,-0.06,0.02,-0.02,0.07
9.326,-0.09,0.02,-0.02,0.09
9.336,-0.10,0.02,-0.03,0.10
9.346,-0.09,0.03,-0.03,0.10
9.356,-0.06,0.01,-0.03,0.07
9.366,-0.06,-0.00,-0.02,0.06
9.376,-0.11,0.01,-0.02,0.12
9.386,-0.13,0.02,-0.02,0.13
9.396,-0.12,0.03,-0.04,0.13
9.406,-0.09,0.02,-0.03,0.09
9.416,-0.08,0.01,-0.02,0.08
9.426,-0.03,0.01,-0.00,0.03
9.436,0.00,0.01,-0.00,0.01
9.446,0.00,0.04,0.00,0.04
9.456,0.03,0.04,-0.01,0.06
9.466,0.06,0.03,-0.01,0.06
9.476,0.07,0.03,-0.01,0.08
9.486,0.09,0.04,0.00,0.10
9.495,0.09,0.01,-0.01,0.09
9.506,0.11,0.03,0.01,0.12
9.516,0.08,0.03,-0.01,0.09
9.526,0.08,0.01,-0.02,0.08
9.536,0.08,0.00,0.00,0.08
9.545,0.08,0.01,0.00,0.08
9.556,0.05,0.03,-0.02,0.06
9.565,0.04,0.02,-0.00,0.04
9.575,0.01,0.01,-0.02,0.03
9.585,-0.01,0.01,-0.01,0.02
9.595,-0.05,0.02,-0.02,0.05
9.605,-0.07,0.02,-0.03,0.08
9.615,-0.08,0.02,-0.04,0.09
9.625,-0.11,0.02,-0.03,0.12
9.635,-0.10,0.01,-0.02,0.10
9.645,-0.07,0.02,-0.02,0.08
9.655,-0.10,0.02,-0.02,0.11
9.665,-0.06,-0.00,-0.01,0.06
9.675,-0.06,0.02,-0.02,0.07
9.685,-0.03,0.01,-0.02,0.04
9.695,-0.06,0.01,-0.01,0.06
9.705,-0.03,0.02,-0.02,0.04
9.715,-0.03,0.03,-0.02,0.05
9.725,-0.02,0.03,-0.01,0.04
9.735,0.02,0.02,-0.00,0.03
9.745,0.02,0.03,-0.01,0.04
9.755,0.04,0.03,-0.01,0.05
9.765,0.04,0.04,-0.00,0.06
9.775,0.04,0.03,-0.00,0.05
9.785,0.06,0.04,0.00,0.07
9.795,0.05,0.04,-0.00,0.06
9.805,0.05,0.03,-0.00,0.06
9.815,0.03,0.02,-0.00,0.03
9.825,0.04,0.03,0.00,0.04
9.835,0.02,0.03,-0.01,0.03
9.845,-0.01,0.02,-0.02,0.03
9.855,-0.00,0.01,-0.02,0.02
9.865,-0.02,0.01,-0.01,0.02
9.875,-0.04,0.01,-0.02,0.04
9.885,-0.05,0.00,-0.01,0.05
9.895,-0.04,0.01,-0.01,0.04
9.905,-0.05,0.02,-0.03,0.06
9.915,-0.07,0.04,-0.01,0.08
9.925,-0.06,0.02,-0.02,0.07
9.935,-0.07,0.00,-0.02,0.08
9.945,-0.05,0.02,-0.01,0.06
9.955,-0.05,0.02,-0.01,0.05
9.965,-0.05,0.00,-0.02,0.05
9.975,-0.04,0.01,-0.00,0.05
9.985,-0.01,0.02,-0.00,0.02
9.995,-0.01,0.02,-0.01,0.03
10.005,-0.00,0.02,-0.01,0.02
10.015,0.02,0.01,-0.01,0.03
10.025,0.04,0.00,-0.01,0.04
10.035,0.04,0.00,-0.01,0.04
10.045,0.02,0.01,0.00,0.02
10.055,0.04,0.01,0.00,0.04
10.065,0.04,0.02,-0.00,0.04
10.075,0.03,0.01,-0.01,0.04
10.085,0.05,0.01,-0.01,0.05
10.095,0.04,0.02,-0.01,0.05
10.105,0.02,0.01,-0.01,0.03
10.115,0.02,0.02,-0.02,0.04
10.124,-0.02,0.01,-0.01,0.02
10.135,-0.03,0.03,-0.02,0.04
10.144,-0.03,0.04,-0.01,0.06
10.155,-0.05,0.03,-0.00,0.05
10.164,-0.04,0.02,-0.02,0.05
10.175,-0.03,0.02,-0.02,0.05
10.184,-0.05,0.04,-0.02,0.06
10.194,-0.04,0.03,-0.02,0.05
10.204,-0.04,0.05,-0.02,0.07
10.214,-0.04,0.04,-0.00,0.05
10.224,-0.03,0.04,-0.01,0.05
10.234,-0.01,0.02,-0.02,0.03
10.244,-0.01,0.04,-0.01,0.04
10.254,-0.01,0.02,-0.01,0.03
10.264,0.02,0.02,-0.00,0.03
10.274,0.01,0.04,-0.02,0.05
10.284,-0.02,0.04,-0.01,0.04
10.294,-0.00,0.03,-0.01,0.03
10.304,0.00,0.03,-0.02,0.04
10.314,0.00,0.05,-0.03,0.05
10.324,0.02,0.04,-0.02,0.05
10.334,0.02,0.04,-0.02,0.05
10.344,-0.01,0.03,-0.02,0.03
10.354,0.01,0.01,0.00,0.01
10.364,0.01,0.02,-0.01,0.03
10.374,-0.02,0.05,-0.00,0.05
10.384,-0.02,0.04,-0.01,0.05
10.394,-0.04,0.04,-0.01,0.06
10.404,-0.10,0.07,-0.02,0.13
10.414,-0.05,0.05,-0.03,0.07
10.424,-0.04,0.07,-0.01,0.08
10.434,-0.03,0.07,-0.02,0.08
10.444,-0.06,0.06,-0.01,0.09
10.454,-0.03,0.06,-0.02,0.07
10.464,-0.06,0.05,-0.02,0.08
10.474,-0.04,0.05,-0.02,0.06
10.484,-0.00,0.04,0.00,0.04
10.494,-0.03,0.04,-0.00,0.05
10.504,-0.03,0.01,0.01,0.03
10.514,-0.02,0.03,-0.01,0.04
10.524,-0.00,0.03,-0.00,0.03
10.534,0.00,0.00,-0.02,0.03
10.544,0.02,0.00,0.00,0.02
10.554,0.02,-0.00,-0.00,0.02
10.564,0.03,-0.01,-0.01,0.03
10.574,0.05,-0.00,-0.00,0.05
10.584,0.05,-0.01,-0.02,0.05
10.594,0.02,-0.00,-0.01,0.03
10.604,0.04,0.01,0.00,0.04
10.614,0.05,0.03,0.00,0.06
10.624,0.04,0.01,-0.01,0.04
10.634,0.04,0.01,-0.00,0.04
10.644,0.01,0.02,0.00,0.02
10.654,0.02,0.02,0.00,0.03
10.664,0.02,0.03,-0.01,0.04
10.674,0.01,0.02,-0.01,0.02
10.684,-0.03,0.02,-0.01,0.04
10.694,-0.03,0.03,-0.01,0.04
10.704,-0.04,0.03,-0.01,0.05
10.714,-0.06,0.03,-0.02,0.06
10.724,-0.07,0.04,-0.01,0.08
10.734,-0.07,0.03,-0.02,0.07
10.744,-0.05,0.02,-0.01,0.06
10.754,-0.05,0.02,-0.02,0.06
10.764,-0.03,0.02,-0.01,0.04
10.774,-0.04,0.04,-0.01,0.05
10.784,-0.03,0.02,-0.00,0.03
10.794,-0.00,0.01,0.00,0.01
10.804,0.00,0.02,0.00,0.02
10.814,-0.00,0.02,-0.02,0.02
10.824,-0.00,0.02,-0.01,0.02
10.834,0.00,0.03,-0.01,0.04
10.843,0.02,0.02,-0.01,0.03
10.853,0.01,0.01,-0.00,0.02
10.863,0.04,0.01,-0.01,0.04
10.874,0.04,0.02,-0.01,0.04
10.883,0.04,0.02,0.00,0.05
10.893,0.04,0.02,-0.01,0.05
10.903,0.04,0.02,-0.00,0.04
10.913,0.02,0.02,-0.01,0.03
10.923,-0.01,0.02,-0.02,0.02
10.933,0.03,0.02,-0.01,0.03
10.943,0.01,0.01,-0.01,0.02
10.953,-0.01,0.02,0.00,0.02
10.963,-0.02,0.03,-0.01,0.04
10.973,-0.03,0.03,-0.03,0.05
10.983,-0.04,0.04,-0.01,0.05
10.993,-0.03,0.03,-0.01,0.04
11.003,-0.04,0.03,-0.02,0.05
11.013,-0.03,0.01,-0.01,0.03
11.023,-0.02,0.03,-0.01,0.04
11.033,-0.04,0.03,-0.01,0.05
11.043,-0.04,0.04,-0.01,0.06
11.053,-0.02,0.02,-0.02,0.04
11.063,-0.01,0.03,-0.02,0.04
11.073,-0.03,0.02,-0.00,0.03
11.083,-0.01,0.03,-0.02,0.04
11.093,0.00,0.03,-0.01,0.03
11.103,-0.01,0.03,-0.02,0.04
11.113,0.00,0.02,-0.01,0.02
11.123,0.01,0.02,-0.01,0.02
11.133,0.01,0.03,0.01,0.03
11.143,0.03,0.01,-0.01,0.03
11.153,0.02,0.02,-0.01,0.03
11.163,0.00,0.01,-0.00,0.01
11.173,0.02,0.03,-0.02,0.04
11.183,0.01,0.03,-0.00,0.04
11.193,0.01,0.04,-0.01,0.05
11.203,-0.00,0.04,-0.01,0.04
11.213,0.00,0.04,-0.01,0.04
11.223,-0.01,0.04,-0.01,0.04
11.233,-0.01,0.03,-0.00,0.03
11.243,-0.01,0.02,-0.01,0.02
11.253,-0.01,0.02,-0.01,0.02
11.263,-0.03,0.02,-0.01,0.04
11.273,-0.01,0.01,0.00,0.02
11.283,-0.04,0.02,-0.02,0.05
11.293,-0.03,0.01,-0.01,0.03
11.303,-0.03,0.02,0.00,0.04
11.313,-0.01,0.03,-0.02,0.04
11.323,-0.01,0.02,-0.03,0.03
11.333,0.00,0.01,-0.01,0.01
11.343,-0.02,0.01,0.00,0.02
11.353,-0.01,0.03,-0.01,0.03
11.363,0.02,0.02,-0.00,0.03
11.373,-0.01,0.03,-0.02,0.03
11.383,0.01,0.02,-0.01,0.03
11.393,0.01,0.03,-0.01,0.03
11.403,-0.01,0.01,-0.02,0.03
11.413,0.01,0.02,-0.01,0.02
11.422,0.03,0.02,-0.02,0.04
11.433,0.03,0.02,-0.01,0.04
11.443,0.03,0.03,-0.01,0.04
11.453,0.01,0.03,-0.00,0.03
11.463,0.00,0.02,-0.01,0.02
11.473,-0.00,0.02,-0.01,0.03
11.483,-0.00,0.00,-0.00,0.01
11.493,-0.02,0.01,-0.01,0.02
11.502,-0.04,0.02,-0.01,0.05
11.512,-0.02,0.02,0.00,0.03
11.522,-0.03,0.03,-0.02,0.05
11.532,-0.01,0.02,-0.02,0.03
11.542,-0.02,0.02,-0.02,0.03
11.552,-0.01,0.02,-0.00,0.03
11.562,-0.02,0.01,0.00,0.03
11.572,-0.03,0.02,-0.02,0.04
11.582,-0.02,0.05,-0.02,0.05
11.592,-0.03,0.02,-0.02,0.05
11.602,-0.01,0.02,-0.02,0.03
11.612,-0.01,0.01,-0.01,0.02
11.622,0.00,0.01,-0.01,0.01
11.632,-0.01,0.02,-0.00,0.02
11.642,0.01,0.02,0.01,0.02
11.652,0.01,0.03,-0.02,0.04
11.662,0.02,0.02,-0.01,0.03
11.672,0.01,0.02,-0.01,0.03
11.682,0.00,0.02,0.00,0.02
11.692,0.01,0.02,-0.00,0.02
11.702,0.01,0.02,-0.00,0.02
11.712,0.03,0.02,-0.02,0.04
11.722,0.02,0.02,-0.01,0.03
11.732,-0.01,0.02,-0.00,0.02
11.742,0.01,0.01,-0.01,0.02
11.752,0.00,0.03,-0.02,0.04
11.762,0.02,0.01,-0.03,0.04
11.772,0.01,0.01,-0.03,0.03
11.782,-0.00,0.02,-0.01,0.02
11.792,-0.01,0.02,-0.00,0.02
11.802,-0.02,0.02,-0.02,0.04
11.812,-0.03,0.00,-0.01,0.04
11.822,-0.02,0.01,-0.02,0.03
11.832,-0.02,0.01,-0.01,0.02
11.842,-0.02,0.02,-0.01,0.03
11.852,-0.02,0.03,-0.02,0.04
11.862,-0.00,0.01,-0.01,0.01
11.872,0.01,0.01,-0.01,0.02
11.882,0.00,-0.00,-0.02,0.02
11.892,-0.01,0.03,-0.02,0.03
11.902,0.00,0.03,-0.02,0.04
11.912,0.02,0.01,-0.00,0.02
11.922,0.01,0.01,-0.01,0.02
11.932,0.03,0.01,-0.02,0.04
11.942,0.01,0.02,-0.01,0.03
11.952,-0.01,0.02,-0.00,0.02
11.962,0.00,0.00,-0.00,0.01
11.972,-0.01,0.01,-0.03,0.03
11.982,-0.01,0.02,-0.02,0.03
11.992,-0.03,0.02,-0.01,0.03
12.002,-0.02,-0.00,-0.01,0.02
12.012,-0.01,-0.01,0.00,0.02
12.022,-0.00,-0.05,-0.08,0.10
12.032,0.04,-0.07,-0.06,0.10
12.042,0.02,-0.22,-0.05,0.23
12.052,0.09,-0.30,0.05,0.32
12.062,-0.11,-0.32,-0.02,0.34
12.072,-0.03,-0.29,0.01,0.30
12.082,-0.04,-0.31,-0.03,0.31
12.092,-0.05,-0.26,-0.04,0.26
12.102,-0.05,-0.22,-0.09,0.25
12.112,-0.10,-0.18,-0.03,0.21
12.122,0.03,-0.24,-0.00,0.24
12.132,-0.08,-0.25,-0.01,0.26
12.142,-0.06,-0.27,-0.08,0.29
12.152,0.00,-0.31,0.03,0.31
12.162,-0.04,-0.32,-0.09,0.33
12.171,-0.10,-0.39,-0.01,0.40
12.181,0.02,-0.40,-0.08,0.41
12.192,0.05,-0.47,0.05,0.48
12.201,-0.07,-0.46,-0.09,0.47
12.211,0.04,-0.56,-0.02,0.56
12.221,-0.10,-0.61,-0.05,0.62
12.231,-0.11,-0.48,0.00,0.49
12.241,0.04,-0.59,-0.05,0.59
12.251,-0.17,-0.50,-0.07,0.54
12.261,-0.09,-0.57,-0.07,0.58
12.271,-0.08,-0.49,-0.06,0.50
12.281,-0.03,-0.54,-0.04,0.54
12.291,-0.15,-0.53,-0.03,0.55
12.301,0.08,-0.65,0.00,0.65
12.311,0.10,-0.67,-0.01,0.68
12.321,-0.11,-0.59,-0.07,0.60
12.331,0.03,-0.63,-0.19,0.65
12.341,-0.06,-0.48,-0.08,0.49
12.351,-0.02,-0.59,-0.09,0.60
12.361,-0.07,-0.62,0.06,0.63
12.371,-0.05,-0.73,-0.02,0.74
12.381,0.13,-0.62,0.04,0.64
12.391,0.02,-0.56,-0.08,0.56
12.401,-0.08,-0.58,-0.14,0.60
12.411,-0.15,-0.64,-0.21,0.69
12.421,-0.01,-0.53,0.01,0.53
12.431,0.27,-0.77,0.01,0.81
12.441,0.18,-0.59,0.05,0.62
12.451,-0.01,-0.48,-0.03,0.48
12.461,0.23,-0.50,-0.01,0.55
12.471,0.04,-0.54,0.04,0.54
12.481,-0.02,-0.70,-0.01,0.70
12.491,-0.08,-0.62,-0.10,0.63
12.501,0.00,-0.63,-0.23,0.67
12.511,-0.20,-0.33,-0.18,0.43
12.521,-0.21,-0.35,-0.12,0.42
12.531,-0.18,-0.64,-0.04,0.66
12.541,-0.05,-0.70,0.10,0.71
12.551,0.20,-0.88,0.08,0.91
12.561,0.13,-0.69,-0.03,0.71
12.571,0.17,-0.26,-0.17,0.36
12.581,-0.08,-0.48,-0.31,0.58
12.591,-0.13,-0.42,-0.21,0.49
12.601,-0.08,-0.65,-0.06,0.65
12.611,0.27,-0.82,0.05,0.86
12.621,0.70,-0.70,0.17,1.00
12.631,-0.05,-0.73,-0.08,0.74
12.641,0.10,-0.56,-0.32,0.65
12.651,-0.51,-0.39,-0.30,0.71
12.661,0.15,-0.36,-0.10,0.40
12.671,-0.20,-0.74,-0.11,0.77
12.681,0.27,-0.61,0.03,0.67
12.691,0.40,-0.85,0.12,0.95
12.701,0.01,-0.71,-0.07,0.71
12.711,0.10,-0.53,-0.08,0.54
12.721,-0.32,-0.45,-0.27,0.62
12.731,-0.30,-0.31,0.10,0.44
12.740,0.61,-0.74,-0.12,0.97
12.751,0.01,-0.40,0.18,0.44
12.761,0.27,-1.10,0.04,1.13
12.771,0.21,-0.74,-0.12,0.78
12.781,-0.04,-0.24,0.04,0.25
12.791,-0.16,-0.29,0.03,0.33
12.800,-0.20,-0.52,-0.07,0.57
12.810,0.05,-0.99,-0.06,0.99
12.820,0.13,-0.48,-0.18,0.53
12.830,-0.30,-0.35,-0.17,0.49
12.840,0.36,-0.74,-0.11,0.83
12.851,-0.01,-0.12,0.10,0.15
12.860,-0.48,-0.69,-0.12,0.85
12.870,-0.45,-0.68,0.20,0.84
12.880,0.22,-0.25,0.44,0.55
12.890,0.30,-0.97,-0.14,1.02
12.900,0.10,-0.69,-0.42,0.81
12.910,-0.02,0.08,-0.23,0.25
12.920,-0.42,-0.44,-0.40,0.73
12.930,-0.35,-0.42,-0.09,0.56
12.940,-0.28,-0.41,0.54,0.74
12.950,-0.16,-1.09,0.33,1.15
12.960,0.12,-0.80,-0.04,0.81
12.970,0.39,-0.16,-0.25,0.49
12.980,-0.05,-0.49,-0.55,0.74
12.990,-0.30,-0.12,-0.34,0.47
13.000,-0.67,-0.29,0.07,0.74
13.010,0.11,-1.05,0.24,1.08
13.020,0.05,-0.75,0.38,0.84
13.030,0.64,-1.02,-0.23,1.23
13.040,-0.48,-0.12,-0.21,0.54
13.050,-0.43,-0.24,-0.56,0.75
13.060,-0.06,0.07,-0.01,0.09
13.070,-0.07,-0.73,0.44,0.85
13.080,0.05,-1.52,-0.21,1.54
13.090,0.40,-0.29,0.18,0.52
13.100,0.48,-0.82,-0.32,1.00
13.110,0.21,-0.31,-0.26,0.46
13.120,-0.59,-0.04,-0.40,0.72
13.130,-0.34,-0.58,-0.18,0.70
13.140,0.16,-0.07,0.52,0.55
13.150,0.64,-1.59,-0.01,1.71
13.160,0.47,-0.65,0.23,0.83
13.170,0.04,-0.59,-0.17,0.62
13.180,0.34,-0.59,-0.35,0.77
13.190,-0.58,0.28,-0.19,0.67
13.200,-0.06,-0.77,-0.20,0.80
13.210,0.05,-0.59,0.12,0.60
13.220,0.72,-1.08,0.04,1.30
13.230,0.66,-0.48,0.15,0.83
13.240,0.27,-0.71,0.06,0.76
13.250,0.05,-0.14,0.15,0.21
13.260,0.17,-0.78,-0.11,0.80
13.270,0.36,-0.67,-0.41,0.87
13.280,-0.07,0.22,-0.00,0.23
13.290,0.05,-1.24,-0.30,1.27
13.300,-0.10,-0.07,0.51,0.52
13.310,0.76,-1.46,-0.19,1.66
13.320,-0.34,0.40,0.23,0.58
13.330,0.14,-1.07,-0.39,1.14
13.340,0.06,0.13,0.02,0.14
13.350,-0.60,-1.14,-0.39,1.35
13.360,-0.07,0.19,0.16,0.26
13.370,0.02,-0.79,0.03,0.79
13.380,0.12,-0.28,-0.21,0.37
13.390,0.40,-0.55,0.31,0.75
13.400,0.09,-0.60,-0.01,0.61
13.410,-0.62,-0.44,0.06,0.76
13.420,0.42,-1.11,-0.15,1.19
13.430,-0.20,0.01,-0.27,0.34
13.440,0.53,-0.07,-0.30,0.61
13.450,-0.48,-0.10,-0.08,0.50
13.460,0.21,-1.13,-0.01,1.15
13.470,0.15,-0.30,0.51,0.61
13.479,0.47,-0.57,0.34,0.82
13.490,0.10,-0.66,-0.06,0.67
13.499,0.21,-0.07,0.04,0.23
13.509,0.59,-0.11,-0.14,0.62
13.520,-0.07,-0.97,-0.36,1.03
13.529,-0.35,0.12,0.15,0.40
13.539,0.79,-0.85,-0.32,1.20
13.549,0.63,-0.34,-0.06,0.72
13.559,-0.51,0.29,0.36,0.69
13.569,0.82,-1.49,0.05,1.70
13.579,-0.15,-0.44,-0.03,0.47
13.589,0.58,-0.18,-0.38,0.72
13.599,0.27,0.24,0.22,0.42
13.609,0.03,-0.36,0.24,0.44
13.619,-0.14,-1.27,-0.01,1.28
13.629,0.25,-0.18,0.52,0.60
13.639,0.43,-0.55,-0.22,0.73
13.649,-0.51,-0.51,-0.24,0.76
13.659,-0.78,-0.25,-0.92,1.24
13.669,-0.13,0.10,-0.54,0.57
13.679,-1.19,0.38,0.30,1.29
13.689,-0.07,-1.49,-0.04,1.49
13.699,-0.18,-0.95,0.50,1.09
13.709,-0.78,-0.21,0.16,0.82
13.719,-0.60,-0.32,-0.02,0.68
13.729,-1.05,-0.44,-0.56,1.27
13.739,-0.26,-0.32,-0.71,0.82
13.749,-0.77,0.16,-0.40,0.88
13.759,-0.27,-1.03,-0.64,1.24
13.769,-0.39,-0.33,0.10,0.52
13.779,0.31,0.39,0.91,1.04
13.789,0.01,-0.89,1.45,1.70
13.799,-0.00,-2.29,0.05,2.29
13.809,0.03,-0.68,-1.03,1.24
13.819,0.27,0.94,-0.94,1.35
13.829,0.18,0.46,-0.69,0.85
13.839,-0.05,0.21,0.25,0.33
13.849,0.16,-1.62,0.72,1.78
13.859,1.11,-1.25,0.43,1.72
13.869,0.70,-0.76,0.54,1.17
13.879,1.26,-0.08,-0.09,1.27
13.889,1.18,-0.47,-0.69,1.45
13.899,-0.15,0.22,-0.35,0.44
13.909,-0.19,0.09,0.22,0.30
13.919,1.11,-1.71,-0.40,2.08
13.929,0.57,-0.75,-0.31,0.99
13.939,0.52,-0.14,0.14,0.56
13.949,0.48,0.57,0.63,0.97
13.959,0.42,-0.04,1.08,1.16
13.969,0.03,-3.31,-0.94,3.44
13.979,-0.80,1.20,0.46,1.51
13.989,0.46,-0.61,-0.47,0.90
13.999,0.29,-0.18,-0.53,0.63
14.009,-0.92,0.44,0.06,1.03
14.019,0.24,-2.19,-0.81,2.35
14.029,-0.46,0.34,0.48,0.75
14.039,1.35,-0.32,0.20,1.40
14.049,0.21,-1.21,-0.05,1.23
14.059,-0.88,0.13,0.08,0.90
14.069,0.70,-0.13,0.58,0.92
14.078,-0.67,-1.15,-0.38,1.39
14.089,-0.68,-0.06,0.20,0.71
14.098,-0.02,-0.62,-0.84,1.05
14.108,0.93,-0.07,-0.12,0.94
14.118,-0.50,0.40,0.16,0.66
14.128,0.09,-1.06,0.31,1.11
14.139,-0.14,-1.41,-0.14,1.42
14.149,0.24,-0.15,-0.09,0.30
14.158,-0.29,0.25,0.14,0.41
14.169,-0.88,-1.64,-1.40,2.33
14.178,-0.66,1.16,-0.34,1.38
14.188,-0.42,0.75,0.53,1.01
14.198,-0.24,-3.01,-0.42,3.05
14.208,-1.10,0.33,0.77,1.38
14.218,0.92,-0.71,0.46,1.25
14.228,-0.39,-0.63,-0.40,0.85
14.238,-0.26,-0.27,-0.38,0.53
14.248,-0.68,0.03,-0.96,1.18
14.258,0.14,-0.05,-0.30,0.34
14.268,-0.01,-0.54,0.15,0.56
14.278,0.02,-1.10,0.54,1.23
14.288,0.21,-0.28,0.75,0.82
14.298,1.27,-1.93,-0.56,2.37
14.308,0.48,0.12,-0.63,0.80
14.318,-1.09,1.21,0.09,1.63
14.328,0.96,-1.42,-0.61,1.82
14.338,0.25,-0.64,-0.23,0.72
14.348,0.23,0.83,1.71,1.91
14.358,0.20,-1.98,-0.10,1.99
14.368,0.68,-0.59,0.40,0.98
14.378,0.32,0.66,0.07,0.73
14.388,0.21,-2.18,-1.37,2.59
14.398,-0.25,1.82,0.03,1.84
14.408,-0.29,0.78,0.80,1.16
14.418,1.40,-3.74,-0.87,4.09
14.428,-1.00,1.87,1.21,2.44
14.438,1.00,-2.19,-0.82,2.54
14.448,0.69,1.70,0.26,1.85
14.458,-0.88,-1.54,-0.32,1.80
14.468,-0.16,-1.33,-1.48,1.99
14.478,-0.38,2.86,0.67,2.96
14.488,1.57,-0.38,0.70,1.76
14.498,-0.93,-1.61,0.67,1.97
14.508,0.81,-1.89,-0.05,2.06
14.518,-0.10,1.09,0.14,1.10
14.528,0.63,-0.52,-1.11,1.38
14.538,-1.23,2.03,-0.16,2.38
14.548,-0.55,0.17,0.49,0.76
14.558,1.55,-3.00,-0.78,3.46
14.568,-0.18,1.51,1.42,2.08
14.578,0.49,-1.26,0.16,1.36
14.588,0.64,-1.24,-1.18,1.83
14.598,-0.99,2.23,-0.05,2.44
14.608,-0.04,-1.27,-1.59,2.03
14.618,-1.15,1.27,0.15,1.72
14.628,0.28,0.26,0.70,0.80
14.638,0.68,0.48,2.60,2.73
14.648,1.03,-4.22,0.23,4.35
14.658,0.41,0.30,-0.37,0.64
14.668,-0.94,1.89,-0.39,2.15
14.678,1.29,-1.58,-2.50,3.23
14.688,-2.01,4.50,1.20,5.07
14.698,0.87,-2.05,-0.03,2.23
14.708,1.12,-1.85,0.78,2.30
14.718,0.67,-0.44,0.55,0.97
14.728,0.59,0.35,-0.01,0.69
14.737,0.91,0.64,-0.11,1.12
14.748,0.00,0.45,0.13,0.47
14.758,-0.66,-0.55,-0.77,1.16
14.768,-0.50,0.86,0.14,1.00
14.777,1.36,-1.43,-0.85,2.15
14.787,-0.09,1.79,0.72,1.93
14.797,-0.09,-1.66,-0.09,1.67
14.807,-0.27,0.27,0.39,0.55
14.817,0.09,0.18,0.81,0.83
14.827,0.07,-0.02,-0.17,0.18
14.837,-0.39,-1.02,-0.72,1.31
14.847,0.22,0.28,-1.05,1.11
14.857,-0.12,2.24,0.35,2.27
14.867,0.56,-1.10,-0.05,1.24
14.877,-0.57,-1.11,0.49,1.34
14.887,0.46,-0.09,0.44,0.64
14.897,0.90,0.25,0.51,1.06
14.907,0.81,0.20,0.06,0.83
14.917,0.07,-0.53,-0.89,1.04
14.927,-0.71,0.96,-0.17,1.21
14.937,0.31,-0.46,-0.58,0.80
14.947,0.03,0.28,0.11,0.31
14.957,-0.28,-0.36,0.37,0.58
14.967,1.20,-0.65,-0.06,1.37
14.977,-0.05,0.03,-0.15,0.16
14.987,-0.34,0.60,-0.08,0.70
14.997,-0.06,-0.30,-0.57,0.65
15.007,-0.51,1.32,0.83,1.64
15.017,-0.04,-1.14,-0.03,1.14
15.027,0.37,-0.18,0.19,0.45
15.037,0.14,0.66,0.45,0.81
15.047,0.78,-0.32,-0.09,0.85
15.057,0.09,-0.54,-1.00,1.13
15.067,-0.66,1.91,0.77,2.17
15.077,0.57,-1.47,-0.77,1.75
15.087,0.15,0.75,0.65,1.00
15.097,0.72,-0.71,-0.52,1.14
15.107,0.53,0.71,0.47,1.00
15.117,0.74,0.02,0.29,0.79
15.127,-0.27,-0.73,0.04,0.78
15.137,-0.61,-0.13,-0.07,0.62
15.147,0.81,0.71,0.05,1.07
15.157,0.41,-0.38,-0.78,0.96
15.167,-0.16,0.31,-0.74,0.82
15.177,-1.18,1.74,1.11,2.38
15.187,0.95,-1.37,0.54,1.75
15.197,0.51,-1.02,1.06,1.56
15.207,-0.22,-1.10,-0.72,1.33
15.217,0.14,1.64,0.05,1.64
15.227,0.67,-0.77,-2.32,2.53
15.237,-1.09,3.12,0.81,3.40
15.247,-0.76,-1.53,-0.03,1.71
15.257,1.30,-0.70,1.23,1.93
15.267,0.80,-0.99,0.51,1.37
15.277,0.21,-0.30,-0.27,0.46
15.287,-0.78,0.55,-1.20,1.53
15.297,0.18,1.64,-0.75,1.81
15.307,-0.70,1.07,-0.10,1.28
15.317,-1.55,0.27,1.47,2.15
15.327,1.19,-3.57,-0.18,3.76
15.337,0.40,1.14,1.18,1.69
15.347,0.91,-0.60,-0.83,1.37
15.357,-0.43,1.07,-1.09,1.59
15.367,-1.14,2.51,0.79,2.87
15.377,0.18,-1.66,-0.32,1.70
15.387,0.63,-0.81,0.74,1.27
15.397,0.71,-0.87,0.10,1.13
15.407,0.73,0.78,0.14,1.08
15.416,1.12,-0.30,-1.32,1.76
15.427,-0.73,0.85,-0.35,1.18
15.436,0.03,0.09,-0.35,0.36
15.447,0.56,0.64,0.65,1.07
15.456,0.93,-1.44,0.43,1.77
15.466,0.51,-0.05,0.07,0.52
15.476,0.81,0.74,0.18,1.11
15.486,0.46,-1.16,-0.98,1.58
15.496,-0.72,2.23,0.64,2.43
15.506,0.27,-0.93,-0.29,1.01
15.517,0.11,-0.58,-0.13,0.60
15.526,-0.26,0.90,0.20,0.95
15.536,0.46,-0.69,-0.10,0.84
15.546,-0.44,-1.20,-0.64,1.43
15.556,-0.14,2.34,1.19,2.63
15.566,0.83,-1.21,-0.50,1.55
15.576,0.29,-0.90,-0.02,0.94
15.586,-1.30,0.25,-0.40,1.38
15.596,0.62,0.58,-0.40,0.93
15.606,-0.41,0.45,0.06,0.61
15.616,0.55,-1.07,-0.39,1.27
15.626,0.09,1.41,1.17,1.83
15.636,0.77,-1.65,0.04,1.82
15.646,0.84,0.40,0.37,1.00
15.656,0.35,0.29,0.18,0.49
15.666,0.07,-0.18,-0.34,0.39
15.676,0.38,0.14,-0.47,0.62
15.686,0.05,1.07,-0.25,1.11
15.696,-0.39,-0.15,0.18,0.45
15.706,0.57,-0.77,0.56,1.11
15.716,0.14,-0.49,0.18,0.54
15.726,0.72,0.36,0.31,0.87
15.736,-0.02,0.04,-0.30,0.30
15.746,0.00,-0.01,-0.55,0.55
15.756,0.31,0.16,-0.44,0.56
15.766,-0.45,0.75,0.39,0.96
15.776,0.61,-0.40,0.38,0.82
15.786,0.38,-0.35,0.42,0.67
15.796,0.08,-0.21,-0.25,0.34
15.806,0.54,0.48,-0.36,0.81
15.816,0.42,1.08,-0.32,1.20
15.826,0.35,0.05,-0.27,0.45
15.836,-0.27,0.45,0.16,0.55
15.846,0.51,0.02,0.54,0.75
15.856,-0.42,0.28,0.53,0.73
15.866,0.54,-0.38,-0.27,0.72
15.876,0.10,1.63,0.48,1.71
15.886,-0.08,-0.85,-1.29,1.55
15.896,-1.45,2.30,0.01,2.72
15.906,0.04,0.29,-0.09,0.31
15.916,0.72,-1.33,-0.09,1.51
15.926,-1.45,1.08,1.22,2.18
15.936,0.47,-0.97,-0.46,1.17
15.946,0.44,1.32,-0.32,1.42
15.956,-0.56,1.22,0.01,1.34
15.966,-0.06,-0.52,-0.80,0.96
15.976,-0.31,0.67,0.65,0.98
15.986,0.42,0.63,0.28,0.80
15.996,1.21,-0.30,0.46,1.33
16.006,-0.18,1.10,1.04,1.52
16.016,0.80,-0.47,-0.01,0.93
16.026,0.86,0.71,-0.22,1.14
16.036,-0.71,0.50,-0.78,1.16
16.046,0.49,1.04,-0.35,1.20
16.056,0.35,1.13,-0.09,1.19
16.066,0.25,0.58,0.07,0.63
16.075,0.41,0.78,0.78,1.17
16.086,0.21,-1.28,-0.60,1.43
16.095,0.26,2.88,1.16,3.11
16.106,0.80,-0.85,-0.98,1.52
16.116,-0.37,0.87,-0.86,1.28
16.126,-1.08,4.09,1.20,4.39
16.135,1.54,-0.47,0.42,1.67
16.145,-0.23,0.45,1.14,1.25
16.155,-0.06,0.12,0.53,0.54
16.165,1.07,-0.49,-1.98,2.30
16.175,-0.66,3.97,-0.93,4.13
16.185,-0.30,3.52,-0.03,3.53
16.195,0.32,-0.73,-0.34,0.87
16.205,0.67,-0.62,0.50,1.04
16.215,-0.51,0.80,-0.16,0.96
16.225,1.45,0.68,-1.41,2.14
16.235,0.01,4.54,-0.11,4.54
16.245,0.36,1.07,-0.17,1.14
16.255,-0.57,1.18,1.27,1.83
16.265,-0.20,3.91,4.68,6.10
16.275,1.12,-1.41,2.63,3.19
16.285,0.95,0.28,1.24,1.59
16.295,-1.36,1.97,-1.23,2.69
16.305,0.24,2.68,-2.74,3.84
16.315,-0.10,3.63,-3.23,4.86
16.325,-0.22,2.98,-1.61,3.40
16.335,-0.33,1.71,0.24,1.76
16.345,-0.75,0.27,2.09,2.23
16.355,1.41,-0.23,2.07,2.51
16.365,2.26,1.34,1.50,3.02
16.375,-0.07,2.07,0.14,2.08
16.385,-0.46,2.62,-2.06,3.36
16.395,-0.81,3.91,-1.08,4.14
16.405,-0.45,1.64,-0.58,1.79
16.415,1.00,1.27,0.82,1.81
16.425,0.48,0.88,1.20,1.57
16.435,1.19,2.06,1.24,2.68
16.445,0.10,1.42,-0.23,1.45
16.455,0.45,3.28,-0.46,3.34
16.465,-0.10,2.44,-0.47,2.49
16.475,0.11,2.20,0.20,2.21
16.485,0.08,2.20,0.77,2.33
16.495,0.87,1.14,0.47,1.51
16.505,0.40,2.40,0.54,2.49
16.515,0.39,2.40,-0.33,2.46
16.525,-0.36,2.78,-0.41,2.83
16.535,-0.04,2.66,0.04,2.66
16.545,0.54,2.14,0.34,2.24
16.555,0.02,2.09,0.65,2.19
16.565,0.56,2.19,0.55,2.33
16.575,-0.30,2.03,-0.09,2.06
16.585,-0.21,3.08,-0.03,3.09
16.595,-0.12,2.64,-0.29,2.66
16.605,0.49,2.76,0.30,2.82
16.615,-0.29,2.30,0.48,2.37
16.625,-0.41,2.45,0.49,2.53
16.635,-0.56,2.46,0.11,2.53
16.645,-0.18,3.10,0.08,3.10
16.655,-0.38,3.06,0.13,3.09
16.665,-0.02,2.58,-0.24,2.59
16.675,-0.75,2.47,0.27,2.59
16.685,-0.45,2.04,-0.02,2.09
16.695,-0.53,2.14,0.19,2.22
16.705,-0.30,2.08,0.11,2.10
16.715,-0.22,1.73,0.13,1.75
16.725,-0.40,1.43,0.09,1.49
16.734,-0.51,1.22,0.01,1.32
16.745,-0.44,1.23,-0.01,1.31
16.755,-0.53,0.92,-0.08,1.06
16.764,-0.33,0.91,-0.01,0.97
16.774,-0.20,0.57,0.12,0.62
16.785,-0.19,0.40,0.14,0.46
16.794,-0.05,0.24,0.11,0.27
16.804,-0.05,0.15,-0.03,0.16
16.814,-0.03,0.14,-0.06,0.15
16.824,-0.10,0.05,-0.11,0.16
16.834,-0.14,0.00,-0.06,0.15
16.844,0.17,-0.09,0.06,0.20
16.854,0.13,-0.14,0.12,0.23
16.864,0.13,-0.13,0.09,0.21
16.874,0.19,-0.14,-0.03,0.24
16.884,0.18,-0.09,-0.06,0.21
16.894,0.25,-0.15,-0.03,0.29
16.904,0.19,-0.17,-0.06,0.26
16.914,0.28,-0.20,0.04,0.35
16.924,0.43,-0.25,0.02,0.50
16.934,0.57,-0.26,0.08,0.63
16.944,0.50,-0.24,0.04,0.56
16.954,0.35,-0.17,0.01,0.39
16.964,0.19,-0.10,-0.01,0.21
16.974,0.08,-0.08,-0.05,0.12
16.984,0.04,-0.07,-0.02,0.08
16.994,-0.04,-0.06,-0.01,0.07
17.004,0.02,-0.03,0.01,0.04
17.014,0.02,0.01,0.00,0.03
17.024,-0.06,0.01,-0.04,0.08
17.034,-0.16,0.03,-0.03,0.17
17.044,-0.21,0.02,-0.03,0.21
17.054,-0.21,0.04,-0.02,0.22
17.064,-0.18,0.03,-0.04,0.18
17.074,-0.15,0.06,-0.03,0.16
17.084,-0.13,0.02,-0.03,0.14
17.094,-0.13,0.01,-0.02,0.13
17.104,-0.14,-0.01,-0.00,0.15
17.114,-0.15,0.03,-0.01,0.15
17.124,-0.08,0.06,-0.04,0.11
17.134,-0.02,0.07,-0.04,0.08
17.144,0.03,0.02,-0.02,0.04
17.154,0.05,-0.02,-0.00,0.05
17.164,0.06,-0.01,-0.00,0.06
17.174,0.11,-0.01,0.01,0.11
17.184,0.11,0.01,-0.01,0.11
17.194,0.19,-0.00,0.01,0.19
17.204,0.19,0.00,0.00,0.19
17.214,0.19,-0.01,0.01,0.19
17.224,0.19,-0.03,0.01,0.19
17.234,0.16,-0.04,0.03,0.17
17.244,0.17,-0.04,-0.00,0.17
17.254,0.17,-0.02,0.00,0.17
17.264,0.17,-0.03,-0.01,0.17
17.274,0.15,-0.03,-0.00,0.15
17.284,0.10,-0.05,-0.00,0.11
17.294,0.05,-0.05,-0.01,0.07
17.304,-0.00,-0.04,-0.01,0.04
17.314,-0.04,-0.03,-0.02,0.05
17.324,-0.03,-0.02,-0.03,0.05
17.334,-0.02,-0.00,-0.02,0.03
17.344,-0.07,0.00,-0.02,0.07
17.354,-0.11,-0.01,-0.02,0.12
17.364,-0.11,0.01,-0.03,0.11
17.373,-0.09,-0.00,-0.02,0.09
17.384,-0.05,0.01,-0.03,0.06
17.394,-0.04,0.01,-0.03,0.05
17.404,-0.02,-0.01,-0.01,0.03
17.414,0.00,-0.00,-0.01,0.01
17.424,-0.02,0.01,-0.02,0.03
17.433,0.01,-0.01,-0.02,0.02
17.443,0.05,-0.01,-0.01,0.05
17.453,0.07,-0.03,-0.01,0.08
17.463,0.09,-0.03,0.00,0.10
17.473,0.09,-0.03,0.00,0.09
17.484,0.10,-0.01,-0.00,0.11
17.493,0.14,-0.01,-0.01,0.14
17.503,0.15,-0.02,-0.02,0.15
17.513,0.15,-0.02,0.00,0.16
17.523,0.14,-0.02,0.01,0.14
17.533,0.16,-0.03,0.02,0.16
17.543,0.15,-0.01,0.01,0.15
17.553,0.13,-0.01,-0.00,0.14
17.563,0.11,-0.01,-0.01,0.11
17.573,0.08,-0.01,0.00,0.08
17.583,0.04,-0.01,0.00,0.04
17.593,0.01,-0.01,-0.02,0.02
17.603,-0.04,0.02,-0.02,0.05
17.613,-0.07,0.01,-0.03,0.07
17.623,-0.06,0.01,-0.02,0.06
17.633,-0.07,-0.01,-0.01,0.07
17.643,-0.07,-0.01,-0.02,0.08
17.653,-0.09,-0.01,-0.01,0.09
17.663,-0.09,0.01,-0.03,0.09
17.673,-0.08,0.01,-0.02,0.08
17.683,-0.04,-0.01,-0.03,0.05
17.693,-0.03,-0.02,-0.01,0.03
17.703,-0.00,-0.01,0.01,0.01
17.713,0.02,-0.03,-0.01,0.04
17.723,0.02,-0.01,-0.00,0.02
17.733,0.05,-0.00,0.00,0.06
17.743,0.06,0.00,-0.01,0.06
17.753,0.06,-0.01,-0.00,0.07
17.763,0.08,-0.00,0.01,0.08
17.773,0.13,-0.02,0.00,0.13
17.783,0.13,0.01,0.01,0.13
17.793,0.12,-0.01,-0.00,0.12
17.803,0.14,-0.01,0.00,0.14
17.813,0.11,0.00,-0.00,0.11
17.823,0.13,0.01,0.02,0.13
17.833,0.07,-0.01,-0.00,0.07
17.843,0.06,0.00,-0.01,0.06
17.853,0.06,0.01,-0.01,0.06
17.863,0.12,-0.00,-0.01,0.12
17.873,0.03,0.00,-0.02,0.04
17.883,0.03,-0.02,-0.03,0.05
17.893,0.03,-0.01,-0.02,0.04
17.903,0.01,-0.01,-0.01,0.02
17.913,-0.07,-0.01,-0.04,0.08
17.923,-0.07,-0.02,-0.03,0.08
17.933,-0.05,0.00,-0.02,0.05
17.943,-0.09,0.02,-0.02,0.09
17.953,-0.13,0.00,-0.02,0.13
17.963,-0.11,0.01,-0.02,0.11
17.973,-0.05,0.02,-0.00,0.06
17.983,-0.05,0.02,-0.02,0.06
17.993,-0.02,0.00,-0.00,0.02
18.003,0.01,0.01,-0.00,0.02
18.013,0.05,-0.00,-0.01,0.05
18.023,0.05,-0.02,-0.00,0.05
18.033,0.03,-0.01,-0.01,0.03
18.043,0.06,-0.02,-0.01,0.06
18.053,0.06,-0.02,-0.01,0.06
18.063,0.04,-0.01,-0.02,0.05
18.073,0.04,0.00,0.00,0.04
18.083,0.07,-0.00,-0.00,0.07
18.092,0.08,-0.01,-0.01,0.08
18.103,0.11,-0.03,0.01,0.11
18.113,0.07,0.01,-0.00,0.07
18.123,0.09,0.01,-0.01,0.09
18.132,0.07,0.02,-0.02,0.08
18.142,0.07,0.04,-0.01,0.08
18.152,0.07,0.03,-0.03,0.09
18.162,0.08,0.02,-0.01,0.08
18.173,0.07,0.00,-0.01,0.07
18.182,0.06,0.03,0.01,0.07
18.192,0.02,0.01,-0.01,0.02
18.202,0.04,0.01,-0.02,0.04
18.212,-0.03,0.01,-0.02,0.04
18.222,-0.01,0.01,-0.01,0.01
18.232,-0.04,-0.03,-0.01,0.05
18.242,-0.01,-0.01,0.00,0.01
18.252,-0.01,-0.02,-0.02,0.03
18.262,0.01,-0.02,-0.00,0.02
18.272,0.03,-0.01,-0.03,0.04
18.282,0.06,-0.02,-0.01,0.07
18.292,0.06,-0.04,0.00,0.07
18.302,0.08,-0.05,-0.01,0.09
18.312,0.07,-0.05,-0.00,0.09
18.322,0.07,-0.04,-0.00,0.08
18.332,0.07,-0.05,-0.02,0.08
18.342,0.07,-0.02,-0.01,0.07
18.352,0.04,-0.04,-0.01,0.06
18.362,0.05,-0.02,-0.00,0.05
18.372,0.04,-0.02,-0.01,0.05
18.382,0.06,-0.01,-0.01,0.06
18.392,0.05,0.00,-0.02,0.05
18.402,0.05,-0.01,-0.01,0.05
18.412,0.05,-0.01,-0.02,0.06
18.422,0.07,-0.02,-0.01,0.07
18.432,0.01,-0.02,-0.00,0.02
18.442,0.04,0.00,-0.00,0.04
18.452,0.04,-0.01,-0.01,0.04
18.462,0.02,-0.01,-0.02,0.03
18.472,0.01,0.00,-0.00,0.01
18.482,-0.01,-0.02,0.00,0.02
18.492,-0.00,0.01,-0.01,0.02
18.502,-0.01,-0.00,-0.02,0.02
18.512,0.01,0.01,-0.01,0.01
18.522,-0.00,0.02,-0.01,0.02
18.532,0.04,-0.00,-0.02,0.04
18.542,0.00,-0.01,-0.01,0.02
18.552,0.02,-0.01,-0.01,0.03
18.562,0.02,-0.02,-0.02,0.04
18.572,0.05,-0.05,-0.02,0.07
18.582,0.02,-0.04,-0.01,0.05
18.592,0.05,-0.04,-0.01,0.07
18.602,0.05,-0.04,-0.01,0.07
18.612,0.07,-0.05,-0.02,0.09
18.622,0.03,-0.05,-0.01,0.06
18.632,0.05,-0.02,-0.02,0.06
18.642,0.08,-0.03,-0.01,0.08
18.652,0.07,-0.01,0.00,0.07
18.662,0.07,-0.03,-0.02,0.08
18.672,0.06,-0.03,-0.02,0.07
18.682,0.07,-0.02,-0.01,0.08
18.692,0.05,-0.02,0.00,0.06
18.702,0.05,-0.04,0.00,0.06
18.712,0.03,-0.03,-0.01,0.04
18.722,0.07,-0.05,-0.02,0.09
18.732,0.01,-0.02,0.01,0.02
18.741,0.02,-0.00,-0.01,0.02
18.751,0.03,-0.00,-0.01,0.03
18.761,0.03,-0.01,-0.02,0.04
18.771,-0.01,-0.01,-0.03,0.03
18.782,0.03,-0.00,-0.01,0.04
18.791,0.00,0.00,-0.01,0.01
18.802,0.01,-0.00,0.00,0.01
18.811,-0.03,-0.01,-0.01,0.04
18.821,0.01,-0.01,-0.03,0.03
18.831,0.04,0.00,-0.01,0.04
18.841,0.01,-0.00,-0.01,0.02
18.851,0.03,-0.04,-0.01,0.05
18.861,0.03,-0.02,-0.00,0.04
18.871,0.04,-0.03,-0.02,0.05
18.881,0.06,-0.01,-0.02,0.06
18.891,0.06,0.01,-0.01,0.06
18.901,0.05,-0.01,-0.02,0.06
18.911,0.03,0.02,-0.00,0.04
18.921,0.04,0.00,-0.00,0.04
18.931,0.01,-0.01,0.01,0.02
18.941,0.06,-0.01,-0.01,0.06
18.951,0.02,0.02,-0.01,0.03
18.961,0.05,-0.01,-0.03,0.06
18.971,0.05,-0.03,-0.01,0.06
18.981,0.03,-0.05,0.00,0.06
18.991,0.02,-0.01,0.00,0.02
19.001,0.02,-0.05,-0.03,0.06
19.011,0.01,-0.04,-0.00,0.04
19.021,-0.00,-0.05,-0.04,0.06
19.031,0.01,-0.05,-0.00,0.05
19.041,0.02,-0.04,0.01,0.04
19.051,0.05,-0.04,-0.02,0.07
19.061,-0.00,-0.01,-0.02,0.03
19.071,0.05,-0.01,-0.04,0.06
19.081,0.03,-0.00,-0.01,0.03
19.091,0.02,-0.02,0.01,0.03
19.101,-0.04,-0.02,-0.01,0.04
19.111,0.01,-0.04,-0.01,0.04
19.121,-0.01,-0.01,0.00,0.02
19.131,-0.01,-0.03,-0.01,0.03
19.141,0.01,-0.04,-0.01,0.05
19.151,0.00,-0.02,-0.02,0.03
19.161,0.03,-0.03,-0.02,0.04
19.171,0.01,-0.04,-0.01,0.04
19.181,0.03,-0.06,-0.00,0.07
19.191,0.03,-0.04,-0.02,0.06
19.201,0.06,-0.03,-0.00,0.07
19.211,0.05,-0.02,-0.00,0.05
19.221,0.02,0.01,0.00,0.02
19.231,0.02,-0.03,-0.00,0.04
19.241,0.04,-0.03,-0.02,0.05
19.251,0.03,0.00,-0.02,0.04
19.261,0.04,-0.02,-0.02,0.05
19.271,0.06,0.01,-0.00,0.06
19.281,0.08,0.01,-0.01,0.08
19.291,0.09,0.01,-0.00,0.09
19.301,0.04,0.03,-0.02,0.05
19.311,0.06,0.02,-0.01,0.06
19.321,0.08,0.05,-0.01,0.09
19.331,0.07,0.03,-0.02,0.08
19.341,0.01,0.03,0.00,0.03
19.350,0.06,0.01,-0.00,0.06
19.361,0.01,0.04,-0.01,0.04
19.370,-0.00,0.01,-0.01,0.01
19.380,0.00,0.01,-0.00,0.01
19.391,0.07,-0.03,-0.00,0.08
19.400,0.01,-0.03,-0.00,0.03
19.410,0.02,-0.01,0.01,0.03
19.421,0.02,-0.02,-0.01,0.03
19.431,0.03,0.01,-0.02,0.04
19.440,0.03,-0.03,-0.02,0.04
19.450,0.01,-0.03,-0.00,0.03
19.460,0.03,-0.04,-0.01,0.05
19.470,0.03,-0.02,-0.00,0.04
19.480,0.01,-0.02,-0.01,0.02
19.490,0.02,-0.01,-0.02,0.03
19.500,0.01,-0.02,-0.01,0.02
19.510,0.04,-0.04,-0.01,0.05
19.520,0.03,-0.03,-0.02,0.05
19.530,-0.00,-0.02,-0.01,0.02
19.540,-0.01,-0.00,-0.02,0.02
19.550,-0.03,-0.01,-0.02,0.04
19.560,-0.03,-0.02,-0.01,0.04
19.570,-0.00,-0.02,-0.03,0.04
19.580,-0.00,-0.02,-0.02,0.03
19.590,0.01,-0.02,-0.01,0.02
19.600,0.02,-0.03,0.01,0.03
19.610,0.03,-0.03,0.00,0.04
19.620,0.02,-0.04,-0.01,0.04
19.630,0.02,-0.03,-0.03,0.05
19.640,0.01,-0.03,-0.03,0.04
19.650,0.02,-0.04,-0.01,0.05
19.660,-0.01,-0.03,-0.00,0.03
19.670,-0.01,-0.04,-0.02,0.05
19.680,-0.01,-0.02,-0.02,0.03
19.690,-0.02,-0.01,-0.01,0.03
19.700,-0.02,-0.01,-0.00,0.02
19.710,0.02,-0.03,-0.01,0.04
19.720,0.00,-0.03,-0.01,0.03
19.730,-0.02,-0.01,-0.00,0.02
19.740,0.05,-0.02,-0.02,0.05
19.750,-0.01,0.02,-0.03,0.04
19.760,0.01,-0.02,-0.02,0.03
19.770,-0.00,-0.00,-0.00,0.01
19.780,-0.02,-0.04,0.00,0.05
19.790,-0.05,-0.01,-0.01,0.05
19.800,-0.02,0.01,0.01,0.02
19.810,-0.07,-0.02,0.00,0.07
19.820,-0.01,-0.00,0.00,0.01
19.830,0.02,-0.02,0.00,0.03
19.840,0.04,-0.01,-0.00,0.04
19.850,0.03,-0.02,-0.03,0.04
19.860,0.06,-0.00,-0.03,0.07
19.870,0.04,-0.00,-0.03,0.05
19.880,0.05,-0.00,-0.01,0.05
19.890,0.07,-0.00,-0.02,0.07
19.900,0.09,-0.00,-0.01,0.09
19.910,0.09,0.03,-0.01,0.09
19.920,0.10,-0.01,-0.02,0.10
19.930,0.07,0.03,-0.00,0.08
19.940,0.10,0.04,-0.00,0.11
19.950,0.06,0.04,-0.02,0.08
19.960,0.11,0.05,-0.00,0.12
19.970,0.06,0.04,-0.01,0.07
19.980,0.09,0.04,-0.01,0.09
19.990,0.03,0.03,-0.01,0.05
20.000,0.07,0.04,0.01,0.08
20.010,0.04,0.02,-0.02,0.05
20.020,0.05,0.03,-0.00,0.06
20.030,0.06,0.02,-0.01,0.07
20.040,0.07,0.01,-0.00,0.07
20.050,0.05,-0.01,0.00,0.05
20.060,0.03,0.02,-0.01,0.04
20.070,0.06,-0.00,-0.01,0.06
20.080,0.04,0.01,-0.01,0.05
20.089,0.03,-0.01,-0.02,0.04
20.099,0.02,-0.00,-0.01,0.02
20.109,0.03,0.01,-0.01,0.03
20.119,0.00,-0.00,-0.02,0.02
20.129,0.01,-0.01,-0.00,0.02
20.139,0.01,-0.01,-0.00,0.02
20.149,-0.01,-0.00,-0.02,0.02
20.159,0.01,-0.01,-0.02,0.02
20.169,-0.02,-0.02,-0.00,0.03
20.179,-0.00,-0.00,-0.03,0.03
20.189,0.03,-0.01,-0.01,0.03
20.199,0.04,-0.01,-0.00,0.04
20.209,0.01,-0.01,-0.01,0.02
20.219,0.03,-0.01,-0.01,0.03
20.229,0.03,-0.01,-0.03,0.04
20.239,0.02,-0.01,-0.03,0.04
20.249,0.03,-0.01,-0.00,0.03
20.259,0.04,-0.00,-0.01,0.04
20.269,0.05,-0.01,-0.00,0.05
20.279,0.05,-0.00,-0.01,0.05
20.289,0.03,-0.00,-0.01,0.04
20.299,0.03,0.00,-0.01,0.03
20.309,0.03,-0.00,-0.01,0.03
20.319,0.01,-0.01,-0.03,0.03
20.329,0.04,0.00,-0.01,0.04
20.339,0.01,-0.02,-0.01,0.03
20.349,-0.03,-0.01,-0.00,0.03
20.359,0.04,0.01,0.00,0.04
20.369,0.02,-0.01,-0.03,0.04
20.379,0.02,0.00,-0.00,0.02
20.389,0.05,-0.01,-0.00,0.06
20.399,0.03,-0.02,0.00,0.03
20.409,0.06,-0.02,-0.02,0.06
20.419,0.08,-0.02,-0.01,0.09
20.429,0.10,-0.01,-0.01,0.10
20.439,0.10,0.02,-0.01,0.11
20.449,0.10,0.02,-0.02,0.10
20.459,0.04,0.02,-0.01,0.05
20.469,0.02,0.03,-0.01,0.04
20.479,0.03,0.03,0.00,0.04
20.489,0.02,0.00,-0.01,0.02
20.499,0.07,0.01,-0.00,0.07
20.509,0.04,0.02,-0.01,0.05
20.519,0.05,0.01,-0.00,0.05
20.529,0.05,0.01,-0.02,0.06
20.539,0.06,0.00,-0.01,0.06
20.549,0.04,0.01,-0.02,0.04
20.559,0.05,0.01,-0.00,0.05
20.569,0.05,0.01,-0.01,0.05
20.579,0.05,-0.00,-0.02,0.06
20.589,0.05,-0.00,-0.02,0.06
20.599,0.06,-0.01,-0.02,0.06
20.609,0.07,-0.01,-0.02,0.07
20.619,0.06,-0.00,-0.01,0.06
20.629,0.03,-0.01,-0.02,0.04
20.639,0.03,-0.00,-0.01,0.03
20.649,0.03,0.02,-0.02,0.04
20.659,0.04,0.02,-0.02,0.05
20.669,0.02,-0.00,-0.02,0.03
20.679,0.00,-0.01,-0.01,0.01
20.688,-0.00,-0.02,-0.02,0.03
20.699,0.00,0.00,-0.01,0.01
20.709,0.02,0.01,-0.00,0.02
20.719,0.04,-0.01,-0.02,0.05
20.729,0.04,-0.02,-0.01,0.04
20.738,0.04,-0.02,-0.01,0.04
20.749,0.03,-0.01,-0.00,0.03
20.758,0.06,-0.01,-0.02,0.06
20.768,0.03,-0.01,-0.03,0.05
20.779,0.03,0.02,-0.02,0.04
20.788,0.05,0.01,-0.01,0.05
20.798,0.04,0.01,-0.02,0.04
20.808,0.03,0.00,-0.00,0.03
20.818,0.02,0.00,0.00,0.02
20.828,0.02,0.01,-0.01,0.03
20.838,0.01,0.00,-0.01,0.01
20.848,0.01,0.02,0.01,0.02
20.858,0.03,0.01,-0.01,0.03
20.868,0.05,-0.00,-0.01,0.05
20.878,0.05,0.00,-0.02,0.05
20.888,0.03,0.00,-0.01,0.03
20.898,0.06,-0.01,0.00,0.06
20.908,0.05,-0.02,-0.01,0.05
20.918,0.02,-0.01,-0.01,0.03
20.928,0.07,-0.02,-0.01,0.07
20.938,0.05,-0.01,-0.01,0.06
20.948,0.05,-0.03,-0.01,0.06
20.958,0.04,-0.03,-0.01,0.05
20.968,0.05,-0.01,-0.01,0.05
20.978,0.04,-0.02,-0.02,0.05
20.988,0.06,-0.01,-0.01,0.06
20.998,0.05,0.00,-0.02,0.05
21.008,0.05,-0.02,-0.01,0.05
21.018,0.03,-0.01,-0.01,0.03
21.028,0.03,-0.00,-0.00,0.03
21.038,0.04,-0.00,-0.01,0.04
21.048,0.04,-0.01,-0.02,0.04
21.058,0.02,0.00,-0.02,0.03
21.068,0.05,0.00,-0.01,0.05
21.078,0.04,-0.01,-0.00,0.05
21.088,0.06,-0.02,-0.00,0.06
21.098,0.05,-0.01,-0.01,0.05
21.108,0.04,0.03,-0.01,0.05
21.118,0.03,-0.01,-0.02,0.03
21.128,0.04,-0.00,-0.00,0.05
21.138,0.04,-0.00,-0.01,0.04
21.148,0.04,-0.01,-0.01,0.04
21.158,0.05,0.01,-0.01,0.05
21.168,0.04,0.01,-0.02,0.05
21.178,0.02,0.01,-0.02,0.03
21.188,0.03,-0.01,0.00,0.03
21.198,0.04,0.00,-0.00,0.04
21.208,0.04,-0.00,-0.02,0.04
21.218,0.03,-0.02,-0.01,0.04
21.228,0.02,-0.01,-0.01,0.02
21.238,0.03,0.00,-0.01,0.04
21.248,0.01,-0.00,-0.02,0.02
21.258,0.06,-0.02,-0.02,0.07
21.268,0.03,-0.02,-0.01,0.04
21.278,0.07,-0.02,-0.00,0.07
21.288,0.03,-0.01,-0.01,0.03
21.298,0.03,-0.01,-0.02,0.04
21.308,0.02,0.01,-0.03,0.04
21.318,0.05,0.01,-0.03,0.05
21.328,0.03,-0.01,-0.01,0.03
21.338,0.03,0.00,-0.02,0.04
21.347,0.05,-0.01,-0.01,0.05
21.358,0.05,-0.01,-0.00,0.06
21.367,0.05,0.01,-0.04,0.06
21.378,0.04,-0.01,-0.01,0.05
21.387,0.02,-0.01,-0.02,0.03
21.398,0.06,-0.00,-0.02,0.06
21.407,0.09,0.00,-0.00,0.09
21.417,0.07,-0.01,-0.01,0.07
21.427,0.10,-0.01,-0.01,0.10
21.438,0.08,-0.02,-0.01,0.08
21.447,0.04,0.01,-0.00,0.04
21.457,0.03,0.00,-0.01,0.03
21.467,0.04,-0.01,-0.03,0.05
21.477,-0.00,-0.01,-0.02,0.03
21.487,0.00,-0.01,-0.01,0.01
21.497,0.02,0.01,-0.01,0.03
21.507,0.02,0.01,-0.01,0.03
21.518,0.03,-0.03,0.00,0.04
21.527,0.01,-0.04,-0.01,0.04
21.537,0.07,-0.04,-0.01,0.08
21.547,0.09,-0.04,-0.02,0.10
21.557,0.09,-0.03,-0.02,0.10
21.567,0.10,-0.04,-0.03,0.11
21.577,0.06,-0.01,-0.03,0.07
21.587,0.06,-0.02,-0.01,0.07
21.597,0.04,0.00,0.01,0.05
21.607,0.04,0.00,0.00,0.04
21.617,0.02,0.01,0.00,0.02
21.627,0.01,0.01,-0.02,0.02
21.637,0.02,0.01,-0.01,0.02
21.647,0.00,0.01,-0.01,0.02
21.657,-0.00,0.00,-0.02,0.02
21.667,0.03,0.01,-0.01,0.03
21.677,0.04,-0.01,-0.00,0.04
21.687,0.04,0.01,-0.01,0.04
21.697,0.03,0.00,-0.01,0.03
21.707,0.01,-0.01,-0.01,0.02
21.717,0.02,-0.02,-0.00,0.03
21.727,0.02,-0.02,-0.02,0.03
21.737,0.05,-0.02,-0.02,0.06
21.747,0.02,-0.01,-0.02,0.03
21.757,0.04,-0.03,-0.02,0.05
21.767,0.04,-0.02,-0.02,0.05
21.777,0.05,-0.02,-0.02,0.05
21.787,0.06,-0.02,-0.01,0.07
21.797,0.04,-0.03,-0.00,0.05
21.807,0.03,-0.02,-0.00,0.03
21.817,0.05,-0.01,-0.01,0.06
21.827,0.06,-0.02,-0.03,0.07
21.837,0.05,-0.02,-0.02,0.06
21.847,0.07,-0.03,0.01,0.08
21.857,0.05,-0.03,0.01,0.06
21.867,0.11,-0.02,-0.02,0.11
21.877,0.15,-0.04,-0.03,0.16
21.887,0.12,0.01,0.01,0.12
21.897,0.17,-0.04,-0.02,0.17
21.907,0.17,-0.01,0.00,0.17
21.917,0.11,-0.01,0.01,0.11
21.927,0.10,-0.01,-0.00,0.10
21.937,0.07,0.02,-0.00,0.07
21.947,0.02,0.00,-0.02,0.03
21.957,-0.00,0.02,0.00,0.02
21.967,-0.02,0.00,-0.01,0.02
21.977,-0.05,0.02,-0.01,0.05
21.987,-0.08,0.04,-0.02,0.09
21.997,-0.07,0.02,-0.02,0.08
22.007,-0.08,0.01,-0.02,0.08
22.017,-0.04,0.00,-0.00,0.04
22.026,-0.05,-0.00,-0.02,0.05
22.037,-0.04,-0.01,-0.02,0.05
22.046,-0.04,0.00,-0.01,0.04
22.057,-0.06,0.01,-0.02,0.06
22.066,-0.07,-0.01,-0.02,0.07
22.076,-0.06,0.00,-0.01,0.06
22.086,-0.04,-0.01,-0.01,0.04
22.096,-0.03,0.01,-0.01,0.04
22.106,-0.01,-0.00,-0.02,0.02
22.116,-0.03,0.00,-0.02,0.03
22.126,-0.01,0.00,-0.02,0.02
22.136,0.01,-0.00,-0.00,0.01
22.146,0.03,-0.03,-0.02,0.05
22.156,0.06,-0.03,-0.00,0.06
22.166,0.10,-0.01,-0.02,0.10
22.176,0.10,-0.03,-0.01,0.10
22.186,0.10,-0.04,-0.01,0.10
22.196,0.10,-0.01,-0.00,0.11
22.206,0.13,-0.03,0.00,0.13
22.216,0.11,-0.02,-0.00,0.11
22.226,0.10,-0.01,0.00,0.10
22.236,0.09,-0.00,0.00,0.09
22.246,0.06,-0.00,-0.02,0.07
22.256,0.05,0.00,-0.01,0.05
22.266,0.06,-0.00,-0.01,0.06
22.276,0.05,-0.00,-0.01,0.05
22.286,0.05,-0.01,-0.01,0.05
22.296,0.03,0.00,-0.01,0.03
22.306,0.00,0.00,-0.01,0.01
22.316,-0.01,-0.02,-0.02,0.02
22.326,-0.02,-0.01,-0.02,0.03
22.336,-0.01,-0.02,-0.02,0.03
22.346,-0.04,-0.01,-0.01,0.04
22.356,-0.04,-0.01,-0.02,0.05
22.366,-0.04,-0.00,-0.02,0.05
22.376,-0.03,0.01,-0.03,0.04
22.386,-0.04,-0.00,-0.01,0.04
22.396,-0.03,0.00,-0.01,0.04
22.406,-0.01,0.01,-0.01,0.02
22.416,-0.00,0.01,-0.01,0.02
22.426,0.02,-0.00,-0.01,0.02
22.436,0.03,0.01,0.01,0.03
22.446,0.06,-0.00,-0.01,0.06
22.456,0.07,-0.01,-0.00,0.07
22.466,0.06,-0.00,-0.00,0.06
22.476,0.04,0.01,-0.01,0.04
22.486,0.04,-0.01,-0.01,0.04
22.496,0.05,-0.02,-0.03,0.06
22.506,0.05,-0.00,-0.01,0.05
22.516,0.02,-0.00,-0.01,0.03
22.526,0.04,-0.02,-0.01,0.05
22.536,0.04,-0.02,-0.01,0.05
22.546,0.03,-0.00,-0.01,0.03
22.556,0.03,0.01,-0.02,0.04
22.566,0.02,-0.01,-0.02,0.03
22.576,0.03,-0.00,-0.01,0.03
22.586,0.01,-0.01,-0.01,0.02
22.596,0.01,-0.01,-0.00,0.02
22.606,-0.00,-0.00,-0.02,0.02
22.616,0.01,-0.00,-0.01,0.01
22.626,0.01,-0.01,-0.02,0.02
22.636,0.02,0.00,-0.01,0.03
22.646,0.05,-0.00,-0.01,0.05
22.656,0.03,-0.02,-0.01,0.04
22.666,0.03,-0.00,-0.02,0.04
22.676,0.01,0.00,-0.01,0.02
22.686,-0.01,0.01,-0.01,0.01
22.696,-0.00,-0.00,-0.01,0.01
22.705,0.01,0.00,-0.01,0.02
22.716,-0.00,0.01,-0.02,0.02
22.725,0.03,0.02,-0.02,0.04
22.735,0.04,-0.01,-0.00,0.04
22.745,0.05,-0.00,-0.00,0.05
22.755,0.04,-0.02,-0.00,0.04
22.765,0.08,-0.02,-0.01,0.08
22.775,0.07,-0.01,0.01,0.07
22.785,0.06,-0.02,-0.01,0.06
22.795,0.07,-0.02,-0.02,0.07
22.805,0.05,-0.02,-0.01,0.05
22.815,0.03,-0.01,-0.00,0.03
22.825,0.02,0.00,-0.02,0.03
22.835,0.01,-0.01,-0.02,0.03
22.845,0.01,-0.02,-0.02,0.03
22.855,0.02,-0.01,-0.02,0.03
22.865,0.02,-0.02,-0.01,0.03
22.875,0.03,-0.00,-0.01,0.03
22.885,0.05,-0.01,-0.01,0.05
22.895,0.07,-0.02,-0.01,0.07
22.905,0.06,-0.01,-0.02,0.06
22.915,0.07,-0.01,-0.02,0.07
22.925,0.07,-0.01,-0.01,0.07
22.935,0.05,0.00,-0.02,0.06
22.945,0.06,-0.03,-0.01,0.07
22.955,0.07,-0.01,-0.01,0.07
22.965,0.06,0.00,-0.00,0.06
22.975,0.07,-0.01,-0.02,0.07
22.985,0.06,-0.02,-0.01,0.06
22.995,0.03,-0.01,-0.02,0.04
23.005,0.05,0.00,-0.01,0.05
23.015,0.04,0.00,-0.01,0.04
23.025,0.03,0.00,-0.01,0.03
23.035,0.03,0.01,-0.00,0.04
23.045,0.03,-0.00,0.00,0.03
23.055,0.03,0.01,-0.01,0.03
23.065,0.02,0.00,-0.02,0.03
23.075,0.02,0.01,-0.02,0.03
23.085,0.05,0.01,-0.01,0.05
23.095,0.05,-0.01,-0.03,0.06
23.105,0.03,-0.01,-0.02,0.04
23.115,0.04,0.01,-0.01,0.04
23.125,0.02,0.02,-0.03,0.04
23.135,-0.01,0.01,-0.03,0.03
23.145,0.01,-0.01,0.00,0.02
23.155,0.03,-0.02,-0.00,0.04
23.165,0.01,-0.00,-0.02,0.02
23.175,0.01,0.00,-0.01,0.02
23.185,0.02,-0.01,-0.02,0.03
23.195,0.04,-0.01,-0.01,0.04
23.205,0.04,-0.02,-0.01,0.05
23.215,0.04,-0.01,-0.01,0.05
23.225,0.05,-0.01,-0.01,0.05
23.235,0.05,-0.01,-0.00,0.05
23.245,0.04,-0.00,-0.01,0.04
23.255,0.04,0.01,-0.01,0.04
23.265,0.06,-0.01,-0.01,0.06
23.275,0.05,-0.00,-0.01,0.05
23.285,0.04,-0.00,-0.03,0.05
23.295,0.03,0.01,-0.02,0.04
23.304,0.05,-0.01,-0.01,0.05
23.315,0.04,-0.00,-0.02,0.05
23.324,0.03,-0.00,-0.02,0.04
23.335,0.02,-0.01,-0.01,0.02
23.345,-0.05,-0.02,-0.02,0.05
23.355,0.41,-0.03,-0.04,0.42
23.365,0.06,-0.00,-0.02,0.06
23.374,0.57,-0.08,-0.01,0.57
23.385,0.27,0.00,-0.06,0.28
23.394,1.08,-0.09,0.04,1.09
23.405,0.80,-0.07,0.04,0.80
23.414,0.26,-0.00,-0.00,0.26
23.424,0.55,0.01,0.02,0.55
23.435,0.42,0.05,0.03,0.42
23.444,0.27,0.03,0.01,0.27
23.454,0.01,0.08,0.03,0.09
23.464,0.09,0.09,0.01,0.12
23.474,-0.10,0.12,-0.01,0.16
23.484,0.18,0.07,-0.04,0.20
23.494,0.24,0.02,-0.00,0.24
23.504,0.36,-0.01,0.08,0.37
23.514,0.39,-0.09,0.04,0.40
23.524,0.44,-0.06,-0.03,0.44
23.534,0.46,-0.02,-0.00,0.46
23.544,0.50,-0.04,0.01,0.51
23.554,0.35,0.03,-0.02,0.35
23.564,0.35,-0.07,-0.14,0.38
23.574,0.38,-0.01,-0.04,0.38
23.584,0.62,-0.06,0.03,0.63
23.594,0.66,-0.11,0.02,0.67
23.604,0.56,-0.02,-0.00,0.56
23.614,0.72,-0.14,-0.02,0.73
23.624,0.49,-0.11,-0.01,0.51
23.634,0.75,-0.14,-0.08,0.77
23.644,0.48,-0.08,-0.09,0.50
23.654,0.53,-0.03,-0.04,0.53
23.664,0.53,-0.10,0.05,0.55
23.674,0.74,-0.22,0.10,0.78
23.684,0.51,-0.22,0.10,0.57
23.694,0.65,-0.20,-0.04,0.68
23.704,0.58,0.01,-0.10,0.59
23.714,0.53,0.05,-0.10,0.54
23.724,0.59,0.05,0.01,0.60
23.734,0.62,-0.07,0.16,0.65
23.744,0.53,-0.29,0.14,0.62
23.754,0.83,0.05,0.08,0.84
23.764,0.92,0.03,0.00,0.92
23.774,0.56,0.21,0.04,0.60
23.784,0.30,-0.03,-0.08,0.31
23.794,0.54,-0.02,0.05,0.54
23.804,0.76,-0.09,0.02,0.76
23.814,0.56,-0.09,-0.14,0.58
23.824,0.42,0.18,-0.02,0.46
23.834,0.53,0.03,-0.05,0.54
23.844,0.46,0.01,-0.07,0.46
23.854,0.59,0.01,0.07,0.60
23.864,0.42,-0.17,0.03,0.46
23.874,0.53,0.03,0.08,0.54
23.884,0.51,0.01,-0.06,0.51
23.894,0.43,0.03,-0.11,0.45
23.904,0.22,0.16,-0.10,0.29
23.914,0.59,-0.16,0.07,0.62
23.924,0.50,-0.05,0.24,0.55
23.934,0.53,-0.43,-0.06,0.68
23.944,0.61,0.12,-0.07,0.63
23.954,0.82,0.07,-0.26,0.86
23.964,0.51,0.08,-0.28,0.58
23.974,0.57,0.30,0.19,0.67
23.984,0.48,-0.38,0.17,0.64
23.994,0.88,-0.36,0.19,0.97
24.003,0.57,0.08,-0.04,0.58
24.013,0.65,0.31,-0.12,0.73
24.024,0.47,0.49,0.13,0.70
24.033,0.33,-0.29,-0.05,0.44
24.044,0.46,0.20,0.19,0.54
24.053,0.65,-0.03,0.12,0.67
24.063,0.54,-0.00,-0.01,0.54
24.073,0.34,0.31,-0.17,0.49
24.084,0.48,0.22,-0.24,0.58
24.093,0.45,0.20,-0.12,0.51
24.103,0.68,-0.11,-0.14,0.70
24.113,0.43,0.11,0.23,0.50
24.123,0.75,-0.19,0.14,0.79
24.133,0.70,0.21,0.23,0.76
24.143,0.38,-0.06,0.06,0.39
24.153,0.63,-0.32,-0.42,0.82
24.163,0.48,0.54,-0.22,0.75
24.173,0.54,0.32,0.02,0.63
24.183,0.57,-0.25,0.06,0.63
24.193,0.43,-0.04,0.27,0.51
24.203,0.55,-0.15,0.15,0.59
24.213,1.01,0.14,-0.09,1.02
24.223,0.49,0.49,-0.08,0.70
24.233,0.02,0.35,0.01,0.35
24.243,0.55,-0.18,-0.10,0.59
24.253,0.70,0.26,0.05,0.75
24.263,0.80,0.11,-0.03,0.81
24.273,0.76,-0.10,-0.36,0.84
24.283,0.79,0.81,-0.08,1.13
24.293,0.42,0.30,0.18,0.55
24.303,0.40,-0.06,0.25,0.48
24.313,0.45,0.15,0.72,0.86
24.323,0.87,-0.56,0.22,1.06
24.333,0.88,0.12,-0.19,0.91
24.343,0.12,0.19,-0.72,0.76
24.353,0.54,0.80,-0.34,1.02
24.363,0.25,0.61,0.20,0.69
24.373,0.71,-0.81,0.13,1.08
24.383,0.61,0.33,0.78,1.04
24.393,1.02,-0.56,0.12,1.17
24.403,0.71,-0.07,-0.49,0.86
24.413,0.48,1.15,-0.24,1.27
24.423,0.16,0.37,-0.39,0.56
24.433,0.36,0.37,0.12,0.52
24.443,0.59,-0.12,0.40,0.72
24.453,0.91,-0.38,0.31,1.03
24.463,0.79,0.19,0.05,0.81
24.473,0.54,0.42,-0.58,0.90
24.483,-0.25,1.28,-0.11,1.31
24.493,0.01,0.30,-0.04,0.31
24.503,-0.19,0.16,0.50,0.55
24.513,0.79,-0.22,0.77,1.12
24.523,0.43,-0.47,0.07,0.64
24.533,0.04,1.09,0.02,1.09
24.543,-0.30,0.01,-0.68,0.74
24.553,-0.35,1.15,-0.32,1.24
24.563,-0.06,0.06,-0.25,0.26
24.573,-0.04,0.41,0.38,0.56
24.583,0.20,0.05,0.77,0.79
24.593,0.44,-0.58,0.09,0.74
24.603,-0.10,0.90,0.00,0.91
24.613,-0.43,0.62,-0.54,0.93
24.623,0.24,0.58,-0.51,0.81
24.633,-0.25,0.79,0.21,0.85
24.642,-0.10,-0.41,0.26,0.50
24.653,0.49,-0.05,0.46,0.67
24.662,0.36,0.01,-0.24,0.43
24.673,0.04,1.10,0.15,1.11
24.682,-0.20,0.07,-0.30,0.37
24.693,0.07,0.14,-0.10,0.19
24.702,-0.24,0.73,0.28,0.82
24.713,0.61,-0.80,-0.31,1.05
24.722,0.11,0.70,0.19,0.74
24.732,-0.16,-0.06,-0.25,0.30
24.742,0.30,0.63,-0.13,0.71
24.752,-0.05,0.52,-0.06,0.52
24.762,0.15,0.16,0.21,0.30
24.772,-0.13,0.11,0.66,0.68
24.782,0.30,-0.37,0.20,0.52
24.792,0.22,0.15,-0.36,0.44
24.802,-0.40,1.04,-0.50,1.22
24.812,0.17,0.54,-0.50,0.76
24.822,0.01,0.11,-0.39,0.41
24.832,-0.06,0.96,0.82,1.26
24.842,0.45,-0.80,0.65,1.12
24.852,0.13,-0.36,0.33,0.50
24.862,-0.14,0.78,-0.20,0.82
24.872,-0.03,0.54,-0.58,0.79
24.882,-0.52,1.23,-0.20,1.35
24.892,-0.24,0.03,0.07,0.25
24.902,0.16,-0.54,0.08,0.57
24.912,0.39,0.08,0.40,0.56
24.922,0.34,0.52,-0.02,0.62
24.932,0.11,0.37,-0.14,0.41
24.942,-0.40,0.12,-0.53,0.67
24.952,0.03,0.80,-0.08,0.80
24.962,0.18,-0.13,-0.14,0.26
24.972,0.24,-0.12,0.04,0.27
24.982,-0.04,0.88,0.57,1.05
24.992,0.19,0.09,0.34,0.39
25.002,0.46,-0.04,0.14,0.48
25.012,-0.24,0.56,0.27,0.67
25.022,0.32,-0.56,-0.72,0.97
25.032,0.05,1.10,-0.33,1.14
25.042,-0.35,0.61,-0.42,0.82
25.052,-0.03,0.32,0.01,0.32
25.062,0.03,0.17,0.44,0.47
25.072,0.32,0.25,1.06,1.13
25.082,0.28,-0.56,0.59,0.86
25.092,-0.24,0.58,0.26,0.68
25.102,-0.51,0.55,-0.40,0.85
25.112,-0.10,-0.17,-1.46,1.48
25.122,0.12,1.25,-0.73,1.45
25.132,-0.32,0.65,0.01,0.73
25.142,0.32,-0.33,0.54,0.71
25.152,0.21,0.15,1.50,1.52
25.162,0.54,-1.27,0.22,1.39
25.172,0.08,0.66,-0.38,0.77
25.182,-0.53,1.66,-0.57,1.83
25.192,-0.27,0.18,-1.00,1.05
25.202,-0.23,1.11,0.20,1.15
25.212,-0.12,-0.42,0.70,0.82
25.222,0.62,-0.53,0.88,1.20
25.232,0.26,-0.13,0.24,0.37
25.242,0.07,0.12,-0.83,0.84
25.252,-0.21,1.34,-0.80,1.58
25.262,-0.56,1.26,-0.15,1.39
25.272,-0.34,0.02,0.59,0.69
25.282,0.49,-1.33,0.81,1.63
25.292,0.65,-0.24,0.45,0.83
25.301,0.12,0.61,-0.22,0.66
25.311,0.01,0.76,-0.40,0.86
25.322,0.22,0.33,-0.50,0.64
25.332,-0.88,0.59,-0.36,1.11
25.341,0.76,-0.46,-0.32,0.94
25.352,0.10,1.19,0.57,1.32
25.361,0.02,0.00,0.72,0.72
25.371,0.12,-0.64,0.45,0.79
25.381,-0.31,0.70,0.32,0.82
25.391,0.53,-0.28,-0.85,1.04
25.401,-0.57,0.84,-0.99,1.42
25.411,-0.15,0.63,-0.78,1.01
25.421,0.21,0.26,-0.40,0.52
25.431,0.44,0.35,0.56,0.80
25.441,0.23,-0.09,0.87,0.90
25.451,0.47,-0.86,0.60,1.15
25.461,0.10,0.43,0.39,0.59
25.471,-0.23,0.37,-0.51,0.67
25.481,-0.44,0.99,-0.42,1.16
25.491,-0.66,1.09,0.18,1.29
25.501,0.20,-0.92,0.07,0.94
25.511,0.45,0.22,0.71,0.86
25.521,0.27,0.56,0.71,0.94
25.531,0.29,-0.44,0.04,0.53
25.541,-0.44,0.56,-0.38,0.81
25.551,-0.32,0.61,-0.75,1.02
25.561,-0.11,0.69,-0.50,0.86
25.571,0.17,0.05,-0.07,0.19
25.581,0.17,-0.08,0.14,0.24
25.591,-0.04,0.31,0.58,0.66
25.601,0.42,-0.34,0.14,0.55
25.611,0.00,0.61,0.25,0.66
25.621,-0.67,0.40,0.11,0.79
25.631,-0.14,-0.32,-0.58,0.68
25.641,-0.24,0.96,0.05,0.99
25.651,0.16,-0.55,-0.58,0.82
25.661,0.12,0.74,-0.05,0.75
25.671,-0.45,0.68,0.38,0.90
25.681,0.30,-0.53,0.02,0.61
25.691,-0.40,0.84,0.81,1.23
25.701,-0.11,-0.23,0.21,0.32
25.711,0.23,0.09,-0.24,0.35
25.721,-0.54,1.50,-0.05,1.59
25.731,0.22,-0.08,-0.23,0.33
25.741,-0.35,0.68,0.42,0.88
25.751,0.17,-0.38,0.18,0.46
25.761,0.42,-0.16,-0.12,0.47
25.771,-0.42,1.26,0.34,1.37
25.781,0.10,-0.51,-0.43,0.68
25.791,-0.07,0.34,-0.24,0.42
25.801,0.05,0.37,-0.25,0.45
25.811,0.30,0.37,-0.03,0.48
25.821,0.26,-0.11,0.20,0.35
25.831,0.05,0.16,0.36,0.40
25.841,0.15,-0.08,0.35,0.39
25.851,0.26,0.15,-0.12,0.32
25.861,0.19,0.44,-0.30,0.57
25.871,-0.25,0.51,-0.36,0.67
25.881,0.20,-0.04,-0.31,0.37
25.891,-0.06,0.40,0.07,0.41
25.901,0.16,-0.16,-0.02,0.23
25.911,-0.11,0.27,0.08,0.31
25.921,0.09,0.44,0.26,0.51
25.931,-0.47,0.36,0.32,0.67
25.941,-0.03,-0.27,0.06,0.28
25.951,0.09,0.22,-0.03,0.24
25.961,-0.12,0.73,0.22,0.78
25.971,-0.32,0.25,0.18,0.45
25.980,-0.30,-0.18,0.06,0.35
25.990,0.07,-0.13,-0.35,0.38
26.001,0.01,0.59,-0.42,0.73
26.010,-0.09,0.76,-0.16,0.78
26.020,-0.10,-0.29,-0.21,0.37
26.031,-0.10,0.40,0.27,0.49
26.040,0.22,-0.04,0.06,0.23
26.050,0.27,0.38,0.21,0.51
26.061,-0.40,0.47,0.58,0.84
26.070,0.21,-0.46,0.09,0.51
26.080,-0.10,0.10,-0.29,0.32
26.090,-0.07,1.15,-0.17,1.16
26.100,0.14,0.04,-0.25,0.29
26.110,-0.25,0.38,0.09,0.47
26.120,0.00,0.02,0.32,0.32
26.130,0.38,-0.26,-0.03,0.47
26.140,-0.05,0.47,-0.02,0.47
26.150,0.22,-0.03,-0.53,0.57
26.160,-0.20,0.72,-0.28,0.80
26.170,0.01,0.36,0.00,0.36
26.180,-0.09,0.33,0.45,0.57
26.190,0.46,-0.68,0.46,0.94
26.200,0.14,0.00,0.42,0.44
26.210,-0.33,0.11,-0.27,0.44
26.220,-0.00,0.59,-0.50,0.77
26.230,-0.50,0.77,-0.42,1.01
26.240,0.12,0.27,-0.05,0.30
26.250,-0.06,-0.07,0.47,0.48
26.260,0.02,-0.31,0.46,0.56
26.270,0.07,-0.16,-0.12,0.21
26.280,-0.08,0.43,-0.55,0.71
26.290,-0.33,0.98,-0.37,1.10
26.300,-0.12,0.14,-0.32,0.37
26.310,-0.26,0.01,0.09,0.28
26.320,0.10,-0.39,-0.01,0.40
26.330,0.39,0.82,0.54,1.06
26.340,0.13,-0.22,0.18,0.31
26.350,-0.29,0.30,0.18,0.45
26.360,-0.53,0.31,-0.09,0.62
26.370,0.37,0.32,-0.07,0.50
26.380,-0.40,0.05,-0.20,0.45
26.390,-0.12,-0.18,-0.52,0.56
26.400,0.09,0.94,-0.13,0.95
26.410,0.58,0.37,0.09,0.70
26.420,0.03,0.24,0.45,0.51
26.430,0.04,-0.58,0.30,0.65
26.440,0.20,0.58,0.48,0.78
26.450,-0.04,-0.21,-0.21,0.30
26.460,-0.41,0.76,-0.28,0.91
26.470,-0.11,0.75,-0.04,0.76
26.480,0.35,-0.68,-0.65,1.01
26.490,0.14,0.82,0.18,0.85
26.500,0.10,-0.01,0.10,0.14
26.510,0.31,-0.35,0.06,0.47
26.520,-0.60,0.74,0.37,1.02
26.530,0.24,-0.35,-0.01,0.42
26.540,-0.10,0.42,-0.09,0.44
26.550,-0.18,0.64,0.10,0.68
26.560,0.23,0.10,0.17,0.31
26.570,-0.23,-0.27,0.16,0.39
26.580,-0.04,0.44,0.08,0.44
26.590,0.22,0.16,-0.19,0.33
26.599,-0.06,-0.12,-0.72,0.73
26.610,-0.16,1.20,-0.05,1.21
26.620,-0.21,0.07,-0.04,0.22
26.630,0.21,-0.52,-0.02,0.56
26.640,-0.21,0.59,0.36,0.72
26.650,0.32,0.01,0.08,0.33
26.659,0.04,0.12,0.02,0.13
26.669,-0.51,0.37,-0.27,0.69
26.679,0.27,0.77,0.10,0.82
26.690,-0.21,0.09,0.16,0.28
26.699,0.06,-0.39,0.13,0.42
26.709,-0.24,0.71,0.51,0.91
26.719,0.03,-0.05,0.11,0.13
26.729,0.16,0.13,-0.25,0.33
26.739,-0.30,0.71,-0.17,0.79
26.749,-0.03,-0.04,-0.37,0.37
26.759,-0.30,0.65,0.02,0.72
26.769,0.29,-0.30,-0.10,0.43
26.779,0.32,0.20,0.14,0.40
26.789,-0.22,0.28,0.15,0.39
26.799,0.14,0.09,0.07,0.19
26.809,-0.21,0.39,0.14,0.47
26.819,-0.04,-0.13,-0.16,0.21
26.829,-0.15,0.32,-0.19,0.40
26.839,-0.20,0.42,-0.01,0.47
26.849,0.19,-0.07,-0.16,0.26
26.859,-0.06,0.51,0.21,0.55
26.869,0.05,-0.08,0.13,0.16
26.879,-0.09,-0.12,-0.12,0.19
26.889,-0.18,0.43,-0.01,0.47
26.899,-0.13,0.19,-0.14,0.27
26.909,-0.25,0.01,-0.28,0.38
26.919,-0.07,0.44,-0.24,0.51
26.929,0.11,0.86,0.51,1.01
26.939,-0.05,-0.51,0.44,0.68
26.949,-0.05,-0.21,0.43,0.48
26.959,-0.12,0.36,0.14,0.40
26.969,0.02,0.36,-0.37,0.52
26.979,-0.18,0.37,-0.65,0.77
26.989,-0.43,0.56,-0.49,0.87
26.999,0.02,0.59,0.18,0.61
27.009,0.26,-0.51,0.10,0.58
27.019,0.20,0.11,0.54,0.58
27.029,-0.06,-0.06,0.12,0.15
27.039,0.02,0.48,-0.05,0.48
27.049,-0.22,0.43,-0.25,0.55
27.059,-0.16,0.23,-0.43,0.51
27.069,0.00,0.32,-0.03,0.32
27.079,0.23,-0.27,-0.28,0.44
27.089,0.18,0.55,0.35,0.68
27.099,-0.28,0.42,0.48,0.70
27.109,0.12,-0.23,0.33,0.42
27.119,-0.23,0.04,-0.10,0.25
27.129,-0.09,0.31,-0.38,0.50
27.139,-0.14,0.61,-0.39,0.74
27.149,-0.35,0.69,-0.01,0.77
27.159,0.21,-0.03,0.18,0.28
27.169,0.14,-0.01,0.48,0.50
27.179,0.34,-0.10,0.31,0.47
27.189,0.00,0.22,-0.07,0.23
27.199,-0.35,0.34,-0.25,0.55
27.209,-0.44,0.72,-0.23,0.88
27.219,0.10,0.03,-0.45,0.46
27.229,-0.10,0.63,0.25,0.68
27.238,0.26,-0.36,0.40,0.59
27.249,0.24,-0.27,0.29,0.47
27.259,-0.33,0.44,0.14,0.57
27.269,-0.18,0.20,-0.43,0.51
27.279,-0.29,0.94,-0.20,1.00
27.289,-0.35,0.18,-0.22,0.45
27.299,0.12,-0.25,-0.05,0.29
27.309,0.08,0.25,0.20,0.33
27.318,0.25,-0.16,-0.21,0.37
27.328,0.03,0.61,-0.01,0.61
27.338,-0.32,0.31,-0.11,0.46
27.348,-0.03,0.52,0.26,0.58
27.358,-0.14,-0.33,0.09,0.37
27.368,0.28,-0.08,0.17,0.33
27.378,0.07,0.30,-0.12,0.33
27.388,-0.04,0.60,-0.20,0.63
27.398,-0.35,0.46,-0.01,0.58
27.408,-0.51,0.13,0.02,0.52
27.418,0.31,-0.10,0.16,0.36
27.428,-0.10,0.32,0.25,0.42
27.438,0.10,0.14,0.24,0.29
27.448,-0.31,0.12,-0.11,0.35
27.458,-0.02,0.65,-0.05,0.65
27.468,0.15,0.35,-0.08,0.39
27.478,-0.28,-0.13,-0.07,0.32
27.488,-0.27,0.14,-0.02,0.30
27.498,0.18,-0.19,-0.49,0.55
27.508,-0.01,0.91,-0.19,0.93
27.518,-0.02,0.19,-0.24,0.30
27.528,0.00,0.43,0.39,0.58
27.538,0.00,-0.33,0.44,0.55
27.548,0.23,-0.33,0.14,0.43
27.558,-0.14,0.45,-0.12,0.49
27.568,-0.08,0.51,-0.41,0.67
27.578,-0.39,0.77,-0.15,0.88
27.588,-0.55,0.57,0.41,0.89
27.598,0.15,-0.86,0.03,0.87
27.608,0.10,0.50,0.63,0.81
27.618,0.09,-0.29,-0.15,0.34
27.628,-0.04,0.71,-0.39,0.81
27.638,-0.57,0.81,-0.37,1.05
27.648,-0.00,-0.12,-0.56,0.58
27.658,0.02,0.72,0.48,0.87
27.668,-0.01,-0.73,0.28,0.78
27.678,0.19,-0.16,0.55,0.60
27.688,-0.28,0.05,-0.14,0.32
27.698,0.03,0.30,-0.68,0.75
27.708,-0.51,1.42,0.06,1.51
27.718,-0.45,-0.42,-0.33,0.70
27.728,-0.18,0.18,0.40,0.48
27.738,-0.09,0.13,0.75,0.77
27.748,0.52,-0.99,-0.31,1.16
27.758,-0.30,1.33,-0.07,1.36
27.768,-0.39,0.34,-0.80,0.95
27.778,-0.21,0.85,-0.36,0.94
27.788,-0.54,0.80,0.58,1.13
27.798,0.37,-0.98,0.48,1.15
27.808,0.05,0.36,1.01,1.07
27.818,0.21,-0.61,-0.35,0.74
27.828,-0.21,1.16,-0.51,1.28
27.838,-0.41,0.58,-0.84,1.10
27.848,-0.49,0.89,-0.40,1.09
27.858,-0.14,-0.00,0.38,0.40
27.868,0.09,-0.64,0.36,0.74
27.878,0.48,-0.10,0.67,0.83
27.888,0.19,-0.05,-0.26,0.33
27.898,-0.00,0.94,-0.02,0.94
27.908,-0.58,0.36,-0.40,0.79
27.918,-0.48,1.01,0.31,1.16
27.928,-0.02,-0.27,0.53,0.60
27.938,0.62,-0.71,0.44,1.04
27.948,0.13,0.14,0.06,0.20
27.957,-0.09,0.39,-0.49,0.63
27.968,-0.11,1.19,-0.20,1.21
27.978,-0.28,0.25,-0.25,0.45
27.988,-0.59,-0.19,-0.31,0.69
27.997,0.09,0.41,0.35,0.55
28.007,0.68,-0.56,-0.04,0.88
28.018,-0.01,0.63,0.09,0.64
28.027,-0.60,0.32,-0.31,0.75
28.038,-0.20,0.29,-0.54,0.64
28.047,-0.28,0.64,-0.15,0.71
28.057,-0.26,0.86,0.84,1.23
28.068,0.00,-1.12,0.45,1.21
28.077,0.04,0.32,0.54,0.63
28.087,-0.13,0.06,-0.44,0.46
28.097,0.07,0.75,-0.72,1.05
28.107,-0.55,1.45,0.02,1.55
28.117,-0.21,-0.64,-0.42,0.79
28.127,-0.35,0.49,0.34,0.70
28.137,0.41,0.29,0.81,0.96
28.147,0.85,-0.84,0.00,1.19
28.157,-0.43,0.84,0.21,0.97
28.167,-0.11,0.03,-0.75,0.76
28.177,-0.14,0.63,-0.49,0.81
28.187,-0.37,0.93,0.01,1.00
28.197,-0.39,0.42,0.89,1.06
28.207,0.35,-1.59,0.44,1.69
28.217,0.42,0.05,0.32,0.53
28.227,-0.18,0.56,-0.54,0.80
28.237,-0.08,0.61,-0.90,1.09
28.247,-0.82,1.25,-0.28,1.52
28.257,-0.48,0.12,-0.09,0.50
28.267,0.17,-0.80,0.31,0.87
28.277,-0.00,0.31,0.76,0.82
28.287,0.43,0.12,0.42,0.61
28.297,-0.09,-0.00,-0.35,0.36
28.307,-0.90,1.39,-0.02,1.66
28.317,-0.45,0.02,-0.30,0.54
28.327,-0.09,-0.00,-0.15,0.18
28.337,0.07,0.19,0.34,0.40
28.347,-0.05,-0.15,-0.15,0.22
28.357,-0.02,0.66,0.12,0.67
28.367,-0.18,0.31,-0.10,0.37
28.377,0.03,0.24,0.11,0.27
28.387,-0.70,0.20,-0.01,0.73
28.397,0.10,-0.18,-0.22,0.30
28.407,-0.10,0.69,-0.05,0.69
28.417,-0.30,0.57,0.06,0.64
28.427,-0.13,-0.02,0.18,0.22
28.437,-0.07,0.08,0.23,0.25
28.447,0.15,0.19,0.16,0.29
28.457,-0.33,-0.00,-0.26,0.42
28.467,-0.54,0.83,-0.02,1.00
28.477,0.13,0.05,-0.32,0.35
28.487,0.03,0.37,-0.17,0.40
28.497,0.02,0.57,0.28,0.64
28.507,0.03,-0.18,0.33,0.38
28.517,-0.36,-0.11,0.24,0.45
28.527,0.01,0.09,-0.28,0.29
28.537,0.04,0.71,-0.36,0.80
28.547,-0.27,0.67,-0.40,0.82
28.557,-0.18,0.32,-0.04,0.37
28.567,-0.23,-0.16,0.13,0.31
28.577,0.17,0.41,0.61,0.76
28.587,0.14,-0.22,0.17,0.31
28.597,-0.03,0.39,0.08,0.40
28.607,-0.07,0.49,-0.15,0.52
28.617,-0.30,0.54,-0.12,0.63
28.627,-0.35,0.20,-0.10,0.41
28.637,0.06,-0.09,-0.22,0.24
28.647,0.14,0.37,0.25,0.47
28.656,0.11,0.00,-0.01,0.11
28.666,-0.13,0.21,0.15,0.29
28.677,-0.30,-0.01,-0.44,0.53
28.687,-0.07,0.92,-0.10,0.93
28.697,-0.19,0.73,0.41,0.86
28.706,-0.32,-0.41,0.54,0.75
28.716,-0.22,-0.29,0.44,0.57
28.726,0.31,-0.32,-0.75,0.87
28.736,-0.17,1.27,-0.80,1.51
28.746,-0.51,1.27,-0.24,1.39
28.756,-0.28,0.08,-0.10,0.31
28.766,-0.47,0.19,0.74,0.90
28.776,0.53,-0.24,0.88,1.06
28.786,0.48,-0.70,0.16,0.86
28.796,-0.30,1.40,0.17,1.44
28.806,-0.51,0.05,-0.67,0.84
28.816,-0.54,0.66,-0.77,1.15
28.826,-0.46,1.06,0.08,1.16
28.836,-0.09,-0.62,-0.14,0.64
28.846,0.42,-0.22,0.53,0.71
28.856,-0.19,-0.03,0.16,0.26
28.866,0.35,0.46,0.01,0.58
28.876,-0.39,0.22,-0.57,0.73
28.886,-0.42,1.01,-0.06,1.10
28.896,-0.31,0.01,-0.02,0.32
28.906,0.20,-0.38,0.03,0.43
28.916,-0.15,0.73,0.67,1.00
28.926,0.39,-0.40,-0.03,0.56
28.936,0.11,0.33,0.03,0.35
28.946,-0.60,0.65,0.03,0.89
28.956,-0.10,-0.04,-0.31,0.33
28.966,-0.41,0.75,0.04,0.85
28.976,0.05,-0.11,-0.06,0.14
28.986,-0.29,0.54,0.37,0.71
28.996,0.02,-0.42,-0.25,0.49
29.006,0.33,0.35,-0.38,0.61
29.016,-0.52,1.06,-0.15,1.19
29.026,-0.14,0.22,-0.10,0.28
29.036,-0.37,0.08,0.21,0.43
29.046,-0.08,0.51,0.83,0.98
29.056,0.45,-0.87,0.02,0.98
29.066,-0.45,0.74,0.03,0.87
29.076,-0.18,0.60,-0.37,0.73
29.086,-0.07,0.44,-0.46,0.64
29.096,-0.76,0.74,-0.02,1.06
29.106,-0.23,-0.10,-0.06,0.26
29.116,0.28,0.56,0.74,0.97
29.126,-0.01,-0.44,0.09,0.45
29.136,0.13,0.63,0.21,0.67
29.146,-0.55,0.41,-0.44,0.82
29.156,-0.12,0.84,-0.16,0.86
29.166,-0.53,0.32,-0.04,0.62
29.176,0.15,-0.16,-0.02,0.22
29.186,-0.09,0.59,0.76,0.97
29.196,0.12,-0.52,0.01,0.53
29.206,0.20,0.48,0.08,0.53
29.216,-0.12,0.44,-0.33,0.56
29.226,-0.24,0.54,-0.33,0.67
29.236,-0.64,0.35,-0.39,0.83
29.246,0.28,0.01,-0.42,0.50
29.256,-0.06,1.30,0.85,1.55
29.266,0.32,-0.78,0.33,0.91
29.275,-0.09,0.74,1.07,1.31
29.286,-0.16,-0.55,-0.03,0.57
29.295,0.22,0.34,-0.69,0.80
29.306,-1.10,1.86,-0.06,2.16
29.316,-0.23,-0.34,-0.62,0.74
29.326,-0.35,0.75,0.35,0.90
29.336,0.11,-0.53,0.21,0.58
29.345,0.73,-0.40,-0.13,0.84
29.355,-0.57,1.31,0.27,1.46
29.365,0.02,-0.03,-0.31,0.32
29.375,-0.58,0.30,-0.43,0.78
29.385,-0.42,0.78,-0.04,0.89
29.395,-0.25,0.29,0.16,0.42
29.405,0.37,0.27,0.81,0.93
29.415,0.10,-0.62,0.04,0.63
29.425,-0.48,0.87,0.18,1.00
29.435,-0.35,0.32,-0.57,0.74
29.445,0.04,0.43,-0.51,0.67
29.455,-0.72,1.10,0.16,1.33
29.465,-0.07,-0.52,-0.08,0.54
29.475,0.10,0.33,0.60,0.69
29.485,0.22,-0.17,0.22,0.35
29.495,-0.05,-0.03,-0.31,0.31
29.505,-0.12,1.15,-0.11,1.17
29.515,-0.46,0.34,-0.23,0.62
29.525,-0.53,0.16,-0.00,0.55
29.535,-0.47,0.06,0.16,0.50
29.545,0.57,-0.07,0.18,0.60
29.555,-0.07,0.79,0.34,0.86
29.565,0.05,-0.20,-0.22,0.31
29.575,-0.23,0.84,0.10,0.88
29.585,-0.46,0.55,0.11,0.72
29.595,0.04,-0.17,-0.14,0.22
29.605,-0.02,0.22,-0.02,0.22
29.615,0.27,0.07,-0.27,0.39
29.625,-0.25,1.12,0.08,1.15
29.635,-0.09,-0.20,-0.19,0.29
29.645,-0.03,0.00,-0.14,0.14
29.655,-0.32,1.08,0.52,1.24
29.665,0.22,-0.74,-0.07,0.78
29.675,-0.44,0.68,0.22,0.84
29.685,-0.21,0.55,0.22,0.63
29.695,0.30,-0.22,-0.27,0.46
29.705,-0.50,0.72,-0.11,0.88
29.715,-0.28,0.63,-0.13,0.71
29.725,-0.04,-0.34,-0.33,0.48
29.735,-0.38,1.21,0.26,1.29
29.745,0.06,0.29,0.41,0.51
29.755,0.16,-0.25,0.27,0.40
29.765,-0.09,0.26,0.17,0.32
29.775,0.29,0.28,-0.25,0.47
29.785,-0.30,0.36,-0.50,0.68
29.795,-0.53,1.21,0.04,1.32
29.805,-0.31,-0.10,0.07,0.33
29.815,0.32,-0.52,-0.04,0.61
29.825,-0.22,0.68,0.39,0.81
29.835,0.10,0.08,0.07,0.15
29.845,-0.32,0.59,0.15,0.69
29.855,-0.42,0.36,0.09,0.56
29.865,-0.30,-0.18,-0.34,0.49
29.875,-0.46,0.80,-0.08,0.92
29.885,0.19,0.17,-0.14,0.29
29.894,-0.36,0.86,0.41,1.02
29.905,-0.50,0.23,0.77,0.94
29.915,0.04,-0.44,0.36,0.56
29.925,-0.27,0.46,0.23,0.59
29.935,-0.22,0.27,-0.58,0.67
29.945,-0.27,0.16,-1.23,1.27
29.954,-0.62,1.62,-0.46,1.80
29.964,0.05,0.06,-0.37,0.38
29.974,0.04,0.37,0.66,0.76
29.984,0.03,-0.30,0.98,1.03
29.994,0.65,-1.05,-0.14,1.24
30.004,-0.32,1.32,-0.33,1.40
30.014,-0.15,0.84,-0.72,1.11
30.025,-0.57,0.79,-0.67,1.19
30.034,-0.43,0.10,-0.14,0.46
30.044,0.06,0.12,0.50,0.51
30.054,0.82,-0.79,0.28,1.18
30.064,0.47,0.52,0.33,0.78
30.074,-0.21,0.54,0.20,0.61
30.084,-0.25,0.11,-0.27,0.38
30.094,-0.82,1.29,0.57,1.63
30.104,-0.27,-0.21,0.31,0.46
30.114,0.47,-0.66,-0.04,0.81
30.124,-0.31,0.72,-0.01,0.78
30.134,0.30,0.31,-0.53,0.68
30.144,-0.42,0.98,-0.13,1.07
30.154,-0.63,0.23,-0.20,0.70
30.164,-0.18,0.38,0.03,0.42
30.174,0.23,-0.11,0.09,0.27
30.184,0.11,0.31,0.14,0.35
30.194,-0.10,0.53,0.07,0.54
30.204,-0.34,0.55,-0.06,0.65
30.214,-0.04,0.72,0.25,0.76
30.224,-0.32,-0.31,-0.30,0.53
30.234,0.12,0.60,0.17,0.64
30.244,0.22,0.09,-0.23,0.33
30.254,-0.07,0.65,0.03,0.65
30.264,-0.65,0.87,0.41,1.16
30.274,-0.08,-0.75,-0.20,0.78
30.284,-0.09,1.07,0.57,1.21
30.294,-0.40,-0.21,0.02,0.45
30.304,0.05,0.39,0.06,0.40
30.314,-0.68,0.77,0.07,1.03
30.324,0.07,-0.30,-0.55,0.63
30.334,-0.41,1.31,0.20,1.39
30.344,0.09,-0.49,-0.43,0.66
30.354,0.09,0.53,-0.03,0.54
30.364,-0.56,0.45,-0.05,0.71
30.374,0.05,0.40,0.01,0.41
30.384,-0.04,0.02,-0.02,0.05
30.394,-0.13,0.38,-0.13,0.42
30.404,-0.17,0.44,-0.11,0.49
30.414,-0.07,0.15,-0.22,0.28
30.424,-0.16,0.21,-0.07,0.27
30.434,-0.12,0.71,0.24,0.76
30.444,0.19,0.13,0.39,0.45
30.454,0.01,0.23,0.52,0.57
30.464,-0.09,0.13,0.24,0.29
30.474,-0.07,-0.23,-0.40,0.47
30.484,0.05,0.93,-0.61,1.11
30.494,-0.31,1.30,0.03,1.34
30.504,-0.13,0.06,0.20,0.25
30.514,-0.20,0.02,0.63,0.66
30.524,0.04,-0.33,0.26,0.43
30.534,0.32,0.51,0.17,0.63
30.544,-0.07,0.13,-0.62,0.64
30.554,-0.33,1.28,-0.15,1.33
30.564,-0.73,0.42,-0.24,0.88
30.574,0.44,-0.27,-0.03,0.52
30.584,-0.35,0.55,0.32,0.72
30.593,0.16,0.23,0.25,0.38
30.604,-0.00,0.10,0.19,0.21
30.613,-0.36,0.34,-0.21,0.54
30.624,-0.28,0.94,-0.08,0.99
30.633,-0.30,0.31,-0.35,0.56
30.643,-0.22,0.53,0.06,0.58
30.654,-0.24,0.38,0.29,0.53
30.663,0.14,-0.23,-0.18,0.32
30.674,-0.04,0.47,-0.22,0.52
30.683,-0.37,1.60,0.50,1.72
30.693,0.22,-0.43,0.32,0.59
30.703,-0.47,-0.00,0.33,0.58
30.713,-0.01,-0.05,-0.08,0.09
30.723,0.22,0.43,-0.68,0.83
30.733,-0.48,1.44,0.04,1.52
30.743,0.03,-0.20,-0.11,0.23
30.753,-0.48,0.04,0.07,0.49
30.763,0.10,0.39,0.37,0.55
30.773,0.60,-0.09,-0.21,0.64
30.783,-0.06,0.64,-0.12,0.66
30.793,-0.43,1.08,0.16,1.18
30.803,-0.12,-0.18,0.16,0.27
30.814,-0.35,0.18,0.05,0.40
30.823,0.14,0.36,-0.16,0.42
30.833,0.04,0.29,-0.43,0.52
30.843,0.02,0.65,-0.13,0.67
30.853,-0.76,0.91,0.22,1.21
30.863,0.02,-0.12,0.33,0.35
30.873,-0.16,0.11,0.36,0.40
30.883,0.31,-0.11,0.07,0.33
30.893,-0.04,0.66,-0.18,0.69
30.903,-0.46,0.71,-0.10,0.85
30.913,-0.35,0.17,-0.42,0.58
30.923,-0.53,0.43,-0.10,0.69
30.933,0.18,0.13,-0.12,0.25
30.943,0.25,0.83,0.63,1.07
30.953,0.00,-0.15,0.32,0.35
30.963,-0.39,0.11,0.06,0.41
30.973,-0.40,0.73,0.02,0.83
30.983,-0.02,-0.15,-0.85,0.86
30.993,-0.18,1.30,-0.24,1.33
31.003,-0.52,0.79,-0.03,0.95
31.013,0.20,-0.08,0.41,0.46
31.023,-0.07,0.06,0.61,0.62
31.033,0.38,-0.14,0.27,0.49
31.043,0.28,0.20,-0.51,0.61
31.053,-0.34,1.64,-0.02,1.68
31.063,-0.20,0.26,-0.31,0.45
31.073,-0.62,0.62,0.28,0.92
31.083,-0.32,0.07,0.60,0.69
31.093,1.09,-0.83,-0.33,1.40
31.103,0.08,1.36,0.11,1.36
31.113,-0.10,0.36,-0.32,0.49
31.123,-0.11,0.48,-0.22,0.54
31.133,-0.88,0.82,0.21,1.22
31.143,-0.06,-0.03,0.25,0.26
31.153,0.36,-0.18,0.30,0.50
31.163,0.09,0.14,-0.07,0.18
31.173,-0.01,0.73,-0.19,0.76
31.183,-0.49,0.53,-0.19,0.75
31.193,-0.48,0.27,-0.24,0.60
31.203,-0.30,0.61,0.13,0.70
31.213,-0.04,0.12,0.29,0.32
31.223,0.41,-0.17,0.29,0.54
31.233,-0.56,0.74,0.42,1.02
31.243,-0.11,-0.38,-0.54,0.67
31.253,-0.20,1.23,-0.48,1.34
31.263,-0.53,0.84,-0.35,1.06
31.273,-0.13,0.51,0.10,0.54
31.283,-0.37,-0.11,0.39,0.55
31.292,0.56,-0.30,0.15,0.66
31.303,-0.04,0.68,0.05,0.69
31.313,0.00,0.68,-0.31,0.75
31.323,-0.06,0.83,0.06,0.83
31.332,-0.61,0.38,0.07,0.72
31.342,-0.05,-0.23,0.15,0.28
31.352,-0.01,0.40,0.20,0.45
31.362,0.33,0.39,0.13,0.53
31.372,0.08,-0.01,-0.45,0.45
31.382,-0.13,0.96,-0.13,0.98
31.392,-0.25,0.87,0.23,0.93
31.402,-0.39,0.21,0.40,0.59
31.412,-0.02,-0.04,0.57,0.57
31.422,0.41,-0.29,0.11,0.51
31.432,-0.11,0.67,-0.23,0.72
31.442,-0.24,0.53,-0.76,0.96
31.452,-0.25,0.92,-0.55,1.11
31.462,-0.37,0.65,-0.13,0.76
31.472,-0.04,0.13,0.27,0.30
31.482,0.43,0.23,1.08,1.19
31.492,0.29,-0.90,0.20,0.97
31.502,-0.12,1.05,0.31,1.10
31.512,-0.21,0.58,-0.36,0.71
31.522,-0.32,0.28,-0.71,0.82
31.532,-0.72,1.07,-0.25,1.31
31.542,0.33,0.04,-0.11,0.35
31.552,0.24,0.35,0.54,0.69
31.562,0.17,-0.73,-0.03,0.75
31.572,0.03,1.06,0.27,1.09
31.582,-0.33,0.59,0.02,0.68
31.592,-0.12,0.08,-0.36,0.39
31.602,-0.87,1.01,0.24,1.36
31.612,0.16,0.07,0.07,0.19
31.622,0.40,-0.30,-0.06,0.51
31.632,-0.41,0.94,-0.01,1.03
31.642,0.11,0.36,-0.27,0.46
31.652,-0.36,0.90,0.11,0.97
31.662,-0.04,0.14,0.02,0.15
31.672,-0.14,0.32,0.21,0.41
31.682,-0.26,0.54,0.46,0.76
31.692,0.16,0.20,0.04,0.26
31.702,-0.08,0.45,0.01,0.46
31.712,0.13,0.43,-0.17,0.48
31.722,-0.20,0.37,-0.24,0.48
31.732,-0.14,0.29,-0.37,0.49
31.742,-0.01,0.30,-0.42,0.51
31.752,0.18,1.10,0.31,1.16
31.762,-0.24,0.11,0.59,0.65
31.772,-0.12,0.09,0.91,0.92
31.782,0.42,-0.51,0.11,0.67
31.792,0.00,0.70,-0.43,0.82
31.802,-0.38,0.82,-0.89,1.27
31.812,-0.25,1.32,-0.34,1.38
31.822,-0.55,0.60,0.25,0.85
31.832,0.54,-0.81,0.36,1.04
31.842,0.21,0.28,0.70,0.78
31.852,0.11,0.10,-0.08,0.17
31.862,-0.03,0.72,-0.37,0.81
31.872,-0.69,0.93,-0.33,1.21
31.882,-0.63,0.33,-0.50,0.87
31.891,-0.38,0.54,0.35,0.75
31.902,-0.05,-0.08,0.47,0.48
31.912,0.54,-0.01,0.56,0.78
31.921,0.12,0.04,-0.04,0.13
31.931,-0.52,0.59,-0.57,0.97
31.942,-0.02,0.78,-0.79,1.11
31.951,-0.31,1.09,-0.24,1.16
31.961,-0.02,0.06,0.23,0.24
31.971,-0.24,0.22,0.95,1.00
31.981,0.65,-0.40,0.65,1.01
31.991,0.37,0.40,0.09,0.56
32.001,-0.13,0.51,-0.27,0.59
32.011,-0.52,0.88,-0.40,1.10
32.021,-0.67,0.73,-0.39,1.07
32.031,-0.00,0.03,-0.29,0.29
32.041,0.19,0.46,0.31,0.59
32.051,0.53,-0.04,0.19,0.56
32.061,-0.02,0.62,0.43,0.76
32.071,-0.12,0.26,0.19,0.34
32.081,-0.25,0.39,-0.10,0.48
32.091,-0.44,0.78,0.00,0.89
32.101,-0.01,-0.11,-0.58,0.59
32.111,-0.09,0.76,-0.13,0.77
32.121,0.08,0.46,-0.13,0.49
32.131,-0.09,0.60,0.41,0.73
32.141,0.03,-0.33,0.06,0.34
32.151,-0.04,0.34,0.10,0.35
32.161,-0.14,1.00,0.32,1.06
32.171,0.08,-0.01,-0.31,0.32
32.181,-0.39,0.84,0.06,0.93
32.191,-0.30,0.27,0.02,0.40
32.201,0.47,0.10,-0.17,0.50
32.211,-0.13,0.79,-0.01,0.80
32.221,0.14,0.29,0.08,0.33
32.231,-0.32,0.44,0.17,0.57
32.241,-0.26,0.10,0.02,0.28
32.251,0.35,0.19,-0.18,0.43
32.261,0.05,0.94,0.04,0.94
32.271,-0.02,0.33,-0.05,0.34
32.281,0.07,0.20,0.04,0.22
32.291,-0.34,0.56,0.37,0.75
32.301,0.16,-0.41,-0.18,0.48
32.311,0.00,0.90,-0.09,0.91
32.321,-0.03,0.52,-0.18,0.55
32.331,-0.05,0.43,-0.22,0.49
32.341,-0.50,0.64,0.36,0.89
32.351,0.44,-0.60,-0.22,0.77
32.361,-0.13,1.20,0.68,1.39
32.371,0.05,0.05,0.14,0.16
32.381,0.16,0.05,-0.04,0.18
32.391,-0.51,0.23,-0.46,0.72
32.401,-0.19,1.41,0.01,1.42
32.411,-0.16,0.22,0.12,0.30
32.421,0.04,0.02,0.39,0.39
32.431,-0.08,-0.09,0.20,0.23
32.441,0.07,0.27,-0.40,0.49
32.451,-0.26,1.47,0.05,1.49
32.461,-0.25,0.24,-0.03,0.35
32.471,-0.30,-0.13,-0.35,0.48
32.481,-0.03,1.21,0.62,1.36
32.491,0.14,-0.63,-0.24,0.69
32.501,0.04,0.72,0.11,0.73
32.511,-0.33,0.65,-0.12,0.74
32.521,0.24,0.20,-0.25,0.40
32.531,-0.18,0.76,0.06,0.78
32.541,-0.11,0.23,0.05,0.26
32.551,0.45,0.23,0.43,0.67
32.561,0.20,-0.18,-0.19,0.33
32.571,-0.01,0.60,-0.20,0.64
32.581,-0.15,1.11,-0.04,1.12
32.591,0.14,0.05,-0.03,0.15
32.601,-0.48,0.37,0.22,0.64
32.610,-0.03,0.13,0.25,0.28
32.621,0.28,0.44,0.30,0.60
32.631,0.05,0.08,-0.23,0.25
32.641,-0.13,0.53,-0.29,0.62
32.650,-0.12,0.51,-0.39,0.65
32.660,-0.37,0.76,0.09,0.85
32.670,-0.06,0.20,0.32,0.38
32.681,0.25,-0.62,0.11,0.67
32.690,-0.08,0.50,0.01,0.51
32.700,-0.01,0.77,-0.28,0.82
32.710,-0.06,0.80,-0.15,0.81
32.720,-0.30,0.45,0.02,0.54
32.730,-0.34,0.40,0.61,0.81
32.740,0.35,-0.83,-0.11,0.90
32.750,0.24,0.84,-0.04,0.87
32.760,-0.28,1.07,-0.36,1.16
32.770,-0.03,0.39,-0.33,0.51
32.780,-0.62,1.11,0.47,1.36
32.790,0.20,-0.73,0.08,0.76
32.800,0.13,0.48,0.51,0.71
32.810,0.14,0.44,0.10,0.48
32.820,0.17,0.22,-0.40,0.49
32.830,-0.55,0.89,-0.47,1.14
32.840,0.18,0.89,-0.09,0.91
32.850,-0.23,0.43,0.35,0.60
32.860,0.13,-0.39,0.51,0.66
32.870,0.34,0.14,0.50,0.62
32.880,0.39,-0.04,-0.09,0.40
32.890,-0.11,0.41,-0.88,0.98
32.900,-0.57,2.23,0.35,2.33
32.910,0.06,-0.41,-0.26,0.49
32.920,-0.17,0.13,0.56,0.60
32.930,-0.08,-0.22,0.26,0.35
32.940,1.32,-0.40,-0.84,1.61
32.950,-0.57,2.29,0.01,2.36
32.960,0.03,0.18,-0.18,0.25
32.970,-0.58,0.72,0.65,1.13
32.980,-0.27,-0.52,0.42,0.72
32.990,0.70,-0.41,-0.09,0.82
33.000,-0.13,1.51,0.29,1.54
33.010,0.04,0.31,-0.16,0.35
33.020,-0.70,0.38,-0.16,0.81
33.030,-0.47,-0.02,-0.58,0.75
33.040,0.25,1.32,0.29,1.38
33.050,0.12,-0.55,-0.18,0.59
33.060,0.39,0.60,0.42,0.83
33.070,-0.56,0.16,0.08,0.59
33.080,0.15,-0.02,-0.50,0.52
33.090,-0.08,1.16,-0.32,1.21
33.100,-0.32,0.96,0.23,1.04
33.110,0.07,0.12,0.65,0.66
33.120,-0.06,-0.60,0.50,0.79
33.130,0.29,0.02,-0.22,0.36
33.140,0.03,1.22,-0.67,1.39
33.150,-0.16,1.26,-0.24,1.29
33.160,-0.07,0.26,-0.12,0.29
33.170,-0.78,0.64,0.73,1.25
33.180,0.54,-1.04,0.13,1.18
33.190,0.84,0.51,-0.02,0.99
33.200,-0.06,1.53,0.12,1.54
33.210,0.10,0.13,-0.15,0.22
33.220,-0.60,0.50,0.17,0.80
33.230,-0.31,-0.09,-0.11,0.34
33.239,0.84,0.28,-0.19,0.91
33.250,0.13,0.69,-0.09,0.71
33.259,0.23,0.44,0.22,0.54
33.270,-0.17,-0.06,0.08,0.19
33.279,-0.11,-0.14,-0.15,0.23
33.289,0.18,0.82,-0.17,0.85
33.300,-0.08,0.71,-0.06,0.72
33.309,0.22,0.02,-0.08,0.24
33.320,-0.37,0.78,0.72,1.12
33.329,-0.00,-0.56,0.13,0.57
33.339,0.11,0.60,0.08,0.62
33.349,-0.17,0.78,-0.17,0.81
33.359,-0.15,0.41,-0.32,0.54
33.369,-0.31,0.66,-0.03,0.73
33.379,-0.18,0.14,-0.16,0.28
33.389,0.12,0.29,0.12,0.34
33.399,0.16,0.12,0.08,0.21
33.409,0.01,0.56,0.12,0.58
33.419,-0.28,0.40,-0.16,0.52
33.429,-0.16,0.85,0.14,0.88
33.439,-0.12,0.03,0.04,0.13
33.449,0.22,0.02,-0.04,0.22
33.459,-0.01,0.87,0.30,0.92
33.469,0.02,-0.33,-0.39,0.52
33.479,-0.11,1.30,0.10,1.31
33.489,0.06,-0.18,-0.16,0.25
33.499,-0.11,0.57,0.09,0.58
33.509,-0.11,0.33,0.22,0.41
33.519,0.16,-0.11,-0.33,0.38
33.529,0.12,1.04,0.23,1.07
33.539,-0.07,0.29,-0.13,0.32
33.549,0.20,0.58,0.47,0.77
33.559,0.08,0.02,0.25,0.26
33.569,0.25,0.17,0.11,0.33
33.579,-0.30,0.42,-0.25,0.57
33.589,0.18,0.68,-0.31,0.77
33.599,-0.28,0.67,-0.04,0.72
33.609,-0.05,-0.02,-0.14,0.15
33.619,0.18,0.77,0.48,0.92
33.629,0.33,-0.64,-0.17,0.74
33.639,0.09,0.76,-0.05,0.77
33.649,-0.43,0.72,0.05,0.84
33.659,-0.01,0.28,-0.01,0.28
33.669,-0.37,-0.01,0.01,0.37
33.679,0.05,0.14,-0.29,0.33
33.689,0.21,0.93,0.34,1.01
33.699,0.15,-0.21,-0.39,0.47
33.709,-0.05,0.44,-0.09,0.45
33.719,-0.58,1.30,0.54,1.52
33.729,0.66,-0.61,-0.05,0.90
33.739,-0.15,0.99,0.82,1.29
33.749,-0.29,-0.09,0.10,0.32
33.759,0.43,-0.10,-0.63,0.77
33.769,-0.56,1.91,-0.13,1.99
33.779,0.29,0.06,-0.39,0.49
33.789,-0.38,0.63,0.18,0.76
33.799,0.26,-0.16,0.32,0.44
33.809,0.31,0.06,0.27,0.42
33.819,0.30,0.58,0.17,0.68
33.829,0.14,0.14,-0.48,0.52
33.839,-0.32,0.93,-0.08,0.98
33.849,0.02,0.23,-0.17,0.29
33.859,-0.10,0.32,0.07,0.35
33.869,0.26,0.12,0.19,0.35
33.879,0.58,0.21,0.24,0.66
33.889,0.29,0.23,0.10,0.38
33.899,0.00,0.54,0.09,0.55
33.908,-0.06,0.28,-0.17,0.34
33.919,-0.10,0.45,-0.15,0.49
33.928,-0.10,0.57,0.03,0.58
33.939,-0.01,0.19,0.14,0.24
33.948,0.23,0.15,0.18,0.33
33.958,0.11,0.16,-0.01,0.19
33.968,-0.05,0.28,-0.30,0.41
33.978,-0.24,0.91,-0.21,0.96
33.988,-0.09,0.70,0.20,0.74
33.998,-0.21,-0.18,-0.02,0.28
34.008,0.13,0.41,0.42,0.60
34.018,0.14,-0.10,-0.18,0.25
34.028,0.04,1.01,-0.03,1.01
34.038,-0.31,0.56,-0.21,0.68
34.048,-0.13,0.33,-0.24,0.43
34.058,-0.45,0.68,0.23,0.85
34.068,0.32,-0.35,0.12,0.49
34.078,0.33,0.19,0.16,0.42
34.088,-0.16,0.85,0.30,0.92
34.098,-0.21,0.25,0.11,0.34
34.108,-0.02,-0.42,-0.45,0.61
34.118,-0.27,0.98,-0.11,1.03
34.128,-0.13,0.18,-0.11,0.24
34.138,0.22,0.13,-0.11,0.28
34.148,-0.23,0.93,0.42,1.04
34.158,0.17,-0.08,0.26,0.32
34.168,0.45,0.43,0.50,0.80
34.178,-0.20,-0.14,-0.20,0.31
34.188,-0.14,0.83,-0.26,0.88
34.198,-0.33,0.91,-0.27,1.01
34.208,0.19,0.03,-0.55,0.59
34.218,-0.07,0.99,0.25,1.02
34.228,0.40,-0.26,0.23,0.53
34.238,0.24,0.39,0.55,0.72
34.248,-0.21,0.62,0.71,0.96
34.258,0.23,-0.66,-0.25,0.75
34.268,-0.26,0.91,-0.25,0.98
34.278,0.01,0.60,-0.63,0.87
34.288,0.10,0.47,-0.37,0.61
34.298,-0.16,0.36,-0.03,0.39
34.308,0.35,-0.16,0.23,0.44
34.318,0.10,0.28,0.50,0.59
34.328,0.38,-0.48,-0.28,0.67
34.338,0.15,1.06,0.03,1.07
34.348,-0.37,0.66,0.08,0.76
34.358,0.05,-0.54,-0.35,0.65
34.368,0.02,0.89,0.15,0.91
34.378,0.30,0.21,0.09,0.38
34.388,-0.04,0.43,0.35,0.56
34.398,-0.06,-0.22,0.07,0.24
34.408,-0.03,0.58,-0.13,0.59
34.418,-0.29,0.83,-0.19,0.90
34.428,0.08,0.29,-0.28,0.41
34.438,-0.11,0.61,0.10,0.62
34.448,-0.02,0.49,0.50,0.70
34.458,0.48,-0.36,0.13,0.61
34.468,0.04,0.54,0.19,0.58
34.478,0.06,0.71,-0.05,0.71
34.488,-0.04,0.19,-0.34,0.39
34.498,-0.30,0.84,-0.08,0.90
34.508,-0.11,0.21,0.07,0.25
34.518,0.19,-0.02,0.23,0.30
34.528,0.25,0.04,0.04,0.26
34.538,0.28,0.16,-0.29,0.43
34.548,-0.06,0.78,-0.29,0.84
34.558,-0.15,0.42,-0.20,0.49
34.567,-0.28,0.58,0.25,0.69
34.577,0.35,-0.16,0.50,0.63
34.587,0.36,-0.43,0.14,0.57
34.597,-0.21,1.11,0.41,1.20
34.607,0.27,-0.22,-0.60,0.69
34.617,-0.16,0.83,-0.19,0.86
34.627,-0.38,0.69,-0.16,0.81
34.637,0.14,-0.36,-0.33,0.51
34.647,0.14,0.63,0.25,0.69
34.657,0.14,0.30,0.23,0.40
34.667,0.39,-0.01,0.15,0.42
34.677,-0.35,0.91,0.36,1.03
34.687,0.05,-0.41,-0.35,0.55
34.697,-0.31,0.97,-0.04,1.02
34.707,0.15,0.27,-0.20,0.37
34.717,0.13,0.30,-0.14,0.36
34.727,-0.21,0.57,0.37,0.71
34.737,0.30,-0.25,0.05,0.39
34.747,0.41,0.59,0.49,0.87
34.757,-0.14,0.13,0.01,0.19
34.767,0.08,-0.24,-0.41,0.48
34.777,-0.40,0.64,-0.70,1.03
34.787,-0.18,1.33,0.09,1.34
34.797,0.05,0.10,0.16,0.19
34.807,0.19,0.01,0.86,0.88
34.817,-0.05,-0.11,0.77,0.78
34.827,0.21,-0.29,-0.21,0.41
34.837,0.20,1.18,-0.52,1.31
34.847,-0.33,1.01,-0.58,1.22
34.857,-0.29,0.51,-0.41,0.71
34.867,-0.27,0.47,0.37,0.66
34.877,0.70,-0.76,0.44,1.13
34.887,0.61,-0.39,0.02,0.73
34.897,-0.18,1.42,0.12,1.44
34.907,0.06,0.12,-0.44,0.46
34.917,-0.21,0.31,-0.56,0.67
34.927,-0.62,1.51,0.68,1.77
34.937,0.63,-1.08,0.13,1.26
34.947,0.32,0.16,0.65,0.74
34.957,0.11,0.06,-0.20,0.23
34.967,0.18,0.46,-0.62,0.79
34.977,-0.21,1.24,-0.28,1.29
34.987,-0.36,0.21,-0.22,0.48
34.997,-0.33,0.24,0.46,0.62
35.007,0.55,-0.97,0.01,1.11
35.017,0.82,0.78,0.34,1.18
35.027,-0.34,0.57,-0.06,0.67
35.037,0.27,0.09,-0.32,0.43
35.047,-0.53,0.63,-0.12,0.84
35.057,-0.07,0.32,0.14,0.35
35.067,-0.02,0.05,0.34,0.34
35.077,0.44,-0.14,0.03,0.46
35.087,0.08,0.43,-0.21,0.49
35.097,-0.13,0.36,-0.70,0.80
35.107,-0.16,1.40,0.03,1.40
35.117,-0.06,-0.03,0.17,0.18
35.127,-0.21,0.12,0.84,0.88
35.137,0.17,-0.54,0.57,0.80
35.147,0.38,-0.08,-0.32,0.50
35.157,-0.46,1.12,-0.62,1.36
35.167,-0.06,1.20,-0.25,1.23
35.177,0.02,-0.10,-0.24,0.27
35.187,-0.43,0.38,0.56,0.80
35.197,0.37,-0.55,0.44,0.80
35.207,0.94,-0.36,-0.23,1.03
35.217,0.13,1.43,0.06,1.44
35.227,-0.24,0.44,-0.32,0.60
35.236,-0.51,0.35,-0.12,0.63
35.246,-0.68,0.59,0.22,0.93
35.257,-0.15,-0.44,-0.01,0.46
35.266,-0.69,0.30,-0.02,0.75
35.276,-0.67,0.63,-0.04,0.92
35.286,-1.00,0.90,-0.01,1.35
35.296,-1.08,0.14,-0.11,1.10
35.306,-1.12,0.71,0.42,1.39
35.316,-0.58,-0.28,0.39,0.76
35.326,-0.57,-0.20,0.02,0.60
35.336,-1.04,1.04,0.18,1.48
35.346,-1.34,0.03,-0.63,1.48
35.356,-1.49,0.68,-0.23,1.66
35.366,-0.87,0.32,-0.04,0.93
35.376,-1.68,-0.05,0.06,1.68
35.386,-1.53,0.39,0.23,1.60
35.396,-1.39,0.20,0.28,1.43
35.406,-1.34,0.21,-0.02,1.36
35.416,-1.30,0.21,-0.18,1.33
35.426,-1.68,0.65,-0.21,1.81
35.436,-1.22,0.18,-0.27,1.26
35.446,-1.67,0.45,-0.03,1.73
35.456,-1.60,0.27,0.04,1.62
35.466,-1.65,-0.11,-0.08,1.66
35.476,-1.51,0.57,0.12,1.62
35.486,-1.38,0.18,0.02,1.39
35.496,-1.85,0.18,-0.11,1.86
35.506,-1.72,0.28,-0.01,1.74
35.516,-1.62,0.07,-0.14,1.63
35.526,-1.54,0.31,0.04,1.57
35.536,-1.69,0.01,-0.00,1.69
35.546,-1.59,-0.06,-0.10,1.59
35.556,-1.66,0.19,-0.05,1.68
35.566,-1.70,0.02,-0.11,1.71
35.576,-1.43,0.10,-0.07,1.44
35.586,-1.74,-0.00,-0.06,1.74
35.596,-1.67,0.03,-0.01,1.67
35.606,-1.38,-0.07,0.00,1.38
35.616,-1.52,0.12,0.03,1.53
35.626,-2.49,-0.04,-0.05,2.49
35.636,-2.18,0.14,-0.02,2.19
35.646,-1.50,0.01,-0.32,1.53
35.656,-1.25,-0.08,-0.19,1.27
35.666,-1.08,-0.05,-0.01,1.08
35.676,-0.66,-0.13,-0.01,0.67
35.686,-0.16,-0.11,-0.02,0.19
35.696,0.28,0.07,-0.01,0.29
35.706,-0.46,-0.03,-0.09,0.46
35.716,-0.14,-0.02,-0.09,0.17
35.726,0.22,-0.16,0.00,0.27
35.736,0.39,-0.00,0.01,0.39
35.746,0.14,0.00,0.06,0.15
35.756,0.18,0.12,-0.09,0.23
35.766,0.45,0.12,-0.03,0.46
35.776,0.55,-0.03,0.05,0.56
35.786,0.18,0.05,0.08,0.20
35.796,0.31,0.06,0.04,0.32
35.806,0.49,0.06,0.01,0.49
35.816,0.29,-0.01,0.00,0.29
35.826,0.30,-0.03,0.07,0.31
35.836,0.39,-0.13,0.09,0.42
35.846,0.40,-0.09,0.02,0.41
35.856,0.39,-0.09,-0.01,0.41
35.866,0.33,-0.11,-0.00,0.35
35.876,0.32,-0.13,0.01,0.34
35.886,0.32,-0.17,-0.00,0.36
35.895,0.29,-0.14,0.01,0.32
35.906,0.26,-0.14,-0.01,0.30
35.916,0.21,-0.06,-0.00,0.21
35.925,0.10,-0.07,-0.05,0.13
35.936,0.05,-0.06,-0.03,0.08
35.946,0.16,-0.09,0.02,0.18
35.956,-0.22,-0.03,-0.02,0.22
35.965,-0.14,-0.03,-0.06,0.16
35.975,-0.27,0.05,-0.07,0.29
35.985,-0.13,-0.01,-0.07,0.15
35.995,-0.22,0.03,0.01,0.22
36.005,-0.39,-0.04,-0.03,0.39
36.015,-0.37,-0.01,-0.02,0.38
36.025,-0.27,-0.01,-0.06,0.28
36.035,-0.16,0.00,-0.03,0.16
36.045,-0.20,0.00,-0.07,0.21
36.055,-0.09,-0.05,-0.03,0.11
36.065,-0.03,-0.08,0.00,0.08
36.075,-0.01,-0.08,0.01,0.09
36.085,0.04,-0.07,-0.03,0.09
36.095,0.15,-0.04,-0.00,0.15
36.105,0.17,-0.03,-0.01,0.17
36.115,0.18,-0.04,-0.00,0.19
36.125,0.19,-0.04,0.01,0.19
36.135,0.27,-0.05,0.02,0.28
36.145,0.24,-0.04,0.01,0.24
36.155,0.26,-0.02,-0.00,0.26
36.165,0.23,-0.02,0.01,0.23
36.175,0.22,-0.02,0.01,0.22
36.185,0.14,-0.03,-0.02,0.15
36.195,0.10,-0.03,-0.03,0.11
36.205,0.02,-0.03,-0.00,0.04
36.215,0.02,-0.04,-0.01,0.05
36.225,-0.02,-0.03,-0.03,0.05
36.235,-0.03,-0.05,-0.02,0.06
36.245,-0.06,-0.06,-0.02,0.08
36.255,-0.07,-0.06,-0.02,0.10
36.265,-0.06,-0.06,-0.03,0.09
36.275,-0.07,-0.03,-0.03,0.08
36.285,-0.07,-0.04,-0.02,0.08
36.295,-0.09,-0.03,-0.02,0.10
36.305,-0.11,-0.03,-0.02,0.12
36.315,-0.12,-0.03,-0.03,0.13
36.325,-0.11,-0.02,-0.02,0.11
36.335,-0.10,-0.02,-0.01,0.10
36.345,-0.11,-0.02,-0.02,0.12
36.355,-0.09,-0.02,-0.02,0.10
36.365,-0.07,-0.03,-0.02,0.08
36.375,-0.07,-0.04,-0.02,0.08
36.385,-0.00,-0.02,-0.02,0.03
36.395,0.04,-0.04,-0.02,0.06
36.405,0.06,-0.05,-0.01,0.08
36.415,0.11,-0.05,0.01,0.13
36.425,0.15,-0.06,0.01,0.16
36.435,0.16,-0.05,-0.01,0.17
36.445,0.17,-0.06,-0.02,0.18
36.455,0.16,-0.05,0.00,0.17
36.465,0.15,-0.04,-0.00,0.16
36.475,0.14,-0.04,0.01,0.14
36.485,0.09,-0.03,-0.00,0.10
36.495,0.10,-0.04,0.00,0.10
36.505,0.08,-0.04,0.00,0.09
36.515,0.05,-0.03,-0.02,0.06
36.524,0.03,-0.05,-0.01,0.06
36.535,0.01,-0.04,-0.02,0.04
36.544,-0.01,-0.04,-0.02,0.05
36.555,-0.04,-0.05,-0.02,0.06
36.564,-0.05,-0.03,-0.02,0.06
36.574,-0.06,-0.04,-0.03,0.08
36.584,-0.09,-0.05,-0.03,0.11
36.595,-0.10,-0.04,-0.01,0.11
36.604,-0.10,-0.04,-0.02,0.11
36.615,-0.06,-0.05,-0.01,0.08
36.624,-0.04,-0.03,-0.02,0.05
36.635,-0.03,-0.03,-0.02,0.04
36.644,-0.03,-0.03,-0.02,0.05
36.654,-0.02,-0.04,-0.03,0.05
36.664,-0.01,-0.02,-0.01,0.03
36.674,-0.00,-0.03,-0.01,0.03
36.684,0.00,-0.04,-0.01,0.04
36.694,0.02,-0.03,0.00,0.04
36.704,0.04,-0.05,0.01,0.06
36.714,0.04,-0.04,0.01,0.06
36.724,0.07,-0.03,-0.01,0.08
36.734,0.08,-0.03,-0.00,0.08
36.744,0.11,-0.05,-0.01,0.12
36.754,0.12,-0.06,-0.01,0.14
36.764,0.12,-0.06,-0.00,0.14
36.774,0.11,-0.05,-0.02,0.12
36.784,0.12,-0.04,-0.01,0.12
36.794,0.08,-0.05,0.00,0.10
36.804,0.06,-0.04,0.00,0.07
36.814,0.02,-0.03,-0.02,0.05
36.824,0.00,-0.04,-0.02,0.05
36.834,-0.01,-0.04,0.00,0.04
36.844,-0.04,-0.03,-0.03,0.05
36.854,-0.05,-0.04,-0.04,0.08
36.864,-0.05,-0.04,-0.01,0.06
36.874,-0.06,-0.05,-0.02,0.08
36.884,-0.05,-0.03,-0.02,0.06
36.894,-0.03,-0.03,-0.01,0.05
36.904,-0.03,-0.04,-0.02,0.05
36.914,-0.02,-0.03,0.00,0.04
36.924,0.00,-0.04,-0.02,0.04
36.934,0.01,-0.04,-0.02,0.04
36.944,0.01,-0.04,-0.01,0.04
36.954,0.01,-0.04,-0.03,0.05
36.964,0.00,-0.03,-0.03,0.04
36.974,0.02,-0.04,-0.01,0.04
36.984,0.03,-0.03,-0.02,0.05
36.994,0.06,-0.03,-0.01,0.07
37.004,0.05,-0.03,-0.02,0.06
37.014,0.05,-0.04,0.00,0.06
37.024,0.05,-0.03,-0.00,0.06
37.034,0.08,-0.04,-0.01,0.09
37.044,0.07,-0.03,-0.00,0.07
37.054,0.08,-0.03,-0.02,0.09
37.064,0.08,-0.04,-0.01,0.09
37.074,0.07,-0.05,-0.01,0.09
37.084,0.06,-0.05,-0.00,0.08
37.094,0.05,-0.05,-0.01,0.07
37.104,0.05,-0.04,-0.01,0.06
37.114,0.04,-0.05,-0.02,0.06
37.124,0.03,-0.04,-0.01,0.05
37.134,-0.00,-0.04,-0.03,0.05
37.144,-0.01,-0.03,-0.02,0.04
37.154,-0.02,-0.04,-0.02,0.04
37.164,-0.02,-0.03,-0.02,0.04
37.174,-0.04,-0.02,-0.02,0.05
37.184,-0.05,-0.04,-0.01,0.06
37.194,-0.03,-0.04,-0.02,0.05
37.204,-0.02,-0.04,0.01,0.04
37.214,-0.01,-0.01,-0.03,0.03
37.224,0.01,-0.03,-0.02,0.04
37.234,0.01,-0.04,-0.00,0.04
37.243,0.01,-0.03,-0.02,0.04
37.253,0.02,-0.04,-0.01,0.05
37.264,0.03,-0.04,-0.00,0.05
37.273,0.03,-0.05,-0.01,0.06
37.283,0.05,-0.02,-0.02,0.06
37.293,0.04,-0.05,-0.01,0.06
37.303,0.07,-0.04,-0.01,0.08
37.314,0.06,-0.05,-0.00,0.08
37.323,0.06,-0.04,-0.01,0.08
37.333,0.05,-0.05,-0.02,0.07
37.343,0.06,-0.05,-0.01,0.08
37.353,0.05,-0.05,-0.01,0.07
37.363,0.04,-0.04,-0.02,0.06
37.373,0.05,-0.03,-0.00,0.06
37.383,0.02,-0.03,0.00,0.04
37.393,0.04,-0.03,-0.02,0.05
37.403,0.02,-0.02,-0.02,0.03
37.413,0.01,-0.03,-0.02,0.04
37.423,0.00,-0.05,-0.01,0.05
37.433,-0.01,-0.05,-0.02,0.05
37.443,-0.01,-0.04,-0.02,0.05
37.453,-0.01,-0.04,-0.01,0.04
37.463,0.01,-0.04,-0.03,0.05
37.473,0.00,-0.04,-0.02,0.04
37.483,0.01,-0.03,-0.03,0.04
37.493,-0.01,-0.04,-0.03,0.05
37.503,-0.01,-0.04,-0.02,0.05
37.513,-0.00,-0.03,-0.01,0.03
37.523,0.01,-0.03,-0.00,0.03
37.533,0.01,-0.04,-0.02,0.04
37.543,0.03,-0.05,-0.02,0.06
37.553,0.03,-0.04,0.00,0.05
37.563,0.04,-0.03,-0.02,0.05
37.573,0.05,-0.04,-0.02,0.07
37.583,0.05,-0.05,-0.02,0.07
37.593,0.04,-0.04,-0.00,0.06
37.603,0.05,-0.03,0.01,0.06
37.613,0.05,-0.04,-0.02,0.06
37.623,0.05,-0.04,-0.01,0.06
37.633,0.03,-0.03,-0.02,0.05
37.643,0.02,-0.05,-0.01,0.06
37.653,0.01,-0.03,-0.02,0.04
37.663,0.02,-0.03,-0.01,0.04
37.673,0.03,-0.04,-0.01,0.05
37.683,0.01,-0.04,-0.01,0.04
37.693,0.01,-0.03,-0.01,0.03
37.703,0.01,-0.03,-0.01,0.03
37.713,0.02,-0.02,-0.01,0.03
37.723,0.00,-0.03,-0.02,0.04
37.733,0.01,-0.05,-0.02,0.06
37.743,-0.01,-0.03,-0.01,0.03
37.753,0.00,-0.03,-0.00,0.03
37.763,0.01,-0.04,-0.01,0.04
37.773,0.01,-0.03,-0.03,0.04
37.783,0.01,-0.03,-0.02,0.03
37.793,0.00,-0.03,-0.01,0.04
37.803,0.02,-0.03,-0.03,0.05
37.813,0.01,-0.05,-0.02,0.06
37.823,0.02,-0.04,-0.01,0.04
37.833,0.03,-0.04,-0.01,0.05
37.843,0.05,-0.03,-0.03,0.07
37.853,0.04,-0.04,-0.03,0.06
37.863,0.03,-0.04,-0.01,0.05
37.873,0.05,-0.04,-0.02,0.07
37.882,0.06,-0.03,-0.00,0.07
37.893,0.05,-0.05,0.00,0.07
37.903,0.06,-0.04,-0.01,0.07
37.913,0.04,-0.03,-0.01,0.05
37.922,0.03,-0.04,-0.02,0.06
37.933,0.04,-0.05,-0.02,0.06
37.942,0.02,-0.03,-0.02,0.05
37.952,0.03,-0.03,-0.02,0.05
37.962,0.01,-0.03,0.00,0.03
37.972,0.00,-0.04,-0.00,0.04
37.983,0.01,-0.04,-0.02,0.04
37.992,-0.01,-0.03,-0.01,0.03
38.002,0.00,-0.04,-0.01,0.05
38.013,0.01,-0.04,-0.01,0.04
38.022,-0.01,-0.03,-0.02,0.03
38.032,0.01,-0.04,-0.01,0.04
38.042,0.00,-0.05,-0.01,0.05
38.052,-0.01,-0.04,-0.02,0.04
38.062,0.01,-0.04,-0.03,0.05
38.072,0.01,-0.03,-0.00,0.03
38.082,0.03,-0.04,-0.03,0.06
38.092,0.04,-0.04,-0.02,0.06
38.102,0.04,-0.03,-0.00,0.05
38.112,0.08,-0.04,-0.01,0.09
38.122,0.08,-0.04,-0.02,0.09
38.132,0.09,-0.04,-0.02,0.10
38.142,0.11,-0.05,0.00,0.12
38.152,0.09,-0.05,-0.01,0.10
38.162,0.07,-0.05,-0.01,0.08
38.172,0.06,-0.03,-0.02,0.07
38.182,0.07,-0.04,-0.01,0.08
38.192,0.08,-0.02,-0.01,0.08
38.202,0.09,-0.04,-0.01,0.10
38.212,0.07,-0.04,-0.01,0.08
38.222,0.06,-0.06,-0.01,0.09
38.232,0.07,-0.04,-0.00,0.08
38.242,0.06,-0.03,-0.02,0.07
38.252,0.06,-0.03,-0.03,0.07
38.262,0.09,-0.03,-0.02,0.10
38.272,0.10,-0.04,-0.00,0.11
38.282,0.10,-0.06,-0.01,0.11
38.292,0.08,-0.06,0.00,0.10
38.302,0.05,-0.04,0.00,0.06
38.312,0.04,-0.04,-0.02,0.05
38.322,-0.01,-0.00,-0.01,0.02
38.332,0.07,-0.04,-0.02,0.08
38.342,0.03,-0.01,-0.03,0.05
38.352,0.03,-0.05,0.00,0.05
38.362,0.03,-0.07,-0.01,0.07
38.372,-0.02,-0.00,0.02,0.03
38.382,-0.05,-0.04,-0.03,0.07
38.392,-0.09,0.02,-0.01,0.09
38.402,-0.04,-0.03,-0.02,0.05
38.412,-0.08,0.00,-0.00,0.08
38.422,-0.06,-0.01,-0.00,0.06
38.432,-0.03,-0.00,0.01,0.03
38.442,-0.05,-0.02,-0.01,0.06
38.452,-0.05,-0.01,-0.02,0.05
38.462,-0.04,0.00,-0.00,0.04
38.472,-0.02,-0.02,-0.01,0.03
38.482,-0.00,-0.01,0.00,0.01
38.492,0.03,-0.02,-0.00,0.04
38.502,-0.00,-0.03,-0.01,0.03
38.512,-0.01,-0.03,-0.03,0.04
38.522,0.02,-0.04,-0.02,0.05
38.532,0.06,-0.03,-0.03,0.07
38.542,0.05,-0.04,-0.02,0.07
38.552,0.10,-0.05,-0.02,0.11
38.562,0.09,-0.05,-0.01,0.10
38.572,0.12,-0.05,-0.02,0.13
38.581,0.10,-0.05,-0.01,0.11
38.591,0.13,-0.06,-0.02,0.14
38.601,0.14,-0.06,-0.01,0.15
38.611,0.16,-0.04,-0.02,0.16
38.621,0.11,-0.05,-0.02,0.12
38.631,0.11,-0.05,0.01,0.12
38.641,0.10,-0.07,0.01,0.12
38.651,0.09,-0.05,-0.01,0.10
38.661,0.08,-0.02,-0.02,0.09
38.671,0.05,-0.03,-0.00,0.06
38.681,0.05,-0.03,-0.00,0.06
38.691,0.03,-0.03,0.00,0.05
38.701,0.03,-0.03,0.01,0.04
38.711,-0.02,-0.01,-0.01,0.03
38.721,0.01,-0.02,-0.02,0.03
38.731,-0.02,-0.01,-0.02,0.03
38.741,-0.01,-0.02,-0.01,0.02
38.751,-0.04,-0.04,-0.03,0.07
38.761,-0.03,-0.02,-0.01,0.04
38.771,-0.03,-0.02,-0.02,0.04
38.781,-0.05,-0.00,-0.02,0.06
38.791,-0.05,-0.01,-0.05,0.07
38.801,-0.04,-0.00,-0.03,0.05
38.811,-0.04,-0.02,-0.02,0.05
38.821,-0.00,-0.02,0.00,0.02
38.831,0.01,-0.03,-0.00,0.03
38.841,0.01,-0.02,-0.02,0.03
38.851,0.01,-0.03,-0.00,0.04
38.861,0.01,-0.04,-0.01,0.04
38.871,0.03,-0.02,-0.01,0.04
38.881,0.04,-0.04,-0.01,0.05
38.891,0.05,-0.03,-0.01,0.06
38.901,0.06,-0.04,-0.01,0.07
38.911,0.07,-0.03,0.01,0.07
38.921,0.06,-0.04,-0.02,0.08
38.931,0.05,-0.04,-0.03,0.07
38.941,0.03,-0.03,-0.01,0.04
38.951,0.06,-0.03,-0.02,0.07
38.961,0.05,-0.04,-0.00,0.07
38.971,0.04,-0.04,-0.01,0.06
38.981,0.07,-0.05,-0.02,0.09
38.991,0.03,-0.03,-0.02,0.04
39.001,0.04,-0.05,-0.01,0.06
39.011,0.04,-0.02,-0.02,0.05
39.021,0.06,-0.03,0.00,0.07
39.031,0.02,-0.05,-0.02,0.05
39.041,0.03,-0.02,-0.01,0.04
39.051,0.03,-0.05,-0.01,0.06
39.061,-0.05,-0.04,-0.01,0.07
39.071,-0.02,-0.02,-0.03,0.04
39.081,-0.01,-0.02,-0.02,0.03
39.091,-0.02,-0.02,-0.03,0.04
39.101,-0.04,-0.04,-0.03,0.06
39.111,0.03,-0.03,-0.00,0.05
39.121,0.00,-0.04,-0.02,0.04
39.131,0.02,-0.00,-0.01,0.02
39.141,0.01,-0.02,-0.01,0.02
39.151,0.04,-0.04,-0.00,0.05
39.161,0.02,-0.03,-0.01,0.04
39.171,0.08,-0.05,-0.02,0.10
39.181,0.07,-0.03,-0.02,0.08
39.191,0.08,-0.03,-0.02,0.09
39.201,0.09,-0.03,-0.02,0.09
39.211,0.04,-0.04,-0.02,0.06
39.220,0.00,-0.04,-0.00,0.04
39.231,0.01,-0.01,-0.01,0.02
39.240,-0.03,-0.03,-0.01,0.05
39.251,0.01,-0.03,-0.01,0.03
39.260,0.03,-0.03,-0.01,0.05
39.270,0.04,-0.04,-0.02,0.06
39.280,0.01,-0.01,-0.02,0.02
39.290,-0.00,-0.03,-0.03,0.04
39.300,-0.04,-0.04,-0.02,0.06
39.310,-0.06,-0.03,-0.01,0.07
39.320,-0.04,-0.05,-0.02,0.07
39.330,-0.07,-0.02,-0.01,0.07
39.340,-0.04,-0.02,-0.02,0.05
39.350,-0.07,-0.04,-0.01,0.09
39.360,0.00,-0.03,-0.02,0.04
39.370,-0.01,-0.05,-0.02,0.05
39.380,-0.00,-0.03,-0.03,0.04
39.390,-0.03,-0.06,-0.03,0.08
39.400,0.00,-0.02,-0.01,0.02
39.410,0.02,-0.05,-0.01,0.06
39.420,-0.01,-0.01,-0.00,0.02
39.430,0.01,-0.03,-0.02,0.03
39.440,-0.04,-0.01,-0.03,0.06
39.450,0.01,-0.04,-0.02,0.04
39.460,-0.02,-0.06,-0.01,0.06
39.470,-0.00,-0.02,-0.00,0.02
39.480,0.05,-0.00,-0.02,0.06
39.490,0.04,-0.02,-0.01,0.04
39.500,0.01,-0.05,-0.03,0.06
39.510,-0.02,-0.02,-0.03,0.04
39.520,0.05,-0.04,-0.02,0.07
39.530,-0.03,-0.03,-0.00,0.04
39.540,0.04,-0.06,-0.02,0.07
39.550,0.03,-0.07,-0.01,0.07
39.560,0.05,-0.04,-0.02,0.07
39.570,-0.02,-0.04,-0.01,0.05
39.580,0.06,-0.04,-0.00,0.07
39.590,0.04,-0.05,-0.01,0.06
39.600,0.03,-0.02,-0.03,0.05
39.610,0.02,-0.04,-0.03,0.05
39.620,-0.02,-0.00,-0.01,0.03
39.630,-0.01,-0.02,-0.03,0.04
39.640,-0.04,-0.01,0.00,0.04
39.650,-0.03,-0.03,-0.01,0.04
39.660,0.01,-0.04,-0.00,0.04
39.670,0.02,-0.02,0.00,0.03
39.680,-0.01,-0.05,-0.02,0.05
39.690,0.04,-0.01,-0.02,0.04
39.700,0.05,-0.03,-0.03,0.06
39.710,0.01,-0.03,0.00,0.03
39.720,0.01,-0.08,-0.01,0.08
39.730,0.02,-0.04,-0.01,0.05
39.740,-0.02,-0.05,-0.00,0.05
39.750,0.00,-0.04,-0.00,0.04
39.760,-0.01,-0.07,-0.01,0.08
39.770,0.06,-0.05,-0.02,0.08
39.780,0.02,-0.06,-0.01,0.07
39.790,0.05,-0.04,-0.01,0.07
39.800,0.01,-0.07,-0.04,0.08
39.810,0.07,-0.03,0.00,0.07
39.820,0.01,-0.07,-0.02,0.07
39.830,0.01,-0.05,-0.02,0.05
39.840,0.00,-0.04,0.01,0.04
39.850,0.07,-0.04,-0.02,0.08
39.859,-0.04,-0.06,-0.01,0.07
39.869,0.02,-0.04,-0.01,0.05
39.879,0.01,-0.07,-0.03,0.07
39.890,0.01,-0.02,-0.01,0.03
39.900,0.02,-0.05,-0.01,0.06
39.909,0.04,-0.03,-0.00,0.05
39.919,0.05,-0.03,-0.03,0.07
39.929,0.06,-0.02,-0.02,0.07
39.939,0.01,-0.02,-0.02,0.03
39.950,0.02,-0.01,-0.04,0.05
39.959,0.04,-0.01,-0.03,0.05
39.969,-0.01,0.01,0.01,0.01
39.979,-0.00,-0.03,-0.00,0.03
39.989,0.02,-0.01,-0.01,0.02
39.999,0.03,0.01,-0.01,0.03
40.009,0.02,0.02,-0.03,0.04
40.019,0.01,0.01,-0.03,0.03
40.029,0.01,0.01,-0.01,0.02
40.039,0.07,0.01,-0.02,0.07
40.049,0.03,-0.03,-0.00,0.04
40.059,0.01,-0.03,0.00,0.03
40.069,0.00,-0.04,-0.02,0.04
40.079,0.00,-0.03,-0.01,0.04
40.089,-0.02,-0.06,-0.01,0.07
40.099,0.00,-0.05,-0.01,0.05
40.109,0.05,-0.09,-0.02,0.10
40.119,0.06,-0.07,-0.02,0.09
40.129,0.02,-0.06,-0.02,0.07
40.139,-0.01,-0.06,-0.02,0.07
40.149,0.01,-0.07,-0.04,0.08
40.159,0.02,-0.07,-0.00,0.07
40.169,0.02,-0.05,-0.01,0.06
40.179,0.03,-0.06,-0.00,0.07
40.189,0.03,-0.04,-0.00,0.05
40.199,0.04,-0.05,-0.03,0.07
40.209,0.02,-0.06,-0.01,0.06
40.219,0.04,-0.06,-0.01,0.07
40.229,0.09,-0.04,0.00,0.10
40.239,0.05,-0.08,-0.01,0.09
40.249,0.04,-0.05,0.00,0.06
40.259,0.01,-0.06,-0.01,0.06
40.269,-0.01,-0.04,-0.04,0.06
40.279,-0.04,-0.03,-0.03,0.06
40.289,-0.01,-0.04,-0.02,0.05
40.299,-0.02,-0.05,-0.01,0.05
40.309,0.00,-0.03,-0.01,0.03
40.319,0.02,-0.02,-0.01,0.03
40.329,0.03,-0.00,-0.03,0.04
40.339,0.04,0.00,-0.01,0.04
40.349,0.08,-0.02,-0.01,0.08
40.359,0.06,-0.03,-0.00,0.07
40.369,0.05,-0.03,0.00,0.06
40.379,0.06,-0.02,-0.01,0.06
40.389,0.03,-0.02,-0.02,0.04
40.399,-0.02,0.00,-0.02,0.03
40.409,-0.02,-0.01,-0.02,0.03
40.419,-0.01,-0.01,-0.02,0.03
40.429,-0.02,-0.04,-0.02,0.05
40.439,-0.02,-0.04,-0.01,0.04
40.449,0.02,-0.03,-0.01,0.04
40.459,0.02,-0.05,-0.03,0.06
40.469,0.05,-0.05,-0.01,0.07
40.479,0.04,-0.06,-0.03,0.08
40.489,0.06,-0.06,-0.02,0.09
40.499,0.06,-0.07,-0.02,0.09
40.509,0.05,-0.08,-0.02,0.10
40.519,0.02,-0.09,-0.01,0.09
40.529,0.05,-0.07,-0.00,0.09
40.538,0.03,-0.07,-0.02,0.08
40.549,0.03,-0.07,-0.01,0.08
40.558,0.04,-0.09,-0.02,0.10
40.569,0.04,-0.04,-0.00,0.06
40.578,-0.01,-0.07,-0.03,0.08
40.589,-0.00,-0.05,-0.01,0.05
40.598,0.03,-0.06,-0.02,0.07
40.608,-0.01,-0.03,-0.02,0.04
40.618,0.00,-0.04,-0.02,0.04
40.628,0.01,-0.03,-0.01,0.03
40.638,0.01,-0.04,-0.01,0.04
40.648,0.01,-0.04,-0.01,0.04
40.658,0.03,0.00,-0.02,0.04
40.668,0.05,-0.01,-0.02,0.05
40.678,0.02,-0.00,-0.01,0.02
40.688,0.03,-0.01,-0.00,0.03
40.698,0.01,-0.02,-0.02,0.02
40.708,-0.01,0.04,-0.01,0.04
40.718,-0.00,0.01,-0.02,0.02
40.728,0.01,0.02,-0.02,0.03
40.738,0.01,-0.01,-0.01,0.02
40.748,0.03,-0.01,-0.02,0.04
40.758,0.01,-0.00,-0.02,0.02
40.768,0.03,-0.02,-0.01,0.04
40.778,0.04,-0.02,-0.01,0.05
40.788,0.04,-0.03,-0.01,0.05
40.798,0.03,-0.05,-0.04,0.07
40.808,0.06,-0.05,-0.00,0.08
40.818,0.06,-0.05,-0.02,0.08
40.828,0.06,-0.06,0.00,0.08
40.838,0.01,-0.07,-0.01,0.07
40.848,0.04,-0.06,-0.01,0.08
40.858,0.05,-0.07,-0.01,0.08
40.868,0.02,-0.07,-0.02,0.07
40.878,0.01,-0.04,-0.01,0.05
40.888,0.01,-0.02,-0.01,0.02
40.898,0.01,-0.05,-0.01,0.05
40.908,0.03,-0.03,-0.02,0.05
40.918,0.01,-0.02,-0.02,0.03
40.928,0.00,-0.03,-0.00,0.03
40.938,0.05,-0.03,-0.02,0.06
40.948,0.04,-0.03,-0.02,0.05
40.958,0.03,-0.04,-0.02,0.05
40.968,0.06,-0.04,-0.02,0.08
40.978,0.04,-0.05,-0.02,0.07
40.988,0.06,-0.06,-0.01,0.08
40.998,0.05,-0.06,-0.01,0.07
41.008,0.05,-0.06,-0.01,0.08
41.018,0.03,-0.07,-0.03,0.08
41.028,0.06,-0.06,-0.01,0.09
41.038,0.02,-0.09,-0.02,0.09
41.048,0.01,-0.09,-0.02,0.09
41.058,0.02,-0.07,-0.01,0.07
41.068,0.02,-0.07,-0.01,0.08
41.078,-0.00,-0.07,-0.03,0.08
41.088,0.02,-0.07,-0.03,0.07
41.098,0.04,-0.05,-0.01,0.07
41.108,0.02,-0.06,-0.01,0.07
41.118,0.05,-0.05,-0.00,0.07
41.128,0.06,-0.03,0.01,0.07
41.138,0.02,-0.04,0.01,0.05
41.148,0.01,-0.00,-0.02,0.02
41.158,0.03,-0.02,-0.05,0.06
41.168,0.05,-0.01,-0.02,0.05
41.178,0.02,-0.00,-0.01,0.03
41.188,0.02,-0.05,-0.01,0.06
41.198,0.04,-0.02,-0.00,0.05
41.207,0.04,-0.02,-0.02,0.05
41.217,0.01,-0.00,-0.01,0.01
41.228,0.03,-0.03,-0.01,0.04
41.237,-0.00,-0.02,-0.00,0.02
41.248,0.03,-0.00,-0.00,0.03
41.257,0.01,-0.03,-0.03,0.04
41.267,0.03,-0.00,-0.01,0.03
41.277,-0.00,-0.03,-0.04,0.05
41.287,0.04,-0.02,-0.00,0.05
41.297,0.02,-0.02,-0.00,0.02
41.307,0.00,-0.04,-0.02,0.05
41.317,0.00,0.01,-0.01,0.02
41.327,0.02,-0.02,-0.02,0.03
41.337,-0.02,0.02,-0.02,0.03
41.347,-0.05,0.01,-0.02,0.05
41.357,-0.01,0.03,-0.02,0.03
41.367,0.00,0.02,-0.02,0.03
41.377,0.01,0.03,-0.02,0.04
41.387,0.00,0.02,0.00,0.02
41.397,0.02,0.02,-0.02,0.03
41.407,0.03,0.04,-0.01,0.05
41.417,0.04,0.02,-0.02,0.05
41.427,0.04,0.04,-0.01,0.06
41.437,0.02,0.00,-0.01,0.03
41.447,0.04,-0.01,0.01,0.04
41.457,0.02,0.01,0.01,0.02
41.467,0.01,0.01,-0.01,0.02
41.477,-0.02,-0.01,-0.02,0.03
41.487,0.01,0.02,-0.01,0.02
41.497,-0.01,-0.01,-0.02,0.02
41.507,-0.00,-0.00,-0.01,0.01
41.517,-0.02,-0.01,-0.01,0.03
41.527,0.02,-0.02,-0.03,0.04
41.537,0.01,-0.01,-0.02,0.02
41.547,0.03,-0.04,-0.01,0.05
41.557,0.03,-0.05,-0.02,0.06
41.567,0.05,-0.05,-0.01,0.07
41.577,0.04,-0.03,0.00,0.05
41.587,0.05,-0.03,-0.01,0.06
41.597,0.00,-0.03,-0.03,0.04
41.607,0.00,-0.02,-0.01,0.02
41.617,0.01,-0.03,-0.02,0.04
41.627,-0.01,-0.01,-0.01,0.02
41.637,-0.01,-0.01,-0.01,0.02
41.647,0.01,-0.02,-0.01,0.03
41.657,0.02,-0.02,0.01,0.03
41.667,-0.02,-0.02,-0.02,0.04
41.677,0.02,-0.00,-0.01,0.02
41.687,0.02,-0.02,-0.01,0.03
41.697,0.02,-0.03,-0.01,0.04
41.707,0.04,-0.02,-0.00,0.05
41.717,0.04,-0.01,-0.00,0.04
41.727,0.08,-0.03,-0.01,0.08
41.737,0.05,-0.04,-0.02,0.07
41.747,0.05,-0.03,-0.03,0.07
41.757,0.04,-0.04,-0.02,0.06
41.767,0.05,-0.07,-0.01,0.09
41.777,0.03,-0.04,-0.01,0.05
41.787,0.05,-0.04,0.00,0.06
41.797,0.04,-0.06,-0.01,0.07
41.807,0.05,-0.05,-0.00,0.07
41.817,0.04,-0.05,-0.01,0.07
41.827,0.01,-0.04,-0.01,0.04
41.836,0.01,-0.02,-0.02,0.03
41.847,0.01,-0.03,-0.01,0.03
41.857,0.04,-0.01,-0.01,0.04
41.866,0.01,0.00,-0.02,0.02
41.876,0.01,0.01,-0.00,0.02
41.887,-0.00,0.00,-0.01,0.01
41.897,-0.03,0.04,0.01,0.05
41.906,-0.05,0.02,-0.02,0.05
41.916,-0.06,0.05,-0.03,0.08
41.927,-0.06,0.02,-0.01,0.07
41.936,-0.04,0.04,-0.02,0.06
41.946,-0.05,0.02,-0.02,0.05
41.956,-0.06,0.04,-0.02,0.07
41.966,-0.04,0.03,-0.02,0.05
41.976,-0.04,0.01,-0.01,0.04
41.986,-0.05,0.00,-0.02,0.05
41.996,-0.01,0.01,-0.01,0.02
42.006,-0.02,-0.00,-0.01,0.03
42.016,-0.01,-0.01,-0.01,0.02
42.026,-0.00,-0.02,-0.02,0.02
42.036,0.01,-0.01,-0.01,0.02
42.046,-0.00,-0.02,-0.03,0.03
42.056,0.01,-0.01,-0.02,0.02
42.066,0.01,-0.01,-0.01,0.02
42.076,0.00,-0.03,-0.01,0.03
42.086,0.01,-0.03,-0.02,0.04
42.096,0.03,-0.03,-0.02,0.05
42.106,0.04,-0.03,-0.03,0.06
42.116,0.05,-0.04,-0.02,0.07
42.126,0.06,-0.03,-0.01,0.07
42.136,0.09,-0.03,-0.01,0.09
42.146,0.10,-0.03,-0.01,0.10
42.156,0.10,-0.03,-0.01,0.10
42.166,0.09,-0.06,-0.02,0.11
42.176,0.07,-0.05,-0.00,0.09
42.186,0.06,-0.04,0.01,0.08
42.196,0.05,-0.04,-0.01,0.07
42.206,0.05,-0.04,-0.01,0.06
42.216,0.04,-0.05,-0.01,0.06
42.226,-0.00,-0.03,-0.02,0.04
42.236,0.02,-0.04,-0.02,0.05
42.246,0.01,-0.04,-0.01,0.04
42.256,-0.03,-0.03,-0.02,0.05
42.266,-0.01,-0.04,-0.03,0.05
42.276,-0.00,-0.04,-0.02,0.05
42.286,-0.00,-0.02,-0.03,0.04
42.296,-0.02,-0.03,-0.02,0.05
42.306,0.00,-0.03,-0.00,0.03
42.316,-0.01,-0.02,-0.02,0.03
42.326,-0.01,-0.02,-0.02,0.03
42.336,0.00,-0.02,-0.02,0.03
42.346,-0.01,0.00,-0.01,0.02
42.356,0.00,-0.00,-0.02,0.02
42.366,0.01,-0.01,-0.04,0.04
42.376,0.02,-0.01,-0.03,0.04
42.386,0.03,-0.02,-0.02,0.04
42.396,0.04,-0.00,-0.01,0.04
42.406,0.05,-0.02,-0.00,0.06
42.416,0.05,-0.03,0.00,0.05
42.426,0.01,-0.01,-0.02,0.02
42.436,-0.02,-0.00,-0.02,0.03
42.446,0.01,0.01,-0.01,0.02
42.456,0.01,-0.02,-0.01,0.02
42.466,0.01,-0.00,-0.00,0.01
42.476,-0.01,-0.01,0.01,0.02
42.486,-0.02,-0.01,-0.01,0.03
42.496,-0.04,0.04,-0.01,0.06
42.506,-0.06,0.02,-0.01,0.06
42.516,-0.05,0.01,-0.02,0.06
42.526,-0.05,-0.00,-0.01,0.05
42.536,-0.03,0.01,0.00,0.03
42.546,-0.05,-0.01,-0.01,0.05
42.556,-0.06,0.00,-0.02,0.06
42.566,-0.04,-0.00,-0.03,0.05
42.575,-0.02,0.01,-0.03,0.04
42.585,-0.02,-0.01,-0.01,0.02
42.595,-0.01,-0.03,-0.01,0.03
42.605,0.01,-0.02,-0.01,0.03
42.615,0.01,-0.01,-0.01,0.02
42.625,-0.01,-0.02,-0.03,0.03
42.635,0.01,-0.03,-0.02,0.04
42.645,0.03,-0.04,-0.02,0.05
42.655,0.05,-0.02,-0.01,0.06
42.665,0.06,-0.03,-0.01,0.06
42.675,0.07,-0.05,-0.00,0.08
42.685,0.08,-0.04,0.01,0.09
42.695,0.08,-0.04,0.00,0.09
42.705,0.10,-0.04,-0.01,0.11
42.715,0.10,-0.04,-0.02,0.11
42.725,0.09,-0.02,-0.01,0.09
42.735,0.10,-0.03,-0.00,0.10
42.745,0.05,-0.04,-0.00,0.06
42.755,0.02,-0.03,-0.01,0.04
42.765,-0.00,-0.01,-0.03,0.03
42.775,-0.01,-0.00,-0.00,0.01
42.785,-0.02,-0.01,-0.02,0.04
42.795,-0.02,-0.00,-0.02,0.03
42.805,0.02,-0.01,-0.02,0.03
42.815,0.01,-0.01,0.00,0.01
42.825,-0.03,-0.02,0.01,0.04
42.835,-0.04,-0.01,-0.02,0.05
42.845,-0.07,0.01,-0.04,0.08
42.855,-0.06,0.00,-0.02,0.06
42.865,-0.05,-0.01,-0.02,0.06
42.875,-0.05,-0.01,-0.01,0.05
42.885,-0.06,-0.02,-0.01,0.06
42.895,-0.08,-0.01,-0.03,0.08
42.905,-0.07,-0.00,-0.02,0.07
42.915,-0.06,-0.01,-0.02,0.07
42.925,-0.03,-0.02,-0.00,0.03
42.935,0.01,-0.02,-0.02,0.03
42.945,0.05,-0.02,-0.01,0.05
42.955,0.06,-0.02,-0.01,0.06
42.965,0.08,-0.04,-0.01,0.09
42.975,0.08,-0.03,0.01,0.09
42.985,0.07,-0.02,-0.01,0.08
42.995,0.08,-0.01,-0.00,0.08
43.005,0.07,-0.04,-0.01,0.08
43.015,0.05,-0.01,-0.00,0.05
43.025,0.06,-0.01,-0.02,0.06
43.035,0.06,-0.03,-0.01,0.07
43.045,0.02,-0.02,-0.01,0.03
43.055,-0.01,-0.02,-0.02,0.03
43.065,0.01,-0.03,-0.00,0.03
43.075,-0.03,-0.02,-0.02,0.04
43.085,-0.06,-0.01,-0.04,0.07
43.095,-0.02,-0.01,-0.01,0.03
43.105,-0.04,-0.02,-0.03,0.05
43.115,-0.03,-0.02,-0.02,0.04
43.125,-0.03,-0.01,-0.01,0.03
43.135,-0.02,-0.02,-0.01,0.03
43.145,-0.02,-0.01,-0.02,0.03
43.155,-0.02,-0.02,-0.02,0.04
43.165,-0.00,-0.03,-0.03,0.04
43.174,0.01,-0.02,-0.04,0.04
43.185,0.01,-0.02,-0.02,0.03
43.195,0.01,-0.03,-0.00,0.03
43.204,-0.01,-0.01,-0.00,0.02
43.214,-0.01,-0.03,-0.02,0.03
43.224,-0.01,-0.00,-0.02,0.02
43.234,0.00,-0.00,-0.01,0.01
43.244,-0.00,-0.02,0.00,0.02
43.254,0.01,-0.04,-0.01,0.04
43.264,0.06,-0.04,0.00,0.07
43.274,0.06,-0.02,-0.02,0.07
43.284,0.12,-0.01,-0.02,0.12
43.294,0.15,-0.02,-0.02,0.15
43.304,0.16,-0.00,-0.02,0.16
43.314,0.15,0.01,-0.01,0.15
43.324,0.13,0.01,0.01,0.13
43.334,0.02,-0.07,0.04,0.08
43.344,-0.08,-0.10,0.10,0.16
43.354,-0.16,-0.06,0.02,0.17
43.364,-0.18,0.02,-0.07,0.19
43.374,-0.24,0.09,-0.12,0.28
43.384,-0.15,0.02,-0.12,0.19
43.394,-0.00,-0.06,-0.04,0.07
43.404,0.10,-0.10,0.06,0.15
43.414,0.14,-0.08,0.05,0.17
43.424,0.12,-0.01,-0.01,0.12
43.434,0.10,0.01,-0.00,0.10
43.444,-0.02,-0.00,-0.01,0.02
43.454,-0.12,0.04,-0.05,0.14
43.464,-0.12,0.01,-0.04,0.13
43.474,-0.11,0.02,-0.03,0.12
43.484,-0.13,-0.01,-0.02,0.13
43.494,-0.04,-0.02,0.01,0.05
43.504,-0.01,-0.06,0.02,0.06
43.514,0.00,-0.01,-0.00,0.01
43.524,0.08,-0.02,-0.03,0.09
43.534,0.09,-0.02,-0.02,0.09
43.544,0.07,-0.05,-0.01,0.08
43.554,0.05,-0.07,0.01,0.09
43.564,0.03,-0.04,0.03,0.06
43.574,-0.01,-0.04,-0.01,0.04
43.584,-0.05,0.01,-0.02,0.05
43.594,-0.02,-0.00,-0.02,0.03
43.604,0.01,-0.03,-0.02,0.04
43.614,0.03,-0.02,0.01,0.04
43.624,0.06,-0.04,0.01,0.07
43.634,0.07,-0.02,0.00,0.08
43.644,0.08,-0.00,-0.01,0.09
43.654,0.06,-0.00,-0.04,0.07
43.664,0.04,-0.01,-0.03,0.05
43.674,0.03,-0.02,-0.01,0.03
43.684,0.02,-0.01,-0.02,0.02
43.694,-0.01,-0.02,-0.01,0.03
43.704,0.01,-0.01,-0.01,0.02
43.714,0.01,-0.01,-0.04,0.04
43.724,-0.01,0.00,-0.03,0.03
43.734,0.01,-0.02,-0.01,0.03
43.744,0.05,-0.03,-0.02,0.06
43.754,0.06,-0.03,-0.00,0.06
43.764,0.04,-0.02,-0.01,0.05
43.774,0.02,-0.02,-0.02,0.04
43.784,-0.01,-0.02,-0.01,0.02
43.794,-0.03,-0.00,-0.01,0.03
43.804,-0.02,-0.02,-0.02,0.03
43.814,-0.01,-0.02,-0.00,0.02
43.824,-0.01,-0.02,-0.01,0.02
43.834,-0.01,-0.01,-0.00,0.02
43.844,0.04,-0.03,-0.03,0.05
43.853,0.06,-0.03,-0.00,0.06
43.864,0.06,-0.04,-0.00,0.07
43.874,0.07,-0.02,-0.00,0.08
43.884,0.08,-0.03,-0.01,0.08
43.893,0.03,-0.03,-0.01,0.04
43.904,-0.00,-0.00,-0.01,0.01
43.913,-0.03,-0.00,-0.02,0.03
43.923,-0.04,0.00,-0.00,0.04
43.933,-0.03,-0.01,-0.01,0.03
43.943,-0.04,-0.02,-0.02,0.05
43.953,-0.04,-0.02,-0.00,0.05
43.964,-0.04,-0.02,-0.01,0.04
43.973,-0.02,-0.01,-0.02,0.03
43.983,0.01,-0.02,-0.02,0.03
43.993,0.02,-0.04,-0.02,0.05
44.003,0.05,-0.03,-0.01,0.06
44.013,0.03,-0.03,-0.01,0.04
44.023,0.01,-0.02,-0.01,0.02
44.033,-0.02,-0.03,-0.02,0.04
44.043,-0.01,-0.01,-0.03,0.03
44.053,-0.02,-0.02,-0.01,0.03
44.063,-0.02,-0.01,0.00,0.03
44.073,-0.02,-0.00,-0.02,0.03
44.083,-0.02,-0.01,-0.03,0.04
44.093,-0.02,-0.01,-0.01,0.02
44.103,-0.00,-0.03,-0.01,0.03
44.113,0.01,-0.03,-0.02,0.03
44.123,0.03,-0.02,-0.00,0.04
44.133,0.07,-0.01,0.01,0.07
44.143,0.09,-0.04,-0.00,0.10
44.153,0.09,-0.02,-0.01,0.10
44.163,0.12,-0.03,-0.01,0.12
44.173,0.12,-0.04,-0.02,0.12
44.183,0.11,-0.03,-0.00,0.12
44.193,0.12,-0.03,0.01,0.13
44.203,0.10,-0.03,-0.01,0.10
44.213,0.07,-0.02,-0.01,0.07
44.223,0.01,-0.02,-0.01,0.03
44.233,0.02,-0.01,-0.00,0.02
44.243,-0.05,0.00,-0.03,0.06
44.253,-0.07,-0.01,-0.01,0.07
44.263,-0.05,-0.03,-0.01,0.06
44.273,-0.04,-0.03,-0.02,0.05
44.283,-0.00,-0.02,-0.02,0.02
44.293,0.01,-0.03,-0.02,0.03
44.303,0.04,-0.04,0.01,0.06
44.313,0.03,-0.04,0.01,0.05
44.323,0.02,-0.02,-0.00,0.03
44.333,0.00,-0.03,-0.03,0.04
44.343,-0.01,-0.01,-0.02,0.02
44.353,-0.01,-0.03,-0.02,0.04
44.363,-0.02,-0.03,-0.02,0.04
44.373,-0.01,-0.01,-0.02,0.02
44.383,-0.01,-0.02,-0.02,0.03
44.393,-0.02,0.00,-0.02,0.03
44.403,-0.01,-0.00,-0.01,0.02
44.413,0.00,-0.02,-0.01,0.02
44.423,0.01,-0.02,-0.02,0.03
44.433,0.01,0.01,-0.02,0.02
44.443,0.03,-0.02,-0.03,0.05
44.453,0.03,-0.03,-0.03,0.05
44.463,0.03,-0.01,-0.02,0.04
44.473,0.04,-0.02,-0.01,0.04
44.483,0.05,-0.03,-0.01,0.06
44.493,0.08,-0.02,-0.02,0.09
44.503,0.05,-0.03,-0.01,0.06
44.512,0.04,-0.03,-0.00,0.05
44.522,0.04,-0.02,-0.02,0.05
44.533,0.04,-0.02,-0.02,0.05
44.542,0.02,-0.02,-0.01,0.02
44.552,0.02,-0.02,-0.02,0.03
44.563,-0.02,-0.02,-0.03,0.04
44.572,-0.03,-0.02,-0.02,0.04
44.583,-0.02,-0.01,-0.03,0.04
44.592,-0.07,0.00,-0.01,0.07
44.602,-0.07,-0.01,-0.03,0.08
44.612,-0.04,-0.02,-0.02,0.05
44.622,-0.01,-0.01,-0.02,0.02
44.632,0.01,-0.02,-0.03,0.04
44.642,0.03,-0.03,-0.02,0.04
44.652,0.03,-0.01,-0.03,0.05
44.662,0.06,-0.03,-0.00,0.06
44.672,0.05,-0.04,-0.01,0.07
44.682,0.05,-0.02,-0.01,0.06
44.692,0.02,-0.01,-0.01,0.03
44.702,0.02,-0.02,-0.02,0.03
44.712,0.03,-0.03,-0.02,0.04
44.722,0.01,-0.03,-0.00,0.03
44.732,0.01,-0.02,-0.03,0.03
44.742,0.01,-0.02,-0.03,0.03
44.752,0.03,-0.01,-0.01,0.03
44.762,0.06,-0.03,-0.02,0.07
44.772,0.03,-0.03,-0.00,0.04
44.782,0.03,-0.01,0.00,0.03
44.792,0.02,-0.02,-0.02,0.04
44.802,0.03,-0.02,-0.03,0.04
44.812,0.01,-0.02,-0.02,0.03
44.822,0.00,-0.03,-0.01,0.03
44.832,-0.00,-0.03,-0.02,0.03
44.842,-0.03,-0.01,-0.02,0.03
44.852,-0.03,-0.01,-0.02,0.04
44.862,-0.02,-0.02,-0.02,0.03
44.872,-0.01,-0.01,-0.00,0.02
44.882,-0.01,-0.03,-0.01,0.03
44.892,-0.01,-0.02,-0.01,0.02
44.902,-0.01,-0.02,-0.01,0.03
44.912,-0.00,-0.01,-0.01,0.01
44.922,0.00,-0.01,-0.01,0.02
44.932,0.01,-0.02,-0.02,0.03
44.942,-0.01,-0.01,-0.01,0.02
44.952,0.00,-0.02,-0.02,0.03
44.962,0.03,-0.01,-0.01,0.03
44.972,0.02,-0.02,-0.02,0.03
44.982,0.05,-0.02,-0.01,0.06
44.992,0.06,-0.01,-0.01,0.07
45.002,0.06,-0.03,-0.00,0.07
45.012,0.07,-0.04,-0.02,0.08
45.022,0.04,-0.03,-0.00,0.05
45.032,0.02,-0.02,-0.02,0.03
45.042,0.04,-0.03,-0.02,0.05
45.052,0.02,-0.01,-0.00,0.02
45.062,0.01,-0.00,-0.01,0.02
45.072,0.01,-0.01,-0.02,0.02
45.082,0.01,-0.02,-0.01,0.02
45.092,-0.00,-0.02,-0.01,0.02
45.102,-0.00,-0.02,-0.01,0.02
45.112,0.03,-0.03,-0.02,0.04
45.122,0.01,-0.02,-0.01,0.02
45.132,-0.00,-0.02,-0.01,0.02
45.142,-0.00,-0.01,-0.01,0.01
45.152,-0.02,-0.03,-0.01,0.04
45.162,-0.01,-0.01,-0.01,0.02
45.172,-0.02,-0.01,-0.01,0.03
45.181,0.00,-0.01,-0.02,0.02
45.191,-0.00,-0.02,-0.04,0.05
45.202,0.00,-0.01,-0.01,0.02
45.211,-0.00,-0.01,-0.02,0.02
45.222,0.01,-0.02,-0.01,0.02
45.231,0.03,-0.02,0.00,0.04
45.241,0.03,-0.01,-0.01,0.04
45.251,0.01,-0.04,-0.02,0.05
45.261,0.02,-0.01,-0.00,0.02
45.271,0.03,-0.02,0.01,0.03
45.281,0.05,-0.02,0.00,0.05
45.291,0.02,-0.02,-0.00,0.03
45.301,0.03,-0.01,-0.01,0.04
45.311,0.03,-0.02,-0.01,0.04
45.321,0.03,-0.03,-0.01,0.04
45.331,0.03,-0.02,-0.01,0.04
45.341,0.03,-0.01,-0.01,0.04
45.351,0.01,-0.02,0.00,0.02
45.361,0.00,-0.02,-0.01,0.02
45.371,0.00,-0.02,-0.01,0.02
45.381,0.00,-0.02,-0.02,0.03
45.391,0.00,-0.02,-0.01,0.02
45.401,-0.01,-0.01,-0.02,0.02
45.411,-0.02,-0.00,-0.01,0.02
45.421,-0.01,-0.02,-0.01,0.02
45.431,-0.00,-0.02,0.00,0.02
45.441,0.00,-0.02,-0.03,0.03
45.451,0.01,-0.01,-0.01,0.02
45.461,0.02,-0.03,-0.02,0.04
45.471,0.02,-0.03,-0.01,0.04
45.481,0.01,-0.02,-0.02,0.03
45.491,0.01,-0.01,-0.03,0.04
45.501,0.02,-0.01,-0.02,0.03
45.511,0.02,-0.03,-0.01,0.03
45.521,0.01,-0.04,-0.01,0.04
45.531,0.03,-0.02,-0.01,0.04
45.541,0.03,-0.02,-0.02,0.04
45.551,0.02,-0.03,-0.02,0.04
45.561,0.02,-0.02,-0.01,0.03
45.571,0.04,-0.03,-0.01,0.05
45.581,0.02,-0.02,-0.01,0.03
45.591,0.02,-0.01,-0.01,0.02
45.601,0.01,-0.02,-0.03,0.04
45.611,0.02,-0.01,-0.01,0.02
45.621,0.01,-0.02,-0.00,0.02
45.631,-0.00,-0.01,-0.02,0.02
45.641,0.01,-0.02,0.00,0.02
45.651,0.01,-0.02,-0.02,0.03
45.661,0.01,-0.02,-0.01,0.03
45.671,0.02,-0.02,-0.01,0.03
45.681,0.03,-0.02,-0.03,0.05
45.691,-0.00,-0.02,-0.01,0.03
45.701,0.00,-0.02,-0.01,0.02
45.711,-0.01,-0.01,-0.02,0.03
45.721,-0.02,-0.02,-0.01,0.03
45.731,-0.00,-0.02,-0.02,0.02
45.741,-0.01,-0.01,-0.02,0.02
45.751,-0.02,0.00,-0.02,0.03
45.761,0.01,-0.02,-0.01,0.02
45.771,0.02,-0.02,-0.01,0.03
45.781,0.02,-0.02,0.00,0.03
45.791,0.02,-0.03,-0.02,0.04
45.801,0.03,-0.03,-0.01,0.04
45.811,0.04,-0.04,-0.01,0.05
45.821,0.04,-0.02,-0.02,0.04
45.831,0.03,-0.01,-0.01,0.03
45.841,0.03,-0.01,-0.01,0.03
45.851,0.02,-0.01,-0.01,0.03
45.861,0.02,-0.03,-0.01,0.03
45.870,0.00,-0.03,0.00,0.03
45.881,-0.00,-0.01,0.01,0.01
45.890,-0.00,-0.00,-0.03,0.03
45.900,-0.02,-0.02,-0.03,0.04
45.910,-0.01,-0.03,-0.01,0.03
45.920,-0.02,-0.01,-0.01,0.03
45.930,-0.02,-0.02,-0.01,0.03
45.940,0.00,-0.02,-0.02,0.03
45.950,0.01,-0.03,-0.02,0.03
45.960,0.02,0.01,-0.01,0.02
45.970,0.03,-0.01,-0.01,0.03
45.980,0.01,-0.02,-0.02,0.03
45.990,0.00,-0.02,-0.02,0.03
46.000,0.00,-0.02,-0.02,0.02
46.010,-0.01,-0.01,-0.02,0.03
46.020,0.00,-0.02,-0.01,0.02
46.030,0.00,-0.01,-0.01,0.01
46.040,0.00,-0.01,-0.02,0.02
46.050,0.01,-0.02,-0.01,0.03
46.060,-0.03,-0.03,-0.02,0.05
46.070,-0.06,-0.02,-0.04,0.07
46.080,0.20,-0.02,-0.04,0.20
46.090,0.28,-0.05,-0.03,0.28
46.100,0.41,-0.07,-0.00,0.42
46.110,1.23,-0.13,0.08,1.24
46.120,0.05,-0.12,0.16,0.20
46.130,-0.25,0.15,0.07,0.30
46.140,-1.36,0.10,-0.01,1.36
46.150,-1.49,0.25,-0.13,1.52
46.160,-0.95,0.10,0.02,0.95
46.170,-1.08,0.05,-0.02,1.08
46.180,-1.01,0.04,0.02,1.01
46.190,-1.19,0.13,-0.12,1.20
46.200,-0.49,0.14,-0.07,0.51
46.210,-0.63,0.10,-0.12,0.65
46.220,-0.91,0.05,0.03,0.91
46.230,-0.52,-0.12,0.01,0.53
46.240,-0.31,-0.04,0.04,0.32
46.250,-0.75,0.04,-0.08,0.76
46.260,-0.62,0.16,-0.01,0.64
46.270,-0.87,0.17,-0.07,0.89
46.280,-0.07,0.12,-0.09,0.16
46.290,-0.85,-0.04,-0.08,0.86
46.300,-0.73,0.05,0.03,0.74
46.310,-0.36,-0.08,0.06,0.37
46.320,-0.53,-0.06,-0.08,0.53
46.330,-0.55,0.07,-0.07,0.56
46.340,-0.60,0.02,-0.09,0.61
46.350,-0.72,-0.09,-0.05,0.73
46.360,-0.18,-0.16,-0.08,0.25
46.370,-0.44,0.01,0.06,0.44
46.380,-0.68,-0.16,0.00,0.70
46.390,-0.27,-0.12,-0.07,0.31
46.400,-0.27,-0.13,-0.05,0.30
46.410,-0.64,-0.07,-0.06,0.64
46.420,-0.40,-0.06,-0.07,0.41
46.430,-0.12,-0.13,-0.10,0.20
46.440,-0.45,-0.16,-0.02,0.48
46.450,-0.47,-0.06,0.03,0.48
46.460,-0.14,0.03,0.03,0.15
46.469,-0.34,-0.19,-0.06,0.40
46.480,-0.69,-0.17,0.09,0.72
46.489,-0.22,-0.25,-0.00,0.33
46.500,-0.24,0.10,0.03,0.26
46.510,-0.44,-0.07,-0.06,0.45
46.519,-0.30,0.08,-0.09,0.32
46.529,-0.91,-0.08,-0.10,0.91
46.539,-0.62,0.06,-0.02,0.62
46.550,-0.53,-0.19,0.00,0.57
46.559,-0.86,-0.10,-0.02,0.87
46.569,-0.58,0.20,-0.10,0.62
46.579,-0.97,0.28,-0.09,1.01
46.589,-0.50,0.07,-0.13,0.52
46.599,-0.75,0.15,-0.03,0.77
46.609,-0.51,-0.09,-0.09,0.53
46.619,-0.64,0.40,0.11,0.76
46.629,-0.61,0.01,0.03,0.61
46.639,-0.54,0.04,0.01,0.54
46.649,-0.70,0.23,0.01,0.74
46.659,-0.63,0.24,0.04,0.68
46.669,-0.34,0.12,0.07,0.37
46.679,-0.51,-0.10,0.08,0.53
46.689,-0.21,-0.05,-0.02,0.22
46.699,-0.64,0.14,-0.08,0.66
46.709,-0.30,-0.02,-0.26,0.39
46.719,-0.74,0.19,-0.17,0.78
46.729,-0.43,0.05,-0.06,0.44
46.739,-0.36,-0.06,0.10,0.38
46.749,-0.52,0.03,0.22,0.57
46.759,-0.17,-0.21,0.03,0.27
46.769,-0.22,0.13,-0.10,0.27
46.779,-0.56,0.56,-0.07,0.80
46.789,-0.45,0.08,-0.10,0.47
46.799,-0.72,-0.05,0.06,0.73
46.809,-0.58,0.12,0.05,0.59
46.819,-0.20,0.08,-0.04,0.22
46.829,-0.76,0.36,0.13,0.85
46.839,-0.31,-0.05,0.02,0.31
46.849,-0.12,0.04,-0.20,0.24
46.859,-0.93,0.49,0.02,1.05
46.869,-0.62,0.06,0.00,0.62
46.879,-0.43,0.36,0.25,0.62
46.889,-0.35,-0.28,0.10,0.46
46.899,-0.52,0.30,0.13,0.62
46.909,-0.63,0.38,0.03,0.74
46.919,-0.27,-0.21,-0.44,0.56
46.929,-0.94,0.85,-0.09,1.27
46.939,-0.75,0.13,-0.04,0.77
46.949,-0.04,-0.11,-0.07,0.14
46.959,-0.54,0.43,0.26,0.74
46.969,-0.84,-0.07,0.14,0.86
46.979,-0.41,0.13,-0.07,0.43
46.989,-0.58,0.19,-0.36,0.71
46.999,-0.55,0.47,-0.36,0.81
47.009,-0.56,0.25,-0.30,0.68
47.019,-0.52,0.03,-0.16,0.55
47.029,-0.37,0.60,0.38,0.80
47.039,-0.53,-0.28,0.18,0.62
47.049,-0.33,0.45,0.47,0.74
47.059,-0.69,0.06,0.14,0.71
47.069,0.01,0.08,-0.22,0.23
47.079,-0.63,0.95,0.09,1.14
47.089,-0.59,-0.10,-0.25,0.65
47.099,-0.14,0.30,-0.11,0.35
47.109,-0.57,0.07,-0.25,0.62
47.119,-0.36,0.17,-0.30,0.49
47.128,-0.34,0.52,-0.16,0.64
47.139,-0.86,0.71,0.43,1.20
47.149,0.36,-0.69,0.09,0.79
47.159,-0.34,0.67,0.51,0.91
47.168,-0.12,0.10,0.12,0.20
47.179,-0.23,0.57,-0.15,0.63
47.188,0.03,0.25,-0.45,0.51
47.198,-0.08,0.21,-0.57,0.61
47.208,-0.56,1.27,0.27,1.41
47.218,-0.15,-0.08,0.42,0.45
47.228,0.13,-0.16,0.43,0.47
47.238,0.17,0.15,0.40,0.46
47.248,0.12,-0.16,-0.63,0.66
47.258,-0.21,1.08,-0.65,1.27
47.268,-0.28,1.09,-0.30,1.16
47.278,0.01,0.00,0.04,0.04
47.288,0.09,0.00,0.58,0.59
47.298,0.52,-0.70,-0.01,0.87
47.308,-0.27,1.10,0.06,1.13
47.318,0.26,0.66,-0.05,0.71
47.328,-0.12,0.46,0.04,0.48
47.338,0.28,0.16,0.41,0.52
47.348,0.07,-0.22,0.09,0.25
47.358,-0.07,0.72,0.12,0.73
47.368,0.16,-0.07,-0.43,0.46
47.378,-0.04,0.95,-0.25,0.98
47.388,0.24,0.40,-0.21,0.51
47.398,-0.26,0.69,0.32,0.80
47.408,0.12,-0.02,0.60,0.61
47.418,0.29,-0.46,0.19,0.57
47.428,0.45,0.68,0.14,0.83
47.438,-0.19,0.55,-0.48,0.76
47.448,0.03,0.77,-0.33,0.84
47.458,-0.30,0.58,0.08,0.66
47.468,0.25,-0.50,0.05,0.56
47.478,0.02,0.33,0.20,0.38
47.488,-0.09,0.69,-0.03,0.70
47.498,-0.17,0.80,0.00,0.82
47.508,0.09,0.22,0.23,0.34
47.518,0.18,-0.10,0.14,0.24
47.528,-0.34,0.28,-0.11,0.46
47.538,0.01,0.69,-0.37,0.79
47.548,-0.30,0.96,-0.33,1.06
47.558,-0.08,0.19,-0.23,0.31
47.568,-0.16,-0.15,-0.15,0.26
47.578,0.23,0.73,0.55,0.94
47.588,0.20,-0.40,0.02,0.45
47.598,0.17,1.10,0.52,1.23
47.608,-0.13,0.51,0.62,0.81
47.618,0.53,-1.83,-0.94,2.13
47.628,-0.50,2.50,0.46,2.59
47.638,0.06,-0.21,-0.52,0.56
47.648,-0.20,0.69,-0.01,0.72
47.658,0.12,0.14,0.32,0.37
47.668,-0.04,-0.08,0.11,0.14
47.678,0.50,0.69,0.45,0.97
47.688,-0.27,0.04,-0.13,0.30
47.698,0.26,0.69,-0.08,0.75
47.708,-0.12,0.53,-0.15,0.56
47.718,0.00,-0.19,-0.48,0.51
47.728,-0.09,1.16,0.23,1.18
47.738,-0.34,-0.15,-0.10,0.38
47.748,0.18,0.35,0.20,0.44
47.758,0.26,0.33,0.31,0.52
47.768,0.17,-0.35,-0.22,0.45
47.778,0.02,1.12,0.01,1.12
47.788,-0.12,0.23,-0.14,0.29
47.798,-0.01,0.18,-0.13,0.22
47.808,0.33,0.57,0.26,0.71
47.818,-0.01,-0.10,0.01,0.11
47.827,0.06,0.30,-0.08,0.31
47.838,0.19,0.49,-0.11,0.54
47.848,-0.15,1.03,0.16,1.05
47.857,-0.27,-0.10,0.19,0.34
47.868,0.08,-0.07,0.02,0.11
47.878,0.06,0.90,0.26,0.94
47.887,0.23,0.05,-0.34,0.41
47.897,-0.33,0.96,0.12,1.02
47.907,0.08,-0.23,-0.08,0.26
47.917,0.10,0.44,0.05,0.46
47.927,-0.17,0.16,-0.17,0.29
47.937,-0.28,0.85,-0.02,0.90
47.947,0.18,0.48,0.08,0.52
47.957,0.42,-0.05,0.08,0.43
47.967,-0.16,0.29,0.08,0.34
47.977,-0.30,0.54,0.06,0.62
47.987,-0.10,0.49,-0.10,0.51
47.997,0.02,0.46,-0.05,0.47
48.007,-0.16,0.14,-0.38,0.44
48.017,-0.19,0.84,0.10,0.86
48.027,-0.11,-0.16,-0.18,0.27
48.037,-0.10,0.38,-0.20,0.44
48.047,-0.18,0.87,-0.04,0.89
48.057,-0.02,0.41,0.11,0.42
48.067,-0.24,0.30,0.40,0.56
48.077,0.25,0.08,0.46,0.53
48.087,0.12,0.27,0.18,0.35
48.097,0.30,0.80,0.37,0.93
48.107,-0.14,-0.09,-0.19,0.25
48.117,0.21,0.01,-0.64,0.67
48.127,0.27,1.28,-0.38,1.36
48.137,-0.27,0.48,-0.25,0.60
48.147,-0.36,0.31,0.39,0.61
48.157,0.21,-0.12,0.64,0.69
48.167,0.58,-0.08,0.30,0.66
48.177,0.08,0.81,0.26,0.85
48.187,-0.43,0.03,-0.61,0.75
48.197,0.05,1.02,-0.35,1.08
48.207,-0.05,0.50,-0.24,0.56
48.217,-0.26,0.29,0.00,0.39
48.227,0.17,0.35,0.59,0.71
48.237,0.17,-0.67,-0.07,0.69
48.247,0.34,1.26,0.23,1.33
48.257,-0.16,0.55,-0.18,0.60
48.267,-0.16,0.19,-0.14,0.29
48.277,-0.08,0.54,0.12,0.56
48.287,-0.03,0.34,0.14,0.37
48.297,-0.07,0.53,0.21,0.57
48.307,-0.02,-0.13,-0.33,0.35
48.317,0.13,1.34,0.50,1.43
48.327,0.05,-0.38,-0.17,0.42
48.337,-0.03,0.37,0.02,0.37
48.347,-0.25,0.49,-0.20,0.59
48.357,-0.19,0.80,-0.11,0.83
48.367,0.08,0.29,-0.12,0.33
48.377,-0.06,0.64,0.29,0.70
48.387,0.06,-0.29,0.16,0.34
48.397,-0.08,0.37,0.17,0.41
48.407,0.08,0.37,-0.12,0.40
48.417,-0.12,0.56,-0.30,0.65
48.427,-0.19,0.60,-0.16,0.65
48.437,0.05,0.47,0.14,0.50
48.447,0.19,0.02,0.17,0.26
48.457,0.17,-0.12,-0.16,0.26
48.466,-0.21,1.33,0.34,1.39
48.477,-0.23,-0.01,-0.09,0.25
48.487,-0.06,0.80,0.38,0.89
48.497,0.01,-0.22,-0.02,0.22
48.506,0.00,0.11,-0.38,0.40
48.517,-0.01,1.45,0.07,1.46
48.526,-0.35,-0.06,-0.43,0.56
48.537,-0.03,1.25,0.66,1.41
48.546,0.34,-0.95,0.23,1.04
48.556,0.19,-0.29,-0.21,0.41
48.566,-0.12,1.39,-0.19,1.41
48.576,-0.30,1.04,-0.32,1.13
48.586,0.01,0.05,-0.22,0.23
48.596,0.09,0.55,0.65,0.85
48.606,0.04,-0.59,0.26,0.65
48.616,0.26,0.64,0.40,0.80
48.626,-0.13,0.35,-0.14,0.40
48.636,-0.08,0.69,-0.35,0.78
48.646,-0.18,0.60,-0.54,0.83
48.656,0.08,0.44,-0.29,0.53
48.666,-0.45,1.28,0.90,1.63
48.676,0.08,-0.94,0.57,1.10
48.686,0.30,0.00,0.36,0.47
48.696,0.59,0.20,-0.75,0.97
48.706,0.06,1.46,-0.67,1.61
48.716,-0.87,1.14,-0.02,1.44
48.726,-0.12,-0.08,0.38,0.41
48.736,0.35,-0.13,0.75,0.84
48.746,0.31,-0.30,0.32,0.54
48.756,-0.10,0.54,-0.19,0.58
48.766,0.07,0.73,-0.59,0.94
48.776,-0.07,1.00,-0.50,1.12
48.786,-0.19,0.79,0.17,0.83
48.796,-0.30,-0.43,0.29,0.60
48.806,-0.22,0.03,0.53,0.58
48.816,0.32,-0.02,-0.24,0.40
48.826,0.09,1.30,-0.35,1.35
48.836,-0.14,0.64,-0.33,0.73
48.846,-0.25,0.44,0.23,0.55
48.856,-0.28,-0.42,0.38,0.63
48.866,-0.03,-0.09,0.13,0.16
48.876,0.20,1.32,0.11,1.34
48.886,-0.20,0.43,-0.40,0.62
48.896,0.30,0.52,-0.07,0.60
48.906,0.60,0.28,0.41,0.78
48.916,-0.26,0.02,0.20,0.33
48.926,-0.46,0.63,0.31,0.84
48.936,-0.32,0.06,-0.42,0.53
48.946,0.03,1.14,-0.47,1.23
48.956,-0.15,1.26,-0.02,1.27
48.966,-0.26,-0.33,-0.02,0.43
48.976,0.10,0.08,0.56,0.57
48.986,0.04,0.16,0.34,0.38
48.996,0.02,0.33,-0.23,0.40
49.006,-0.13,1.16,-0.18,1.18
49.016,-0.24,0.30,-0.27,0.47
49.026,0.16,0.16,0.05,0.23
49.036,0.09,-0.28,-0.11,0.32
49.046,-0.14,0.80,0.06,0.81
49.056,-0.36,0.36,-0.15,0.53
49.066,0.26,0.89,0.26,0.96
49.076,-0.10,-0.02,0.14,0.18
49.086,0.07,0.57,0.55,0.80
49.096,0.22,-0.55,-0.05,0.59
49.106,-0.03,0.83,-0.10,0.84
49.116,-0.05,0.87,-0.30,0.92
49.126,-0.15,0.38,-0.47,0.62
49.136,0.08,0.46,0.05,0.47
49.146,-0.25,0.20,0.20,0.38
49.156,-0.09,0.31,0.42,0.53
49.166,0.19,0.06,0.03,0.20
49.176,0.04,1.04,0.22,1.06
49.186,-0.08,-0.15,-0.30,0.34
49.195,-0.33,0.79,-0.09,0.86
49.205,-0.22,0.47,0.02,0.52
49.216,0.10,-0.00,-0.21,0.24
49.225,-0.21,0.95,0.25,1.01
49.235,0.02,-0.34,-0.30,0.46
49.245,-0.21,1.07,0.19,1.11
49.255,-0.15,-0.00,-0.06,0.16
49.265,-0.44,0.36,-0.05,0.57
49.275,-0.28,0.86,0.33,0.96
49.285,-0.27,-0.27,-0.15,0.41
49.295,-0.17,1.11,0.31,1.16
49.305,0.07,-0.22,-0.08,0.24
49.315,0.08,0.03,-0.52,0.53
49.325,-0.23,1.34,0.06,1.36
49.335,-0.03,0.38,0.04,0.38
49.345,-0.00,-0.12,0.12,0.16
49.355,0.15,0.29,0.27,0.42
49.365,0.36,0.33,-0.09,0.50
49.375,0.12,0.94,0.18,0.96
49.385,-0.13,0.11,-0.07,0.19
49.395,-0.12,0.51,0.05,0.53
49.405,0.22,0.62,0.33,0.73
49.415,0.04,-0.21,-0.23,0.31
49.425,-0.06,1.00,0.33,1.05
49.435,-0.19,-0.26,-0.42,0.53
49.445,0.10,1.27,0.21,1.29
49.455,-0.05,0.17,-0.14,0.22
49.465,0.03,-0.00,-0.09,0.09
49.475,-0.21,0.99,0.38,1.08
49.485,0.06,0.21,0.27,0.35
49.495,0.04,-0.17,-0.19,0.26
49.505,0.07,0.80,-0.21,0.83
49.515,-0.09,0.71,-0.31,0.78
49.525,-0.65,0.70,0.06,0.96
49.535,-0.01,0.26,0.42,0.49
49.545,0.19,-0.37,0.07,0.43
49.555,0.07,0.78,0.30,0.84
49.565,-0.03,0.24,-0.20,0.31
49.575,-0.16,1.04,0.06,1.05
49.585,-0.00,0.09,-0.14,0.17
49.595,-0.30,0.75,0.29,0.86
49.605,-0.23,0.24,0.46,0.57
49.615,0.21,-0.45,-0.19,0.53
49.625,0.02,1.06,-0.14,1.07
49.635,-0.11,0.54,-0.55,0.78
49.645,-0.31,0.83,-0.22,0.92
49.655,-0.17,0.44,0.30,0.56
49.665,0.22,-0.33,0.14,0.42
49.675,0.20,0.46,0.18,0.53
49.685,-0.18,0.49,-0.13,0.53
49.695,-0.36,1.11,0.04,1.17
49.705,-0.21,-0.08,-0.21,0.31
49.715,0.18,0.05,-0.02,0.19
49.725,-1.01,0.96,0.50,1.48
49.735,0.13,0.01,0.02,0.13
49.745,-0.00,0.55,0.06,0.56
49.755,-0.06,0.03,-0.21,0.22
49.765,-0.23,0.31,-0.35,0.52
49.775,-0.19,0.86,-0.15,0.89
49.784,-0.60,0.01,-0.25,0.65
49.795,-0.24,0.99,0.52,1.14
49.804,0.17,-0.27,0.26,0.41
49.815,0.22,-0.00,0.23,0.31
49.824,0.10,0.52,0.03,0.53
49.835,-0.16,0.14,-0.63,0.67
49.844,-0.06,1.37,-0.08,1.38
49.854,-0.16,-0.07,-0.26,0.31
49.864,-0.25,0.83,0.41,0.96
49.874,0.19,0.29,0.84,0.91
49.884,0.11,-0.75,-0.11,0.77
49.895,0.38,1.19,0.28,1.28
49.904,0.14,0.30,-0.54,0.64
49.914,-0.48,0.65,-0.65,1.04
49.924,-0.62,1.00,0.06,1.18
49.934,-0.30,-0.42,-0.11,0.53
49.944,0.03,0.77,0.61,0.99
49.955,-0.14,-0.12,0.12,0.22
49.964,0.02,0.35,-0.08,0.36
49.974,0.22,0.80,0.11,0.83
49.984,-0.15,0.22,-0.04,0.27
49.994,-0.39,0.03,-0.24,0.46
50.004,-0.36,0.88,-0.11,0.96
50.014,-0.16,0.21,-0.33,0.42
50.024,0.01,0.62,-0.03,0.62
50.034,-0.35,0.51,0.28,0.68
50.044,-0.05,0.08,0.35,0.36
50.054,-0.13,0.34,0.42,0.56
50.064,-0.09,0.01,-0.02,0.09
50.074,-0.11,1.06,-0.05,1.07
50.084,0.30,0.18,-0.48,0.60
50.094,-0.04,0.45,-0.50,0.68
50.104,-0.02,0.83,-0.03,0.83
50.114,-0.18,0.68,0.70,0.99
50.124,-0.09,-0.63,0.42,0.76
50.134,0.11,0.34,0.57,0.67
50.144,0.15,0.33,-0.06,0.36
50.154,-0.17,0.74,-0.33,0.83
50.164,-0.06,0.77,-0.13,0.78
50.174,-0.13,-0.41,-0.65,0.78
50.184,-0.10,1.09,0.14,1.11
50.194,-0.37,0.05,0.12,0.39
50.204,-0.40,0.18,0.27,0.52
50.214,0.19,0.51,0.40,0.68
50.224,0.15,-0.01,-0.23,0.27
50.234,0.08,0.89,-0.09,0.90
50.244,-0.61,0.42,-0.28,0.79
50.254,-0.34,1.02,0.38,1.14
50.264,0.01,-1.02,-0.51,1.14
50.274,0.06,1.02,-0.00,1.02
50.284,-0.42,0.93,0.10,1.03
50.294,-0.01,0.00,0.05,0.05
50.304,-0.25,0.62,0.69,0.96
50.314,0.33,-0.63,-0.11,0.72
50.324,-0.11,0.64,-0.20,0.68
50.334,-0.20,0.99,-0.46,1.11
50.344,-0.46,0.84,-0.30,1.00
50.354,-0.31,0.34,0.09,0.47
50.364,-0.07,-0.19,0.25,0.32
50.374,-0.44,0.21,0.49,0.70
50.384,-0.12,0.20,-0.10,0.25
50.394,-0.04,1.15,-0.07,1.15
50.404,-0.23,-0.03,-0.69,0.73
50.414,0.14,1.23,0.34,1.29
50.424,-0.31,-0.12,0.42,0.54
50.434,0.12,-0.20,0.33,0.40
50.444,-0.05,0.57,0.05,0.58
50.454,-0.13,0.72,-0.15,0.75
50.464,-0.33,0.59,-0.23,0.71
50.473,-0.39,0.59,0.05,0.71
50.484,-0.21,0.12,0.09,0.25
50.494,0.07,-0.00,-0.12,0.14
50.504,-0.31,0.91,0.20,0.98
50.514,0.22,0.11,-0.17,0.30
50.523,-0.16,0.38,-0.04,0.42
50.533,0.35,0.38,0.04,0.52
50.543,-0.13,0.22,-0.15,0.30
50.553,-0.47,0.98,0.46,1.18
50.563,-0.12,-0.20,0.21,0.31
50.573,-0.03,0.56,0.23,0.61
50.583,0.05,0.31,-0.14,0.34
50.593,-0.21,0.32,-0.37,0.53
50.603,-0.34,0.52,-0.36,0.71
50.613,-0.46,1.14,0.20,1.24
50.623,-0.15,-0.05,0.18,0.24
50.633,0.02,-0.00,0.39,0.39
50.643,-0.11,-0.17,-0.04,0.21
50.653,-0.20,0.85,-0.19,0.89
50.663,-0.11,0.54,-0.48,0.73
50.673,-0.62,0.51,-0.36,0.88
50.683,-0.32,0.49,-0.01,0.59
50.693,-0.14,0.24,0.12,0.31
50.703,-0.12,1.09,1.03,1.51
50.713,0.15,-0.97,0.17,0.99
50.723,0.31,0.35,-0.07,0.47
50.733,0.17,1.42,-0.05,1.43
50.743,-0.42,-0.11,-0.94,1.04
50.753,-0.45,0.82,-0.36,1.00
50.763,-0.40,0.93,0.20,1.03
50.773,0.01,0.16,0.56,0.58
50.783,0.36,-0.48,0.57,0.83
50.793,-0.04,0.34,0.41,0.53
50.803,0.13,0.62,-0.18,0.66
50.813,-0.02,0.82,-0.47,0.95
50.823,-0.39,0.70,-0.40,0.89
50.833,-0.37,0.45,-0.06,0.58
50.843,0.26,0.56,0.58,0.84
50.853,0.30,-0.38,0.40,0.62
50.863,0.49,-0.09,0.20,0.54
50.873,0.06,0.81,-0.12,0.82
50.883,-0.18,0.54,-0.52,0.77
50.893,-0.58,0.85,-0.12,1.03
50.903,-0.68,-0.26,-0.28,0.78
50.913,-0.18,0.72,0.40,0.84
50.923,-0.17,0.08,0.14,0.23
50.933,-0.12,0.56,0.41,0.70
50.943,0.33,-0.45,-0.19,0.59
50.953,-0.06,0.82,-0.04,0.82
50.963,-0.68,0.05,-0.49,0.84
50.973,-0.51,0.52,-0.32,0.79
50.983,-0.24,0.76,0.09,0.80
50.993,-0.39,-0.13,0.10,0.42
51.003,-0.16,0.09,0.32,0.37
51.013,0.27,0.04,0.21,0.34
51.023,0.09,0.61,0.24,0.67
51.033,-0.23,0.07,-0.43,0.49
51.043,-0.23,0.72,-0.26,0.80
51.053,-0.35,0.42,-0.30,0.62
51.063,-0.10,0.26,-0.16,0.32
51.073,-0.05,0.67,0.34,0.75
51.083,-0.44,0.16,0.36,0.59
51.093,-0.04,0.32,0.33,0.46
51.102,0.09,0.48,0.27,0.56
51.113,-0.30,0.14,-0.32,0.46
51.122,-0.26,1.34,0.30,1.40
51.133,0.07,-0.47,-0.31,0.56
51.143,0.28,0.56,-0.00,0.62
51.152,-0.30,0.72,0.08,0.79
51.162,0.14,-0.19,-0.17,0.29
51.172,-0.43,0.80,0.25,0.95
51.183,-0.29,-0.03,-0.10,0.30
51.193,-0.05,0.35,-0.23,0.42
51.202,-0.26,0.70,-0.05,0.74
51.212,-0.22,0.17,-0.02,0.28
51.222,-0.07,0.45,0.11,0.47
51.232,0.05,0.24,0.31,0.40
51.242,-0.18,-0.06,0.05,0.20
51.252,-0.19,0.34,-0.13,0.41
51.262,-0.22,0.32,-0.61,0.72
51.272,-0.30,1.37,0.05,1.40
51.282,-0.28,0.16,0.19,0.38
51.292,0.02,0.13,0.84,0.85
51.302,0.26,-0.75,0.18,0.81
51.312,-0.08,0.47,-0.33,0.58
51.322,-0.27,1.30,-0.43,1.40
51.332,-0.43,0.65,-0.56,0.96
51.342,-0.53,0.78,0.35,1.01
51.352,0.09,-0.43,0.29,0.53
51.362,-0.06,0.02,0.48,0.49
51.372,0.00,0.18,0.07,0.19
51.382,-0.05,0.78,-0.28,0.83
51.392,-0.15,0.80,-0.44,0.93
51.402,-0.23,0.32,-0.46,0.60
51.412,-0.45,0.40,0.06,0.60
51.422,-0.41,0.24,0.46,0.66
51.432,-0.13,0.10,0.32,0.36
51.442,0.09,0.57,0.49,0.76
51.452,0.09,-0.50,-0.38,0.64
51.462,0.23,0.78,-0.28,0.86
51.472,-0.43,0.67,-0.37,0.88
51.482,-0.53,0.76,0.14,0.93
51.492,-0.22,0.25,0.51,0.61
51.502,-0.04,-0.68,0.11,0.69
51.512,-0.03,0.36,0.09,0.37
51.522,-0.06,0.43,-0.45,0.63
51.532,-0.26,1.45,0.05,1.47
51.542,-0.62,0.03,-0.12,0.64
51.552,0.03,-0.08,0.07,0.11
51.562,-0.20,0.59,0.48,0.79
51.572,-0.26,0.36,0.29,0.53
51.582,0.48,0.05,0.01,0.48
51.592,0.16,0.24,-0.43,0.52
51.602,-0.05,1.28,0.02,1.28
51.612,-0.35,-0.15,-0.40,0.55
51.622,-0.63,0.79,0.38,1.08
51.632,0.05,0.04,0.28,0.29
51.642,-0.02,-0.06,-0.16,0.17
51.652,0.39,0.68,-0.06,0.79
51.662,-0.40,0.26,-0.44,0.65
51.672,-0.44,0.97,0.13,1.07
51.682,-0.42,-0.00,0.19,0.47
51.692,-0.14,0.22,0.66,0.71
51.702,-0.19,-0.87,-0.33,0.95
51.712,-0.12,1.28,-0.29,1.32
51.722,0.06,0.89,-0.23,0.92
51.732,-0.21,0.09,-0.08,0.24
51.742,-0.27,-0.02,0.34,0.43
51.752,-0.27,-0.32,-0.21,0.46
51.762,-0.21,1.01,0.05,1.03
51.772,-0.35,0.59,-0.13,0.70
51.782,-0.21,0.48,0.07,0.53
51.792,-0.11,0.50,0.61,0.80
51.802,0.15,-0.88,0.00,0.90
51.812,-0.27,0.46,-0.04,0.53
51.821,-0.32,0.95,-0.35,1.06
51.832,-0.36,0.58,-0.49,0.84
51.841,-0.07,0.53,-0.05,0.54
51.852,-0.07,-0.11,0.13,0.19
51.861,-0.15,0.26,0.70,0.76
51.871,-0.19,-0.31,0.23,0.43
51.881,-0.06,1.12,0.52,1.24
51.891,0.08,-0.11,-0.32,0.35
51.901,0.12,0.09,-0.68,0.70
51.911,-0.33,1.20,-0.00,1.25
51.921,0.00,-0.35,-0.51,0.62
51.931,-0.28,0.76,0.24,0.85
51.941,0.01,0.20,0.31,0.37
51.951,-0.12,-0.45,-0.20,0.51
51.961,-0.25,1.18,0.46,1.30
51.971,-0.33,-0.22,-0.17,0.43
51.981,-0.28,0.44,-0.22,0.56
51.991,-0.12,0.79,0.01,0.80
52.001,-0.30,0.06,-0.04,0.30
52.011,-0.26,0.35,0.24,0.50
52.021,0.05,0.44,0.68,0.81
52.031,0.03,-0.47,0.16,0.50
52.041,0.04,0.63,0.17,0.66
52.051,-0.41,0.13,-0.61,0.75
52.061,-0.32,0.87,-0.58,1.09
52.071,-0.47,0.70,-0.44,0.95
52.081,-0.24,0.29,0.10,0.39
52.091,-0.26,0.05,0.54,0.60
52.101,0.22,-0.49,0.31,0.62
52.111,0.07,0.42,0.00,0.42
52.121,-0.25,0.44,-0.59,0.77
52.131,-0.31,0.79,-0.47,0.97
52.141,-0.56,0.38,-0.24,0.72
52.151,-0.20,-0.29,-0.14,0.38
52.161,-0.30,0.59,0.55,0.86
52.171,0.33,-0.30,0.28,0.52
52.181,-0.31,0.48,0.42,0.71
52.191,0.32,-0.04,0.01,0.33
52.201,-0.39,0.76,-0.08,0.86
52.211,0.03,0.65,0.25,0.70
52.221,-0.51,-0.56,-0.29,0.81
52.231,0.14,0.85,0.21,0.89
52.241,0.13,0.03,-0.43,0.45
52.251,-0.08,1.28,0.25,1.30
52.261,-0.12,0.02,0.20,0.24
52.271,-0.10,-0.10,0.25,0.29
52.281,0.01,0.24,0.16,0.29
52.291,-0.36,0.33,-0.38,0.62
52.301,-0.17,1.06,-0.16,1.09
52.311,-0.24,0.06,-0.48,0.54
52.321,-0.04,0.74,0.30,0.80
52.331,-0.43,-0.56,-0.11,0.72
52.341,-0.39,0.37,0.37,0.65
52.351,-0.34,0.05,-0.24,0.42
52.361,-0.07,0.80,-0.08,0.81
52.371,-0.32,0.56,0.12,0.66
52.381,-0.07,-0.27,0.17,0.32
52.391,-0.16,0.62,0.82,1.04
52.401,0.26,-0.60,0.18,0.67
52.411,0.14,0.43,-0.20,0.49
52.421,-0.23,0.81,-0.46,0.96
52.431,-0.29,0.55,-0.51,0.80
52.441,-0.27,0.58,-0.03,0.64
52.451,-0.13,-0.01,0.17,0.21
52.461,-0.28,0.39,0.37,0.61
52.471,0.03,-0.04,0.06,0.08
52.480,0.11,0.28,-0.26,0.39
52.491,-0.23,1.02,-0.09,1.05
52.501,-0.13,-0.17,-0.52,0.56
52.510,-0.38,-0.00,-0.41,0.56
52.520,-0.41,0.29,-0.26,0.57
52.531,-0.32,-0.13,-0.66,0.75
52.540,-0.49,1.22,0.06,1.31
52.550,-0.27,-0.23,0.16,0.39
52.561,-0.33,0.25,0.93,1.02
52.570,0.22,-0.57,0.65,0.89
52.580,-0.36,0.66,0.46,0.88
52.590,0.06,0.26,-0.15,0.30
52.600,-0.08,0.67,-0.42,0.79
52.610,0.18,0.35,-0.40,0.57
52.620,-0.68,0.24,-0.33,0.79
52.630,-0.50,0.83,0.28,1.01
52.640,-0.45,0.39,0.72,0.94
52.650,-0.02,-0.25,0.39,0.46
52.660,0.28,-0.03,0.04,0.29
52.670,-0.19,0.70,-0.47,0.86
52.680,0.06,0.88,-0.42,0.98
52.690,-0.51,1.04,0.16,1.17
52.700,-0.02,-0.43,0.40,0.58
52.710,0.26,-0.73,0.09,0.78
52.720,0.29,0.94,0.13,0.99
52.730,0.11,-0.19,-0.78,0.81
52.740,-0.51,1.76,0.15,1.84
52.750,0.10,-0.34,0.24,0.43
52.760,-0.55,-0.28,0.21,0.65
52.770,0.58,0.22,0.35,0.71
52.780,-0.62,0.22,-0.23,0.70
52.790,0.26,0.81,0.25,0.89
52.800,-0.32,0.01,-0.11,0.34
52.810,-0.36,0.46,0.06,0.59
52.820,0.17,0.07,-0.11,0.21
52.830,-0.88,0.70,0.38,1.18
52.840,-0.01,-0.40,-0.03,0.41
52.850,0.19,0.17,-0.41,0.48
52.860,0.54,0.85,-0.29,1.05
52.870,-0.23,0.01,-0.59,0.63
52.880,-0.86,0.74,0.24,1.16
52.890,-0.31,-0.20,0.53,0.64
52.900,-0.01,-0.07,0.42,0.43
52.910,0.20,-0.18,-0.06,0.28
52.920,-0.41,0.63,-0.44,0.87
52.930,-0.25,0.62,-0.57,0.88
52.940,0.10,0.96,0.05,0.97
52.950,-0.24,-0.24,0.07,0.34
52.960,-0.12,0.10,0.76,0.78
52.970,-0.31,-0.19,0.51,0.63
52.980,0.16,0.29,-0.07,0.33
52.990,0.00,0.74,-0.49,0.89
53.000,-0.39,0.83,-0.43,1.01
53.010,-0.58,0.04,-0.37,0.70
53.020,-0.38,-0.11,-0.05,0.40
53.030,-0.28,0.52,0.26,0.65
53.040,-0.17,0.32,0.17,0.40
53.050,0.30,0.04,0.13,0.33
53.060,-0.22,0.50,0.33,0.64
53.070,0.43,-0.22,0.12,0.50
53.080,-0.63,0.29,-0.11,0.71
53.090,-0.46,0.78,0.07,0.91
53.100,-0.09,0.19,-0.23,0.31
53.110,0.14,0.32,0.10,0.37
53.120,-0.05,-0.01,0.11,0.12
53.130,0.17,-0.04,-0.07,0.19
53.139,0.11,0.21,-0.31,0.39
53.149,-0.78,0.88,-0.21,1.19
53.159,-0.20,-0.09,-0.38,0.44
53.169,-0.29,0.74,0.17,0.81
53.179,-0.05,0.14,0.55,0.57
53.189,-0.21,-0.21,0.47,0.56
53.199,0.33,-0.03,0.40,0.51
53.209,-0.20,0.24,-0.30,0.44
53.219,-0.04,0.85,-0.37,0.93
53.229,-0.25,0.49,-0.36,0.65
53.239,-0.16,0.29,-0.04,0.33
53.249,-0.05,-0.28,0.12,0.31
53.259,0.14,0.34,0.32,0.49
53.269,-0.07,0.39,0.35,0.53
53.279,-0.27,0.09,-0.01,0.29
53.289,-0.18,0.38,-0.06,0.42
53.299,-0.22,0.34,-0.31,0.51
53.309,-0.21,0.30,-0.29,0.47
53.319,-0.35,0.85,0.15,0.94
53.329,0.01,0.12,0.43,0.44
53.339,-0.06,-0.79,-0.26,0.83
53.349,-0.04,1.12,0.43,1.20
53.359,-0.40,0.13,-0.28,0.50
53.369,-0.14,0.39,-0.19,0.46
53.379,-0.71,1.00,0.21,1.24
53.389,0.22,-0.48,0.03,0.53
53.399,-0.32,0.44,0.42,0.69
53.409,0.04,-0.17,-0.05,0.18
53.419,0.22,0.54,-0.20,0.62
53.429,-0.23,0.56,-0.21,0.64
53.439,-0.19,0.12,-0.16,0.27
53.449,-0.14,-0.18,-0.23,0.33
53.459,-0.30,0.50,0.08,0.59
53.469,-0.03,0.63,0.42,0.76
53.479,-0.15,-0.57,0.04,0.60
53.489,0.45,0.42,0.25,0.66
53.499,-0.21,0.15,-0.16,0.31
53.509,-0.49,0.58,-0.06,0.77
53.519,-0.41,0.29,0.03,0.51
53.529,0.11,-0.06,-0.09,0.15
53.539,0.20,0.45,0.01,0.50
53.549,-0.26,0.06,-0.19,0.33
53.559,-0.23,1.05,0.53,1.20
53.569,0.22,-0.68,0.04,0.71
53.579,-0.08,0.55,0.15,0.58
53.589,-0.26,0.21,-0.37,0.50
53.599,-0.04,0.71,-0.21,0.74
53.609,-0.33,0.05,-0.32,0.46
53.619,-0.23,0.61,0.05,0.66
53.629,0.03,-0.31,-0.20,0.37
53.639,-0.15,0.76,0.28,0.83
53.649,-0.03,-0.05,0.34,0.34
53.659,-0.41,0.23,0.23,0.52
53.669,0.36,0.26,0.28,0.53
53.679,-0.19,-0.45,-0.73,0.88
53.689,0.01,1.23,-0.02,1.23
53.699,-0.59,0.04,-0.32,0.67
53.709,-0.06,0.41,0.13,0.44
53.719,0.14,0.04,0.34,0.37
53.729,-0.20,-0.11,0.22,0.32
53.739,-0.17,0.19,0.11,0.28
53.749,-0.13,0.64,-0.01,0.65
53.758,-0.12,-0.10,-0.50,0.53
53.769,-0.18,0.57,-0.34,0.69
53.779,-0.68,0.63,0.28,0.97
53.789,-0.01,-0.81,-0.45,0.93
53.798,0.05,1.50,0.79,1.69
53.809,0.02,-0.73,-0.15,0.74
53.819,-0.07,0.77,0.45,0.89
53.829,0.18,0.15,0.35,0.42
53.838,-0.26,-0.33,-0.51,0.66
53.848,-0.36,1.24,0.13,1.30
53.858,-0.21,-0.43,-0.84,0.97
53.869,0.18,1.44,0.26,1.47
53.878,-0.24,-0.38,-0.03,0.45
53.888,-0.08,0.05,0.36,0.37
53.898,-0.00,-0.28,-0.02,0.28
53.908,-0.16,0.85,0.18,0.88
53.918,-0.24,0.31,-0.05,0.39
53.928,-0.41,-0.18,-0.31,0.55
53.938,0.24,0.16,-0.11,0.31
53.948,-0.22,0.24,-0.20,0.38
53.958,-0.36,1.11,0.59,1.31
53.968,-0.30,-0.63,0.27,0.75
53.978,0.27,-0.37,-0.05,0.46
53.988,0.04,0.48,-0.30,0.57
53.998,-0.47,0.72,-0.60,1.05
54.008,-0.38,0.65,-0.30,0.81
54.018,-0.28,0.65,0.50,0.87
54.028,0.41,-1.04,0.17,1.13
54.038,-0.18,0.28,0.51,0.61
54.048,-0.20,0.67,0.33,0.77
54.058,-0.21,0.09,-0.32,0.39
54.068,-0.00,0.86,0.03,0.86
54.078,0.10,-0.16,-0.39,0.44
54.088,-0.01,0.10,-0.23,0.25
54.098,-0.36,0.57,0.11,0.68
54.108,-0.08,0.15,0.10,0.19
54.118,0.16,0.05,0.08,0.18
54.128,0.20,0.17,0.04,0.27
54.138,-0.14,0.14,-0.20,0.28
54.148,-0.36,0.68,0.24,0.81
54.158,-0.23,0.08,0.22,0.33
54.168,0.05,-0.15,-0.09,0.18
54.178,0.30,0.42,-0.15,0.54
54.188,-0.30,0.02,-0.48,0.56
54.198,-0.28,0.75,-0.08,0.81
54.208,-0.26,0.47,0.28,0.60
54.218,-0.18,-0.19,0.27,0.38
54.228,-0.01,-0.20,0.32,0.38
54.238,0.03,0.14,-0.06,0.16
54.248,-0.17,0.64,-0.37,0.76
54.258,-0.06,0.30,-0.72,0.78
54.268,-0.28,0.86,-0.03,0.91
54.278,-0.29,-0.15,0.29,0.44
54.288,-0.08,-0.06,0.73,0.73
54.298,0.06,-0.30,0.19,0.36
54.308,0.24,0.12,-0.57,0.62
54.318,-0.34,1.10,-0.50,1.26
54.328,-0.30,0.77,-0.07,0.83
54.338,-0.34,-0.48,0.17,0.61
54.348,-0.09,-0.80,-0.10,0.81
54.358,-0.24,1.02,0.32,1.10
54.368,-0.01,0.35,-0.07,0.36
54.378,-0.16,0.53,0.15,0.58
54.388,0.26,-0.12,0.47,0.55
54.398,0.08,-0.41,-0.03,0.42
54.408,-0.07,0.77,0.14,0.78
54.418,-0.54,0.05,-0.42,0.69
54.428,-0.04,0.72,-0.23,0.76
54.438,-0.17,1.04,0.46,1.15
54.448,0.27,-0.67,0.22,0.75
54.458,0.25,-0.13,0.60,0.66
54.468,-0.25,-0.25,-0.27,0.45
54.477,-0.12,1.29,-0.44,1.36
54.488,-0.05,0.90,-0.55,1.06
54.497,-0.70,0.41,0.06,0.81
54.508,-0.19,0.03,1.02,1.03
54.518,0.29,-0.71,0.88,1.17
54.527,0.62,-0.26,0.06,0.68
54.537,-0.26,0.73,-0.81,1.12
54.548,-0.19,1.03,-0.95,1.42
54.557,-0.21,1.03,-0.25,1.08
54.567,-0.36,-0.38,0.16,0.55
54.577,0.26,-0.73,0.52,0.93
54.587,-0.07,0.12,0.25,0.29
54.597,0.26,0.55,-0.08,0.62
54.607,-0.19,0.94,-0.07,0.96
54.617,-0.04,-0.20,-0.28,0.34
54.627,-0.23,0.09,-0.18,0.31
54.637,-0.40,0.50,0.01,0.64
54.647,-0.30,-0.20,-0.22,0.42
54.657,-0.29,1.03,0.12,1.08
54.667,0.11,0.14,0.18,0.25
54.677,0.27,-0.43,0.08,0.51
54.687,-0.24,-0.20,-0.04,0.31
54.697,-0.62,0.81,0.05,1.02
54.707,-0.12,0.34,-0.29,0.46
54.717,-0.24,0.15,-0.30,0.41
54.727,-0.06,0.89,0.56,1.05
54.737,0.20,-1.07,0.11,1.09
54.747,0.13,0.60,0.55,0.82
54.757,0.01,-0.04,-0.15,0.15
54.767,-0.39,-0.07,-1.00,1.08
54.777,-0.24,1.62,-0.26,1.66
54.787,-0.39,0.64,0.26,0.80
54.797,0.02,-0.60,0.59,0.84
54.807,0.34,-0.25,0.83,0.93
54.817,0.26,-0.07,0.08,0.29
54.827,0.08,0.66,-0.34,0.75
54.837,-0.01,0.70,-0.56,0.90
54.847,-0.54,0.39,-0.64,0.93
54.857,-0.11,0.32,-0.20,0.40
54.867,-0.14,0.09,0.16,0.23
54.877,0.03,0.13,0.74,0.75
54.887,0.16,-0.45,0.28,0.55
54.897,0.42,0.25,-0.07,0.49
54.907,0.01,0.78,-0.36,0.86
54.917,-0.40,0.48,-0.19,0.65
54.927,-0.44,0.08,0.25,0.51
54.937,0.04,-0.13,0.31,0.34
54.947,0.36,-0.45,-0.34,0.67
54.957,0.05,0.82,-0.28,0.87
54.967,-0.30,0.48,-0.40,0.69
54.977,-0.15,0.61,0.42,0.75
54.987,-0.00,-0.90,0.15,0.91
54.997,-0.49,0.13,0.33,0.61
55.007,0.10,-0.06,-0.36,0.38
55.017,-0.42,1.04,-0.62,1.29
55.027,0.14,0.92,0.01,0.93
55.037,-0.14,-0.66,-0.04,0.68
55.047,-0.07,0.47,1.04,1.14
55.056,0.04,-1.21,-0.13,1.21
55.067,-0.13,1.11,0.00,1.12
55.076,-0.28,0.79,-0.49,0.97
55.087,-0.14,-0.10,-0.98,1.00
55.096,0.02,0.95,0.26,0.98
55.106,-0.27,0.02,0.54,0.60
55.117,0.07,-0.30,0.89,0.94
55.127,0.35,-0.36,0.39,0.63
55.137,0.09,0.30,-0.45,0.55
55.147,0.13,1.19,-0.48,1.29
55.156,-0.19,0.52,-0.45,0.71
55.167,-0.59,0.28,-0.00,0.65
55.176,0.29,-0.55,0.14,0.64
55.186,-0.39,-0.23,-0.28,0.53
55.196,0.12,1.71,0.72,1.86
55.206,-0.17,-0.33,-0.01,0.37
55.216,0.09,-0.16,0.24,0.31
55.226,0.32,-0.07,-0.05,0.33
55.236,0.10,0.58,-0.05,0.60
55.247,-0.85,0.42,-0.12,0.95
55.256,0.09,-0.33,-0.49,0.60
55.266,0.09,1.14,0.20,1.16
55.276,0.32,-0.49,-0.08,0.59
55.286,-0.46,0.35,0.41,0.71
55.296,-0.05,-0.20,0.16,0.26
55.306,-0.24,0.23,-0.27,0.43
55.316,-0.08,0.66,-0.40,0.78
55.326,-0.38,0.13,-0.56,0.69
55.336,-0.32,0.52,0.04,0.61
55.346,-0.14,0.18,0.41,0.47
55.356,0.06,0.20,0.67,0.70
55.366,0.20,-0.67,0.19,0.73
55.376,-0.13,0.56,-0.04,0.58
55.386,-0.02,0.88,-0.11,0.89
55.396,-0.22,0.52,-0.13,0.58
55.406,0.21,0.05,0.15,0.26
55.416,-0.33,-0.45,-0.12,0.57
55.426,-0.14,0.60,0.03,0.61
55.436,0.25,0.43,-0.32,0.59
55.446,-0.21,0.27,-0.45,0.56
55.456,-0.14,1.13,0.54,1.26
55.466,0.09,-1.08,-0.13,1.09
55.476,0.28,0.60,0.66,0.94
55.486,-0.16,0.24,0.33,0.43
55.496,0.12,0.19,0.06,0.23
55.506,0.10,-0.00,-0.19,0.22
55.516,-0.22,0.14,-0.58,0.63
55.526,0.14,0.80,-0.34,0.88
55.536,-0.61,0.61,0.00,0.86
55.546,-0.36,0.03,0.39,0.53
55.556,0.62,-0.03,0.62,0.88
55.566,0.50,-1.01,-0.30,1.17
55.576,-0.12,1.29,-0.01,1.29
55.586,-0.16,0.57,-0.24,0.64
55.596,-0.30,0.34,-0.09,0.46
55.606,-0.02,0.16,0.36,0.39
55.616,-0.01,-0.54,-0.11,0.55
55.626,0.13,0.88,0.45,1.00
55.636,0.03,-0.42,-0.48,0.64
55.646,-0.14,1.30,0.14,1.32
55.656,0.09,-0.49,-0.52,0.72
55.666,-0.32,1.07,0.35,1.17
55.676,-0.36,-0.15,0.38,0.54
55.686,-0.00,-0.28,0.05,0.29
55.696,0.46,0.41,-0.13,0.63
55.706,0.19,-0.05,-0.72,0.75
55.716,-0.33,1.35,0.09,1.39
55.726,-0.23,-0.38,-0.09,0.45
55.736,-0.18,0.19,0.44,0.51
55.746,0.11,-0.50,-0.17,0.54
55.756,-0.11,1.03,0.17,1.05
55.766,-0.11,0.58,0.17,0.61
55.776,0.19,-0.06,0.15,0.25
55.786,0.28,-0.30,0.06,0.41
55.796,-0.24,0.16,-0.14,0.32
55.806,-0.35,0.51,-0.48,0.78
55.815,-0.38,0.78,-0.45,0.98
55.826,0.02,0.88,0.26,0.92
55.836,0.15,-0.54,0.45,0.71
55.845,-0.08,-0.04,1.00,1.00
55.855,0.58,-1.20,-0.40,1.39
55.865,-0.34,0.95,-1.02,1.44
55.875,-0.21,2.10,-0.38,2.15
55.885,-0.78,0.39,-0.11,0.88
55.895,0.34,-0.20,1.18,1.25
55.905,0.41,-1.91,0.41,2.00
55.915,0.19,0.47,0.09,0.52
55.925,0.19,1.07,-0.60,1.24
55.935,-0.41,1.08,-0.53,1.27
55.945,-0.40,0.14,-0.04,0.43
55.955,-0.17,-0.57,-0.07,0.60
55.965,0.30,0.09,0.15,0.35
55.975,-0.33,0.13,-0.02,0.36
55.985,0.03,0.65,0.18,0.68
55.995,0.16,-0.13,-0.31,0.37
56.005,-0.02,0.64,0.13,0.66
56.015,0.17,0.12,0.05,0.21
56.025,-0.46,0.16,0.28,0.56
56.035,0.06,-0.33,-0.13,0.35
56.045,0.20,1.21,0.09,1.23
56.055,0.35,0.22,-0.19,0.45
56.065,-0.02,0.24,0.03,0.24
56.075,-0.27,0.17,0.32,0.45
56.085,-0.40,-0.59,-0.42,0.83
56.095,-0.12,1.31,0.07,1.32
56.105,-0.13,0.05,-0.50,0.51
56.115,-0.02,0.68,-0.02,0.68
56.125,0.29,-0.14,0.32,0.46
56.135,0.00,-0.36,0.30,0.47
56.145,0.24,0.55,0.59,0.84
56.155,0.17,-0.52,-0.37,0.66
56.165,-0.82,1.13,-0.17,1.41
56.175,0.15,0.09,-0.63,0.65
56.185,0.39,0.55,-0.35,0.76
56.195,-0.14,0.42,0.31,0.54
56.205,-0.46,-0.59,0.04,0.75
56.215,0.14,0.61,0.51,0.81
56.225,0.35,0.24,0.23,0.48
56.235,-0.09,0.13,0.05,0.17
56.245,-0.25,0.54,0.16,0.61
56.255,0.14,0.15,-0.07,0.22
56.265,0.27,0.13,-0.00,0.30
56.275,-0.23,-0.32,-0.72,0.82
56.285,-0.01,0.92,-0.33,0.98
56.295,-0.26,0.69,-0.24,0.78
56.305,-0.35,0.61,0.71,0.99
56.315,0.07,-0.77,0.77,1.09
56.325,0.24,-0.57,0.32,0.70
56.335,0.38,0.95,-0.05,1.02
56.345,-0.06,0.31,-0.93,0.98
56.355,-0.29,1.40,-0.23,1.44
56.365,-0.12,-0.22,-0.07,0.26
56.375,-0.23,0.04,0.30,0.38
56.385,0.08,-0.12,0.39,0.41
56.395,-0.12,0.06,-0.09,0.16
56.405,0.09,0.62,-0.34,0.71
56.415,-0.33,0.88,-0.34,1.00
56.425,-0.01,0.39,0.15,0.42
56.435,-0.40,-0.32,0.43,0.67
56.444,0.32,-0.30,0.48,0.65
56.454,0.27,0.52,0.20,0.62
56.464,0.05,0.54,-0.04,0.54
56.474,0.11,-0.03,-0.25,0.27
56.485,0.31,0.63,0.11,0.71
56.495,0.13,-0.35,-0.27,0.46
56.504,-0.71,0.78,0.09,1.05
56.514,-0.01,0.36,0.03,0.36
56.524,0.33,0.24,0.09,0.42
56.534,0.24,-0.18,-0.18,0.35
56.544,0.00,0.77,0.21,0.80
56.554,-0.17,-0.02,-0.21,0.27
56.564,-0.07,0.93,0.32,0.99
56.574,0.06,-0.02,0.12,0.14
56.584,0.00,0.07,0.07,0.10
56.594,0.23,0.66,0.38,0.80
56.604,0.27,-0.13,-0.18,0.35
56.614,0.07,0.34,-0.09,0.35
56.624,-0.30,0.13,-0.36,0.48
56.634,-0.06,0.44,-0.37,0.58
56.644,-0.34,0.60,-0.08,0.69
56.654,0.01,0.12,0.04,0.13
56.664,-0.03,0.01,0.15,0.15
56.674,0.18,0.70,0.81,1.08
56.684,0.03,-0.24,0.57,0.62
56.694,0.08,0.35,0.66,0.75
56.704,-0.06,0.00,0.04,0.07
56.714,0.29,0.52,-0.38,0.71
56.724,0.19,0.66,-0.46,0.83
56.734,-0.31,0.23,-0.51,0.64
56.744,-0.23,0.57,-0.05,0.62
56.754,-0.01,0.02,0.10,0.11
56.764,0.18,-0.00,0.16,0.24
56.774,-0.18,0.12,-0.16,0.27
56.784,-0.21,0.67,-0.37,0.79
56.794,-0.06,0.88,-0.10,0.89
56.804,-0.29,0.08,0.14,0.33
56.814,0.08,-0.16,0.40,0.44
56.824,0.34,-0.56,-0.19,0.69
56.834,0.11,0.82,-0.16,0.85
56.844,-0.39,0.87,-0.27,0.99
56.854,0.20,0.31,0.16,0.40
56.864,-0.09,-0.27,0.56,0.63
56.874,0.34,-0.85,0.19,0.93
56.884,0.10,0.38,-0.30,0.49
56.894,0.00,1.16,-0.38,1.22
56.904,-0.53,1.02,0.01,1.15
56.914,0.39,-0.50,0.29,0.69
56.924,0.10,-0.84,0.08,0.85
56.934,-0.20,0.72,0.21,0.78
56.944,0.19,0.45,-0.30,0.58
56.954,-0.22,0.84,-0.35,0.94
56.964,-0.04,0.45,-0.04,0.45
56.974,0.29,-0.09,0.23,0.38
56.984,-0.05,0.00,0.58,0.58
56.994,0.22,-0.06,0.08,0.24
57.004,0.11,0.67,-0.42,0.80
57.014,0.06,1.36,-0.02,1.36
57.024,0.01,0.09,0.26,0.28
57.034,-0.11,-0.47,0.40,0.63
57.044,0.25,-0.17,0.16,0.35
57.054,-0.05,-0.00,-0.81,0.81
57.064,-0.23,1.56,-0.66,1.70
57.074,-0.59,0.78,-0.32,1.02
57.084,-0.08,-0.22,0.25,0.34
57.093,-0.14,0.16,1.24,1.25
57.104,0.35,-1.04,0.55,1.23
57.114,0.21,0.91,0.32,0.99
57.124,0.17,0.33,-0.73,0.82
57.134,-0.20,0.89,-0.57,1.08
57.143,-0.12,0.11,-0.58,0.60
57.154,-0.44,0.34,-0.00,0.56
57.163,-0.25,0.49,0.63,0.83
57.174,0.15,-0.57,0.19,0.62
57.183,-0.06,1.33,0.82,1.56
57.193,0.72,-1.04,-0.30,1.30
57.203,0.11,0.78,-0.09,0.80
57.213,-0.16,0.54,-0.41,0.70
57.223,-0.14,0.24,-0.56,0.63
57.233,-0.15,0.80,0.03,0.81
57.243,-0.16,0.08,0.23,0.29
57.253,0.06,-0.42,0.07,0.43
57.263,0.23,0.30,0.22,0.44
57.273,0.07,0.66,0.18,0.69
57.283,-0.31,0.08,-0.18,0.37
57.293,-0.05,0.42,-0.13,0.45
57.303,0.37,0.13,-0.13,0.41
57.313,0.07,0.28,-0.08,0.30
57.323,0.06,0.36,0.12,0.38
57.333,0.08,0.12,0.12,0.18
57.343,0.42,0.40,0.63,0.85
57.353,-0.40,-0.08,0.48,0.63
57.363,0.20,-0.45,-0.48,0.69
57.373,-0.08,1.06,-0.71,1.27
57.383,0.02,1.16,-0.41,1.23
57.393,-0.33,-0.13,-0.46,0.58
57.403,-0.23,0.40,0.68,0.82
57.413,0.17,-0.74,0.41,0.86
57.423,-0.24,0.27,0.49,0.61
57.433,0.09,0.62,0.09,0.64
57.443,0.14,0.20,-0.54,0.59
57.453,-0.11,0.61,-0.29,0.69
57.463,0.40,0.49,0.01,0.63
57.473,0.17,0.24,0.49,0.57
57.483,0.21,-0.23,0.24,0.39
57.493,0.21,0.76,0.37,0.87
57.503,0.29,-0.12,-0.57,0.65
57.513,-0.25,1.18,-0.18,1.22
57.523,-0.87,0.57,-0.13,1.05
57.533,0.30,-0.07,-0.17,0.35
57.543,0.06,0.44,0.15,0.47
57.553,-0.05,-0.01,-0.09,0.10
57.563,-0.11,0.57,-0.00,0.58
57.573,0.37,0.03,-0.10,0.39
57.583,0.34,0.38,0.09,0.52
57.593,-0.96,0.14,0.11,0.97
57.603,0.05,0.33,0.23,0.41
57.613,0.08,0.51,0.23,0.57
57.623,0.25,-0.32,-0.10,0.42
57.633,-0.09,0.53,-0.11,0.55
57.643,0.13,0.13,-0.42,0.46
57.653,-0.19,0.86,0.00,0.88
57.663,-0.14,-0.14,0.02,0.20
57.673,0.13,0.06,0.07,0.16
57.683,0.13,0.72,0.57,0.93
57.693,0.06,-0.62,-0.13,0.63
57.703,0.27,0.74,0.05,0.79
57.713,0.10,0.56,-0.02,0.57
57.723,-0.08,-0.08,-0.31,0.33
57.733,-0.00,0.82,0.25,0.86
57.743,-0.17,0.17,0.19,0.31
57.753,0.05,0.32,0.35,0.48
57.763,0.39,-0.06,-0.03,0.40
57.773,0.49,0.54,0.12,0.74
57.783,0.59,-0.18,-0.54,0.82
57.792,0.52,1.24,0.09,1.35
57.802,0.76,-0.25,-0.32,0.86
57.813,0.96,0.45,0.23,1.08
57.823,1.07,0.16,0.41,1.15
57.833,1.14,-0.47,-0.21,1.26
57.842,0.84,0.63,-0.03,1.05
57.852,0.99,0.26,-0.40,1.10
57.862,0.71,0.39,-0.24,0.85
57.872,0.38,0.22,-0.24,0.51
57.883,1.49,0.63,0.35,1.65
57.892,1.19,-0.36,0.16,1.25
57.902,1.25,0.48,0.61,1.47
57.912,1.70,-0.06,0.29,1.73
57.922,1.30,-0.11,-0.16,1.31
57.932,1.34,0.77,0.05,1.55
57.942,1.28,0.18,-0.27,1.32
57.952,1.09,0.42,0.14,1.18
57.962,1.65,-0.40,-0.03,1.69
57.972,1.42,0.24,0.04,1.44
57.982,1.92,-0.05,-0.04,1.92
57.992,1.63,0.20,-0.12,1.65
58.002,1.40,0.33,-0.02,1.44
58.012,1.57,-0.17,-0.18,1.59
58.022,1.46,0.18,0.05,1.47
58.032,1.74,0.14,0.27,1.77
58.042,1.72,-0.05,0.16,1.72
58.052,1.80,-0.07,0.15,1.81
58.062,1.71,0.12,0.02,1.71
58.072,1.74,0.11,-0.10,1.75
58.082,1.59,0.35,-0.06,1.63
58.092,1.60,0.05,-0.05,1.61
58.102,1.63,0.09,0.12,1.64
58.112,1.72,-0.07,0.11,1.73
58.122,1.73,0.08,0.06,1.73
58.132,1.77,0.13,-0.00,1.78
58.142,1.27,0.15,-0.14,1.28
58.152,2.10,0.09,-0.10,2.10
58.162,2.14,0.01,0.06,2.14
58.172,2.24,-0.04,0.22,2.25
58.182,1.59,-0.15,0.14,1.61
58.192,1.27,0.03,0.10,1.28
58.202,0.92,0.13,0.06,0.93
58.212,0.22,0.20,-0.03,0.30
58.222,0.16,0.05,-0.09,0.19
58.232,0.12,-0.00,0.02,0.12
58.242,-0.11,-0.12,0.06,0.18
58.252,0.13,-0.04,0.06,0.15
58.262,-0.35,0.02,0.05,0.36
58.272,-0.35,-0.14,-0.03,0.38
58.282,-0.42,0.02,-0.01,0.42
58.292,-0.52,-0.20,-0.14,0.57
58.302,-0.42,-0.12,-0.01,0.44
58.312,-0.77,-0.09,-0.07,0.78
58.322,-0.28,-0.11,-0.11,0.32
58.332,-0.53,0.01,-0.06,0.53
58.342,-0.65,-0.14,-0.19,0.69
58.352,-0.29,-0.15,-0.03,0.33
58.362,-0.19,-0.16,-0.03,0.25
58.372,-0.21,0.03,0.00,0.22
58.382,-0.53,0.06,-0.12,0.55
58.392,-0.35,0.14,-0.07,0.39
58.402,-0.36,0.17,-0.03,0.40
58.412,-0.37,0.11,-0.06,0.39
58.422,-0.13,0.11,0.03,0.17
58.431,-0.26,0.04,-0.03,0.26
58.441,-0.13,0.11,0.02,0.17
58.451,-0.12,0.08,-0.02,0.15
58.461,0.00,0.06,-0.02,0.07
58.471,-0.04,0.01,-0.01,0.04
58.481,0.02,-0.01,0.01,0.03
58.491,0.25,-0.09,0.04,0.27
58.501,0.31,-0.09,0.02,0.32
58.511,0.40,-0.14,0.01,0.42
58.522,0.38,-0.12,0.05,0.41
58.531,0.34,-0.11,0.03,0.35
58.541,0.31,-0.10,-0.02,0.32
58.551,0.26,-0.08,-0.01,0.28
58.561,0.36,-0.09,0.02,0.37
58.571,0.36,-0.06,0.04,0.37
58.581,0.32,-0.08,0.04,0.33
58.591,0.16,-0.01,0.00,0.16
58.601,0.04,0.06,-0.03,0.08
58.611,-0.09,0.06,-0.04,0.12
58.621,-0.06,0.06,-0.03,0.09
58.631,-0.07,0.04,0.02,0.08
58.641,-0.22,0.02,-0.00,0.22
58.651,-0.29,0.06,-0.03,0.30
58.661,-0.32,0.06,-0.06,0.33
58.671,-0.34,0.04,-0.05,0.35
58.681,-0.39,0.02,-0.04,0.39
58.691,-0.31,-0.03,-0.04,0.31
58.701,-0.20,-0.04,-0.04,0.21
58.711,-0.17,-0.03,-0.04,0.18
58.721,-0.15,-0.07,-0.04,0.17
58.731,-0.13,-0.06,-0.01,0.14
58.741,-0.13,-0.04,-0.02,0.14
58.751,-0.09,0.00,-0.05,0.11
58.761,-0.04,-0.01,-0.05,0.06
58.771,0.01,0.02,-0.02,0.03
58.781,-0.01,-0.04,0.03,0.05
58.791,0.09,-0.01,0.04,0.10
58.801,0.15,0.03,0.02,0.15
58.811,0.17,0.04,-0.01,0.17
58.821,0.18,0.04,-0.00,0.19
58.831,0.20,0.02,-0.00,0.20
58.841,0.24,0.02,0.01,0.24
58.851,0.25,-0.02,0.02,0.26
58.861,0.22,-0.03,0.03,0.22
58.871,0.18,-0.04,-0.00,0.19
58.881,0.15,-0.03,-0.00,0.15
58.891,0.12,-0.03,-0.01,0.12
58.901,0.03,-0.02,-0.02,0.04
58.911,-0.01,-0.04,-0.01,0.04
58.921,-0.03,-0.02,0.01,0.04
58.931,-0.08,-0.04,-0.01,0.09
58.941,-0.11,-0.03,-0.03,0.12
58.951,-0.11,-0.01,-0.01,0.11
58.961,-0.14,-0.00,-0.03,0.14
58.971,-0.15,0.01,-0.05,0.16
58.981,-0.17,0.02,-0.03,0.18
58.991,-0.19,0.02,-0.01,0.19
59.001,-0.17,0.00,-0.02,0.17
59.011,-0.13,-0.01,-0.01,0.13
59.021,-0.11,-0.01,-0.01,0.11
59.031,-0.09,0.01,-0.02,0.10
59.041,-0.08,-0.00,-0.04,0.08
59.051,-0.09,0.00,-0.02,0.09
59.061,-0.06,-0.01,-0.03,0.07
59.071,-0.00,-0.03,-0.02,0.03
59.081,0.03,-0.02,0.00,0.03
59.091,0.05,-0.02,-0.01,0.05
59.101,0.08,-0.01,-0.01,0.08
59.111,0.11,-0.00,-0.02,0.11
59.120,0.13,-0.00,-0.01,0.13
59.130,0.13,-0.02,0.01,0.13
59.140,0.13,-0.04,0.02,0.14
59.150,0.16,-0.03,0.02,0.16
59.160,0.13,-0.02,-0.00,0.13
59.170,0.11,-0.01,-0.02,0.11
59.180,0.08,-0.01,-0.02,0.08
59.190,0.08,-0.01,-0.01,0.08
59.200,0.03,-0.01,-0.01,0.03
59.210,0.02,-0.02,-0.01,0.03
59.220,-0.00,-0.01,-0.03,0.03
59.230,-0.06,-0.02,-0.01,0.06
59.240,-0.10,-0.02,-0.02,0.11
59.250,-0.11,-0.00,-0.03,0.11
59.260,-0.10,-0.00,-0.03,0.11
59.270,-0.09,-0.02,-0.02,0.10
59.280,-0.12,-0.02,-0.02,0.12
59.290,-0.15,-0.01,-0.02,0.15
59.300,-0.13,0.02,-0.05,0.14
59.310,-0.13,-0.00,-0.03,0.13
59.320,-0.09,-0.00,-0.02,0.09
59.330,-0.05,-0.02,-0.01,0.05
59.340,-0.02,-0.03,-0.00,0.04
59.350,-0.01,-0.02,-0.02,0.03
59.360,-0.02,-0.01,-0.02,0.03
59.370,0.01,0.01,-0.02,0.03
59.380,0.03,0.00,-0.01,0.03
59.390,0.05,0.00,0.01,0.05
59.400,0.06,-0.02,-0.01,0.06
59.410,0.07,-0.03,-0.01,0.07
59.420,0.07,-0.00,-0.01,0.07
59.430,0.07,0.00,-0.01,0.07
59.440,0.06,0.00,-0.01,0.06
59.450,0.07,-0.01,-0.01,0.07
59.460,0.07,-0.02,0.01,0.07
59.470,0.08,-0.03,0.00,0.09
59.480,0.05,-0.04,-0.01,0.07
59.490,0.05,-0.02,-0.02,0.06
59.500,0.02,-0.02,-0.02,0.04
59.510,0.00,0.01,-0.03,0.03
59.520,-0.02,-0.01,-0.01,0.03
59.530,-0.05,-0.01,-0.01,0.06
59.540,-0.07,-0.02,-0.01,0.07
59.550,-0.06,-0.01,-0.00,0.06
59.560,-0.09,0.01,-0.01,0.09
59.570,-0.11,0.02,-0.02,0.11
59.580,-0.11,0.01,-0.03,0.12
59.590,-0.10,-0.01,-0.01,0.10
59.600,-0.08,0.00,-0.00,0.08
59.610,-0.06,-0.03,-0.02,0.07
59.620,-0.04,-0.01,-0.02,0.05
59.630,-0.02,-0.01,-0.01,0.03
59.640,-0.00,-0.00,-0.02,0.02
59.650,0.01,-0.01,-0.01,0.02
59.660,0.01,-0.03,0.00,0.03
59.670,0.03,-0.03,-0.00,0.04
59.680,0.03,-0.02,-0.01,0.04
59.690,0.03,-0.01,-0.01,0.03
59.700,0.03,-0.01,-0.01,0.03
59.710,0.02,0.01,-0.02,0.03
59.720,0.04,-0.00,-0.01,0.04
59.730,0.05,-0.02,-0.01,0.05
59.740,0.04,-0.01,0.00,0.04
59.750,0.04,-0.02,0.01,0.04
59.760,0.03,-0.01,-0.01,0.04
59.769,0.00,-0.01,-0.01,0.01
59.780,-0.00,-0.01,-0.01,0.02
59.790,-0.01,-0.03,-0.01,0.04
59.800,0.00,-0.01,-0.03,0.03
59.809,-0.03,-0.00,-0.02,0.04
59.819,-0.02,-0.01,-0.00,0.02
59.829,-0.06,-0.01,-0.02,0.07
59.839,-0.06,-0.01,-0.01,0.06
59.849,-0.07,0.00,-0.01,0.07
59.860,-0.07,0.00,-0.03,0.08
59.869,-0.07,-0.01,-0.03,0.08
59.879,-0.08,-0.02,-0.01,0.08
59.889,-0.08,-0.02,-0.01,0.08
59.899,-0.06,0.00,-0.03,0.07
59.909,-0.06,-0.00,-0.02,0.07
59.919,-0.03,0.01,-0.02,0.04
59.929,-0.03,0.00,-0.01,0.03
59.939,0.01,0.00,-0.00,0.01
59.949,0.03,-0.02,0.00,0.03
59.959,0.04,-0.00,0.00,0.04
59.969,0.03,-0.01,0.00,0.04
59.979,0.05,-0.01,0.00,0.05
59.989,0.04,0.01,-0.01,0.04
59.999,0.02,0.01,-0.03,0.03
60.009,0.03,-0.01,-0.02,0.03
60.019,0.02,-0.01,0.01,0.02
60.029,0.04,-0.01,-0.01,0.04
60.039,0.04,-0.02,0.00,0.04
60.049,0.03,-0.01,0.01,0.03
60.059,0.03,-0.02,0.01,0.04
60.069,0.02,-0.00,-0.01,0.02
60.079,-0.00,-0.01,-0.00,0.01
60.089,-0.01,-0.01,-0.03,0.03
60.099,-0.02,-0.01,-0.01,0.03
60.109,-0.03,-0.03,0.00,0.04
60.119,-0.06,-0.01,-0.01,0.06
60.129,-0.05,-0.02,-0.03,0.06
60.139,-0.06,-0.00,-0.02,0.06
60.149,-0.06,0.02,-0.03,0.07
60.159,-0.04,0.00,-0.03,0.05
60.169,-0.03,-0.00,-0.01,0.03
60.179,-0.02,-0.01,-0.02,0.03
60.189,0.00,-0.01,-0.00,0.01
60.199,-0.01,-0.02,-0.01,0.02
60.209,-0.02,-0.02,-0.02,0.04
60.219,-0.03,-0.02,-0.02,0.04
60.229,-0.01,0.00,-0.01,0.02
60.239,-0.01,0.01,-0.02,0.02
60.249,0.03,-0.01,-0.03,0.04
60.259,0.03,-0.01,-0.01,0.03
60.269,0.03,0.00,-0.01,0.04
60.279,0.03,-0.00,-0.01,0.03
60.289,0.03,-0.01,0.00,0.03
60.299,0.04,-0.00,-0.01,0.04
60.309,0.04,0.00,-0.01,0.04
60.319,0.03,-0.01,-0.01,0.04
60.329,0.01,-0.02,-0.03,0.04
60.339,0.01,-0.02,-0.01,0.02
60.349,-0.01,-0.02,-0.01,0.02
60.359,-0.01,-0.02,-0.02,0.03
60.369,-0.01,-0.01,-0.00,0.01
60.379,-0.01,-0.01,-0.01,0.02
60.389,-0.01,-0.01,-0.02,0.02
60.399,-0.02,0.01,-0.03,0.04
60.409,-0.03,-0.00,-0.03,0.04
60.419,-0.03,-0.02,-0.03,0.04
60.428,-0.03,-0.00,-0.01,0.03
60.439,-0.03,-0.01,-0.01,0.04
60.449,-0.04,-0.01,-0.01,0.04
60.459,-0.04,0.01,-0.01,0.05
60.468,-0.04,-0.01,-0.02,0.05
60.479,-0.02,-0.01,-0.02,0.03
60.488,-0.02,0.00,-0.02,0.03
60.498,-0.01,-0.02,-0.02,0.03
60.508,-0.00,-0.01,-0.01,0.01
60.518,-0.01,-0.01,-0.01,0.02
60.528,0.02,-0.01,0.00,0.02
60.538,0.01,-0.00,-0.02,0.02
60.548,0.02,-0.00,-0.02,0.03
60.558,0.02,-0.00,0.01,0.02
60.568,0.03,-0.01,-0.01,0.03
60.578,0.03,-0.01,-0.01,0.03
60.588,0.02,-0.01,-0.01,0.03
60.598,0.00,-0.01,-0.02,0.02
60.608,-0.00,-0.01,-0.01,0.01
60.618,-0.02,0.00,-0.01,0.03
60.628,-0.00,0.01,-0.02,0.02
60.638,0.01,-0.00,0.00,0.01
60.648,0.00,-0.01,-0.02,0.02
60.658,-0.02,-0.01,-0.02,0.02
60.668,-0.02,-0.02,-0.00,0.03
60.678,-0.02,-0.01,-0.02,0.03
60.688,-0.03,-0.01,-0.02,0.04
60.698,-0.03,-0.01,-0.01,0.03
60.708,-0.03,0.00,-0.02,0.04
60.718,-0.03,0.01,-0.01,0.03
60.728,-0.02,-0.01,-0.02,0.03
60.738,-0.02,-0.01,0.00,0.03
60.748,0.01,-0.01,-0.01,0.02
60.758,-0.02,-0.01,-0.02,0.03
60.768,-0.03,-0.02,-0.01,0.04
60.778,-0.02,-0.01,-0.02,0.03
60.788,-0.01,-0.00,-0.02,0.02
60.798,-0.00,-0.01,-0.02,0.02
60.808,0.00,-0.02,-0.01,0.02
60.818,0.02,-0.01,-0.01,0.02
60.828,0.02,-0.01,-0.01,0.02
60.838,-0.07,0.02,-0.03,0.08
60.848,-0.03,-0.00,-0.01,0.03
60.858,-0.06,-0.03,-0.01,0.07
60.868,-0.10,-0.03,-0.00,0.10
60.878,-0.01,0.00,-0.01,0.02
60.888,0.05,0.03,-0.05,0.07
60.898,0.09,-0.00,-0.02,0.10
60.908,0.12,-0.04,-0.01,0.12
60.918,0.14,-0.06,0.02,0.15
60.928,0.13,-0.03,0.02,0.14
60.938,0.10,0.01,-0.01,0.10
60.948,0.04,0.02,-0.03,0.05
60.958,-0.09,0.02,-0.02,0.10
60.968,-0.16,0.00,0.00,0.16
60.978,-0.18,0.01,0.02,0.18
60.988,-0.16,0.01,-0.01,0.16
60.998,-0.17,0.02,-0.03,0.17
61.008,-0.13,0.00,-0.05,0.14
61.018,-0.04,-0.01,-0.03,0.05
61.028,0.04,-0.05,-0.02,0.06
61.038,0.12,-0.05,0.00,0.13
61.048,0.12,-0.03,0.00,0.12
61.058,0.12,-0.03,-0.01,0.12
61.068,0.08,-0.01,-0.02,0.08
61.078,-0.00,0.00,-0.02,0.02
61.088,-0.05,0.02,-0.02,0.06
61.098,-0.06,0.01,0.00,0.06
61.107,-0.06,-0.00,0.01,0.06
61.117,-0.08,0.00,-0.00,0.08
61.127,-0.07,0.01,-0.03,0.07
61.138,-0.03,0.02,-0.02,0.04
61.147,-0.00,-0.01,-0.00,0.01
61.157,0.02,-0.01,-0.01,0.03
61.167,0.03,-0.02,-0.02,0.04
61.177,0.09,-0.03,-0.02,0.09
61.187,0.06,-0.03,-0.01,0.07
61.197,0.02,-0.03,-0.01,0.04
61.207,0.00,0.00,-0.00,0.00
61.217,-0.01,0.01,-0.00,0.01
61.227,-0.01,-0.02,-0.01,0.03
61.237,-0.00,-0.01,0.01,0.02
61.247,0.02,0.00,0.03,0.04
61.257,0.04,-0.01,0.01,0.04
61.267,0.02,-0.00,-0.02,0.03
61.277,0.01,0.01,-0.03,0.03
61.287,0.01,-0.00,-0.02,0.02
61.297,-0.01,-0.00,-0.00,0.01
61.307,-0.00,-0.01,-0.01,0.02
61.317,-0.03,-0.01,-0.01,0.04
61.327,-0.05,-0.00,-0.01,0.05
61.337,-0.07,-0.00,-0.00,0.07
61.347,-0.07,-0.01,-0.02,0.07
61.357,-0.04,-0.01,-0.03,0.05
61.367,-0.03,-0.02,-0.01,0.04
61.377,-0.00,-0.01,-0.01,0.02
61.387,0.02,-0.03,-0.03,0.04
61.397,0.02,-0.01,-0.02,0.03
61.407,0.02,-0.01,-0.01,0.03
61.417,0.02,-0.00,-0.02,0.03
61.427,0.04,-0.01,-0.01,0.04
61.437,0.03,-0.01,-0.02,0.04
61.447,0.01,0.00,-0.01,0.01
61.457,0.00,0.00,-0.01,0.01
61.467,0.00,-0.00,-0.02,0.02
61.477,-0.01,-0.00,-0.03,0.03
61.487,-0.02,0.00,-0.03,0.03
61.497,-0.00,-0.01,-0.00,0.01
61.507,0.02,-0.01,-0.01,0.02
61.517,0.00,-0.01,-0.02,0.02
61.527,-0.00,-0.02,-0.02,0.03
61.537,0.00,-0.02,-0.02,0.02
61.547,0.01,-0.01,-0.02,0.03
61.557,0.01,0.00,-0.01,0.01
61.567,0.00,-0.01,-0.01,0.02
61.577,-0.04,0.00,-0.03,0.05
61.587,-0.05,0.01,0.00,0.05
61.597,-0.02,-0.00,-0.01,0.03
61.607,-0.02,0.01,-0.03,0.04
61.617,-0.02,0.00,-0.01,0.02
61.627,-0.03,0.01,-0.00,0.03
61.637,-0.03,0.00,-0.02,0.03
61.647,-0.01,-0.02,-0.00,0.02
61.657,-0.02,-0.02,-0.01,0.03
61.667,-0.02,-0.01,-0.03,0.04
61.677,-0.02,-0.00,-0.02,0.03
61.687,-0.01,-0.00,-0.02,0.03
61.697,-0.00,-0.01,-0.00,0.01
61.707,0.00,0.00,-0.01,0.01
61.717,0.03,-0.01,-0.00,0.03
61.727,0.01,0.00,-0.02,0.02
61.736,0.02,0.00,-0.01,0.02
61.746,-0.00,0.00,-0.01,0.01
61.757,0.00,0.01,-0.02,0.02
61.767,-0.01,-0.01,-0.02,0.02
61.776,-0.01,0.01,-0.01,0.02
61.786,-0.03,-0.00,-0.02,0.03
61.796,-0.03,-0.01,-0.02,0.04
61.807,-0.00,-0.01,-0.02,0.02
61.816,0.01,-0.01,-0.01,0.02
61.826,0.02,-0.01,-0.01,0.02
61.836,0.03,-0.01,-0.01,0.03
61.846,0.01,-0.00,-0.01,0.01
61.856,0.00,0.01,-0.00,0.01
61.866,-0.03,-0.00,-0.02,0.04
61.876,-0.03,-0.01,-0.02,0.04
61.886,-0.05,-0.01,-0.02,0.05
61.896,-0.04,0.01,-0.03,0.05
61.906,-0.04,-0.01,-0.01,0.04
61.916,-0.04,-0.01,-0.02,0.05
61.926,-0.02,-0.01,-0.01,0.03
61.936,-0.01,0.01,-0.01,0.02
61.946,0.00,-0.01,-0.02,0.02
61.956,0.01,-0.03,-0.01,0.03
61.966,0.01,-0.02,-0.02,0.03
61.976,0.01,-0.01,-0.01,0.02
61.986,-0.00,-0.01,-0.00,0.01
61.996,0.01,0.00,-0.02,0.02
62.006,0.01,-0.01,-0.01,0.02
62.016,0.00,-0.00,-0.01,0.01
62.026,0.01,-0.01,-0.01,0.01
62.036,0.00,0.01,-0.01,0.01
62.046,-0.01,0.00,0.00,0.01
62.056,-0.01,0.01,-0.00,0.01
62.066,0.00,-0.01,-0.01,0.02
62.076,-0.00,-0.00,-0.01,0.01
62.086,-0.00,-0.01,-0.02,0.02
62.096,-0.01,-0.00,-0.02,0.02
62.106,-0.01,0.00,-0.02,0.02
62.116,-0.01,-0.00,-0.01,0.02
62.126,-0.00,-0.01,-0.02,0.03
62.136,-0.01,-0.01,-0.01,0.02
62.146,-0.01,-0.01,-0.01,0.02
62.156,-0.00,-0.02,-0.02,0.02
62.166,0.00,-0.00,-0.02,0.02
62.176,-0.02,-0.02,-0.03,0.04
62.186,-0.02,-0.00,-0.00,0.03
62.196,-0.02,0.00,-0.02,0.03
62.206,-0.03,-0.00,-0.01,0.03
62.216,-0.02,-0.00,0.00,0.02
62.226,-0.01,-0.01,-0.02,0.03
62.236,-0.00,-0.02,-0.02,0.03
62.246,-0.02,-0.00,-0.01,0.02
62.256,0.00,-0.01,-0.01,0.01
62.266,0.02,0.01,0.00,0.02
62.276,0.01,0.00,-0.00,0.01
62.286,0.01,-0.02,-0.02,0.03
62.296,0.01,-0.01,-0.00,0.02
62.306,0.02,-0.01,0.00,0.02
62.316,0.01,0.02,-0.02,0.03
62.326,0.02,0.01,-0.01,0.03
62.336,-0.01,-0.00,-0.02,0.02
62.346,0.01,0.00,-0.01,0.01
62.356,0.00,-0.00,-0.01,0.01
62.366,-0.03,-0.01,-0.02,0.04
62.376,-0.02,-0.01,-0.02,0.02
62.386,-0.01,-0.01,-0.01,0.02
62.396,-0.02,-0.00,-0.02,0.03
62.406,-0.02,-0.02,-0.01,0.03
62.416,-0.01,-0.00,0.01,0.02
62.426,-0.01,-0.01,-0.02,0.02
62.435,-0.01,-0.01,-0.02,0.02
62.446,0.00,-0.01,-0.02,0.02
62.455,0.00,-0.01,-0.01,0.01
62.466,0.00,-0.01,-0.00,0.01
62.476,0.00,0.00,-0.02,0.02
62.485,0.00,0.00,-0.02,0.02
62.496,0.01,-0.01,-0.02,0.02
62.505,-0.00,-0.01,-0.01,0.02
62.515,-0.02,-0.01,-0.02,0.03
62.525,-0.00,-0.02,-0.01,0.02
62.535,-0.00,-0.00,-0.02,0.02
62.545,-0.02,0.01,-0.02,0.03
62.555,0.00,-0.01,-0.02,0.02
62.565,-0.01,-0.00,-0.02,0.02
62.575,-0.01,0.00,-0.02,0.02
62.585,0.01,-0.00,-0.01,0.01
62.595,0.01,-0.01,-0.02,0.02
62.605,0.01,-0.01,-0.01,0.02
62.615,-0.00,0.00,-0.01,0.01
62.625,0.00,0.01,-0.01,0.02
62.635,0.00,-0.00,-0.03,0.03
62.645,-0.02,-0.01,-0.02,0.03
62.655,-0.00,-0.01,-0.02,0.03
62.665,-0.01,-0.01,-0.02,0.02
62.675,-0.01,-0.01,-0.03,0.03
62.685,-0.01,-0.01,-0.01,0.02
62.695,-0.01,-0.01,-0.01,0.02
62.705,0.01,-0.00,-0.01,0.02
62.715,-0.01,-0.01,-0.00,0.02
62.725,-0.01,-0.02,-0.03,0.04
62.735,-0.02,-0.02,-0.00,0.03
62.745,-0.01,-0.00,-0.01,0.01
62.755,-0.02,0.00,-0.01,0.02
62.765,-0.00,-0.01,-0.02,0.02
62.775,0.01,-0.00,-0.01,0.01
62.785,0.02,-0.00,-0.01,0.02
62.795,-0.01,-0.01,-0.02,0.02
62.805,-0.00,-0.01,-0.00,0.02
62.815,0.00,-0.01,-0.00,0.01
62.825,0.00,-0.00,-0.01,0.01
62.835,0.01,-0.01,-0.02,0.02
62.845,-0.00,-0.00,-0.02,0.02
62.855,0.01,-0.01,-0.01,0.02
62.865,-0.00,-0.02,-0.02,0.02
62.875,-0.00,-0.01,-0.01,0.01
62.885,0.00,-0.01,-0.00,0.01
62.895,0.00,0.00,-0.01,0.01
62.905,-0.01,-0.01,-0.01,0.01
62.915,-0.01,0.00,-0.01,0.02
62.925,-0.00,-0.01,-0.01,0.02
62.935,-0.03,-0.00,-0.02,0.03
62.945,-0.01,0.00,-0.02,0.02
62.955,-0.01,0.01,-0.02,0.03
62.965,-0.03,-0.01,-0.01,0.03
62.975,-0.00,-0.00,0.00,0.00
62.985,-0.01,-0.00,0.00,0.01
62.995,-0.01,0.00,-0.02,0.03
63.005,0.01,-0.00,-0.01,0.01
63.015,0.02,-0.02,0.00,0.02
63.025,0.01,-0.01,0.01,0.02
63.035,0.01,-0.00,-0.01,0.01
63.045,-0.00,0.00,-0.02,0.02
63.055,-0.04,-0.01,-0.01,0.04
63.064,-0.01,0.01,-0.01,0.01
63.075,-0.02,-0.02,-0.01,0.03
63.084,-0.00,-0.01,-0.01,0.01
63.095,-0.00,-0.00,-0.02,0.02
63.104,0.00,-0.01,-0.02,0.03
63.115,0.02,-0.01,-0.02,0.03
63.124,-0.01,-0.00,-0.02,0.02
63.134,-0.01,0.00,-0.00,0.01
63.144,-0.02,-0.02,-0.01,0.03
63.154,0.01,-0.01,-0.01,0.02
63.164,0.00,0.01,-0.01,0.02
63.175,0.02,0.00,-0.01,0.02
63.184,0.02,-0.00,-0.01,0.02
63.194,-0.01,-0.01,-0.01,0.02
63.204,0.01,-0.01,-0.03,0.03
63.214,0.01,-0.00,-0.02,0.02
63.224,-0.01,-0.00,-0.01,0.02
63.234,0.01,0.01,-0.01,0.01
63.244,-0.00,-0.00,-0.02,0.02
63.254,-0.00,-0.02,-0.02,0.03
63.264,-0.01,-0.02,-0.00,0.02
63.274,-0.00,-0.02,-0.00,0.02
63.284,0.00,-0.00,-0.00,0.00
63.294,-0.00,-0.01,-0.01,0.01
63.304,0.01,-0.01,-0.01,0.02
63.314,0.01,-0.01,-0.02,0.02
63.324,-0.00,-0.02,-0.02,0.03
63.334,-0.00,-0.01,-0.01,0.01
63.344,-0.01,0.00,-0.02,0.03
63.354,-0.00,-0.01,-0.04,0.04
63.364,-0.01,-0.01,-0.04,0.04
63.374,-0.02,-0.00,-0.02,0.03
63.384,-0.00,-0.01,-0.00,0.01
63.394,-0.00,-0.01,-0.01,0.02
63.404,0.01,-0.01,-0.01,0.02
63.414,-0.00,-0.00,-0.01,0.01
63.424,0.00,-0.00,-0.01,0.01
63.434,-0.01,-0.00,0.00,0.01
63.444,-0.00,-0.01,0.00,0.01
63.454,-0.00,0.01,-0.01,0.02
63.464,-0.01,0.01,-0.01,0.01
63.474,-0.00,0.00,-0.00,0.01
63.484,-0.00,0.01,-0.01,0.01
63.494,0.00,-0.01,-0.01,0.02
63.504,0.01,-0.00,-0.00,0.01
63.514,-0.01,-0.03,-0.01,0.03
63.524,-0.00,-0.01,-0.01,0.02
63.534,-0.02,-0.01,-0.00,0.02
63.544,-0.03,-0.01,-0.02,0.04
63.554,-0.01,0.00,-0.01,0.02
63.564,-0.02,0.00,-0.02,0.03
63.574,-0.01,-0.01,-0.01,0.02
63.584,-0.01,0.00,-0.01,0.02
63.594,-0.01,-0.00,-0.01,0.01
63.604,-0.01,-0.01,-0.02,0.02
63.614,0.01,0.01,-0.02,0.03
63.624,-0.00,-0.00,-0.01,0.01
63.634,-0.00,-0.01,-0.01,0.02
63.644,-0.00,-0.00,-0.00,0.01
63.654,-0.01,-0.01,-0.00,0.01
63.664,-0.00,0.00,-0.01,0.01
63.674,-0.01,-0.01,-0.01,0.02
63.684,-0.02,-0.02,0.00,0.03
63.694,-0.00,-0.01,-0.01,0.02
63.704,0.01,-0.01,-0.01,0.01
63.714,-0.00,-0.00,-0.00,0.01
63.723,0.00,0.00,-0.00,0.01
63.734,-0.01,-0.01,-0.01,0.02
63.744,-0.01,0.02,0.00,0.02
63.754,-0.01,-0.00,-0.00,0.01
63.763,-0.00,-0.01,-0.00,0.01
63.774,-0.01,0.00,-0.01,0.02
63.783,-0.02,0.00,-0.01,0.02
63.794,0.01,0.01,-0.02,0.02
63.803,-0.01,0.01,-0.01,0.02
63.814,-0.01,-0.02,-0.01,0.02
63.823,-0.01,-0.02,-0.01,0.02
63.833,-0.00,-0.01,-0.01,0.01
63.843,-0.01,-0.01,-0.01,0.02
63.853,-0.01,0.00,-0.01,0.01
63.863,0.01,-0.01,0.04,0.04
63.873,-0.03,0.00,-0.04,0.05
63.883,-0.01,-0.02,0.01,0.02
63.893,0.00,0.00,-0.05,0.05
63.903,-0.00,-0.02,-0.02,0.03
63.913,-0.00,-0.01,-0.01,0.01
63.923,-0.02,-0.01,-0.02,0.02
63.933,-0.00,0.01,-0.01,0.02
63.943,0.01,0.01,-0.01,0.02
63.953,0.00,-0.01,-0.00,0.01
63.963,-0.00,-0.01,-0.02,0.02
63.973,0.01,-0.01,-0.01,0.02
63.983,-0.03,-0.01,-0.00,0.03
63.993,-0.01,-0.01,-0.01,0.02
64.003,0.01,0.00,-0.02,0.02
