time,ax,ay,az,atotal
0.000,-0.00,-0.00,-0.02,0.02
0.010,0.01,0.02,-0.00,0.02
0.020,-0.00,0.01,-0.01,0.02
0.030,0.00,-0.02,0.00,0.02
0.040,0.02,-0.01,-0.02,0.02
0.050,0.01,-0.02,-0.01,0.02
0.060,0.01,-0.01,-0.01,0.01
0.070,0.00,-0.01,-0.01,0.02
0.080,-0.02,-0.01,-0.01,0.02
0.090,-0.01,-0.01,-0.01,0.02
0.100,0.01,-0.03,-0.01,0.04
0.110,0.00,0.01,-0.01,0.01
0.120,0.01,0.01,-0.02,0.02
0.130,-0.00,0.01,-0.01,0.01
0.140,-0.01,-0.00,-0.00,0.01
0.150,0.00,0.00,-0.00,0.01
0.160,0.01,-0.01,-0.01,0.02
0.170,0.01,-0.01,-0.02,0.03
0.180,0.01,-0.03,-0.02,0.04
0.190,0.01,-0.01,-0.01,0.02
0.200,0.01,0.00,-0.01,0.01
0.210,0.01,-0.01,-0.03,0.03
0.220,0.02,-0.02,-0.01,0.03
0.230,-0.01,0.01,-0.02,0.02
0.240,0.02,-0.01,-0.01,0.02
0.250,-0.01,-0.01,-0.01,0.01
0.260,-0.00,-0.01,-0.01,0.01
0.270,0.00,-0.01,-0.01,0.02
0.280,-0.01,-0.00,0.00,0.01
0.290,-0.01,-0.00,-0.02,0.03
0.300,-0.00,-0.01,0.00,0.01
0.309,0.01,0.00,0.00,0.01
0.320,-0.00,-0.01,-0.01,0.01
0.329,0.00,-0.00,-0.01,0.01
0.340,0.01,0.00,0.00,0.01
0.349,0.01,-0.00,-0.00,0.01
0.359,0.01,-0.00,-0.01,0.02
0.369,0.01,-0.01,-0.01,0.02
0.379,0.01,-0.02,-0.01,0.02
0.389,0.02,-0.01,0.01,0.02
0.399,0.01,-0.01,0.00,0.02
0.409,-0.00,-0.01,-0.02,0.02
0.419,0.02,-0.01,-0.01,0.02
0.429,-0.00,-0.01,-0.01,0.01
0.439,0.00,-0.01,-0.01,0.01
0.449,0.01,-0.01,-0.00,0.02
0.459,-0.01,-0.00,-0.01,0.01
0.469,0.01,-0.00,-0.00,0.01
0.479,-0.00,-0.01,-0.00,0.01
0.489,-0.01,-0.00,0.00,0.01
0.499,0.01,-0.01,-0.00,0.01
0.509,0.01,-0.01,-0.01,0.02
0.519,0.00,0.01,-0.01,0.02
0.529,0.00,0.00,-0.01,0.01
0.539,0.03,-0.01,-0.01,0.03
0.549,0.02,-0.00,-0.01,0.02
0.559,0.00,-0.00,0.01,0.01
0.569,-0.01,0.00,-0.01,0.02
0.579,0.00,-0.02,-0.02,0.02
0.589,0.02,-0.00,-0.01,0.02
0.599,-0.01,-0.01,-0.00,0.01
0.609,-0.01,-0.00,-0.02,0.02
0.619,0.01,-0.02,-0.01,0.03
0.629,-0.02,-0.01,-0.02,0.03
0.639,-0.00,-0.01,-0.00,0.01
0.649,0.01,-0.01,-0.01,0.02
0.659,-0.02,-0.01,-0.02,0.03
0.669,0.00,-0.01,-0.01,0.01
0.679,0.02,-0.02,-0.01,0.03
0.689,0.00,-0.01,-0.00,0.01
0.699,-0.01,-0.02,-0.01,0.02
0.709,0.00,-0.00,0.00,0.00
0.719,0.01,-0.01,0.00,0.02
0.729,0.03,-0.01,-0.01,0.03
0.739,0.01,-0.00,-0.02,0.02
0.749,0.01,-0.01,-0.02,0.02
0.759,-0.01,-0.02,-0.02,0.03
0.769,0.00,-0.01,-0.01,0.01
0.779,0.02,-0.01,-0.00,0.02
0.789,0.00,-0.02,-0.00,0.02
0.799,0.01,0.00,-0.01,0.02
0.809,0.00,0.01,-0.01,0.01
0.819,0.01,0.01,-0.01,0.02
0.829,0.00,-0.00,0.01,0.01
0.839,-0.00,0.00,-0.01,0.01
0.849,0.00,-0.01,-0.03,0.03
0.859,0.01,-0.02,-0.01,0.02
0.869,0.02,-0.01,-0.01,0.03
0.879,0.01,-0.01,0.00,0.02
0.889,0.03,-0.02,-0.01,0.03
0.899,0.01,-0.00,0.01,0.02
0.909,0.02,-0.01,-0.01,0.02
0.919,0.01,-0.01,-0.01,0.02
0.929,0.00,-0.01,0.01,0.02
0.939,-0.01,0.00,0.00,0.01
0.949,0.00,-0.00,-0.02,0.02
0.959,0.00,-0.01,-0.01,0.01
0.969,0.00,-0.00,-0.01,0.01
0.979,-0.00,-0.02,-0.01,0.02
0.989,-0.01,-0.01,-0.00,0.01
0.999,0.01,-0.01,-0.01,0.02
1.009,-0.01,-0.01,-0.02,0.02
1.019,0.00,-0.01,-0.01,0.01
1.029,0.00,-0.01,-0.01,0.02
1.039,0.01,-0.01,-0.01,0.02
1.048,0.02,-0.01,-0.02,0.03
1.058,0.02,-0.01,-0.01,0.02
1.069,-0.01,-0.00,-0.01,0.02
1.079,0.00,0.00,-0.01,0.01
1.088,0.02,0.01,-0.01,0.03
1.098,0.01,-0.01,-0.02,0.02
1.108,0.00,-0.00,-0.02,0.02
1.118,-0.00,-0.02,-0.01,0.02
1.128,0.01,-0.02,-0.03,0.04
1.138,0.01,-0.02,0.00,0.02
1.148,-0.00,0.00,-0.02,0.02
1.158,-0.01,-0.02,-0.01,0.02
1.168,0.01,-0.01,0.01,0.02
1.178,0.02,0.00,-0.02,0.03
1.188,0.04,-0.01,-0.03,0.05
1.198,0.02,-0.01,-0.01,0.02
1.208,0.03,-0.01,-0.01,0.03
1.218,0.03,-0.01,-0.01,0.03
1.228,0.02,-0.01,-0.01,0.03
1.238,0.01,-0.01,-0.02,0.02
1.248,-0.00,-0.02,-0.02,0.03
1.258,-0.00,0.00,-0.01,0.01
1.268,-0.01,-0.02,-0.02,0.03
1.278,-0.02,-0.01,-0.01,0.02
1.288,-0.04,-0.00,-0.02,0.05
1.298,-0.01,-0.01,-0.03,0.04
1.308,-0.02,-0.01,-0.02,0.02
1.318,-0.02,0.01,-0.02,0.03
1.328,-0.02,0.01,-0.03,0.04
1.338,-0.01,-0.01,-0.02,0.02
1.348,0.00,-0.00,-0.00,0.00
1.358,0.03,0.00,-0.00,0.03
1.368,0.02,0.01,-0.00,0.02
1.378,0.03,-0.02,-0.01,0.04
1.388,0.01,-0.01,0.01,0.01
1.398,0.01,-0.02,-0.00,0.02
1.408,0.02,-0.02,-0.00,0.03
1.418,0.02,0.00,-0.01,0.02
1.428,0.01,-0.01,-0.01,0.01
1.438,0.01,0.01,0.00,0.02
1.448,-0.00,0.00,-0.02,0.02
1.458,-0.01,0.01,-0.01,0.02
1.468,-0.02,0.01,-0.00,0.02
1.478,-0.01,0.01,-0.01,0.01
1.488,0.01,-0.00,-0.01,0.02
1.498,0.00,-0.02,-0.01,0.02
1.508,0.01,-0.00,0.00,0.02
1.518,0.00,-0.02,-0.01,0.02
1.528,0.00,-0.01,-0.00,0.01
1.538,0.01,-0.01,-0.01,0.02
1.548,0.00,-0.00,-0.01,0.01
1.558,-0.00,-0.01,-0.00,0.01
1.568,-0.00,-0.02,-0.00,0.02
1.578,0.01,-0.01,-0.02,0.02
1.588,0.01,0.00,-0.00,0.01
1.598,0.01,-0.01,-0.01,0.02
1.608,0.02,-0.00,-0.01,0.02
1.618,0.02,0.01,-0.00,0.02
1.628,0.01,-0.01,-0.01,0.02
1.638,0.02,-0.00,-0.01,0.02
1.648,0.02,-0.02,-0.01,0.03
1.658,0.03,-0.00,-0.00,0.03
1.668,0.01,0.00,0.01,0.01
1.678,-0.00,-0.01,-0.01,0.01
1.688,0.01,-0.02,-0.01,0.02
1.698,0.01,-0.03,-0.01,0.03
1.708,-0.01,-0.02,-0.01,0.02
1.718,-0.01,-0.02,-0.01,0.03
1.727,0.00,-0.03,0.00,0.03
1.738,-0.01,-0.00,-0.02,0.03
1.747,-0.01,0.00,-0.02,0.02
1.758,0.02,0.01,0.00,0.02
1.767,0.03,0.02,-0.00,0.03
1.777,0.02,0.01,-0.00,0.02
1.788,-0.02,-0.01,-0.01,0.02
1.797,0.01,-0.03,-0.02,0.04
1.807,-0.00,-0.03,-0.03,0.04
1.818,-0.02,-0.02,-0.02,0.03
1.827,-0.06,-0.01,-0.01,0.06
1.837,-0.02,0.00,-0.01,0.02
1.847,-0.00,0.01,-0.01,0.02
1.857,0.00,0.02,-0.01,0.02
1.867,-0.01,0.01,-0.02,0.02
1.878,0.01,0.02,-0.01,0.02
1.887,0.03,-0.02,-0.01,0.04
1.897,0.03,-0.01,-0.02,0.04
1.907,0.03,-0.03,-0.01,0.04
1.917,0.03,-0.02,-0.02,0.04
1.927,0.04,-0.02,-0.03,0.05
1.937,0.06,0.01,-0.01,0.06
1.947,0.04,-0.00,0.01,0.04
1.957,0.01,-0.01,0.01,0.02
1.967,-0.01,0.01,-0.02,0.02
1.977,0.01,-0.01,-0.01,0.02
1.987,-0.02,-0.02,-0.01,0.03
1.997,-0.01,0.00,-0.02,0.03
2.007,-0.04,-0.01,-0.01,0.04
2.017,-0.02,0.01,-0.01,0.02
2.027,0.00,0.00,0.00,0.01
2.037,-0.01,-0.02,-0.01,0.02
2.047,-0.08,-0.05,-0.02,0.10
2.057,-0.08,-0.06,-0.03,0.11
2.067,0.01,-0.07,-0.01,0.07
2.077,0.13,-0.07,0.02,0.14
2.087,0.14,-0.03,-0.01,0.14
2.097,0.08,-0.00,-0.02,0.08
2.107,0.05,0.01,0.00,0.05
2.117,0.02,0.04,-0.01,0.05
2.127,0.05,-0.02,0.00,0.05
2.137,0.09,-0.10,0.04,0.14
2.147,-0.05,-0.05,-0.06,0.09
2.157,-0.24,-0.08,-0.05,0.26
2.167,-0.24,-0.06,0.00,0.25
2.177,-0.08,0.04,-0.05,0.10
2.187,0.03,0.15,-0.05,0.16
2.197,0.02,0.01,-0.02,0.03
2.207,0.00,-0.01,0.03,0.03
2.217,0.03,-0.05,0.00,0.06
2.227,0.06,0.02,-0.02,0.07
2.237,0.15,-0.01,-0.00,0.15
2.247,0.17,-0.04,0.04,0.18
2.257,0.18,-0.04,0.04,0.19
2.267,0.18,0.07,-0.01,0.19
2.277,0.13,0.12,-0.02,0.18
2.287,0.08,0.07,0.00,0.10
2.297,0.05,0.08,0.00,0.09
2.307,-0.00,0.06,-0.04,0.07
2.317,-0.08,-0.01,0.00,0.08
2.327,-0.09,-0.08,-0.01,0.12
2.337,-0.12,-0.09,-0.03,0.15
2.347,-0.11,-0.08,-0.03,0.14
2.357,-0.11,-0.09,-0.01,0.14
2.367,-0.05,-0.01,-0.01,0.05
2.377,-0.04,0.05,-0.02,0.07
2.387,-0.01,0.03,-0.01,0.04
2.397,0.01,0.05,-0.02,0.05
2.407,0.06,0.04,-0.01,0.07
2.417,0.07,0.01,0.01,0.07
2.427,0.09,-0.01,0.00,0.09
2.437,0.09,-0.03,-0.01,0.09
2.447,0.03,-0.04,-0.00,0.05
2.457,-0.01,-0.05,-0.01,0.05
2.467,-0.04,-0.04,-0.02,0.06
2.477,-0.05,-0.03,-0.02,0.07
2.486,-0.04,0.01,-0.02,0.05
2.496,-0.05,0.03,-0.03,0.06
2.506,-0.05,0.04,-0.03,0.07
2.516,-0.05,0.03,-0.00,0.06
2.526,-0.03,0.03,-0.02,0.05
2.536,-0.00,0.01,-0.01,0.02
2.546,0.02,-0.01,0.00,0.03
2.556,0.04,-0.04,-0.01,0.05
2.566,0.03,-0.04,-0.00,0.05
2.576,0.05,-0.02,0.01,0.06
2.586,0.05,-0.01,-0.01,0.05
2.596,0.05,-0.01,0.00,0.05
2.606,0.03,-0.00,-0.01,0.03
2.616,0.03,0.01,-0.03,0.04
2.626,-0.02,0.02,-0.02,0.04
2.636,-0.02,0.02,-0.01,0.03
2.646,-0.02,0.01,-0.01,0.02
2.656,-0.02,-0.01,-0.02,0.03
2.666,-0.02,-0.03,-0.01,0.04
2.676,-0.01,-0.01,-0.01,0.02
2.686,-0.02,-0.03,-0.02,0.04
2.696,0.01,0.06,0.12,0.13
2.706,-0.03,0.11,-0.25,0.28
2.716,0.03,-0.02,0.04,0.05
2.726,0.07,-0.16,0.16,0.24
2.736,0.01,-0.02,-0.18,0.18
2.746,0.14,0.01,0.05,0.15
2.756,-0.02,-0.11,0.05,0.12
2.766,0.06,0.02,-0.07,0.09
2.776,0.06,0.11,0.00,0.12
2.786,-0.11,-0.07,-0.01,0.13
2.796,0.04,0.06,-0.00,0.07
2.806,-0.08,0.07,-0.05,0.12
2.816,-0.10,-0.02,-0.01,0.11
2.826,-0.01,0.01,0.01,0.02
2.836,-0.10,0.01,-0.07,0.12
2.846,-0.04,-0.05,-0.00,0.06
2.856,0.01,-0.04,-0.00,0.04
2.866,-0.04,0.00,-0.05,0.06
2.876,0.01,-0.01,0.00,0.02
2.886,0.02,-0.01,-0.01,0.02
2.896,-0.03,0.00,-0.02,0.04
2.906,0.03,0.02,0.01,0.04
2.916,0.03,0.00,-0.01,0.04
2.926,0.05,0.01,-0.01,0.05
2.936,0.07,0.00,-0.00,0.07
2.946,0.05,-0.02,-0.01,0.06
2.956,0.03,-0.01,-0.00,0.03
2.966,0.03,-0.01,-0.03,0.04
2.976,-0.04,-0.02,-0.00,0.04
2.986,-0.05,0.01,0.02,0.05
2.996,-0.10,0.01,-0.04,0.11
3.006,-0.14,0.03,-0.02,0.14
3.016,-0.12,0.04,-0.02,0.13
3.026,-0.14,0.02,-0.03,0.14
3.036,-0.09,0.01,-0.01,0.10
3.046,-0.03,0.02,-0.01,0.04
3.056,0.02,0.02,-0.02,0.03
3.066,0.08,0.02,0.01,0.09
3.076,0.14,0.01,0.00,0.14
3.086,0.19,-0.04,0.01,0.20
3.096,0.21,-0.08,0.02,0.22
3.106,0.20,-0.07,0.03,0.22
3.116,0.20,-0.07,0.01,0.21
3.126,0.14,-0.06,0.01,0.15
3.136,0.08,-0.03,0.00,0.09
3.146,0.02,-0.01,-0.01,0.02
3.156,-0.03,0.01,-0.00,0.03
3.165,-0.06,-0.00,-0.00,0.06
3.176,-0.13,-0.02,-0.03,0.13
3.186,-0.16,-0.01,-0.03,0.16
3.196,-0.17,-0.02,-0.02,0.17
3.205,-0.16,-0.02,-0.03,0.16
3.216,-0.12,0.01,-0.02,0.12
3.226,-0.08,0.02,-0.01,0.08
3.235,-0.05,0.04,-0.01,0.06
3.245,-0.00,0.03,-0.01,0.03
3.256,0.08,0.03,0.01,0.08
3.265,0.12,-0.00,0.00,0.12
3.275,0.14,-0.02,0.00,0.15
3.285,0.18,-0.02,0.01,0.19
3.295,0.21,-0.02,0.02,0.21
3.305,0.16,0.01,0.01,0.16
3.315,0.10,0.01,0.01,0.10
3.325,0.08,0.02,-0.00,0.08
3.335,0.05,0.04,-0.02,0.07
3.345,0.01,0.01,-0.00,0.01
3.355,-0.05,-0.03,-0.00,0.06
3.365,-0.10,-0.04,-0.02,0.11
3.375,-0.14,-0.05,-0.01,0.15
3.385,-0.16,-0.08,-0.01,0.18
3.395,-0.22,-0.06,-0.03,0.23
3.405,-0.19,-0.04,-0.03,0.20
3.415,-0.16,-0.01,-0.02,0.17
3.425,-0.15,0.04,-0.04,0.16
3.435,-0.08,0.06,-0.03,0.10
3.445,-0.01,0.06,0.00,0.06
3.455,0.09,0.05,-0.00,0.10
3.465,0.15,-0.00,-0.00,0.15
3.475,0.21,-0.05,0.03,0.21
3.485,0.26,-0.05,0.01,0.27
3.495,0.33,-0.04,0.03,0.34
3.505,0.29,-0.04,0.04,0.30
3.515,0.25,-0.02,0.01,0.25
3.525,0.18,-0.01,-0.01,0.18
3.535,0.09,0.02,0.01,0.10
3.545,0.02,0.03,0.00,0.04
3.555,-0.05,0.02,-0.02,0.06
3.565,-0.10,0.01,-0.02,0.10
3.575,-0.13,-0.01,-0.03,0.13
3.585,-0.15,-0.02,-0.03,0.15
3.595,-0.14,-0.02,-0.04,0.15
3.605,-0.12,-0.00,-0.03,0.12
3.615,-0.11,0.01,-0.01,0.11
3.625,-0.09,0.01,-0.01,0.10
3.635,-0.05,0.01,-0.02,0.06
3.645,-0.04,0.01,-0.01,0.04
3.655,-0.01,-0.01,-0.01,0.02
3.665,0.02,0.00,-0.01,0.02
3.675,0.04,-0.00,0.00,0.04
3.685,0.05,-0.01,0.01,0.05
3.695,0.07,-0.02,-0.02,0.08
3.705,0.06,-0.01,-0.00,0.06
3.715,0.05,-0.01,-0.00,0.05
3.725,0.03,0.01,0.00,0.03
3.735,0.02,0.00,-0.00,0.02
3.745,-0.00,0.01,-0.02,0.02
3.755,-0.03,0.01,-0.03,0.04
3.765,-0.02,0.02,-0.01,0.03
3.775,-0.03,0.01,-0.02,0.03
3.785,0.00,-0.01,-0.01,0.02
3.795,-0.00,-0.03,-0.01,0.04
3.805,0.02,-0.02,-0.02,0.04
3.815,0.03,-0.03,-0.02,0.05
3.825,0.05,-0.01,-0.02,0.06
3.835,0.04,-0.02,-0.00,0.05
3.845,0.04,-0.01,-0.00,0.04
3.855,0.06,-0.01,-0.01,0.06
3.864,0.03,0.00,-0.01,0.03
3.874,0.04,-0.00,-0.02,0.05
3.885,0.03,0.01,-0.01,0.04
3.895,0.01,0.01,-0.01,0.02
3.905,0.01,0.01,-0.00,0.01
3.915,0.01,-0.01,0.00,0.01
3.924,-0.01,-0.01,-0.01,0.01
3.935,-0.01,-0.01,-0.02,0.03
3.944,-0.01,-0.01,-0.02,0.02
3.954,-0.00,-0.00,-0.02,0.03
3.964,-0.01,-0.01,-0.02,0.02
3.974,-0.01,0.01,-0.00,0.01
3.984,-0.01,0.02,-0.01,0.02
3.994,0.00,0.01,-0.02,0.03
4.004,0.00,0.02,-0.01,0.02
4.015,0.01,-0.00,-0.00,0.01
4.024,0.01,-0.01,-0.01,0.02
4.034,0.01,-0.01,-0.02,0.03
4.044,0.00,-0.02,-0.02,0.03
4.054,0.00,-0.00,-0.02,0.02
4.064,0.01,0.01,-0.02,0.02
4.074,0.01,-0.02,-0.01,0.03
4.084,-0.01,-0.01,-0.01,0.01
4.094,0.00,-0.03,-0.01,0.03
4.104,-0.00,-0.02,-0.01,0.02
4.114,0.01,-0.01,-0.00,0.02
4.124,-0.00,-0.01,-0.01,0.01
4.134,-0.02,-0.02,-0.00,0.03
4.144,-0.00,0.00,-0.00,0.01
4.154,-0.02,0.04,-0.14,0.15
4.164,0.07,-0.39,-0.08,0.40
4.174,0.09,-0.76,-0.01,0.77
4.184,-0.05,-1.23,0.37,1.29
4.194,-0.06,0.13,0.42,0.44
4.204,-0.14,1.33,-0.32,1.37
4.214,0.12,2.59,0.11,2.59
4.224,0.14,2.96,-0.24,2.98
4.234,0.21,2.02,-0.08,2.04
4.244,0.02,1.24,0.36,1.30
4.254,0.22,0.94,0.04,0.97
4.264,0.36,1.21,-0.10,1.26
4.274,0.25,0.34,0.05,0.42
4.284,0.31,0.10,0.45,0.56
4.294,0.23,0.32,0.01,0.40
4.304,0.14,0.54,-0.13,0.58
4.314,-0.05,0.33,0.10,0.34
4.324,-0.23,0.53,0.14,0.59
4.334,-0.26,0.77,-0.09,0.82
4.344,-0.31,0.68,-0.05,0.75
4.354,-0.26,0.71,0.13,0.77
4.364,-0.17,0.76,0.01,0.78
4.374,-0.24,0.76,-0.01,0.79
4.384,-0.30,0.60,0.03,0.67
4.394,-0.14,0.72,0.08,0.74
4.404,-0.14,0.63,-0.04,0.65
4.414,0.08,0.57,-0.01,0.58
4.424,0.22,0.64,0.13,0.69
4.434,0.32,0.64,0.07,0.72
4.444,0.36,0.70,-0.10,0.79
4.454,0.44,0.52,0.11,0.68
4.464,0.39,0.35,0.23,0.57
4.474,0.44,0.94,-0.09,1.04
4.484,0.43,0.93,-0.17,1.04
4.494,0.37,0.56,0.21,0.70
4.504,0.02,0.47,0.23,0.52
4.514,-0.24,0.85,-0.02,0.88
4.524,-0.19,0.55,0.12,0.60
4.534,-0.12,0.49,0.24,0.56
4.544,-0.04,0.79,-0.04,0.79
4.554,-0.09,0.65,-0.16,0.68
4.564,-0.37,0.69,-0.01,0.79
4.574,-0.27,0.69,-0.04,0.74
4.584,-0.31,0.64,-0.02,0.71
4.594,-0.35,0.96,0.26,1.05
4.604,-0.30,0.59,0.09,0.67
4.614,-0.40,0.56,-0.04,0.69
4.623,-0.15,0.57,0.05,0.59
4.633,-0.14,0.58,-0.22,0.64
4.643,-0.07,0.69,0.07,0.70
4.654,0.04,0.84,-0.10,0.85
4.663,0.21,0.45,-0.06,0.50
4.673,0.44,0.62,0.03,0.76
4.683,0.49,0.74,-0.01,0.89
4.693,0.54,0.68,0.10,0.87
4.703,0.35,0.71,0.12,0.80
4.713,0.05,0.97,0.34,1.03
4.723,-0.20,0.20,0.60,0.66
4.733,-0.09,0.51,-0.18,0.55
4.743,-0.18,1.35,0.00,1.36
4.753,-0.10,0.18,0.06,0.22
4.763,-0.03,0.19,-0.05,0.20
4.773,-0.25,1.24,-0.65,1.42
4.783,-0.08,0.26,0.18,0.32
4.793,0.09,0.90,0.01,0.90
4.803,0.11,0.76,0.07,0.77
4.813,0.09,0.45,0.73,0.86
4.823,-0.46,0.72,-0.10,0.87
4.833,-0.04,1.00,-0.05,1.01
4.843,0.20,0.26,0.16,0.37
4.853,-0.19,0.21,-0.41,0.50
4.863,0.30,1.27,-0.14,1.32
4.873,-0.11,0.34,0.22,0.42
4.883,0.19,0.57,0.61,0.86
4.893,0.12,0.78,-0.01,0.79
4.903,0.17,0.49,-0.28,0.59
4.913,0.16,0.83,-0.36,0.92
4.923,0.09,0.53,0.55,0.77
4.933,0.33,1.20,0.43,1.32
4.943,0.19,0.29,-0.11,0.37
4.953,0.28,0.62,-0.16,0.70
4.963,-0.06,-0.05,0.51,0.51
4.973,-0.10,0.63,-0.58,0.86
4.983,-0.52,1.01,0.23,1.16
4.993,-0.26,1.28,0.14,1.32
5.003,0.84,0.43,-0.55,1.10
5.013,-0.44,0.07,1.03,1.12
5.023,0.27,0.82,0.33,0.92
5.033,-0.13,0.46,-0.82,0.95
5.043,-0.16,0.77,-0.37,0.87
5.053,0.22,0.53,0.33,0.66
5.063,0.20,1.02,-0.06,1.04
5.073,-0.13,0.42,0.11,0.45
5.083,-0.31,-0.76,0.58,1.01
5.093,1.37,0.84,0.65,1.73
5.103,0.00,2.60,-1.15,2.84
5.113,-0.25,1.46,-1.55,2.15
5.123,-0.67,-0.99,1.47,1.89
5.133,-0.70,0.45,1.08,1.36
5.143,-0.21,1.16,-1.03,1.57
5.153,0.02,0.80,0.30,0.85
5.163,-0.10,0.51,1.01,1.13
5.173,-0.11,-0.01,-1.16,1.17
5.183,0.18,1.22,-0.67,1.41
5.193,-0.16,0.57,0.93,1.11
5.203,0.07,-0.20,-0.12,0.24
5.213,0.58,-0.50,0.55,0.95
5.223,1.32,2.21,0.78,2.69
5.233,-0.48,2.36,-1.23,2.71
5.243,-0.53,-0.40,-0.13,0.67
5.253,0.09,-1.16,1.20,1.68
5.263,-0.91,1.27,-0.47,1.63
5.273,0.64,1.17,-1.31,1.87
5.283,-0.12,0.59,1.44,1.56
5.293,0.17,-0.05,0.99,1.01
5.303,0.08,0.24,-0.60,0.65
5.313,-0.27,1.33,0.04,1.36
5.323,0.37,0.06,-0.78,0.87
5.333,0.63,0.32,0.19,0.73
5.342,-0.33,-0.31,0.62,0.76
5.353,0.05,2.02,-0.10,2.03
5.362,-0.34,0.56,0.26,0.71
5.372,0.05,-0.90,-0.57,1.07
5.382,0.19,1.65,0.24,1.67
5.392,0.36,0.16,-0.30,0.50
5.402,0.35,0.97,-0.09,1.03
5.413,0.01,0.28,1.09,1.12
5.422,-0.25,-0.15,-0.05,0.30
5.433,0.50,0.97,-0.63,1.26
5.442,-0.04,0.57,-0.57,0.81
5.452,0.27,0.79,0.77,1.14
5.462,0.19,-0.70,-0.01,0.72
5.472,-0.32,1.33,-1.33,1.91
5.482,0.52,1.15,1.77,2.18
5.492,-0.07,-0.26,0.25,0.37
5.502,-0.26,0.65,-0.32,0.77
5.512,0.04,0.94,0.19,0.95
5.522,-1.06,-0.68,-1.74,2.15
5.532,0.28,1.64,1.03,1.96
5.542,-0.65,0.90,0.97,1.48
5.552,-0.26,-0.62,-0.11,0.68
5.562,-0.17,1.18,1.02,1.57
5.572,-0.36,0.01,-1.32,1.36
5.582,0.19,1.45,0.27,1.49
5.592,-0.09,-0.01,0.17,0.19
5.602,-0.07,-0.89,-1.48,1.73
5.612,0.66,3.17,0.68,3.31
5.622,0.55,-1.03,-0.91,1.48
5.632,0.33,-0.22,2.10,2.14
5.642,0.07,1.66,0.40,1.71
5.652,0.15,-1.28,-3.19,3.44
5.662,0.87,2.74,2.13,3.57
5.672,0.39,-0.29,1.07,1.17
5.682,-0.20,-0.14,-1.76,1.78
5.692,0.02,1.30,1.00,1.64
5.702,-0.06,1.16,1.55,1.94
5.712,0.06,-1.35,-2.04,2.45
5.722,-0.11,1.04,-1.90,2.17
5.732,-0.09,3.16,2.58,4.08
5.742,-0.11,-2.02,1.75,2.67
5.752,-0.60,-0.32,-1.40,1.55
5.762,-0.18,3.10,-0.55,3.15
5.772,-0.09,0.05,-0.39,0.40
5.782,-0.73,-0.79,0.27,1.11
5.792,0.11,0.65,0.29,0.72
5.802,0.47,1.22,-1.25,1.81
5.812,-0.21,1.02,1.23,1.62
5.822,0.21,-0.14,0.03,0.26
5.832,-0.09,0.09,-0.08,0.15
5.842,0.12,0.29,-0.60,0.68
5.852,0.00,1.01,-0.90,1.35
5.862,0.13,1.03,0.67,1.23
5.872,0.26,0.34,1.77,1.82
5.882,-0.20,-0.98,-0.61,1.17
5.892,-0.11,0.41,-1.11,1.19
5.902,0.01,2.72,0.61,2.79
5.912,0.00,-1.16,-0.33,1.21
5.922,0.34,0.30,0.33,0.56
5.932,-0.36,1.56,-0.06,1.60
5.942,0.60,0.07,-0.25,0.66
5.952,-0.66,0.61,1.02,1.35
5.962,0.21,0.63,-0.81,1.04
5.972,-0.86,0.94,1.43,1.91
5.982,-0.07,-0.71,-0.55,0.90
5.992,-0.48,1.59,-1.01,1.95
6.002,0.08,0.66,-0.32,0.74
6.012,-0.57,0.83,2.28,2.49
6.021,0.14,-0.42,-1.19,1.26
6.032,0.12,0.22,-1.32,1.35
6.041,0.25,3.08,1.87,3.61
6.052,-0.04,-1.35,0.47,1.43
6.062,1.15,-0.59,-1.59,2.05
6.072,-0.21,2.78,0.04,2.79
6.082,0.77,0.73,1.96,2.23
6.092,0.72,-1.35,-0.39,1.58
6.101,0.48,-0.64,-0.94,1.23
6.112,0.38,3.60,1.08,3.78
6.121,0.42,-0.33,0.96,1.10
6.132,0.00,-1.35,-1.24,1.83
6.141,-0.35,1.88,-0.47,1.97
6.152,-0.05,1.60,-0.34,1.63
6.161,-0.11,-0.70,2.03,2.15
6.171,0.17,-0.25,-0.87,0.92
6.181,-0.43,2.09,-0.45,2.18
6.191,0.15,0.31,-0.62,0.71
6.201,-0.29,-0.14,0.67,0.74
6.211,-0.25,0.94,1.19,1.53
6.221,-0.11,0.48,-1.40,1.48
6.231,-0.23,0.63,-0.04,0.67
6.241,-0.37,1.27,0.54,1.43
6.251,0.02,-1.03,-0.36,1.09
6.261,-0.34,1.46,0.63,1.63
6.271,0.09,0.13,-1.07,1.08
6.281,-0.09,-0.65,0.66,0.93
6.291,-0.19,-0.92,-0.02,0.94
6.301,1.23,-0.57,-1.31,1.88
6.311,-0.62,1.23,2.99,3.29
6.321,0.80,-3.78,-0.77,3.94
6.331,-0.20,0.97,-2.68,2.86
6.341,0.11,0.72,2.40,2.51
6.351,0.13,-3.05,-0.19,3.06
6.361,0.08,-0.17,-1.39,1.40
6.371,-0.61,1.88,-0.28,1.99
6.381,-0.15,-1.50,0.46,1.57
6.391,-0.35,-2.03,-0.25,2.07
6.401,-0.44,0.98,0.07,1.08
6.411,0.26,-0.13,-0.39,0.48
6.421,0.11,-1.07,-1.49,1.84
6.431,0.06,1.48,3.28,3.60
6.441,0.15,-2.11,0.27,2.14
6.451,0.22,-1.35,-4.63,4.83
6.461,-0.00,2.70,1.09,2.91
6.471,0.89,-0.73,3.57,3.75
6.481,0.55,-2.78,-2.54,3.81
6.491,0.07,1.38,0.29,1.42
6.501,1.59,0.73,-0.14,1.76
6.511,0.51,-1.37,0.65,1.60
6.521,1.02,0.09,2.07,2.31
6.531,0.27,-2.27,-2.20,3.17
6.541,0.69,2.34,-2.05,3.19
6.551,-1.12,1.02,3.05,3.40
6.561,-0.33,-3.62,0.21,3.64
6.571,0.05,0.50,-2.06,2.12
6.581,-0.05,2.25,0.12,2.25
6.591,-0.47,-1.31,0.19,1.41
6.601,-0.59,-1.22,1.30,1.88
6.611,0.35,1.62,-0.54,1.75
6.621,-0.35,-0.56,-1.03,1.23
6.631,-0.40,-0.66,-0.35,0.85
6.641,-0.25,0.18,2.43,2.45
6.651,-0.22,-1.16,-2.02,2.34
6.661,0.39,2.02,0.32,2.08
6.671,0.03,-0.75,1.18,1.39
6.681,0.52,-1.65,-2.71,3.21
6.691,0.52,1.59,1.33,2.13
6.701,0.27,-1.25,0.93,1.58
6.711,1.65,-0.33,0.03,1.68
6.721,0.49,-1.31,-0.30,1.43
6.730,0.42,0.06,-0.86,0.96
6.741,0.68,1.53,0.03,1.68
6.751,0.11,-1.29,1.07,1.68
6.760,0.84,-1.42,-0.94,1.90
6.771,-0.44,1.11,0.14,1.20
6.780,-0.20,0.03,-0.42,0.47
6.791,-0.31,-0.33,1.66,1.72
6.800,-0.76,-1.16,-0.48,1.47
6.810,-0.27,0.01,-2.14,2.16
6.820,-0.29,1.50,0.22,1.55
6.830,-0.23,-0.54,1.07,1.22
6.840,-0.23,-2.18,-0.19,2.20
6.850,-0.26,0.19,-2.37,2.39
6.860,0.41,3.62,3.45,5.01
6.870,-0.71,-3.60,0.20,3.67
6.880,1.17,-0.59,-1.79,2.22
6.890,-0.52,2.46,0.04,2.51
6.900,0.56,-0.55,-0.24,0.82
6.910,0.65,-1.40,1.25,1.99
6.920,0.23,0.34,1.09,1.16
6.930,0.99,0.35,-3.25,3.42
6.940,0.21,0.08,1.48,1.50
6.950,0.87,-0.59,1.77,2.06
6.960,-0.27,-0.07,-0.91,0.95
6.970,0.73,1.45,0.12,1.62
6.980,-0.77,-2.62,-1.91,3.34
6.990,0.74,1.62,1.58,2.38
7.000,-0.90,0.40,0.88,1.32
7.010,0.02,-1.57,-1.92,2.48
7.020,-0.01,0.18,-1.60,1.61
7.030,-0.46,2.18,2.91,3.67
7.040,0.56,-2.43,-0.35,2.52
7.050,-0.54,-0.60,-1.68,1.86
7.060,0.12,2.88,1.91,3.46
7.070,-0.12,-2.32,-1.42,2.73
7.080,0.13,0.63,-0.41,0.76
7.090,-0.08,0.64,2.93,3.00
7.100,0.08,-1.63,-2.27,2.80
7.110,0.52,1.40,-1.76,2.31
7.120,0.14,0.26,1.53,1.56
7.130,1.22,-1.51,1.16,2.26
7.140,0.41,0.58,0.55,0.90
7.150,0.51,0.46,-2.27,2.37
7.160,0.50,-0.90,-0.12,1.03
7.170,-0.05,1.27,3.87,4.07
7.180,0.25,-1.61,-1.76,2.40
7.190,0.01,0.69,-2.35,2.45
7.200,-0.30,1.68,1.75,2.45
7.210,-0.17,-3.18,-0.37,3.21
7.220,0.18,1.27,-0.15,1.29
7.230,-0.78,1.32,0.53,1.62
7.240,-0.03,-2.06,-1.42,2.50
7.250,-0.06,1.55,1.39,2.08
7.260,-0.73,-1.00,0.11,1.24
7.270,0.29,0.41,-1.26,1.36
7.280,-0.57,0.35,-0.43,0.80
7.290,-0.04,0.56,1.75,1.84
7.300,-0.16,-1.52,-0.21,1.55
7.310,0.02,-0.28,-1.34,1.36
7.320,0.44,1.52,-0.34,1.62
7.330,0.21,-1.13,0.17,1.16
7.340,0.49,-0.25,0.75,0.93
7.350,0.29,0.10,0.95,1.00
7.360,0.80,-0.40,-2.07,2.25
7.370,0.75,1.94,2.49,3.24
7.380,-0.62,-3.03,0.47,3.13
7.390,0.24,0.09,-1.92,1.94
7.400,-0.56,2.72,-0.49,2.82
7.410,0.24,-1.96,-0.51,2.04
7.420,-0.34,-0.22,2.63,2.66
7.430,0.74,0.37,-0.06,0.83
7.439,-0.37,0.55,-1.13,1.31
7.450,0.15,-0.31,-0.51,0.62
7.460,-0.09,-0.75,0.29,0.81
7.470,-0.35,1.68,1.96,2.61
7.480,0.31,-1.18,-1.08,1.63
7.490,-0.30,-0.83,-2.18,2.36
7.500,0.38,2.19,1.68,2.79
7.510,-0.46,-1.69,-0.16,1.76
7.519,0.51,-0.29,-1.44,1.56
7.530,-0.19,1.24,0.30,1.29
7.539,0.48,-0.69,-1.12,1.40
7.550,-0.10,0.97,1.99,2.21
7.559,0.21,-0.81,-0.23,0.87
7.569,0.60,0.32,-1.63,1.76
7.579,0.54,2.24,0.80,2.44
7.589,1.02,-1.01,0.15,1.44
7.599,0.08,-0.33,1.27,1.32
7.609,0.23,1.67,0.73,1.84
7.619,-0.03,-1.13,-1.77,2.10
7.629,0.32,0.93,1.41,1.72
7.639,-0.70,-0.23,-0.36,0.82
7.649,0.36,-0.66,-1.65,1.81
7.659,-0.60,1.72,0.92,2.05
7.669,-0.21,-0.77,0.83,1.15
7.679,-0.35,-1.07,-1.03,1.53
7.689,-0.23,1.52,-1.19,1.95
7.699,0.13,0.96,1.69,1.95
7.709,-0.19,-2.40,0.40,2.44
7.719,-0.05,0.70,-0.76,1.04
7.729,0.09,2.00,-1.47,2.49
7.739,-0.10,-0.35,2.20,2.23
7.749,0.34,-1.03,1.01,1.48
7.759,-0.28,0.19,-3.22,3.24
7.769,0.29,1.91,-0.67,2.04
7.779,0.82,0.88,3.46,3.67
7.789,0.59,-1.46,0.31,1.61
7.799,1.05,0.46,-1.87,2.19
7.809,-0.18,0.52,-0.03,0.55
7.819,1.17,0.91,2.10,2.57
7.829,-0.21,-1.23,-1.05,1.63
7.839,0.63,0.86,-0.67,1.26
7.849,0.11,0.66,0.36,0.76
7.859,-0.05,0.10,0.49,0.50
7.869,0.05,-1.24,-0.94,1.56
7.879,-0.60,0.67,0.04,0.90
7.889,-0.32,-0.39,-0.67,0.84
7.899,-0.73,0.73,-0.01,1.03
7.909,-0.32,-0.28,0.34,0.54
7.919,-0.36,-1.91,-0.56,2.02
7.929,-0.37,2.07,1.26,2.45
7.939,-0.10,-2.73,-0.86,2.87
7.949,0.30,-0.37,-1.09,1.19
7.959,-0.62,2.43,1.19,2.77
7.969,0.63,-3.38,0.05,3.43
7.979,0.28,0.43,-0.22,0.55
7.989,0.61,0.81,-0.91,1.36
7.999,0.42,-0.10,-0.23,0.49
8.009,0.94,-0.70,4.24,4.40
8.019,0.75,-3.55,-2.55,4.43
8.029,0.62,3.13,-2.79,4.24
8.039,-0.50,-0.05,1.04,1.15
8.049,0.47,-1.69,3.13,3.59
8.059,-0.12,-0.78,-0.59,0.99
8.069,0.35,0.74,-2.94,3.06
8.079,-1.35,1.72,1.63,2.73
8.089,0.31,-2.18,1.57,2.70
8.099,-1.29,-1.34,-2.12,2.82
8.109,0.68,1.49,-1.16,2.01
8.119,-0.46,0.42,0.96,1.15
8.129,-0.17,-1.25,0.46,1.35
8.139,0.32,-1.41,-0.75,1.63
8.149,-0.29,2.51,-0.62,2.60
8.159,-0.12,-0.60,1.33,1.46
8.169,0.43,-1.55,-0.17,1.61
8.179,0.04,1.01,0.34,1.06
8.189,0.31,0.12,-0.20,0.39
8.199,1.18,-0.22,0.55,1.32
8.209,0.32,-1.09,-0.83,1.40
8.219,1.28,0.59,-1.64,2.17
8.228,0.17,1.65,4.58,4.87
8.238,0.38,-2.96,-0.11,2.99
8.249,-0.22,-0.81,-5.49,5.55
8.258,0.16,5.38,2.25,5.83
8.268,-0.57,-3.20,1.49,3.57
8.278,-0.85,-2.03,-1.38,2.60
8.288,0.04,2.52,-0.22,2.53
8.298,-0.64,0.56,-1.34,1.59
8.308,-0.84,-1.08,2.57,2.91
8.318,-0.41,-0.95,0.34,1.09
8.328,0.27,1.08,-1.91,2.21
8.338,-0.42,-0.09,-2.39,2.42
8.348,0.08,1.13,2.94,3.15
8.358,-0.86,-2.19,2.93,3.76
8.368,0.28,-0.05,-3.69,3.70
8.378,0.65,1.69,-1.51,2.36
8.388,0.13,-0.15,0.71,0.73
8.398,0.70,-1.05,2.72,2.99
8.408,0.59,-0.32,0.78,1.03
8.418,0.27,0.52,-2.66,2.72
8.428,1.30,1.01,-0.62,1.76
8.438,0.44,-0.83,2.48,2.66
8.448,0.32,-2.08,0.21,2.12
8.458,0.61,1.63,-1.33,2.19
8.468,-0.15,0.80,-1.62,1.81
8.478,0.49,-0.46,1.61,1.75
8.488,-0.77,-1.31,1.75,2.31
8.498,0.12,1.01,-1.09,1.49
8.508,-0.68,0.21,-2.08,2.20
8.518,-0.30,0.04,0.29,0.42
8.528,-0.99,-0.79,1.01,1.62
8.538,-0.42,-0.34,-1.10,1.23
8.548,-0.22,1.86,0.30,1.90
8.558,-0.25,-0.86,1.61,1.84
8.568,-0.33,-1.45,-2.08,2.56
8.578,-0.04,1.82,0.17,1.83
8.588,0.35,0.23,1.09,1.17
8.598,0.22,-0.97,1.66,1.93
8.608,0.20,-1.22,-1.62,2.04
8.618,0.26,1.09,-2.51,2.75
8.628,0.35,1.95,3.35,3.89
8.638,0.51,-2.62,0.25,2.68
8.648,0.78,-0.78,-2.74,2.95
8.658,-0.18,3.14,1.61,3.53
8.668,-0.01,-2.30,-0.02,2.30
8.678,0.84,-0.04,-0.97,1.28
8.688,-0.56,1.64,2.13,2.74
8.698,0.58,-2.40,-2.09,3.24
8.708,0.20,0.95,-0.61,1.15
8.718,-0.27,0.51,1.44,1.55
8.728,0.65,-0.51,0.16,0.84
8.738,-0.51,-0.70,-1.14,1.43
8.748,-0.34,1.38,-0.18,1.43
8.758,-0.17,0.61,0.37,0.73
8.768,-0.11,-1.07,1.07,1.52
8.778,-0.21,-0.28,-2.31,2.33
8.788,-0.11,0.58,-2.71,2.77
8.798,1.02,3.17,5.18,6.16
8.808,0.54,-1.29,5.31,5.49
8.818,-0.46,-2.69,-5.34,6.00
8.828,0.09,2.99,-3.88,4.90
8.838,0.09,2.90,2.08,3.57
8.848,0.27,-2.42,2.36,3.39
8.857,0.37,-0.76,-0.44,0.96
8.868,0.38,1.51,-1.56,2.20
8.878,0.35,0.97,-0.20,1.05
8.888,0.53,-0.62,1.62,1.81
8.898,0.26,-0.60,-0.83,1.05
8.908,-0.02,1.59,0.31,1.62
8.917,0.45,-0.27,0.52,0.74
8.928,0.18,-1.38,-1.33,1.92
8.937,-0.05,0.71,1.15,1.36
8.948,-0.21,-1.15,0.43,1.24
8.957,-0.47,-1.24,-1.93,2.34
8.967,-0.41,1.58,0.61,1.74
8.977,-0.02,-1.34,1.12,1.74
8.987,-0.41,-2.16,-1.01,2.42
8.997,0.47,0.34,-1.91,1.99
9.007,-0.07,2.11,3.25,3.87
9.017,-0.06,-4.07,0.18,4.08
9.027,0.17,-0.29,-1.70,1.73
9.037,-0.09,1.52,-1.56,2.18
9.047,0.62,-0.71,0.89,1.29
9.057,0.36,-1.84,0.36,1.91
9.067,0.70,0.82,-0.92,1.42
9.077,0.27,-0.14,3.10,3.12
9.087,0.13,-1.92,-1.64,2.53
9.097,-0.22,0.83,-1.14,1.43
9.107,0.20,0.24,-0.59,0.67
9.117,-0.34,-0.77,2.85,2.97
9.127,0.05,-1.72,-0.43,1.78
9.137,-0.54,0.93,-1.75,2.05
9.147,-0.17,0.35,0.00,0.39
9.157,-0.49,-2.79,0.89,2.97
9.167,-0.75,-0.51,-0.82,1.22
9.177,0.07,0.97,-1.39,1.69
9.187,-0.43,0.20,2.18,2.23
9.197,-0.19,-4.24,-1.15,4.40
9.207,0.05,2.00,-0.78,2.15
9.217,-0.10,1.44,1.21,1.88
9.227,0.57,-3.15,-0.37,3.22
9.237,-0.37,0.33,-1.19,1.29
9.247,0.50,0.82,1.02,1.40
9.257,0.08,-2.00,-0.16,2.00
9.267,0.89,0.47,0.28,1.04
9.277,0.07,0.10,0.67,0.68
9.287,1.09,-0.70,-1.94,2.33
9.297,0.55,-0.13,2.53,2.59
9.307,0.08,-1.20,-0.51,1.30
9.317,-0.03,-0.77,-2.38,2.51
9.327,0.54,2.43,0.54,2.54
9.337,-0.54,-2.74,1.57,3.20
9.347,0.22,-1.90,-0.34,1.94
9.357,-0.45,1.11,-1.28,1.75
9.367,-0.10,-0.88,0.71,1.14
9.377,-0.51,-3.54,-1.11,3.74
9.387,-0.22,0.29,1.20,1.25
9.397,-0.46,-1.29,-0.53,1.47
9.407,-0.13,-1.75,-1.22,2.14
9.417,-0.36,-0.84,1.00,1.35
9.427,-0.11,-2.16,-0.09,2.17
9.437,-0.40,-1.24,-0.59,1.43
9.447,0.01,-1.51,-0.47,1.59
9.457,-0.02,-1.67,0.04,1.67
9.467,0.49,-2.15,0.79,2.35
9.477,-0.01,-1.61,-0.71,1.76
9.487,0.55,-1.51,-0.75,1.77
9.497,0.13,-2.44,0.56,2.50
9.507,0.26,-2.09,1.24,2.45
9.517,0.19,-1.71,-0.83,1.91
9.527,0.11,-1.95,-1.42,2.42
9.536,-0.01,-1.56,0.70,1.71
9.547,0.53,-2.33,-0.45,2.43
9.557,-0.35,-3.19,0.26,3.22
9.566,-0.17,-1.31,0.33,1.36
9.577,-0.34,-2.14,-1.94,2.90
9.587,-0.13,-1.01,0.97,1.41
9.597,-0.21,-3.67,0.38,3.69
9.607,-0.36,-1.87,-1.88,2.68
9.616,-0.08,-0.90,0.71,1.15
9.627,-0.61,-2.49,0.93,2.73
9.637,-0.31,-2.75,-1.14,2.99
9.647,-0.73,-1.59,-0.33,1.78
9.656,-0.03,-1.74,0.43,1.79
9.666,-0.12,-2.83,-0.48,2.88
9.677,-0.25,-1.30,-0.76,1.53
9.686,-0.11,-2.45,0.58,2.52
9.696,-0.16,-2.59,-0.12,2.59
9.706,-0.02,-1.62,-1.04,1.92
9.716,0.13,-1.78,0.17,1.80
9.727,0.08,-2.44,0.64,2.53
9.736,-0.04,-2.35,-0.57,2.42
9.746,-0.11,-1.42,-0.48,1.50
9.756,-0.40,-2.56,-0.04,2.59
9.766,-0.24,-2.69,0.12,2.71
9.776,0.14,-1.49,-0.42,1.56
9.786,0.21,-1.58,-0.54,1.68
9.796,0.04,-2.77,0.20,2.78
9.806,-0.29,-2.19,0.16,2.22
9.816,-0.46,-1.35,-0.64,1.56
9.826,-0.13,-2.03,-0.43,2.08
9.836,-0.16,-2.60,0.33,2.63
9.846,-0.04,-2.18,-0.02,2.18
9.856,0.07,-1.83,-0.53,1.91
9.866,-0.12,-2.30,-0.07,2.30
9.876,-0.00,-2.31,0.05,2.31
9.886,-0.05,-2.26,-0.79,2.39
9.896,-0.15,-3.60,0.20,3.61
9.906,-0.22,-2.71,0.26,2.73
9.916,-0.17,-1.38,-0.45,1.46
9.926,-0.45,-0.16,-0.24,0.53
9.936,-0.10,-0.29,0.08,0.32
9.946,-0.03,0.33,-0.16,0.37
9.956,-0.00,0.45,0.04,0.45
9.966,0.00,0.42,0.22,0.47
9.976,0.03,1.17,0.02,1.17
9.986,0.10,1.14,-0.35,1.20
9.996,0.26,0.68,0.14,0.75
10.006,0.30,0.10,0.13,0.34
10.016,0.46,0.13,-0.02,0.48
10.026,0.57,-0.33,0.06,0.66
10.036,0.35,-0.52,0.24,0.67
10.046,0.29,-0.25,-0.04,0.38
10.056,0.17,-0.09,-0.20,0.28
10.066,0.00,-0.21,0.03,0.21
10.076,-0.10,-0.38,0.05,0.40
10.086,-0.16,-0.06,-0.06,0.18
10.096,-0.30,-0.08,-0.10,0.33
10.106,-0.26,-0.07,0.01,0.27
10.116,-0.27,-0.03,-0.07,0.28
10.126,-0.24,0.04,-0.08,0.26
10.136,-0.12,-0.08,0.00,0.15
10.146,-0.07,-0.01,0.00,0.07
10.156,-0.03,-0.01,-0.05,0.05
10.166,0.08,-0.04,0.00,0.09
10.176,0.10,-0.06,0.03,0.12
10.186,0.12,-0.04,-0.01,0.13
10.196,0.19,-0.02,0.00,0.20
10.206,0.22,-0.06,0.03,0.23
10.216,0.21,-0.04,0.00,0.22
10.226,0.23,-0.04,-0.01,0.24
10.236,0.20,-0.05,-0.01,0.20
10.246,0.14,-0.06,0.01,0.15
10.256,0.13,-0.03,0.01,0.14
10.266,0.04,-0.03,-0.01,0.05
10.276,0.03,-0.02,-0.00,0.04
10.286,0.07,-0.03,-0.01,0.08
10.296,0.04,-0.05,-0.03,0.07
10.306,-0.01,-0.07,-0.03,0.07
10.315,-0.02,-0.07,-0.01,0.07
10.326,-0.05,-0.07,-0.01,0.08
10.336,-0.04,-0.07,-0.03,0.08
10.346,-0.01,-0.05,-0.02,0.05
10.356,-0.02,-0.02,-0.02,0.03
10.366,0.03,-0.03,-0.02,0.05
10.375,0.04,-0.05,-0.01,0.06
10.386,0.04,-0.05,-0.02,0.06
10.395,0.06,-0.04,-0.01,0.08
10.405,0.09,-0.04,0.01,0.10
10.415,0.10,-0.05,-0.00,0.11
10.425,0.08,-0.06,-0.02,0.10
10.435,0.07,-0.05,-0.01,0.09
10.445,0.04,-0.05,-0.01,0.06
10.455,0.02,-0.05,-0.02,0.06
10.465,-0.00,-0.04,-0.01,0.04
10.475,-0.01,-0.05,-0.01,0.05
10.485,0.03,-0.04,-0.01,0.04
10.495,0.02,-0.03,-0.02,0.04
10.505,0.03,-0.07,-0.02,0.08
10.515,0.06,-0.06,-0.01,0.08
10.525,0.08,-0.05,-0.00,0.10
10.535,0.06,-0.05,-0.01,0.08
10.545,0.09,-0.05,-0.02,0.10
10.555,0.09,-0.06,-0.01,0.11
10.565,0.08,-0.04,-0.01,0.09
10.575,0.04,-0.04,-0.01,0.06
10.585,0.04,-0.05,-0.00,0.06
10.595,0.04,-0.06,-0.01,0.07
10.605,0.05,-0.05,-0.01,0.07
10.615,0.03,-0.04,-0.01,0.05
10.625,0.02,-0.06,-0.00,0.06
10.635,0.04,-0.05,-0.01,0.06
10.645,0.03,-0.05,-0.01,0.06
10.655,0.03,-0.04,0.00,0.05
10.665,0.04,-0.05,-0.02,0.06
10.675,0.04,-0.04,-0.02,0.06
10.685,0.04,-0.06,-0.03,0.07
10.695,0.06,-0.05,-0.02,0.08
10.705,0.05,-0.05,-0.02,0.07
10.715,0.06,-0.05,-0.01,0.08
10.725,0.07,-0.05,-0.02,0.09
10.735,0.04,-0.05,-0.01,0.07
10.745,0.06,-0.06,-0.02,0.09
10.755,0.05,-0.06,-0.02,0.08
10.765,0.04,-0.07,-0.01,0.08
10.775,0.05,-0.06,-0.01,0.08
10.785,0.03,-0.05,-0.02,0.07
10.795,0.02,-0.05,-0.01,0.05
10.805,0.03,-0.04,-0.02,0.05
10.815,0.02,-0.03,-0.00,0.04
10.825,0.03,-0.02,0.00,0.03
10.835,0.03,-0.02,-0.02,0.04
10.845,0.04,-0.04,-0.02,0.06
10.855,0.04,-0.04,0.00,0.05
10.865,0.04,-0.04,-0.01,0.06
10.875,0.05,-0.05,-0.01,0.07
10.885,0.06,-0.06,-0.01,0.08
10.895,0.06,-0.07,-0.01,0.09
10.905,0.05,-0.05,-0.01,0.07
10.915,0.04,-0.04,-0.00,0.06
10.925,0.04,-0.04,-0.02,0.06
10.935,0.03,-0.04,0.00,0.05
10.945,0.03,-0.04,0.01,0.05
10.955,0.03,-0.04,-0.01,0.06
10.965,0.03,-0.05,-0.01,0.06
10.975,0.04,-0.05,-0.01,0.07
10.985,0.05,-0.04,-0.02,0.07
10.995,0.05,-0.06,-0.02,0.08
11.004,0.03,-0.05,-0.00,0.06
11.015,0.03,-0.03,0.00,0.05
11.025,0.04,-0.04,-0.00,0.06
11.035,0.05,-0.05,-0.01,0.07
11.045,0.07,-0.04,-0.02,0.08
11.054,0.07,-0.03,-0.02,0.08
11.065,0.03,-0.03,-0.02,0.05
11.075,0.06,-0.03,-0.00,0.06
11.085,0.01,-0.05,-0.02,0.06
11.094,0.04,-0.05,-0.01,0.06
11.105,0.02,-0.06,-0.02,0.07
11.114,0.04,-0.05,-0.01,0.07
11.125,0.03,-0.07,-0.02,0.07
11.134,0.04,-0.05,-0.01,0.06
11.144,0.04,-0.06,-0.02,0.08
11.154,0.06,-0.02,-0.02,0.07
11.164,0.06,-0.05,-0.01,0.08
11.174,0.06,-0.03,0.00,0.06
11.184,0.07,-0.04,-0.00,0.08
11.194,0.07,-0.05,-0.00,0.08
11.204,0.04,-0.06,-0.01,0.07
11.214,0.07,-0.06,-0.03,0.10
11.224,0.02,-0.08,-0.03,0.09
11.234,-0.01,-0.21,-0.34,0.40
11.244,0.18,-0.86,0.10,0.88
11.254,-0.06,-1.34,0.07,1.35
11.264,0.10,-1.24,-0.05,1.25
11.274,-0.06,-1.05,-0.15,1.06
11.284,-0.10,-1.14,-0.01,1.14
11.294,-0.15,-0.95,-0.10,0.97
11.304,-0.13,-0.74,-0.10,0.76
11.314,-0.17,-0.71,-0.09,0.74
11.324,-0.15,-0.61,-0.04,0.63
11.334,-0.17,-0.58,-0.12,0.62
11.344,-0.10,-0.60,-0.02,0.61
11.354,-0.07,-0.61,-0.02,0.61
11.364,0.00,-0.56,-0.13,0.57
11.374,0.07,-0.68,-0.04,0.69
11.384,0.13,-0.75,0.02,0.77
11.394,0.24,-0.85,-0.05,0.89
11.404,0.27,-0.63,-0.06,0.69
11.414,0.39,-0.71,-0.09,0.81
11.424,0.22,-0.86,0.06,0.89
11.434,0.09,-0.75,0.00,0.75
11.444,-0.05,-0.59,-0.26,0.64
11.454,-0.07,-0.76,-0.11,0.77
11.464,-0.14,-0.75,-0.03,0.76
11.474,0.01,-0.69,-0.07,0.69
11.484,0.08,-0.89,0.02,0.89
11.494,0.08,-0.65,-0.01,0.66
11.504,0.00,-0.60,-0.20,0.64
11.514,-0.06,-0.87,-0.12,0.88
11.524,-0.04,-0.68,-0.04,0.68
11.534,0.26,-0.42,-0.05,0.50
11.544,0.18,-0.68,0.10,0.71
11.554,-0.07,-0.67,0.14,0.69
11.564,-0.05,-0.70,-0.32,0.77
11.574,-0.27,-0.78,-0.18,0.85
11.584,-0.23,-0.62,-0.09,0.67
11.594,-0.04,-0.46,-0.15,0.49
11.604,-0.12,-0.79,0.00,0.80
11.614,-0.13,-0.74,0.03,0.75
11.624,0.10,-0.83,-0.02,0.84
11.634,-0.07,-0.74,-0.08,0.75
11.644,-0.03,-0.39,-0.29,0.48
11.654,0.08,-0.80,-0.26,0.85
11.664,0.06,-0.93,0.25,0.97
11.674,0.18,-0.54,0.27,0.63
11.684,0.10,-0.58,-0.43,0.73
11.694,0.40,-0.45,-0.04,0.60
11.704,0.38,-0.99,0.47,1.15
11.714,0.16,-0.65,-0.52,0.85
11.724,0.25,-0.30,-0.19,0.43
11.734,0.39,-0.66,0.62,0.99
11.744,0.30,-0.74,0.26,0.84
11.754,0.04,-0.55,-0.36,0.66
11.764,-0.06,-0.44,-0.41,0.60
11.774,-0.37,-0.77,-0.21,0.88
11.784,-0.44,-0.91,0.07,1.01
11.793,-0.30,-0.52,-0.02,0.60
11.803,-0.08,-0.82,0.09,0.83
11.814,0.18,-0.57,-0.16,0.62
11.824,0.07,-0.79,-0.42,0.90
11.833,-0.04,-1.03,-0.04,1.03
11.844,-0.03,-0.65,0.61,0.89
11.853,0.31,-1.04,-0.19,1.10
11.863,0.07,-0.97,-0.48,1.09
11.874,-0.60,-0.70,0.04,0.92
11.883,0.01,-0.24,-0.32,0.40
11.893,0.16,-0.83,-0.40,0.94
11.903,0.31,-1.17,0.29,1.25
11.913,-0.02,-0.28,0.34,0.44
11.923,-0.04,-0.36,-0.43,0.56
11.933,0.04,-0.92,0.10,0.92
11.943,0.01,-0.25,0.33,0.42
11.953,-0.15,-0.92,-0.30,0.98
11.963,-0.01,-0.74,-0.01,0.74
11.973,0.04,-0.40,-0.11,0.42
11.983,0.01,-0.78,-0.25,0.82
11.993,0.06,-0.94,0.05,0.94
12.003,0.11,-0.04,0.07,0.14
12.013,0.16,-0.69,0.07,0.72
12.023,0.07,-1.02,0.22,1.04
12.033,-0.26,-0.62,-0.24,0.72
12.043,0.21,-0.24,-0.78,0.84
12.053,0.05,-1.24,0.29,1.28
12.063,0.35,-0.62,0.18,0.73
12.073,0.04,-0.31,-0.29,0.43
12.083,0.14,-0.89,0.25,0.93
12.093,0.19,-0.83,-0.25,0.89
12.103,0.39,-0.53,-0.51,0.83
12.113,0.10,-0.10,0.73,0.75
12.123,0.08,-1.33,0.39,1.39
12.133,-0.13,-0.74,-1.15,1.37
12.143,0.05,0.48,0.27,0.55
12.153,0.12,-1.01,0.68,1.22
12.163,0.02,-1.84,-0.86,2.03
12.173,-0.06,0.60,-0.19,0.63
12.183,-0.01,-0.47,0.17,0.50
12.193,-0.15,-1.65,0.13,1.66
12.203,-0.20,0.09,0.44,0.49
12.213,-0.92,-0.89,-1.14,1.71
12.223,-0.25,-0.60,0.01,0.65
12.233,-0.20,-0.53,1.06,1.20
12.243,-0.02,-0.45,-0.61,0.76
12.253,-0.26,-0.78,-1.25,1.50
12.263,0.19,-0.85,0.72,1.13
12.273,-0.05,-1.02,-0.03,1.02
12.283,0.18,0.07,-0.97,0.99
12.293,0.33,0.20,1.97,2.01
12.303,-0.04,-2.89,0.11,2.89
12.313,-0.06,0.05,-2.55,2.55
12.323,-0.55,1.64,0.45,1.79
12.333,0.05,-1.93,0.89,2.13
12.343,0.29,-1.83,0.60,1.95
12.353,-0.15,0.87,-0.66,1.10
12.363,0.20,-0.25,-0.87,0.92
12.373,0.36,-1.74,0.47,1.84
12.383,0.33,-0.56,0.64,0.91
12.393,-0.05,0.12,-1.15,1.15
12.403,0.08,-0.45,-0.20,0.50
12.413,0.38,-0.90,1.84,2.08
12.423,0.22,-1.12,-0.77,1.38
12.432,0.17,0.22,-1.17,1.21
12.443,0.31,-0.63,-0.11,0.72
12.452,0.24,-0.78,1.35,1.58
12.463,0.29,-0.41,0.67,0.84
12.472,-0.33,-1.57,-2.56,3.03
12.483,0.26,0.26,-0.86,0.93
12.492,-0.26,0.53,2.44,2.51
12.502,-0.25,-2.38,1.59,2.88
12.513,-0.31,-0.95,-3.27,3.42
12.523,-0.10,2.03,-0.25,2.05
12.533,-0.48,-1.53,0.77,1.78
12.543,-0.44,-2.17,0.39,2.24
12.552,0.41,1.42,1.40,2.04
12.562,0.04,-1.54,-2.60,3.02
12.572,-0.11,-0.69,-1.02,1.24
12.582,0.21,0.64,2.37,2.47
12.592,-0.19,-1.96,-0.22,1.98
12.602,0.37,-0.16,-0.92,1.01
12.612,0.43,0.17,1.15,1.24
12.623,-0.31,-1.05,0.97,1.46
12.632,0.25,-0.30,-1.03,1.10
12.642,-0.11,-0.78,-1.63,1.81
12.652,0.18,-0.60,-0.09,0.63
12.662,0.50,-1.17,0.01,1.28
12.672,0.15,0.57,1.99,2.07
12.682,0.03,-1.44,-1.42,2.02
12.692,0.04,1.42,1.28,1.91
12.702,-0.47,-1.77,1.03,2.10
12.712,-0.37,-1.96,-2.95,3.56
12.722,0.08,2.84,1.91,3.42
12.732,-0.60,-2.44,-0.75,2.62
12.742,-0.69,-1.48,-0.59,1.74
12.752,0.86,0.54,-0.29,1.05
12.762,0.10,-0.37,-0.34,0.52
12.772,0.71,-0.91,0.86,1.44
12.782,0.49,-0.95,0.87,1.38
12.792,0.01,-0.62,-1.24,1.38
12.802,1.00,-0.04,-0.60,1.17
12.812,0.12,-0.65,1.30,1.46
12.822,0.46,-0.95,0.32,1.11
12.832,0.26,-0.18,-0.83,0.89
12.842,-0.16,-0.25,-0.30,0.43
12.852,0.01,-1.04,-0.11,1.05
12.862,-0.13,-0.47,-0.43,0.65
12.872,-0.20,-0.03,0.98,1.01
12.882,-1.02,-1.71,-0.43,2.04
12.892,-0.62,-0.19,-0.72,0.97
12.902,-0.49,0.60,0.58,0.96
12.912,-0.66,-2.27,-1.01,2.57
12.922,-0.09,-0.23,-1.05,1.07
12.932,-0.44,1.61,1.91,2.54
12.942,0.62,-1.86,1.19,2.30
12.952,0.25,-1.96,-2.14,2.91
12.962,0.32,1.68,-0.13,1.72
12.972,0.81,-1.33,0.00,1.55
12.982,0.78,-1.26,-0.15,1.49
12.992,0.67,0.76,3.08,3.25
13.002,0.58,-2.32,-2.44,3.42
13.012,0.69,1.18,-0.66,1.52
13.022,0.16,0.43,2.22,2.27
13.032,0.38,-3.30,-0.50,3.36
13.042,-0.08,-0.12,-2.34,2.35
13.052,-0.59,1.68,0.81,1.96
13.062,-0.38,-1.80,1.09,2.14
13.072,-1.27,-1.98,-0.78,2.48
13.082,-0.79,0.68,-1.25,1.62
13.092,-0.60,0.97,0.50,1.25
13.102,-0.96,-3.01,-0.28,3.17
13.112,-1.24,-1.04,-1.14,1.98
13.122,0.01,2.54,1.79,3.11
13.132,-0.57,-2.18,-0.58,2.32
13.142,-0.38,-1.72,-2.46,3.02
13.152,0.54,1.01,1.65,2.01
13.162,-0.43,-0.63,0.62,0.98
13.172,0.72,-1.30,0.49,1.57
13.182,0.83,-0.16,-0.75,1.13
13.192,0.59,0.20,-0.42,0.75
13.202,1.19,-0.66,1.56,2.07
13.212,0.61,-1.09,-0.31,1.29
13.222,0.94,-0.60,-1.28,1.70
13.231,0.87,0.14,0.06,0.88
13.242,0.50,-0.73,0.69,1.12
13.251,0.37,-0.82,1.12,1.44
13.262,-0.42,-1.19,-1.21,1.75
13.271,-0.51,0.21,-2.02,2.09
13.282,-0.74,1.02,2.29,2.62
13.291,-1.48,-3.07,-0.36,3.43
13.301,-0.97,0.63,-1.07,1.57
13.311,-0.96,-0.89,-0.34,1.35
13.321,-1.64,-0.70,-0.89,1.99
13.331,-0.96,0.76,1.03,1.60
13.341,-0.90,-1.25,1.28,2.00
13.351,-1.17,-1.22,-1.24,2.09
13.361,0.99,0.11,-1.98,2.22
13.371,-0.07,0.98,1.34,1.66
13.381,0.68,-2.38,2.52,3.53
13.391,1.43,-2.06,-2.54,3.57
13.401,0.48,2.03,-1.42,2.52
13.411,0.94,0.69,2.59,2.84
13.421,2.18,-2.83,1.32,3.81
13.431,1.09,-1.63,-2.71,3.35
13.441,0.56,2.30,-0.41,2.40
13.451,1.04,-0.40,2.53,2.77
13.461,0.06,-2.58,0.71,2.68
13.471,0.21,-1.32,-3.25,3.52
13.481,-0.49,2.37,-0.41,2.45
13.491,-0.94,0.59,1.75,2.07
13.501,-1.97,-4.33,1.22,4.91
13.511,-1.40,0.54,-1.64,2.23
13.521,-0.22,1.54,-2.20,2.69
13.531,-0.74,0.66,0.51,1.12
13.541,-1.80,-0.99,3.74,4.27
13.551,-1.09,-2.48,-1.60,3.14
13.561,0.10,0.42,-3.91,3.94
13.571,0.06,2.71,0.98,2.88
13.581,0.15,-0.53,3.97,4.01
13.591,1.00,-4.56,-2.13,5.13
13.601,0.26,2.77,-1.65,3.24
13.611,1.38,4.05,3.30,5.41
13.621,1.63,-4.62,-0.99,5.00
13.631,2.13,0.91,-1.39,2.70
13.641,0.09,3.71,1.23,3.91
13.651,1.00,-0.41,-0.57,1.22
13.661,0.77,-1.25,-0.42,1.52
13.671,0.15,1.74,0.64,1.86
13.681,0.50,2.82,1.04,3.05
13.691,-0.76,-2.36,0.99,2.67
13.701,-0.72,0.88,-1.79,2.12
13.711,-0.45,1.49,-1.63,2.25
13.721,-0.82,1.10,1.11,1.77
13.731,-1.21,-1.31,1.72,2.47
13.741,-0.93,0.62,-1.44,1.82
13.751,-0.24,1.73,-0.63,1.86
13.761,-0.56,-0.77,-0.66,1.16
13.771,0.52,0.22,1.62,1.72
13.781,0.22,0.27,0.18,0.39
13.791,0.68,-0.02,-2.73,2.81
13.801,1.04,2.70,3.10,4.24
13.811,0.97,-2.45,-0.83,2.77
13.821,1.28,1.10,0.23,1.70
13.831,-0.01,1.86,-0.92,2.07
13.841,0.58,1.68,0.79,1.95
13.851,-0.06,-0.59,2.42,2.50
13.861,-0.46,-1.78,-2.98,3.50
13.870,0.51,4.15,-0.87,4.27
13.881,-1.09,-0.27,2.00,2.30
13.890,-1.72,-2.32,1.41,3.21
13.901,-0.21,1.34,-3.10,3.39
13.910,-0.42,2.86,-0.04,2.89
13.921,-0.76,-0.90,0.39,1.24
13.930,-0.17,-1.19,2.14,2.45
13.940,0.07,0.74,-1.23,1.44
13.950,0.33,0.69,-2.29,2.42
13.960,0.86,1.41,0.89,1.88
13.970,0.43,-0.27,3.99,4.02
13.980,0.62,-2.55,-2.14,3.39
13.990,0.92,3.34,-0.89,3.57
14.000,0.37,1.53,0.64,1.70
14.010,1.29,-2.74,-0.09,3.03
14.021,0.26,1.52,1.23,1.97
14.030,0.36,2.10,-1.03,2.37
14.040,0.16,0.27,-2.56,2.58
14.050,-0.05,3.11,4.56,5.52
14.060,-1.10,0.00,0.71,1.31
14.070,-0.55,-0.19,-1.85,1.94
14.080,-0.90,2.78,-0.85,3.04
14.090,-1.25,-0.22,-0.16,1.28
14.100,-1.19,2.08,0.99,2.59
14.110,-0.66,0.69,0.79,1.24
14.120,-0.77,-1.69,-2.84,3.39
14.130,0.22,1.89,0.91,2.11
14.140,-0.36,0.38,0.03,0.53
14.150,0.75,-0.65,-0.34,1.05
14.160,0.62,0.44,0.71,1.04
14.170,1.51,0.60,-0.24,1.65
14.180,0.79,1.13,0.61,1.51
14.190,1.54,-0.30,0.58,1.67
14.200,0.52,-0.62,-0.89,1.20
14.210,1.13,1.21,0.46,1.72
14.220,0.27,-1.14,-0.59,1.32
14.230,0.76,0.41,-0.40,0.95
14.240,-0.59,1.63,3.48,3.89
14.250,-0.24,-2.58,-2.10,3.33
14.260,-0.70,0.91,-3.11,3.31
14.270,-1.36,3.46,3.33,4.99
14.280,-1.81,-4.40,0.20,4.76
14.290,-0.72,-0.07,-3.59,3.67
14.300,-0.44,4.48,2.39,5.10
14.310,-1.03,-1.89,0.22,2.16
14.320,-1.81,-3.06,-0.97,3.69
14.330,-0.03,2.25,-1.10,2.51
14.340,0.21,1.62,-0.89,1.86
14.350,-0.45,-1.31,1.99,2.43
14.360,0.49,-1.11,2.44,2.73
14.370,1.24,1.11,-1.68,2.36
14.380,0.62,0.68,-1.92,2.13
14.390,2.17,0.15,1.39,2.58
14.400,0.81,-1.37,2.33,2.83
14.410,1.03,0.17,-1.52,1.84
14.420,-0.53,1.83,-0.28,1.93
14.430,1.77,2.48,-0.32,3.06
14.440,0.47,-3.14,1.19,3.39
14.450,-0.56,0.30,2.14,2.23
14.460,-0.21,1.45,-3.26,3.57
14.470,0.05,1.21,-0.91,1.51
14.480,-1.43,-0.47,2.29,2.74
14.490,-0.97,-1.54,-0.06,1.82
14.500,-1.35,0.52,-2.14,2.58
14.510,-0.22,3.79,0.77,3.87
14.520,-0.68,-2.73,0.13,2.82
14.530,-0.92,-1.45,-0.80,1.89
14.540,0.85,3.55,1.24,3.86
14.549,0.27,-0.03,0.34,0.43
14.560,-0.24,-3.73,-2.15,4.31
14.570,0.09,3.10,0.93,3.24
14.580,0.24,1.35,1.59,2.10
14.590,0.57,-3.32,-1.17,3.56
14.600,0.65,1.56,1.22,2.08
14.610,0.65,-0.06,-0.88,1.09
14.620,1.17,0.14,-1.38,1.81
14.629,0.74,0.45,0.93,1.27
14.639,0.47,-0.37,1.53,1.65
14.649,1.00,-1.09,-0.63,1.61
14.660,-0.34,1.31,-1.25,1.84
14.670,0.23,0.62,0.70,0.96
14.680,0.54,-1.50,0.59,1.70
14.689,-0.18,0.89,0.44,1.01
14.699,0.29,-0.35,-0.28,0.53
14.710,-0.18,-0.27,-1.12,1.16
14.720,-0.23,-0.05,-0.85,0.88
14.729,-0.10,0.89,1.85,2.06
14.739,-0.14,-0.99,-0.27,1.03
14.749,-0.82,-0.16,-0.83,1.17
14.759,-0.18,1.22,-0.12,1.24
14.769,-0.73,-1.22,0.06,1.43
14.779,-0.08,0.77,1.17,1.40
14.789,-0.49,-0.99,-1.66,2.00
14.799,0.32,1.96,0.78,2.13
14.809,-0.91,-2.03,0.89,2.40
14.819,0.25,-0.37,-2.25,2.29
14.829,0.07,2.00,0.56,2.08
14.839,0.22,-1.20,1.15,1.68
14.849,0.59,-1.20,-0.06,1.34
14.859,0.25,0.55,-1.33,1.47
14.869,0.65,1.27,0.45,1.50
14.879,0.74,-1.67,0.62,1.93
14.889,0.51,1.02,1.50,1.88
14.899,0.69,-0.33,-0.18,0.78
14.909,0.63,-0.75,-2.55,2.74
14.919,0.02,1.92,2.07,2.82
14.929,0.44,-1.85,0.37,1.94
14.939,-0.00,0.24,-1.39,1.42
14.949,-0.84,0.86,-0.08,1.21
14.959,0.40,-0.96,-0.27,1.07
14.969,-1.09,0.21,0.64,1.28
14.979,0.06,0.45,0.39,0.60
14.989,-0.36,-0.22,-0.83,0.93
14.999,-0.65,0.12,0.37,0.76
15.009,-0.13,-0.59,-0.98,1.15
15.019,-0.27,1.20,1.50,1.94
15.029,-0.27,-1.43,-0.77,1.65
15.039,0.22,0.66,-1.28,1.45
15.049,-0.01,0.20,0.71,0.74
15.059,-0.30,-1.37,0.35,1.44
15.069,0.24,1.14,0.76,1.39
15.079,-0.04,0.07,-0.76,0.76
15.089,-0.27,-0.64,-0.57,0.90
15.099,0.36,0.04,-0.00,0.36
15.109,0.27,-0.34,-0.09,0.44
15.119,0.27,1.22,1.52,1.97
15.129,0.63,-1.59,-0.86,1.92
15.139,0.23,0.86,-1.04,1.37
15.149,0.43,0.99,2.24,2.49
15.159,0.72,-2.08,-1.86,2.89
15.169,0.29,1.15,1.12,1.63
15.179,0.37,0.28,-0.24,0.52
15.189,0.29,-0.40,0.40,0.64
15.199,-0.38,-0.23,0.29,0.54
15.209,0.49,0.61,-0.46,0.91
15.219,-0.89,-1.18,-0.62,1.60
15.229,-0.17,0.21,-0.13,0.30
15.239,-0.92,0.75,1.03,1.57
15.249,-0.34,-0.33,-0.01,0.48
15.259,-0.74,-0.08,0.32,0.81
15.269,-0.29,-1.05,-2.15,2.41
15.279,-0.47,0.85,-0.98,1.38
15.289,0.29,1.00,2.46,2.67
15.299,-1.02,-3.13,0.74,3.37
15.309,0.31,1.29,-1.96,2.37
15.319,0.03,2.12,0.29,2.14
15.329,-0.06,-2.23,0.27,2.25
15.338,0.25,-0.08,0.50,0.56
15.348,0.32,1.54,0.78,1.76
15.359,0.70,-1.50,-2.61,3.09
15.368,0.32,0.49,0.39,0.70
15.379,0.67,0.49,1.75,1.93
15.388,0.57,-0.53,0.05,0.78
15.398,0.39,-0.23,-0.67,0.81
15.409,0.70,1.03,0.36,1.30
15.419,0.16,-0.78,-0.48,0.93
15.429,0.67,-0.02,-0.41,0.79
15.438,0.02,0.37,1.23,1.28
15.448,-0.06,-0.49,-0.58,0.76
15.458,0.07,0.48,-0.80,0.93
15.468,-1.08,0.26,0.24,1.14
15.479,-0.53,-1.01,0.25,1.17
15.488,-0.13,-0.00,0.02,0.13
15.498,-0.27,0.89,-0.56,1.08
15.508,-0.14,-0.09,0.54,0.56
15.518,-0.61,-1.55,-0.81,1.85
15.528,0.20,1.71,0.55,1.81
15.538,-0.30,-1.32,-0.54,1.45
15.548,-0.62,0.46,0.74,1.07
15.558,0.00,-0.64,-0.66,0.92
15.568,-0.03,0.61,-0.83,1.04
15.578,-0.11,0.22,2.65,2.67
15.588,0.10,-1.09,-1.36,1.74
15.598,0.20,0.85,-1.05,1.37
15.608,0.34,-0.25,0.01,0.42
15.618,0.46,0.75,0.98,1.32
15.628,0.13,-0.76,2.23,2.36
15.638,0.72,-0.30,-2.34,2.46
15.648,0.31,1.46,-0.99,1.79
15.658,1.07,-0.17,2.38,2.61
15.668,0.13,-1.91,-0.25,1.93
15.678,0.43,1.53,-1.04,1.90
15.688,-0.08,0.44,-0.28,0.53
15.698,0.11,-1.22,-0.06,1.23
15.708,-0.14,0.71,1.53,1.69
15.718,0.01,0.22,0.76,0.79
15.728,-0.62,-0.87,-3.33,3.49
15.738,-0.09,1.45,1.50,2.09
15.748,-0.66,-1.25,0.62,1.55
15.758,-0.67,-0.32,-1.23,1.44
15.768,-0.45,2.01,0.75,2.19
15.778,-0.14,-1.82,-0.60,1.92
15.788,-1.31,0.02,1.12,1.73
15.798,0.22,1.02,-0.60,1.20
15.808,0.05,0.18,-0.11,0.21
15.818,-0.19,-0.95,0.38,1.04
15.828,0.60,-0.27,0.44,0.79
15.838,0.54,0.89,-0.83,1.33
15.848,0.79,-0.27,-0.42,0.93
15.858,0.87,-1.02,0.34,1.38
15.868,0.91,0.81,1.27,1.76
15.878,0.75,0.33,-0.75,1.11
15.888,0.93,-0.45,0.15,1.04
15.898,0.40,0.58,0.91,1.15
15.908,0.36,0.01,0.57,0.67
15.918,0.54,-1.05,-2.22,2.52
15.928,0.06,1.50,0.27,1.53
15.938,-0.58,0.33,2.66,2.74
15.948,-0.16,-3.08,-2.33,3.87
15.958,-1.01,3.03,-0.79,3.29
15.968,0.09,0.76,2.62,2.73
15.978,-1.13,-3.31,-1.71,3.89
15.988,-0.16,2.28,-0.34,2.31
15.998,-0.12,1.29,2.14,2.51
16.008,-0.95,-3.41,-2.58,4.38
16.018,-0.31,2.61,0.65,2.71
16.028,-0.05,-0.45,2.11,2.16
16.038,-1.52,-2.35,-3.03,4.12
16.048,0.78,2.52,0.20,2.65
16.058,-0.38,-0.05,1.10,1.16
16.067,0.00,-3.11,-1.02,3.28
16.077,0.88,1.59,0.07,1.82
16.087,0.54,1.99,1.41,2.50
16.098,0.65,-2.63,-0.68,2.80
16.107,1.31,0.26,0.52,1.43
16.117,0.44,0.37,-0.45,0.73
16.127,1.27,-0.39,-1.36,1.90
16.138,1.18,0.28,0.65,1.38
16.147,0.71,-1.28,-0.01,1.46
16.158,0.77,1.59,1.59,2.37
16.167,-0.23,-0.51,0.72,0.91
16.177,-0.04,-0.31,-1.86,1.88
16.187,-0.97,0.89,0.44,1.39
16.197,-0.33,-1.27,-0.55,1.42
16.207,-1.05,0.83,0.11,1.34
16.217,-0.77,-0.03,-0.12,0.78
16.227,-0.56,-0.44,-0.12,0.72
16.237,-0.84,1.74,1.54,2.47
16.247,-0.90,-1.85,-1.48,2.53
16.257,-0.13,1.43,-1.13,1.82
16.267,-0.01,-0.06,1.40,1.40
16.277,-0.91,-1.52,0.10,1.77
16.287,0.35,1.06,-0.84,1.40
16.297,0.53,0.81,-0.07,0.97
16.307,0.29,-1.27,0.37,1.36
16.317,0.87,0.03,0.26,0.91
16.327,0.32,0.43,-0.19,0.57
16.337,1.10,-0.04,0.31,1.15
16.347,0.58,0.14,0.58,0.84
16.357,0.76,-0.52,-0.44,1.02
16.367,0.50,-0.09,-0.98,1.10
16.377,0.32,0.79,1.29,1.54
16.387,0.06,-0.71,0.12,0.72
16.397,-0.01,-0.17,-0.77,0.79
16.407,-0.07,1.51,0.99,1.81
16.417,-0.28,-1.52,-0.90,1.79
16.427,-0.91,1.21,0.26,1.54
16.437,-0.25,-0.89,-1.19,1.50
16.447,-0.37,1.29,1.02,1.69
16.457,-0.95,-0.63,1.25,1.70
16.467,-0.07,-1.34,-2.74,3.06
16.477,0.09,2.57,1.01,2.76
16.487,-0.52,-0.21,1.32,1.44
16.497,-0.38,-2.04,-0.36,2.10
16.507,0.41,1.89,-1.06,2.20
16.517,-0.43,-0.60,-0.58,0.94
16.527,-0.20,-0.66,0.39,0.79
16.537,0.05,1.07,1.36,1.73
16.547,0.21,-0.86,-0.77,1.18
16.557,0.33,0.21,-0.43,0.58
16.567,0.33,0.79,0.55,1.02
16.577,0.39,-1.14,0.12,1.21
16.587,0.69,-0.17,0.22,0.74
16.597,0.29,0.76,-0.66,1.05
16.607,0.64,0.08,0.52,0.83
16.617,1.11,-0.41,1.56,1.96
16.627,0.15,-0.38,-0.98,1.06
16.637,0.62,1.09,-1.29,1.80
16.647,-0.15,0.23,0.53,0.59
16.657,0.14,-0.08,2.10,2.11
16.667,-0.44,0.33,-1.06,1.20
16.677,0.25,0.92,-1.50,1.78
16.687,-0.33,2.24,2.03,3.04
16.697,-0.36,-2.97,0.01,2.99
16.707,-0.14,1.96,-1.50,2.48
16.717,0.23,2.38,0.28,2.41
16.727,-0.68,-1.71,-0.45,1.90
16.737,0.25,-0.13,1.05,1.08
16.746,-0.71,1.86,0.08,1.99
16.757,0.50,0.03,-2.09,2.15
16.767,-0.45,-1.09,0.85,1.45
16.777,0.39,1.11,1.54,1.94
16.786,-0.02,-0.63,-2.20,2.29
16.797,0.32,1.11,0.40,1.22
16.806,-0.24,0.70,2.38,2.49
16.817,0.03,-1.61,-2.08,2.63
16.826,0.54,1.62,0.28,1.73
16.836,-0.01,0.41,0.55,0.69
16.846,0.55,-0.83,0.23,1.02
16.857,0.40,-0.26,0.20,0.52
16.866,0.14,1.14,-0.13,1.16
16.876,0.54,-0.42,-0.97,1.18
16.886,0.56,-0.42,-0.14,0.71
16.896,-0.23,1.05,1.74,2.04
16.906,0.13,-1.75,-0.13,1.76
16.916,1.36,0.28,-0.25,1.41
16.926,-0.05,3.05,-1.21,3.28
16.936,-0.59,-0.30,-0.21,0.70
16.946,0.36,-3.29,1.66,3.70
16.956,-1.06,0.48,-0.46,1.26
16.966,0.17,1.72,-0.97,1.99
16.976,-0.43,1.04,-0.41,1.20
16.986,-1.14,-1.90,0.68,2.32
16.996,-1.00,-0.56,0.98,1.51
17.006,-0.09,0.35,-1.22,1.28
17.016,0.01,1.24,-0.92,1.55
17.026,-0.52,0.97,1.17,1.60
17.036,-0.96,-3.63,0.50,3.79
17.046,0.12,2.34,-0.83,2.49
17.056,0.02,2.88,-0.59,2.94
17.066,0.16,-1.57,0.10,1.58
17.076,0.91,-0.78,1.12,1.64
17.086,0.62,2.88,0.07,2.95
17.096,0.44,-0.19,-0.15,0.51
17.106,1.42,-0.58,0.29,1.56
17.116,0.23,0.74,-0.08,0.78
17.126,0.99,0.40,-0.99,1.46
17.136,0.63,0.45,0.90,1.19
17.146,0.39,-0.49,1.10,1.26
17.156,-0.13,1.06,-0.93,1.42
17.166,-0.14,0.73,0.06,0.75
17.176,-0.33,-1.13,0.09,1.18
17.186,-0.01,0.37,-1.17,1.23
17.196,-0.36,1.46,1.15,1.90
17.206,-0.21,-0.91,0.52,1.07
17.216,-0.39,-0.12,-0.90,0.99
17.226,-0.60,1.81,0.23,1.92
17.236,-0.06,-1.27,-0.21,1.29
17.246,-0.34,0.28,0.48,0.65
17.256,-0.41,0.44,-0.52,0.80
17.266,0.50,-0.03,0.61,0.79
17.276,-0.48,0.20,0.34,0.62
17.286,0.62,-0.71,-1.60,1.86
17.296,-0.29,1.30,0.66,1.49
17.306,0.71,-0.23,1.23,1.44
17.316,0.96,-1.75,-0.48,2.05
17.326,-0.41,1.83,0.08,1.88
17.336,0.66,-0.21,-0.64,0.94
17.346,-0.07,-0.57,-0.40,0.71
17.356,-0.71,0.37,1.58,1.77
17.366,0.56,-1.12,-1.08,1.65
17.376,-0.48,1.26,-0.53,1.45
17.386,0.04,0.16,1.39,1.40
17.396,-0.09,-0.83,-0.22,0.87
17.406,-0.49,-0.28,-0.53,0.78
17.416,0.24,0.43,-1.34,1.43
17.426,0.16,1.35,2.65,2.98
17.436,-0.03,-1.72,0.61,1.83
17.446,0.31,-0.46,-3.33,3.37
17.456,0.06,2.66,0.17,2.66
17.466,0.48,-0.02,1.91,1.97
17.476,0.24,-1.73,0.74,1.90
17.485,-0.29,2.02,-1.52,2.54
17.496,0.14,2.17,-0.07,2.17
17.506,-0.41,0.26,-0.40,0.63
17.516,0.68,0.13,-0.33,0.77
17.526,-0.09,3.14,1.75,3.59
17.536,0.09,0.50,0.76,0.91
17.545,0.08,-0.18,-1.56,1.57
17.556,0.06,3.09,0.16,3.09
17.565,0.13,0.73,-0.06,0.74
17.575,0.50,1.10,0.68,1.38
17.586,-0.06,2.45,0.51,2.50
17.595,0.15,1.60,0.07,1.61
17.605,-0.27,1.67,-0.01,1.69
17.615,0.10,2.07,-0.46,2.12
17.625,-0.02,0.75,-0.27,0.79
17.635,0.24,0.35,0.70,0.82
17.645,-0.11,0.68,0.34,0.77
17.655,0.01,0.52,-1.13,1.24
17.665,0.18,1.84,0.42,1.89
17.675,-0.14,1.26,1.58,2.03
17.685,0.21,0.45,0.04,0.50
17.695,-0.38,1.73,-0.29,1.79
17.705,-0.21,0.64,-0.68,0.96
17.715,0.06,2.00,-0.59,2.09
17.725,-0.00,1.25,0.57,1.37
17.735,0.42,0.06,0.49,0.65
17.745,0.40,0.49,-0.17,0.66
17.755,0.49,0.99,0.44,1.19
17.765,0.38,0.86,0.26,0.98
17.775,0.23,0.70,-0.27,0.78
17.785,0.36,0.89,0.20,0.98
17.795,0.35,0.17,-0.10,0.41
17.805,0.06,0.10,0.20,0.23
17.815,0.07,0.46,-0.21,0.51
17.825,0.15,0.45,-0.21,0.52
17.835,-0.16,0.13,0.15,0.26
17.845,0.01,-0.29,0.21,0.36
17.855,0.01,0.61,0.14,0.62
17.865,-0.27,0.91,-0.37,1.02
17.875,0.03,0.66,-0.08,0.66
17.885,-0.33,0.85,0.50,1.04
17.895,-0.09,1.28,-0.24,1.30
17.905,-0.00,0.47,-0.08,0.48
17.915,0.00,0.99,0.51,1.12
17.925,-0.11,1.53,-0.24,1.55
17.935,0.15,1.49,0.02,1.50
17.945,0.06,1.76,0.43,1.81
17.955,0.13,1.85,-0.03,1.86
17.965,0.23,2.27,0.08,2.28
17.975,0.15,2.27,0.19,2.29
17.985,0.40,1.81,0.20,1.87
17.995,0.39,2.14,0.47,2.22
18.005,0.30,2.11,0.02,2.13
18.015,-0.00,2.00,-0.09,2.01
18.025,0.11,2.14,0.16,2.15
18.035,0.05,1.91,0.28,1.93
18.045,0.06,2.03,0.14,2.04
18.055,0.02,2.12,0.07,2.12
18.065,0.11,1.93,0.19,1.94
18.075,0.07,1.75,0.33,1.79
18.085,-0.01,2.99,0.63,3.06
18.095,0.04,3.34,-0.14,3.35
18.105,0.10,3.41,-0.74,3.49
18.115,0.14,1.53,-0.19,1.55
18.125,0.47,-0.18,0.51,0.72
18.135,0.31,-0.99,0.65,1.22
18.145,0.37,-0.59,0.13,0.71
18.155,0.32,0.01,-0.41,0.52
18.165,0.09,-1.00,-0.14,1.01
18.175,-0.01,-1.40,0.38,1.45
18.185,-0.25,-0.77,-0.18,0.83
18.195,-0.27,-0.62,-0.25,0.72
18.205,-0.29,-0.35,0.13,0.47
18.215,-0.31,-0.07,-0.14,0.35
18.225,-0.27,0.47,-0.22,0.59
18.235,-0.03,-0.14,-0.05,0.15
18.245,-0.12,-0.09,0.29,0.32
18.255,-0.05,0.15,-0.14,0.22
18.264,0.11,0.49,-0.10,0.51
18.275,0.15,0.24,0.05,0.29
18.284,0.28,0.16,0.08,0.33
18.294,0.44,0.19,0.00,0.48
18.304,0.27,-0.09,0.02,0.28
18.314,0.27,-0.22,0.08,0.36
18.324,0.19,-0.16,-0.05,0.25
18.334,0.08,-0.14,-0.06,0.17
18.344,0.03,-0.27,0.05,0.28
18.354,0.02,-0.08,0.02,0.09
18.364,-0.14,-0.08,-0.08,0.18
18.374,-0.12,-0.03,0.02,0.12
18.384,-0.10,0.00,-0.02,0.10
18.394,-0.16,0.06,-0.07,0.19
18.404,-0.08,0.02,-0.03,0.08
18.414,0.03,-0.00,0.00,0.03
18.424,0.03,-0.02,-0.01,0.04
18.434,0.08,-0.09,0.00,0.12
18.444,0.12,-0.08,0.02,0.15
18.454,0.06,-0.09,-0.02,0.11
18.464,0.11,-0.07,-0.00,0.13
18.474,0.12,-0.07,0.01,0.14
18.484,0.06,-0.02,-0.02,0.07
18.494,0.03,-0.01,-0.01,0.03
18.504,-0.01,-0.02,-0.02,0.03
18.514,-0.02,-0.03,-0.02,0.04
18.524,-0.01,-0.04,-0.03,0.05
18.534,0.03,-0.05,0.00,0.06
18.544,0.01,-0.05,-0.01,0.06
18.554,0.05,-0.07,-0.01,0.08
18.564,0.06,-0.07,-0.00,0.09
18.574,0.04,-0.05,-0.02,0.07
18.584,0.06,-0.05,-0.01,0.08
18.594,0.07,-0.04,0.01,0.08
18.604,0.06,-0.03,0.00,0.07
18.614,0.05,-0.03,-0.02,0.06
18.624,0.04,-0.04,-0.00,0.06
18.634,0.01,-0.06,-0.02,0.06
18.644,0.02,-0.06,-0.01,0.06
18.654,0.03,-0.07,-0.00,0.07
18.664,-0.01,-0.07,-0.01,0.07
18.674,-0.01,-0.06,-0.02,0.06
18.684,-0.02,-0.07,-0.01,0.07
18.694,-0.01,-0.06,-0.01,0.06
18.704,0.03,-0.03,-0.01,0.05
18.714,0.05,-0.03,0.00,0.06
18.724,0.06,-0.05,-0.00,0.08
18.734,0.08,-0.03,0.00,0.09
18.744,0.09,-0.05,0.00,0.10
18.754,0.07,-0.05,-0.01,0.08
18.764,0.05,-0.04,0.01,0.07
18.774,0.03,-0.06,-0.01,0.07
18.784,-0.01,-0.05,-0.00,0.05
18.794,0.01,-0.05,-0.02,0.05
18.804,0.01,-0.04,-0.00,0.05
18.814,0.00,-0.05,-0.02,0.05
18.824,0.03,-0.06,0.00,0.06
18.834,0.04,-0.04,-0.00,0.06
18.844,0.05,-0.04,-0.01,0.06
18.854,0.07,-0.04,-0.01,0.09
18.864,0.07,-0.04,-0.01,0.08
18.874,0.06,-0.02,-0.01,0.06
18.884,0.08,-0.04,-0.01,0.09
18.894,0.05,-0.05,-0.01,0.07
18.903,0.01,-0.03,-0.01,0.04
18.914,0.02,-0.05,-0.02,0.06
18.923,-0.00,-0.05,-0.01,0.05
18.934,0.01,-0.04,-0.02,0.05
18.943,0.01,-0.04,-0.02,0.04
18.953,0.01,-0.05,-0.02,0.06
18.963,0.04,-0.05,-0.03,0.07
18.973,0.06,-0.06,-0.01,0.08
18.983,0.05,-0.05,0.00,0.07
18.993,0.07,-0.06,-0.01,0.09
19.003,0.08,-0.06,-0.01,0.10
19.013,0.10,-0.05,-0.01,0.11
19.023,0.09,-0.06,0.00,0.11
19.033,0.10,-0.05,0.01,0.11
19.043,0.10,-0.06,0.01,0.11
19.053,0.07,-0.04,-0.00,0.08
19.063,0.06,-0.04,-0.02,0.07
19.073,0.04,-0.04,-0.00,0.06
19.083,0.04,-0.03,-0.02,0.06
19.093,0.03,-0.05,-0.01,0.06
19.103,0.02,-0.07,-0.00,0.08
19.113,0.02,-0.06,-0.01,0.07
19.123,0.02,-0.07,-0.01,0.07
19.133,0.03,-0.05,-0.01,0.06
19.143,0.02,-0.07,-0.02,0.07
19.153,0.03,-0.05,-0.02,0.06
19.163,0.01,-0.03,-0.00,0.03
19.173,0.01,-0.05,-0.02,0.05
19.183,0.01,-0.06,-0.02,0.06
19.193,0.02,-0.04,0.00,0.04
19.203,0.01,-0.04,-0.01,0.05
19.213,0.01,-0.05,-0.01,0.05
19.223,-0.00,-0.07,-0.01,0.07
19.233,0.01,-0.04,-0.01,0.04
19.243,0.05,-0.04,-0.01,0.07
19.253,0.05,-0.04,-0.02,0.07
19.263,0.06,-0.03,-0.01,0.07
19.273,0.07,-0.02,-0.02,0.07
19.283,0.06,0.00,-0.03,0.06
19.293,0.07,-0.01,-0.02,0.08
19.303,0.07,-0.03,-0.00,0.07
19.313,0.05,-0.04,-0.02,0.06
19.323,0.03,-0.05,-0.01,0.06
19.333,0.01,-0.06,-0.01,0.06
19.343,-0.01,-0.05,-0.01,0.06
19.353,-0.02,-0.05,-0.01,0.06
19.363,-0.03,-0.04,-0.02,0.05
19.373,-0.05,-0.01,-0.02,0.06
19.383,-0.03,-0.04,-0.02,0.05
19.393,-0.02,-0.03,-0.01,0.04
19.403,0.01,-0.03,-0.01,0.04
19.413,0.04,-0.02,-0.01,0.05
19.423,0.05,-0.04,0.01,0.06
19.433,0.02,-0.05,0.00,0.05
19.443,0.02,-0.06,0.00,0.06
19.453,0.02,-0.04,-0.03,0.05
19.463,-0.03,-0.04,-0.02,0.05
19.473,-0.07,-0.06,-0.03,0.09
19.483,-0.07,-0.03,-0.03,0.09
19.493,-0.06,-0.00,-0.04,0.07
19.503,-0.04,-0.02,-0.03,0.05
19.513,-0.05,0.03,-0.03,0.06
19.523,-0.08,0.01,-0.02,0.08
19.533,-0.12,-0.02,-0.02,0.13
19.543,-0.11,-0.01,-0.01,0.11
19.553,-0.05,0.02,-0.01,0.06
19.563,-0.14,0.01,-0.03,0.14
19.573,-0.13,-0.01,-0.03,0.14
19.583,-0.16,-0.01,-0.01,0.16
19.593,-0.14,0.01,-0.03,0.15
19.603,-0.05,-0.01,-0.02,0.05
19.613,-0.04,0.01,0.01,0.04
19.623,0.06,-0.03,0.00,0.06
19.633,0.11,-0.04,0.01,0.12
19.642,0.14,-0.05,-0.01,0.15
19.653,0.15,-0.08,-0.02,0.17
19.662,0.23,-0.09,-0.01,0.25
19.673,0.23,-0.08,0.02,0.25
19.682,0.28,-0.06,0.04,0.29
19.692,0.31,-0.06,0.01,0.31
19.702,0.24,-0.04,0.01,0.25
19.713,0.22,-0.06,0.00,0.23
19.722,0.14,-0.08,-0.00,0.16
19.732,0.04,-0.06,-0.02,0.08
19.742,-0.01,-0.04,-0.03,0.05
19.752,0.01,-0.07,-0.03,0.08
19.762,-0.04,-0.10,-0.01,0.11
19.772,-0.05,-0.08,-0.03,0.10
19.782,-0.05,-0.07,-0.03,0.09
19.792,-0.06,-0.08,-0.02,0.11
19.802,-0.03,-0.07,-0.03,0.09
19.812,0.01,-0.07,-0.02,0.08
19.822,0.03,-0.07,-0.00,0.08
19.832,0.06,-0.07,-0.03,0.10
19.842,0.12,-0.05,-0.01,0.13
19.852,0.09,-0.04,-0.01,0.10
19.862,0.08,-0.04,-0.01,0.09
19.872,0.06,0.00,-0.01,0.06
19.882,0.07,-0.03,-0.00,0.08
19.892,0.08,-0.04,0.01,0.09
19.902,0.08,-0.05,0.02,0.10
19.912,0.08,-0.06,-0.03,0.10
19.922,0.02,-0.04,-0.02,0.05
19.932,0.01,-0.06,0.00,0.06
19.942,-0.02,-0.04,-0.03,0.05
19.952,-0.05,-0.01,-0.04,0.06
19.962,-0.05,-0.05,-0.02,0.07
19.972,-0.02,-0.07,-0.01,0.07
19.982,0.02,-0.05,-0.01,0.05
19.992,0.03,-0.07,-0.02,0.08
20.002,0.02,-0.08,0.01,0.09
20.012,0.05,-0.05,-0.01,0.08
20.022,0.07,-0.07,-0.02,0.11
20.032,0.07,-0.07,0.02,0.10
20.042,0.06,-0.07,-0.00,0.09
20.052,0.04,-0.03,-0.02,0.05
20.062,0.04,-0.02,-0.01,0.05
20.072,0.02,-0.03,-0.00,0.04
20.082,0.06,-0.06,-0.02,0.08
20.092,0.03,-0.04,0.00,0.05
20.102,-0.01,-0.04,0.00,0.04
20.112,-0.03,-0.01,-0.05,0.05
20.122,-0.01,-0.03,-0.02,0.04
20.132,-0.01,-0.05,0.02,0.06
20.142,-0.01,-0.05,-0.03,0.05
20.152,0.01,-0.05,-0.04,0.06
20.162,0.03,-0.06,-0.02,0.07
20.172,0.03,-0.09,-0.02,0.10
20.182,0.04,-0.07,-0.01,0.08
20.192,0.03,-0.08,0.01,0.09
20.202,0.04,-0.06,0.00,0.07
20.212,0.02,-0.02,-0.00,0.03
20.222,0.04,-0.03,-0.01,0.05
20.232,0.05,-0.03,-0.01,0.06
20.242,-0.00,-0.02,0.00,0.02
20.252,-0.02,-0.05,0.00,0.06
20.262,-0.02,-0.07,-0.01,0.08
20.272,-0.01,-0.07,-0.00,0.07
20.282,0.00,-0.07,-0.02,0.08
20.292,0.01,-0.07,-0.01,0.07
20.302,0.01,-0.05,-0.00,0.05
20.311,0.03,-0.06,-0.01,0.07
20.322,0.04,-0.03,-0.01,0.05
20.332,0.07,0.02,-0.02,0.08
20.342,0.08,-0.03,-0.02,0.09
20.352,0.07,-0.04,0.03,0.09
20.361,0.06,-0.03,0.01,0.07
20.372,0.05,-0.05,-0.02,0.07
20.381,0.01,0.01,0.01,0.01
20.391,0.02,-0.02,-0.02,0.03
20.401,0.03,-0.01,-0.02,0.04
20.411,0.02,-0.03,0.01,0.03
20.421,-0.01,-0.05,-0.01,0.05
20.431,-0.04,-0.05,-0.02,0.06
20.441,-0.06,-0.08,-0.02,0.10
20.451,-0.05,-0.06,-0.02,0.08
20.461,-0.02,-0.04,-0.03,0.05
20.471,-0.01,-0.05,-0.02,0.05
20.481,0.04,-0.06,-0.00,0.07
20.491,-0.00,-0.06,-0.00,0.06
20.501,0.02,-0.03,-0.01,0.04
20.511,0.04,-0.05,-0.03,0.06
20.521,0.02,-0.02,-0.01,0.03
20.531,0.05,-0.05,0.01,0.07
20.541,0.04,-0.05,0.00,0.06
20.551,0.05,-0.02,-0.02,0.05
20.561,0.06,-0.02,-0.02,0.06
20.571,0.05,-0.01,-0.01,0.05
20.581,0.05,-0.04,-0.01,0.06
20.591,0.01,-0.02,0.01,0.03
20.601,0.02,-0.03,-0.00,0.03
20.611,0.02,-0.03,-0.01,0.03
20.621,0.05,-0.00,-0.02,0.05
20.631,0.03,-0.05,-0.01,0.06
20.641,0.01,-0.04,0.03,0.05
20.651,-0.03,-0.05,-0.01,0.06
20.661,-0.05,-0.05,-0.04,0.08
20.671,-0.05,-0.07,-0.02,0.09
20.681,-0.03,-0.08,-0.04,0.09
20.691,-0.03,-0.05,-0.01,0.06
20.701,-0.02,-0.00,-0.00,0.02
20.711,0.01,-0.01,-0.02,0.03
20.721,0.00,-0.01,0.02,0.02
20.731,0.07,0.00,-0.00,0.07
20.741,0.09,-0.02,-0.01,0.10
20.751,0.12,-0.01,-0.00,0.13
20.761,0.17,-0.00,0.00,0.17
20.771,0.13,-0.03,0.01,0.13
20.781,0.11,-0.04,-0.01,0.11
20.791,0.09,-0.03,-0.00,0.09
20.801,0.07,-0.05,0.00,0.09
20.811,0.04,-0.02,-0.02,0.05
20.821,0.01,-0.03,-0.01,0.04
20.831,-0.03,-0.03,0.02,0.05
20.841,-0.07,-0.01,-0.03,0.07
20.851,-0.08,0.01,-0.05,0.09
20.861,-0.05,-0.03,-0.02,0.06
20.871,-0.03,-0.03,0.00,0.04
20.881,0.01,-0.04,-0.04,0.06
20.891,-0.01,-0.06,0.01,0.06
20.901,0.01,-0.06,-0.00,0.06
20.911,0.03,-0.03,-0.02,0.05
20.921,0.05,-0.01,-0.02,0.06
20.931,0.08,-0.03,-0.01,0.09
20.941,0.11,0.00,-0.00,0.11
20.951,0.12,-0.00,-0.02,0.12
20.961,0.05,-0.03,-0.00,0.06
20.971,0.05,-0.04,0.00,0.07
20.980,0.01,-0.04,-0.02,0.05
20.991,0.02,-0.05,-0.03,0.06
21.001,0.04,-0.05,0.03,0.07
21.011,0.05,-0.03,-0.01,0.06
21.021,0.01,-0.00,-0.03,0.03
21.030,-0.00,-0.04,0.00,0.04
21.041,-0.01,-0.04,-0.00,0.04
21.051,-0.05,-0.01,-0.02,0.05
21.060,-0.06,-0.04,-0.01,0.08
21.071,-0.08,-0.03,-0.01,0.08
21.081,-0.06,-0.04,-0.03,0.08
21.091,-0.02,-0.03,-0.02,0.04
21.100,-0.01,-0.05,0.01,0.05
21.110,-0.00,-0.05,-0.01,0.05
21.120,-0.00,-0.04,-0.00,0.04
21.130,0.01,-0.07,-0.00,0.07
21.140,0.02,-0.08,-0.03,0.08
21.150,0.01,-0.06,-0.01,0.06
21.160,0.01,-0.03,0.01,0.04
21.170,0.04,-0.02,-0.01,0.05
21.180,0.05,-0.00,-0.02,0.05
21.190,0.06,-0.01,-0.00,0.06
21.200,0.06,-0.03,-0.01,0.07
21.210,0.02,-0.00,-0.03,0.03
21.220,0.00,-0.03,-0.02,0.04
21.230,-0.03,-0.04,-0.02,0.05
21.240,-0.01,-0.04,-0.02,0.04
21.250,0.00,-0.04,-0.02,0.04
21.260,0.01,-0.04,-0.01,0.04
21.270,-0.01,-0.04,-0.01,0.05
21.280,0.00,-0.03,-0.00,0.03
21.290,0.03,-0.05,-0.03,0.06
21.300,0.04,-0.05,0.01,0.06
21.310,0.06,-0.04,-0.01,0.07
21.320,0.06,-0.03,-0.05,0.09
21.330,0.09,-0.01,0.03,0.10
21.340,0.11,-0.03,-0.00,0.12
21.350,0.08,-0.00,-0.02,0.09
21.360,0.11,-0.01,0.00,0.11
21.370,0.04,0.00,-0.01,0.04
21.380,-0.00,-0.01,-0.01,0.01
21.390,-0.00,-0.03,-0.02,0.04
21.400,-0.03,-0.02,-0.02,0.04
21.410,-0.03,-0.03,-0.03,0.05
21.420,-0.01,-0.04,-0.01,0.04
21.430,-0.05,-0.04,0.00,0.06
21.440,-0.01,-0.05,-0.02,0.05
21.450,-0.00,-0.04,-0.02,0.04
21.460,-0.01,-0.04,-0.01,0.04
21.470,0.03,-0.03,0.00,0.04
21.480,0.04,-0.02,-0.01,0.05
21.490,0.09,-0.02,0.00,0.09
21.500,0.09,-0.00,0.00,0.09
21.510,0.10,-0.01,-0.01,0.10
21.520,0.12,-0.01,0.01,0.12
21.530,0.06,-0.03,-0.00,0.07
21.540,0.07,-0.03,0.01,0.07
21.550,0.04,-0.03,-0.01,0.05
21.560,0.03,-0.03,-0.02,0.05
21.570,0.06,-0.02,0.01,0.06
21.580,0.09,-0.02,0.01,0.10
21.590,0.06,-0.02,-0.01,0.06
21.600,0.05,-0.04,-0.00,0.06
21.610,0.03,-0.05,-0.01,0.06
21.620,-0.02,-0.05,-0.01,0.05
21.630,-0.03,-0.04,-0.03,0.06
21.640,-0.03,-0.01,-0.02,0.04
21.650,-0.02,-0.01,-0.01,0.02
21.660,0.01,-0.00,-0.01,0.02
21.670,0.02,-0.00,-0.00,0.02
21.680,0.00,-0.04,-0.03,0.05
21.690,0.01,-0.03,-0.02,0.04
21.700,-0.01,-0.04,-0.01,0.04
21.710,-0.02,-0.04,-0.01,0.04
21.720,0.04,-0.03,-0.01,0.05
21.730,0.02,-0.03,-0.01,0.04
21.739,0.04,-0.04,0.01,0.06
21.750,0.01,-0.03,-0.02,0.04
21.760,-0.03,-0.05,-0.03,0.06
21.770,-0.04,-0.05,-0.01,0.07
21.780,-0.05,-0.03,-0.03,0.06
21.789,-0.02,-0.02,-0.03,0.04
21.799,0.04,-0.02,-0.00,0.05
21.810,0.08,-0.01,-0.01,0.08
21.819,0.16,-0.02,0.02,0.16
21.830,0.18,-0.02,0.01,0.19
21.839,0.13,-0.04,0.01,0.14
21.849,0.09,-0.04,-0.01,0.10
21.859,0.03,-0.03,-0.03,0.06
21.869,0.02,-0.03,-0.01,0.04
21.879,0.01,-0.02,-0.01,0.02
21.889,-0.01,-0.02,-0.02,0.03
21.899,0.01,-0.01,-0.02,0.02
21.909,0.01,-0.03,-0.01,0.03
21.919,-0.02,-0.02,-0.02,0.04
21.929,-0.02,-0.02,-0.03,0.04
21.939,-0.01,-0.02,-0.03,0.03
21.949,-0.01,-0.02,-0.03,0.04
21.959,0.05,-0.03,0.00,0.05
21.969,0.07,-0.05,-0.01,0.09
21.979,0.07,-0.05,0.01,0.08
21.989,0.06,-0.05,-0.01,0.08
21.999,0.07,-0.03,-0.01,0.08
22.009,0.05,-0.06,-0.01,0.08
22.019,0.06,-0.04,-0.02,0.07
22.029,0.04,-0.03,-0.02,0.05
22.039,0.06,-0.03,-0.02,0.07
22.049,0.08,-0.01,-0.00,0.08
22.059,0.07,0.01,-0.01,0.07
22.069,0.07,-0.02,-0.00,0.07
22.079,0.06,-0.03,-0.00,0.06
22.089,0.04,-0.04,-0.01,0.05
22.099,0.02,-0.04,-0.01,0.05
22.109,-0.00,-0.05,-0.01,0.05
22.119,-0.03,-0.04,-0.03,0.06
22.129,-0.02,-0.04,-0.02,0.05
22.139,-0.02,-0.03,-0.02,0.04
22.149,-0.03,-0.03,-0.02,0.05
22.159,-0.03,-0.03,-0.01,0.04
22.169,0.00,-0.04,-0.01,0.04
22.179,0.02,-0.01,-0.02,0.03
22.189,-0.00,-0.00,0.00,0.01
22.199,0.01,-0.02,-0.02,0.03
22.209,0.02,-0.02,-0.02,0.04
22.219,0.03,-0.03,0.00,0.04
22.229,0.03,-0.02,0.00,0.04
22.239,0.04,-0.04,-0.00,0.06
22.249,0.00,-0.03,-0.00,0.03
22.259,-0.03,-0.02,-0.00,0.04
22.269,-0.04,-0.04,-0.01,0.06
22.279,-0.03,-0.02,-0.04,0.05
22.289,0.00,-0.02,-0.00,0.02
22.299,0.02,-0.03,-0.01,0.04
22.309,0.05,-0.01,-0.01,0.05
22.319,0.05,-0.01,-0.02,0.06
22.329,0.02,-0.04,-0.00,0.05
22.339,0.02,-0.02,-0.01,0.03
22.349,0.06,-0.03,-0.02,0.07
22.359,0.04,-0.02,-0.01,0.04
22.369,0.01,-0.04,-0.00,0.04
22.379,0.04,-0.02,-0.01,0.04
22.389,0.03,-0.04,-0.03,0.05
22.399,0.02,-0.05,-0.01,0.05
22.409,0.05,-0.03,-0.02,0.06
22.419,0.03,-0.03,-0.02,0.05
22.429,0.05,-0.04,-0.00,0.06
22.439,0.07,-0.03,0.00,0.08
22.449,0.05,-0.05,-0.02,0.08
22.459,0.05,-0.05,-0.02,0.07
22.469,0.07,-0.03,-0.01,0.07
22.479,0.07,-0.04,-0.01,0.08
22.488,0.08,-0.05,-0.01,0.10
22.499,0.08,-0.04,-0.01,0.09
22.509,0.07,-0.04,0.00,0.08
22.518,0.05,-0.04,-0.01,0.07
22.529,0.04,-0.03,-0.01,0.05
22.538,0.01,-0.05,-0.01,0.05
22.548,0.02,-0.03,-0.02,0.04
22.558,0.00,-0.03,-0.01,0.04
22.568,0.03,-0.05,-0.01,0.06
22.578,0.05,-0.05,-0.00,0.07
22.588,0.06,-0.06,-0.01,0.08
22.598,0.06,-0.05,-0.01,0.08
22.608,0.07,-0.03,-0.01,0.08
22.618,0.08,-0.05,-0.00,0.09
22.628,0.07,-0.04,-0.01,0.08
22.638,0.05,-0.01,-0.01,0.05
22.648,0.05,-0.01,-0.00,0.05
22.658,0.01,-0.02,0.01,0.03
22.668,0.00,-0.03,-0.02,0.03
22.678,0.01,-0.03,-0.01,0.03
22.688,0.00,-0.05,-0.00,0.05
22.698,0.01,-0.03,-0.01,0.04
22.708,0.01,-0.05,-0.01,0.05
22.718,-0.01,-0.03,-0.02,0.03
22.728,0.00,-0.02,-0.01,0.02
22.738,0.01,-0.03,-0.01,0.03
22.748,-0.01,-0.01,-0.01,0.01
22.758,0.01,-0.01,-0.01,0.02
22.768,0.02,-0.01,-0.00,0.03
22.778,0.03,-0.02,-0.01,0.04
22.788,0.03,-0.04,0.00,0.05
22.798,0.01,-0.03,-0.00,0.03
22.808,0.01,-0.03,-0.02,0.04
22.818,-0.00,-0.04,-0.02,0.05
22.828,-0.02,-0.03,-0.01,0.04
22.838,0.01,-0.02,-0.01,0.03
22.848,0.02,-0.04,0.00,0.04
22.858,0.03,-0.03,-0.01,0.04
22.868,0.03,-0.03,-0.00,0.04
22.878,0.03,-0.04,0.01,0.05
22.888,0.02,-0.01,0.00,0.03
22.898,0.04,-0.04,-0.02,0.06
22.908,0.07,-0.03,-0.00,0.08
22.918,0.04,-0.03,-0.01,0.05
22.928,0.04,-0.02,-0.02,0.05
22.938,0.02,-0.03,-0.01,0.04
22.948,0.01,-0.03,-0.02,0.04
22.958,0.01,-0.03,-0.01,0.03
22.968,0.02,-0.04,-0.00,0.05
22.978,0.03,-0.04,-0.00,0.05
22.988,0.02,-0.03,-0.01,0.04
22.998,0.03,-0.04,-0.00,0.05
23.008,0.04,-0.03,-0.01,0.05
23.018,0.05,-0.02,0.00,0.06
23.028,0.04,-0.02,-0.00,0.05
23.038,0.04,-0.03,-0.02,0.05
23.048,0.04,-0.03,-0.01,0.05
23.058,0.05,-0.05,0.00,0.07
23.068,0.03,-0.03,-0.01,0.05
23.078,0.00,-0.04,-0.00,0.04
23.088,0.02,-0.04,-0.00,0.04
23.098,-0.01,-0.02,-0.02,0.03
23.108,-0.02,-0.02,-0.02,0.03
23.118,-0.03,-0.04,-0.00,0.05
23.128,-0.05,-0.03,-0.03,0.07
23.138,-0.09,-0.02,-0.04,0.10
23.148,-0.08,-0.03,-0.03,0.08
23.158,-0.06,-0.04,-0.03,0.07
23.168,-0.03,-0.05,-0.02,0.06
23.177,0.00,-0.03,-0.02,0.03
23.188,0.05,-0.04,-0.00,0.06
23.197,0.08,-0.03,0.00,0.09
23.208,0.08,-0.06,-0.00,0.10
23.217,0.09,-0.03,-0.00,0.10
23.228,0.11,-0.03,-0.01,0.12
23.237,0.09,-0.04,-0.00,0.09
23.247,0.09,-0.04,0.02,0.10
23.257,0.08,-0.03,0.00,0.08
23.268,0.07,-0.04,-0.01,0.08
23.277,0.07,-0.04,-0.00,0.08
23.287,0.07,-0.03,-0.01,0.08
23.297,0.07,-0.02,-0.00,0.08
23.307,0.06,-0.01,-0.00,0.06
23.317,0.06,-0.02,-0.02,0.06
23.327,0.06,-0.03,-0.01,0.06
23.337,0.05,-0.03,-0.00,0.06
23.347,0.06,-0.04,-0.00,0.07
23.357,0.03,-0.05,-0.00,0.05
23.367,-0.01,-0.04,-0.01,0.04
23.377,-0.04,-0.01,-0.01,0.04
23.387,-0.14,-0.02,-0.02,0.14
23.397,-0.53,-0.05,-0.12,0.55
23.407,-0.01,-0.04,-0.13,0.14
23.417,-0.08,-0.01,-0.17,0.19
23.427,0.42,-0.01,-0.01,0.42
23.437,0.90,0.07,-0.02,0.90
23.447,0.72,0.01,0.05,0.72
23.457,1.04,0.10,0.13,1.05
23.467,0.80,0.08,0.00,0.81
23.477,0.71,0.02,0.06,0.71
23.487,0.87,0.02,0.03,0.87
23.497,0.75,-0.13,-0.05,0.76
23.507,1.04,-0.21,0.12,1.06
23.517,0.89,-0.18,0.07,0.92
23.527,0.76,-0.06,-0.03,0.77
23.537,0.95,0.00,-0.02,0.95
23.547,0.78,-0.09,0.03,0.78
23.557,0.82,-0.11,0.04,0.83
23.567,0.78,-0.04,-0.03,0.78
23.577,0.62,-0.09,-0.04,0.63
23.587,0.78,-0.14,-0.01,0.79
23.597,0.69,-0.21,0.04,0.72
23.607,0.62,-0.06,0.00,0.63
23.617,0.51,-0.09,-0.02,0.52
23.627,0.50,-0.05,-0.10,0.51
23.637,0.43,0.01,-0.07,0.44
23.647,0.42,-0.02,0.05,0.42
23.657,0.46,0.08,-0.00,0.47
23.667,0.19,0.04,-0.14,0.24
23.677,0.31,-0.15,-0.06,0.35
23.687,0.36,-0.43,0.04,0.56
23.697,0.63,-0.46,-0.13,0.79
23.707,0.69,-0.28,-0.12,0.76
23.717,0.67,-0.41,0.12,0.80
23.727,0.78,-0.38,0.02,0.87
23.737,0.69,-0.07,-0.17,0.71
23.747,0.66,0.18,0.03,0.68
23.757,0.69,0.11,0.11,0.70
23.767,0.77,0.23,-0.18,0.82
23.777,0.58,0.44,0.12,0.74
23.787,0.49,0.48,0.10,0.69
23.797,0.49,0.21,-0.28,0.60
23.807,0.53,0.11,0.19,0.57
23.817,0.66,-0.19,0.11,0.70
23.827,0.58,-0.16,-0.14,0.62
23.837,0.75,-0.17,0.00,0.76
23.847,0.73,-0.40,-0.01,0.84
23.856,0.75,-0.39,-0.02,0.84
23.866,0.63,-0.24,0.05,0.68
23.877,0.57,-0.12,-0.09,0.59
23.887,0.57,0.03,0.03,0.57
23.897,0.56,0.22,0.02,0.60
23.907,0.65,0.31,0.31,0.79
23.916,0.67,0.03,-0.22,0.71
23.926,0.62,0.25,-0.31,0.74
23.937,0.51,0.35,0.36,0.72
23.947,0.71,-0.26,-0.07,0.76
23.956,0.67,-0.04,-0.32,0.75
23.966,0.50,0.38,0.30,0.70
23.976,0.76,-0.32,0.18,0.84
23.986,0.64,-0.22,-0.25,0.72
23.997,0.44,0.39,0.21,0.63
24.006,0.44,-0.32,0.19,0.57
24.016,0.53,-0.44,-0.59,0.91
24.026,0.39,0.56,-0.01,0.68
24.036,0.56,0.08,0.54,0.78
24.046,0.60,-0.36,-0.37,0.79
24.056,0.40,0.80,-0.16,0.90
24.066,0.50,0.16,0.16,0.55
24.076,0.71,-0.39,-0.14,0.82
24.086,0.60,0.29,-0.01,0.67
24.096,0.60,0.12,-0.07,0.61
24.106,0.66,-0.03,0.53,0.85
24.116,0.59,0.03,0.38,0.70
24.126,0.41,0.03,-0.52,0.67
24.136,0.51,0.12,-0.66,0.84
24.146,0.73,-0.01,0.12,0.74
24.156,0.94,0.07,0.52,1.08
24.166,0.64,0.39,0.26,0.80
24.176,0.51,0.12,-0.25,0.58
24.186,0.46,-0.19,-0.92,1.05
24.196,0.59,0.40,0.33,0.78
24.206,0.80,0.32,1.35,1.60
24.216,0.56,-0.10,0.48,0.74
24.226,0.24,0.33,-0.94,1.03
24.236,0.23,0.18,-0.56,0.63
24.246,0.55,-0.30,0.11,0.64
24.256,0.72,-0.05,0.35,0.81
24.266,0.78,0.37,-0.12,0.87
24.276,0.70,0.11,-0.28,0.76
24.286,0.84,0.23,0.10,0.88
24.296,0.82,0.14,0.39,0.92
24.306,0.51,0.14,-0.31,0.61
24.316,0.44,0.43,-0.01,0.61
24.326,0.32,-0.01,0.25,0.41
24.336,0.46,0.11,-0.19,0.51
24.346,0.26,0.17,-0.33,0.46
24.356,0.78,0.20,-0.20,0.83
24.366,0.74,-0.07,-0.04,0.75
24.376,0.83,0.57,0.69,1.22
24.386,0.63,0.20,0.96,1.16
24.396,0.55,-0.21,-0.85,1.03
24.406,0.35,0.57,-0.65,0.93
24.416,0.36,0.43,0.59,0.82
24.426,0.99,-0.12,-0.31,1.04
24.436,0.68,0.43,-0.19,0.82
24.446,0.63,0.96,1.03,1.54
24.456,0.60,-0.25,-0.22,0.69
24.466,0.41,0.42,-0.07,0.59
24.476,-0.10,0.72,0.46,0.86
24.486,0.05,-0.02,-0.20,0.21
24.496,0.13,0.24,-0.28,0.40
24.506,-0.01,0.34,-0.05,0.34
24.516,0.07,0.46,0.15,0.49
24.526,-0.09,0.31,0.72,0.79
24.536,-0.12,0.14,-0.15,0.24
24.546,0.03,-0.17,-1.64,1.65
24.556,-0.14,0.50,-0.24,0.57
24.566,-0.27,1.12,2.03,2.33
24.575,-0.03,-0.28,0.48,0.56
24.586,0.15,0.29,-2.12,2.15
24.596,-0.30,0.70,0.27,0.81
24.606,-0.27,0.46,1.60,1.69
24.616,-0.11,-0.32,-0.27,0.43
24.625,-0.56,0.37,-1.28,1.44
24.635,-0.21,0.68,-0.43,0.83
24.646,-0.07,0.06,0.66,0.66
24.655,0.10,0.28,1.00,1.04
24.665,-0.03,0.46,-0.13,0.48
24.675,0.05,0.45,-0.74,0.87
24.686,0.06,0.06,-0.30,0.31
24.695,0.21,0.36,0.99,1.08
24.705,0.09,-0.11,-0.10,0.17
24.715,-0.09,0.30,-1.09,1.13
24.725,0.06,0.40,-0.26,0.48
24.735,0.12,0.45,1.51,1.58
24.745,-0.01,0.03,1.15,1.15
24.755,-0.15,-0.03,-1.71,1.71
24.765,-0.08,0.56,-1.54,1.64
24.775,0.04,0.56,1.15,1.28
24.785,0.37,-0.43,1.09,1.23
24.795,0.21,0.34,-0.71,0.81
24.805,0.03,1.07,-0.20,1.09
24.815,0.20,0.30,0.23,0.43
24.825,0.49,0.09,0.43,0.66
24.835,0.03,0.55,0.80,0.97
24.845,-0.04,0.11,-0.58,0.59
24.855,0.03,0.38,-0.57,0.69
24.865,-0.09,0.14,0.27,0.32
24.875,0.16,0.31,0.11,0.37
24.885,-0.11,-0.04,-0.55,0.56
24.895,-0.15,0.48,-0.53,0.73
24.905,-0.03,0.57,0.97,1.13
24.915,0.19,-0.25,0.11,0.34
24.925,0.04,0.65,0.02,0.65
24.935,-0.23,0.35,-0.00,0.42
24.945,0.24,-0.11,-0.80,0.84
24.955,-0.14,0.08,-0.38,0.42
24.965,0.03,1.21,1.47,1.90
24.975,0.13,-0.25,0.05,0.29
24.985,-0.11,0.46,-0.68,0.83
24.995,-0.26,0.73,0.57,0.96
25.005,0.01,-0.04,0.41,0.41
25.015,-0.10,-0.15,-0.64,0.66
25.025,-0.11,0.61,-0.22,0.66
25.035,-0.10,0.57,0.61,0.84
25.045,0.07,-0.02,0.29,0.30
25.055,-0.04,0.01,-0.06,0.07
25.065,0.03,0.62,-0.51,0.80
25.075,0.18,0.23,0.16,0.33
25.085,0.27,0.12,0.60,0.67
25.095,0.06,0.30,-0.03,0.31
25.105,0.01,0.26,-1.24,1.27
25.115,0.22,0.40,-0.47,0.66
25.125,0.14,0.53,1.54,1.63
25.135,0.19,-0.16,0.27,0.37
25.145,-0.05,0.65,-0.56,0.86
25.155,-0.25,0.40,-0.01,0.47
25.165,0.00,-0.17,0.03,0.17
25.175,-0.16,0.29,-0.15,0.36
25.185,-0.08,0.56,-0.15,0.58
25.195,-0.06,0.21,0.17,0.27
25.205,-0.08,-0.06,0.28,0.30
25.215,-0.04,0.61,-0.00,0.61
25.225,0.17,0.25,-0.54,0.62
25.235,0.10,0.45,0.22,0.51
25.245,0.06,0.49,0.68,0.84
25.255,-0.08,-0.04,0.11,0.14
25.265,-0.08,0.30,-0.34,0.46
25.275,-0.17,-0.18,-0.80,0.83
25.285,0.08,0.84,0.39,0.93
25.295,-0.08,0.05,1.42,1.43
25.305,-0.15,-0.37,-1.35,1.41
25.314,-0.08,0.93,-1.15,1.48
25.325,-0.31,0.04,0.31,0.44
25.334,0.31,0.08,1.08,1.12
25.345,0.02,0.00,0.03,0.04
25.354,-0.28,1.06,-0.55,1.23
25.364,-0.24,0.45,1.07,1.18
25.374,-0.09,-0.41,0.01,0.42
25.384,-0.05,0.38,-0.71,0.81
25.394,-0.41,0.24,-0.69,0.83
25.404,0.07,0.53,-0.01,0.53
25.414,-0.03,-0.29,0.51,0.58
25.425,0.41,0.57,-0.38,0.80
25.434,-0.06,0.38,0.70,0.80
25.444,0.05,0.65,0.41,0.77
25.454,0.34,0.00,0.08,0.35
25.464,0.06,-0.04,-0.14,0.15
25.474,0.20,0.31,-0.31,0.48
25.484,-0.08,0.02,0.14,0.16
25.494,0.23,0.48,-0.14,0.55
25.504,0.13,0.19,-0.16,0.28
25.514,0.19,0.52,0.32,0.64
25.524,0.13,0.44,0.23,0.51
25.534,0.11,0.37,0.09,0.40
25.544,0.09,0.25,-0.02,0.27
25.554,-0.06,0.15,-0.41,0.44
25.564,0.09,0.62,0.39,0.74
25.574,0.06,-0.27,0.19,0.34
25.584,0.10,0.54,-0.77,0.94
25.594,-0.04,0.56,0.91,1.07
25.604,0.01,-0.39,-0.23,0.45
25.614,0.06,0.14,-1.25,1.26
25.624,-0.23,1.05,1.17,1.59
25.634,-0.17,-0.33,0.47,0.60
25.644,0.16,-0.11,-1.53,1.54
25.654,-0.18,0.64,-0.24,0.71
25.664,-0.12,0.81,1.20,1.46
25.674,0.17,0.13,0.82,0.84
25.684,-0.34,0.08,-0.23,0.42
25.694,-0.48,0.65,-0.51,0.95
25.704,-0.23,-0.11,-1.15,1.18
25.714,-0.28,1.02,1.12,1.55
25.724,-0.42,-0.06,1.15,1.23
25.734,-0.07,-0.41,-2.01,2.05
25.744,-0.26,1.21,-0.60,1.37
25.754,0.05,0.17,2.17,2.17
25.764,0.37,-0.69,0.15,0.80
25.774,0.11,0.27,-1.39,1.42
25.784,-0.40,1.04,0.14,1.13
25.794,0.46,0.18,0.96,1.08
25.804,0.30,-0.75,-0.35,0.88
25.814,-0.02,0.50,-1.08,1.19
25.824,0.06,0.94,0.37,1.02
25.834,0.08,0.28,1.62,1.64
25.844,0.16,-0.50,-0.48,0.71
25.854,0.10,0.19,-1.56,1.57
25.864,-0.22,1.31,0.53,1.43
25.874,0.15,0.39,2.16,2.20
25.884,0.31,-1.12,-0.95,1.50
25.894,0.04,0.81,-1.92,2.09
25.904,-0.38,0.90,0.93,1.35
25.914,0.26,0.05,0.65,0.71
25.924,0.39,-0.19,0.15,0.46
25.934,-0.06,0.21,-0.78,0.81
25.944,0.08,0.75,-0.65,0.99
25.954,0.00,0.13,1.79,1.80
25.964,-0.16,-0.48,-0.40,0.64
25.974,0.05,0.53,-1.60,1.69
25.984,-0.29,0.92,0.70,1.19
25.994,-0.12,0.26,1.73,1.76
26.004,0.13,-0.61,-0.64,0.90
26.014,-0.29,1.15,-1.07,1.60
26.024,-0.37,0.63,1.02,1.25
26.033,-0.04,-0.71,-0.48,0.86
26.043,-0.09,0.68,-0.50,0.85
26.054,-0.46,0.67,0.32,0.88
26.064,0.13,-0.43,0.09,0.46
26.073,0.04,0.26,-0.21,0.34
26.083,-0.25,0.68,-0.13,0.74
26.093,0.06,0.37,0.78,0.87
26.103,-0.15,-0.10,1.01,1.03
26.113,-0.56,0.13,-1.35,1.47
26.123,0.24,0.74,-1.30,1.51
26.133,-0.08,0.46,1.58,1.64
26.143,-0.02,-0.25,1.42,1.44
26.153,0.09,-0.19,-1.78,1.80
26.163,0.15,1.48,-0.51,1.57
26.173,-0.28,-0.13,1.35,1.38
26.183,0.38,-0.54,-0.47,0.81
26.193,-0.18,1.03,-0.34,1.10
26.203,-0.44,0.59,0.62,0.96
26.213,0.48,-0.82,-0.54,1.09
26.223,0.06,0.14,-0.85,0.87
26.233,-0.11,1.79,1.22,2.17
26.243,0.11,-0.60,1.14,1.29
26.253,-0.09,-0.69,-1.84,1.97
26.263,-0.49,1.52,0.35,1.64
26.273,-0.04,-0.29,0.83,0.88
26.283,0.36,-0.49,-1.26,1.39
26.293,0.15,1.00,0.09,1.02
26.303,0.02,0.84,0.88,1.22
26.313,0.40,-0.10,0.32,0.52
26.323,-0.29,-0.28,-0.24,0.47
26.333,-0.27,0.39,-1.25,1.34
26.343,0.10,0.83,0.61,1.04
26.353,-0.09,-0.36,1.00,1.06
26.363,0.03,-0.15,-1.96,1.97
26.373,0.25,1.41,-0.16,1.44
26.383,-0.54,0.56,2.93,3.04
26.393,-0.04,-1.17,-0.25,1.20
26.403,-0.24,0.74,-1.98,2.12
26.413,-0.48,1.17,0.05,1.27
26.423,0.24,-0.58,1.30,1.45
26.433,0.05,-0.16,0.20,0.26
26.443,-0.43,1.04,-1.00,1.51
26.453,-0.22,0.25,-0.29,0.44
26.463,0.38,-0.38,0.63,0.83
26.473,-0.27,0.05,-0.80,0.84
26.483,0.06,1.18,0.48,1.27
26.493,-0.29,-0.20,0.54,0.64
26.503,0.14,-0.04,-0.35,0.37
26.513,0.08,0.60,-0.35,0.69
26.523,-0.05,0.23,-0.41,0.47
26.533,0.63,0.20,0.58,0.88
26.543,-0.35,0.66,1.70,1.85
26.553,-0.20,-0.03,-0.24,0.31
26.563,-0.03,-0.09,-2.16,2.16
26.573,-0.06,0.95,0.25,0.98
26.583,0.27,-0.28,1.72,1.77
26.593,-0.08,-0.03,-0.28,0.29
26.603,-0.36,1.11,-0.70,1.36
26.613,-0.10,-0.22,-0.39,0.46
26.623,0.20,-0.20,0.08,0.30
26.633,-0.50,0.88,0.24,1.05
26.643,-0.20,0.71,1.41,1.59
26.653,0.11,-0.96,-0.32,1.02
26.663,-0.36,0.63,-2.20,2.32
26.673,0.03,1.65,0.82,1.84
26.683,0.24,-0.68,1.76,1.90
26.693,-0.17,-0.73,-1.15,1.37
26.703,-0.20,1.71,-1.09,2.04
26.713,-0.25,0.28,1.38,1.43
26.723,0.32,-0.86,0.37,0.99
26.733,-0.15,0.40,-1.08,1.16
26.743,-0.22,1.24,-0.34,1.31
26.752,0.33,-0.30,0.76,0.88
26.762,0.25,-0.58,-0.07,0.63
26.773,0.06,1.40,-0.19,1.41
26.783,0.02,0.23,0.21,0.31
26.792,-0.31,-0.39,0.40,0.64
26.803,-0.50,0.98,0.74,1.32
26.813,-0.42,-0.08,-1.08,1.17
26.823,-0.21,0.35,-1.02,1.10
26.832,-0.19,0.54,0.61,0.84
26.842,0.03,-0.12,0.49,0.51
26.852,0.12,0.61,0.93,1.12
26.862,-0.28,0.09,0.47,0.55
26.872,-0.05,-0.15,-1.13,1.14
26.882,0.26,0.17,-0.37,0.48
26.892,-0.08,0.49,-0.21,0.54
26.902,0.15,0.39,0.44,0.60
26.912,0.33,0.25,0.67,0.79
26.922,-0.22,0.38,-0.42,0.60
26.932,0.05,0.05,-0.99,1.00
26.942,-0.06,1.17,1.20,1.67
26.952,-0.40,-0.27,1.24,1.33
26.962,-0.15,-0.17,-1.21,1.23
26.972,-0.24,0.99,-0.52,1.14
26.982,-0.06,-0.15,-0.05,0.17
26.992,0.57,-0.54,-0.14,0.80
27.002,0.30,0.97,-0.20,1.04
27.012,0.12,0.53,0.34,0.64
27.022,0.33,0.03,0.82,0.88
27.032,-0.43,0.36,0.63,0.84
27.042,-0.53,0.33,-0.72,0.95
27.052,-0.37,0.29,-0.80,0.93
27.062,-0.44,0.52,0.95,1.17
27.072,-0.29,-0.33,0.08,0.45
27.082,0.11,0.41,-1.57,1.62
27.092,0.07,0.91,0.50,1.04
27.102,0.30,-0.32,1.06,1.15
27.112,0.37,0.30,-0.05,0.48
27.122,-0.38,0.90,-0.21,1.00
27.132,-0.12,-0.50,-0.76,0.92
27.142,0.03,0.27,0.15,0.31
27.152,-0.43,0.56,0.64,0.95
27.162,-0.29,-0.07,-0.22,0.37
27.172,-0.26,0.39,-0.49,0.68
27.182,-0.38,0.08,-0.70,0.80
27.192,0.14,0.73,0.62,0.97
27.202,0.01,0.47,1.65,1.72
27.212,-0.17,-0.20,-0.60,0.65
27.222,-0.33,0.61,-0.96,1.18
27.232,-0.25,0.43,0.45,0.67
27.242,0.08,-0.39,0.34,0.52
27.252,0.00,0.80,-0.05,0.81
27.262,-0.09,0.31,-0.33,0.46
27.272,0.11,0.02,0.02,0.12
27.282,-0.13,0.47,0.29,0.57
27.292,-0.00,0.06,-0.58,0.58
27.302,0.28,0.59,0.22,0.69
27.312,0.04,-0.01,0.93,0.93
27.322,0.03,-0.23,-1.53,1.55
27.332,0.09,1.80,0.45,1.86
27.342,-0.53,0.11,2.33,2.39
27.352,-0.21,-1.52,-1.47,2.13
27.362,-0.26,1.62,-1.44,2.18
27.371,-0.48,1.11,1.34,1.80
27.382,-0.07,-1.36,0.56,1.48
27.391,0.14,0.58,-0.68,0.91
27.402,-0.31,1.14,-0.41,1.25
27.412,0.10,-0.51,-0.13,0.54
27.422,0.39,0.32,0.63,0.81
27.432,-0.33,0.91,0.09,0.97
27.442,0.18,0.09,-0.18,0.27
27.451,-0.17,0.26,0.15,0.34
27.462,-0.46,0.22,-0.26,0.57
27.471,-0.09,0.35,-0.37,0.52
27.482,-0.16,-0.03,0.06,0.17
27.491,-0.36,0.36,0.52,0.73
27.502,-0.19,0.15,0.00,0.24
27.511,0.07,0.09,-0.32,0.34
27.521,-0.06,0.71,0.00,0.71
27.532,-0.19,0.47,1.00,1.12
27.541,0.16,-0.34,-0.54,0.66
27.551,-0.20,1.07,-0.48,1.19
27.561,-0.23,0.54,1.48,1.59
27.571,-0.15,-0.77,-0.53,0.95
27.581,-0.53,1.14,-0.98,1.59
27.591,-0.41,0.39,0.18,0.59
27.601,0.55,-0.70,0.34,0.95
27.611,-0.19,0.86,-0.02,0.88
27.621,0.10,1.13,1.16,1.63
27.631,0.08,-1.00,0.28,1.04
27.641,-0.20,0.36,-1.20,1.27
27.651,-0.29,1.05,-0.67,1.28
27.661,0.28,-0.23,0.88,0.95
27.671,-0.05,0.01,0.73,0.73
27.681,-0.34,0.51,-1.58,1.69
27.691,0.26,0.94,0.01,0.97
27.701,0.23,-0.10,1.58,1.60
27.711,-0.21,0.18,0.78,0.83
27.721,-0.49,0.37,-1.56,1.68
27.731,-0.52,0.64,-0.41,0.92
27.741,-0.20,-0.42,1.00,1.11
27.751,-0.27,0.21,-0.40,0.53
27.761,-0.08,1.42,0.13,1.43
27.771,-0.39,-0.38,0.38,0.67
27.781,0.02,-0.34,-0.64,0.72
27.791,-0.42,1.15,-0.37,1.28
27.801,-0.10,-0.14,0.21,0.27
27.811,0.35,0.02,0.14,0.38
27.821,-0.27,1.08,0.66,1.29
27.831,-0.13,0.01,-0.16,0.21
27.841,0.02,-0.18,-0.46,0.49
27.851,-0.33,0.69,0.24,0.80
27.861,-0.08,-0.17,-0.36,0.41
27.871,0.16,0.22,-0.12,0.30
27.881,-0.39,0.95,1.41,1.74
27.891,-0.10,-0.16,0.23,0.30
27.901,-0.07,-0.11,-1.71,1.71
27.911,-0.36,0.78,-0.76,1.15
27.921,0.02,0.43,1.36,1.42
27.931,0.43,-0.06,0.81,0.92
27.941,-0.06,0.24,-0.62,0.67
27.951,0.06,0.87,-0.32,0.93
27.961,0.32,-0.04,0.05,0.33
27.971,0.20,0.10,0.10,0.24
27.981,0.05,0.87,0.12,0.88
27.991,-0.10,0.62,0.38,0.73
28.001,-0.36,0.30,0.61,0.76
28.011,-0.64,-0.05,-0.83,1.05
28.021,-0.58,0.57,-0.51,0.96
28.031,-0.60,0.24,0.19,0.67
28.041,-0.75,0.35,0.82,1.16
28.051,-0.51,0.47,0.78,1.04
28.061,-0.59,-0.25,-1.63,1.75
28.070,-0.64,0.67,-0.18,0.94
28.081,-0.17,0.02,0.70,0.72
28.090,-0.09,-0.13,-0.70,0.71
28.101,-0.25,0.96,-0.15,1.01
28.111,0.04,0.15,0.82,0.83
28.121,0.03,-0.43,-0.08,0.44
28.130,-0.18,1.11,-0.42,1.20
28.141,-0.42,0.07,-0.03,0.43
28.150,0.06,-0.32,-0.39,0.51
28.161,-0.37,1.24,0.76,1.50
28.170,-0.50,0.22,0.94,1.09
28.181,0.03,-0.50,-0.90,1.03
28.190,-0.29,1.09,-0.24,1.15
28.201,-0.06,0.00,0.28,0.29
28.210,0.28,-0.31,-0.45,0.62
28.220,-0.23,1.22,0.30,1.28
28.230,-0.43,-0.00,0.62,0.75
28.240,-0.15,-0.54,-0.50,0.75
28.250,-0.53,0.67,-1.00,1.32
28.260,-0.68,0.55,0.22,0.90
28.270,-0.20,0.12,1.73,1.74
28.280,-0.62,0.08,-0.09,0.63
28.290,-0.52,0.92,-1.40,1.76
28.301,-0.31,0.07,-0.06,0.32
28.310,-0.10,-0.36,0.72,0.81
28.320,-0.34,0.72,0.44,0.91
28.330,-0.17,0.15,-0.70,0.73
28.340,0.13,0.21,-0.06,0.25
28.350,-0.08,0.26,0.75,0.80
28.360,-0.17,0.08,-0.32,0.37
28.370,0.03,0.59,-0.31,0.66
28.380,-0.72,0.21,0.21,0.77
28.390,-0.14,-0.03,0.03,0.14
28.400,-0.38,0.49,-0.38,0.73
28.410,-0.51,0.54,0.33,0.81
28.420,-0.12,-0.38,-0.19,0.45
28.430,0.12,0.35,-0.42,0.56
28.440,0.26,0.39,-0.47,0.66
28.450,0.62,0.06,0.75,0.98
28.460,0.59,0.44,1.44,1.62
28.470,0.34,-0.14,-0.30,0.48
28.480,0.80,0.36,-1.18,1.47
28.490,0.67,0.16,0.58,0.90
28.500,0.85,0.30,0.94,1.31
28.510,0.58,0.15,-0.19,0.63
28.520,0.38,0.57,-0.62,0.92
28.530,0.18,0.20,-0.06,0.27
28.540,0.35,0.05,-0.00,0.35
28.550,-0.07,0.74,0.66,0.99
28.560,-0.27,0.36,0.36,0.58
28.570,-0.29,0.03,-0.97,1.01
28.580,-0.55,0.53,-0.18,0.78
28.590,-0.52,0.22,0.23,0.61
28.600,-0.45,0.16,0.19,0.51
28.610,-0.65,0.47,-0.21,0.83
28.620,-0.44,-0.07,-0.66,0.80
28.630,-0.10,0.41,0.00,0.43
28.640,0.10,0.70,1.06,1.27
28.650,0.37,-0.09,0.10,0.39
28.660,0.34,0.62,-0.58,0.91
28.670,0.10,0.44,0.09,0.46
28.680,0.13,-0.13,0.15,0.24
28.690,-0.04,0.45,0.27,0.53
28.700,-0.28,0.26,-0.67,0.77
28.710,-0.04,0.65,-0.01,0.65
28.720,-0.22,0.22,1.32,1.36
28.730,-0.22,-0.14,-0.53,0.59
28.740,-0.06,0.66,-1.13,1.31
28.750,0.07,0.31,0.19,0.37
28.760,0.32,0.34,0.61,0.76
28.770,0.12,0.69,1.07,1.28
28.780,-0.42,0.04,-0.18,0.46
28.790,-0.18,0.08,-1.51,1.52
28.800,-0.29,0.57,0.36,0.74
28.810,-0.21,0.10,0.58,0.62
28.820,0.02,0.47,-0.19,0.51
28.830,-0.23,0.68,0.30,0.78
28.840,-0.29,0.01,0.22,0.36
28.849,-0.15,-0.06,-0.69,0.71
28.859,-0.16,0.98,-0.11,1.00
28.870,-0.31,0.24,0.63,0.74
28.880,0.10,0.07,0.18,0.22
28.889,-0.35,0.66,-0.43,0.87
28.900,-0.12,0.47,0.01,0.48
28.909,0.25,-0.36,0.16,0.47
28.919,-0.04,0.34,-0.30,0.46
28.930,-0.20,0.79,0.14,0.83
28.939,0.22,0.18,0.48,0.56
28.949,-0.04,-0.15,-0.34,0.37
28.959,-0.02,1.34,0.16,1.35
28.969,-0.02,0.33,1.12,1.17
28.980,-0.09,-0.67,-1.18,1.36
28.989,-0.23,1.01,-0.97,1.42
29.000,-0.15,0.66,0.62,0.92
29.009,0.10,-0.17,1.14,1.15
29.019,-0.32,0.37,0.05,0.49
29.029,-0.42,0.43,-1.29,1.42
29.039,-0.08,0.35,0.17,0.40
29.049,-0.22,0.02,0.97,1.00
29.059,-0.10,0.10,-0.83,0.84
29.069,-0.15,1.03,-0.73,1.27
29.079,0.08,0.48,1.66,1.73
29.089,-0.06,-0.87,-0.38,0.95
29.099,-0.15,0.89,-1.93,2.13
29.109,-0.25,1.54,1.45,2.13
29.119,0.05,-0.73,1.99,2.12
29.129,-0.10,-0.07,-1.41,1.41
29.139,-0.41,1.42,-1.34,2.00
29.149,-0.26,0.29,0.56,0.68
29.159,0.33,-0.81,0.73,1.14
29.169,-0.12,0.88,-0.25,0.92
29.179,-0.25,1.18,-0.41,1.28
29.189,0.17,-0.31,0.79,0.86
29.199,-0.18,0.17,0.49,0.55
29.209,-0.44,0.76,-0.63,1.08
29.219,-0.03,-0.08,-1.07,1.08
29.229,-0.04,0.56,0.62,0.84
29.239,-0.20,0.51,1.19,1.31
29.249,0.05,-0.08,-0.93,0.94
29.259,-0.39,1.03,-0.10,1.11
29.269,-0.31,0.18,0.87,0.94
29.279,-0.03,-0.18,0.01,0.18
29.289,-0.46,0.88,-0.72,1.23
29.299,-0.14,0.31,-0.55,0.65
29.309,0.16,0.26,0.80,0.85
29.319,0.13,0.55,1.07,1.20
29.329,0.01,0.09,-1.07,1.07
29.339,0.12,0.40,-1.41,1.47
29.349,0.05,0.96,1.25,1.57
29.359,-0.05,0.10,2.32,2.32
29.369,-0.38,-0.30,-1.54,1.62
29.379,-0.58,1.32,-1.40,2.01
29.389,-0.36,0.06,0.53,0.64
29.399,0.03,-0.36,0.61,0.71
29.409,-0.38,0.93,-0.17,1.02
29.419,-0.30,0.69,-0.13,0.76
29.429,0.08,-0.20,0.03,0.21
29.439,-0.19,0.79,0.59,1.00
29.449,-0.26,0.59,0.52,0.83
29.459,-0.13,-0.34,-0.78,0.86
29.469,0.03,1.05,0.17,1.07
29.479,-0.36,0.04,0.03,0.36
29.489,0.15,-0.12,-0.97,0.99
29.499,-0.10,1.22,0.61,1.37
29.509,-0.29,0.33,1.41,1.48
29.519,0.03,-0.18,-0.37,0.41
29.529,-0.33,0.70,-1.47,1.66
29.539,-0.20,0.36,-0.93,1.02
29.549,0.16,0.21,1.70,1.72
29.559,-0.09,-0.01,0.99,1.00
29.569,-0.20,0.27,-2.18,2.20
29.579,0.10,1.73,0.28,1.76
29.588,-0.07,-0.02,2.94,2.94
29.599,0.06,-0.93,-1.18,1.50
29.609,-0.15,1.38,-2.03,2.45
29.618,-0.30,0.91,0.84,1.27
29.629,0.09,-0.83,1.40,1.63
29.638,0.02,0.61,-0.07,0.62
29.648,-0.48,1.16,-1.46,1.92
29.658,0.04,0.14,-0.26,0.29
29.668,0.05,0.17,1.68,1.69
29.678,-0.33,0.29,0.05,0.44
29.688,0.06,0.67,-1.25,1.42
29.698,-0.14,0.12,-0.28,0.33
29.708,-0.20,0.19,0.96,1.00
29.718,-0.08,0.65,0.90,1.12
29.728,-0.07,0.28,-1.09,1.13
29.738,-0.18,0.52,-0.53,0.77
29.748,0.09,0.45,0.79,0.92
29.758,-0.07,-0.16,-0.06,0.18
29.768,-0.08,0.40,-1.10,1.17
29.778,-0.08,0.87,-0.07,0.87
29.788,0.24,0.39,1.52,1.59
29.798,-0.22,0.25,1.06,1.11
29.808,-0.43,0.46,-0.76,0.98
29.818,-0.14,0.35,-1.14,1.20
29.828,-0.10,0.41,0.59,0.72
29.838,-0.14,0.34,1.02,1.09
29.848,-0.23,0.40,-0.87,0.99
29.858,-0.43,0.66,-0.78,1.11
29.868,-0.42,0.29,0.88,1.02
29.878,-0.39,-0.10,0.53,0.66
29.888,-0.60,0.71,-0.56,1.09
29.898,-0.78,0.57,-0.54,1.11
29.908,-0.66,0.27,0.46,0.85
29.918,-0.60,0.34,0.45,0.83
29.928,-0.63,0.46,-0.77,1.09
29.938,-0.28,0.70,-0.08,0.76
29.948,-0.18,0.02,0.22,0.29
29.958,-0.07,0.40,-0.01,0.41
29.968,-0.11,0.63,-0.02,0.64
29.978,-0.07,0.03,-0.30,0.31
29.988,0.12,0.33,0.28,0.44
29.998,-0.11,0.30,0.27,0.42
30.008,0.12,0.35,-0.02,0.37
30.018,-0.09,0.35,-0.13,0.38
30.028,-0.16,0.36,0.01,0.39
30.038,0.06,0.45,-0.01,0.46
30.048,-0.11,0.39,0.21,0.46
30.058,0.02,0.49,0.38,0.62
30.068,0.13,0.04,-0.16,0.21
30.078,-0.12,0.30,-0.12,0.35
30.088,-0.05,0.14,-0.68,0.69
30.098,0.11,0.71,0.25,0.76
30.108,0.07,0.68,1.40,1.56
30.118,-0.10,-0.46,-0.37,0.60
30.128,-0.00,1.09,-0.84,1.37
30.138,-0.43,0.54,0.68,0.96
30.148,-0.10,-0.61,-0.49,0.79
30.158,0.04,1.09,-0.33,1.13
30.168,-0.47,0.75,1.06,1.39
30.178,0.04,-0.25,0.40,0.47
30.188,-0.17,0.48,-0.74,0.89
30.198,-0.47,0.71,-0.78,1.16
30.208,0.05,0.23,0.48,0.54
30.218,0.09,0.14,0.76,0.78
30.228,-0.24,0.73,-0.29,0.82
30.238,0.22,0.47,-0.24,0.58
30.248,0.18,-0.11,0.07,0.22
30.258,0.17,0.45,0.10,0.50
30.267,0.18,0.56,0.28,0.65
30.278,-0.06,0.02,0.10,0.12
30.288,-0.12,0.44,-0.02,0.45
30.298,-0.07,0.41,-0.24,0.48
30.307,0.10,0.41,-0.27,0.50
30.318,-0.06,0.45,0.19,0.49
30.327,-0.19,0.36,0.20,0.46
30.338,-0.08,0.59,0.28,0.65
30.347,-0.10,0.34,0.27,0.44
30.357,-0.07,0.26,-0.32,0.41
30.367,-0.05,0.35,-0.48,0.60
30.377,-0.14,0.56,0.12,0.59
30.387,-0.12,0.13,-0.02,0.18
30.398,-0.01,0.67,0.14,0.68
30.407,-0.37,0.52,0.58,0.86
30.417,-0.32,-0.29,-0.70,0.82
30.427,-0.12,1.03,-0.32,1.09
30.437,-0.55,0.59,1.43,1.64
30.447,-0.23,-0.39,-0.27,0.53
30.457,-0.25,0.75,-1.31,1.53
30.467,-0.42,0.58,-0.12,0.73
30.477,0.11,0.07,0.95,0.96
30.487,0.11,0.32,0.52,0.62
30.497,-0.37,0.78,-0.75,1.14
30.507,0.10,0.56,0.27,0.62
30.517,0.10,-0.41,0.41,0.58
30.527,-0.26,0.62,-0.38,0.77
30.537,-0.10,0.72,-0.49,0.87
30.547,-0.08,-0.05,-0.39,0.41
30.557,0.01,0.63,0.19,0.66
30.567,-0.05,1.13,1.34,1.75
30.577,-0.32,-0.21,0.00,0.38
30.587,-0.25,0.45,-1.12,1.23
30.597,-0.24,0.83,0.32,0.92
30.607,0.00,-0.27,0.89,0.93
30.617,-0.19,0.13,-0.36,0.42
30.627,-0.56,0.87,-0.68,1.24
30.637,-0.28,0.03,-0.29,0.40
30.647,0.14,0.09,0.12,0.21
30.657,0.24,0.63,0.09,0.68
30.667,0.54,0.45,-0.03,0.71
30.677,0.78,0.60,0.73,1.23
30.687,0.57,0.18,0.04,0.60
30.697,0.40,0.40,-0.33,0.65
30.707,0.43,0.35,0.15,0.57
30.717,0.08,-0.07,-0.24,0.26
30.727,0.08,0.75,-0.27,0.81
30.737,-0.13,0.79,0.91,1.22
30.747,-0.52,-0.03,0.58,0.78
30.757,0.01,0.17,-1.34,1.35
30.767,-0.14,0.85,-0.79,1.17
30.777,-0.37,1.35,2.81,3.14
30.787,-0.25,-0.97,0.83,1.30
30.797,-0.45,0.46,-3.20,3.26
30.807,-0.10,1.97,0.12,1.98
30.817,-0.10,-0.55,1.72,1.80
30.827,0.10,0.12,-0.41,0.44
30.837,-0.43,1.88,0.06,1.93
30.847,-0.50,0.12,-0.30,0.60
30.857,-0.10,-0.46,-0.29,0.56
30.867,-0.81,0.69,0.01,1.06
30.877,-0.50,0.36,-0.25,0.66
30.887,0.04,-0.30,-0.01,0.31
30.897,-0.07,0.77,0.74,1.07
30.907,-0.21,0.62,0.41,0.78
30.917,0.26,0.18,-0.40,0.51
30.927,-0.34,0.35,-0.62,0.79
30.937,-0.20,0.58,0.19,0.65
30.947,0.22,0.44,0.59,0.77
30.957,-0.44,0.25,0.00,0.50
30.967,-0.14,0.58,-0.44,0.74
30.977,-0.20,0.19,-0.19,0.34
30.986,-0.25,0.74,0.97,1.25
30.997,-0.18,0.29,0.08,0.35
31.007,0.04,0.59,-0.42,0.72
31.017,-0.08,0.39,-0.17,0.44
31.026,-0.04,0.38,-0.09,0.39
31.036,0.18,0.44,0.22,0.52
31.046,-0.06,0.28,0.05,0.29
31.056,0.05,0.54,-0.11,0.55
31.066,-0.24,0.58,0.90,1.10
31.076,-0.36,-0.06,-0.27,0.46
31.086,-0.31,0.66,-0.74,1.04
31.097,-0.46,0.24,0.06,0.52
31.106,-0.16,0.21,-0.08,0.28
31.116,0.07,0.82,0.46,0.94
31.126,-0.11,0.32,0.22,0.41
31.136,0.16,0.24,-0.44,0.53
31.146,-0.18,0.82,0.46,0.95
31.156,-0.24,0.42,1.26,1.35
31.166,-0.21,-0.16,-1.02,1.05
31.176,-0.22,0.75,-1.13,1.37
31.186,-0.24,0.22,0.06,0.33
31.196,0.21,0.10,0.64,0.68
31.206,-0.20,0.76,0.53,0.95
31.216,0.03,0.48,-0.01,0.49
31.226,0.34,-0.18,-0.79,0.88
31.236,0.10,0.73,-0.37,0.82
31.246,-0.08,0.35,0.70,0.79
31.256,0.02,0.54,1.34,1.44
31.266,-0.53,-0.14,-1.01,1.15
31.276,-0.30,0.73,-1.73,1.90
31.286,-0.18,1.08,1.59,1.93
31.296,-0.21,-0.30,1.53,1.57
31.306,-0.11,0.08,-1.57,1.57
31.316,-0.39,1.30,-1.15,1.78
31.326,-0.13,0.31,1.40,1.44
31.336,0.16,-0.63,0.21,0.68
31.346,-0.00,0.98,-0.98,1.38
31.356,-0.24,0.75,-0.08,0.79
31.366,0.15,0.49,1.20,1.31
31.376,-0.13,-0.13,0.78,0.81
31.386,-0.22,0.51,-1.75,1.83
31.396,0.03,1.16,0.32,1.20
31.406,0.06,-0.45,1.46,1.53
31.416,-0.06,-0.09,-0.73,0.74
31.426,-0.14,0.87,-1.68,1.89
31.436,-0.16,0.80,0.44,0.92
31.446,0.21,0.04,2.43,2.44
31.456,-0.43,-0.05,-0.34,0.55
31.466,-0.27,1.00,-1.99,2.25
31.476,-0.16,0.85,0.87,1.22
31.486,-0.21,-0.88,0.90,1.28
31.496,0.12,0.71,-0.76,1.05
31.506,-0.39,0.97,-0.64,1.22
31.516,0.05,0.25,0.56,0.62
31.526,0.25,-0.01,0.79,0.83
31.536,-0.38,0.69,-0.48,0.92
31.546,-0.03,0.69,-0.83,1.08
31.556,-0.00,0.10,0.36,0.38
31.566,-0.03,0.71,1.30,1.48
31.576,-0.12,0.07,-0.65,0.67
31.586,-0.01,0.51,-1.36,1.45
31.596,-0.12,0.66,1.06,1.26
31.606,-0.07,-0.11,1.43,1.44
31.616,-0.22,0.33,-0.64,0.75
31.626,-0.49,0.91,-0.93,1.39
31.636,-0.21,0.03,0.14,0.26
31.646,0.30,-0.09,-0.14,0.35
31.656,-0.16,1.12,0.18,1.14
31.666,-0.30,0.63,0.75,1.03
31.676,-0.08,-0.20,-0.13,0.25
31.686,-0.69,0.74,-0.55,1.15
31.696,-0.35,0.54,-0.05,0.65
31.705,0.08,-0.29,-0.27,0.40
31.715,-0.12,0.75,0.15,0.78
31.726,0.16,0.60,0.44,0.77
31.736,0.30,-0.08,0.08,0.32
31.745,0.09,0.80,0.42,0.91
31.755,-0.03,0.05,-0.23,0.24
31.765,0.23,0.03,-0.78,0.82
31.776,-0.04,0.84,0.31,0.90
31.785,0.19,0.20,0.74,0.79
31.796,0.04,-0.00,-0.71,0.71
31.805,0.06,0.89,-0.87,1.25
31.815,0.02,0.47,0.80,0.93
31.825,0.31,-0.12,0.69,0.76
31.835,-0.21,0.79,-0.30,0.87
31.845,-0.30,0.70,0.46,0.89
31.855,-0.42,-0.37,-0.13,0.58
31.865,-0.36,0.81,0.04,0.89
31.875,-0.60,0.36,-0.40,0.80
31.885,-0.22,0.29,-0.01,0.36
31.895,-0.49,0.90,0.74,1.27
31.905,-0.53,0.14,0.10,0.56
31.915,0.09,0.65,-0.43,0.78
31.925,-0.27,0.18,0.12,0.35
31.935,0.16,0.38,-0.09,0.42
31.945,0.30,0.65,0.42,0.83
31.955,-0.12,0.20,-0.06,0.24
31.965,0.28,0.79,-0.12,0.85
31.975,0.02,0.28,0.47,0.55
31.985,-0.07,0.08,-0.31,0.33
31.995,-0.04,0.22,-1.22,1.24
32.005,-0.08,0.77,0.48,0.91
32.015,0.20,-0.35,0.20,0.45
32.025,0.33,0.69,-0.09,0.77
32.035,-0.25,0.74,0.38,0.87
32.045,-0.06,0.10,0.64,0.65
32.055,-0.18,0.09,-0.14,0.25
32.065,-0.37,0.65,-0.75,1.06
32.075,-0.37,0.38,0.49,0.73
32.085,-0.23,0.22,0.68,0.75
32.095,-0.54,0.29,-0.52,0.80
32.105,-0.27,0.65,-0.37,0.79
32.115,0.00,0.27,0.19,0.33
32.125,0.01,0.37,0.59,0.70
32.135,0.08,0.30,-0.40,0.51
32.145,0.09,0.53,-0.48,0.72
32.155,-0.03,0.60,0.79,1.00
32.165,0.13,-0.12,0.17,0.24
32.175,0.03,0.64,-0.77,1.01
32.185,-0.18,0.64,0.13,0.68
32.195,0.02,-0.04,0.22,0.22
32.205,0.06,0.46,0.12,0.48
32.215,-0.27,0.84,0.63,1.08
32.225,-0.19,-0.08,-0.06,0.21
32.235,0.20,0.30,-0.33,0.49
32.245,-0.25,0.63,-0.17,0.70
32.255,0.38,0.31,0.11,0.50
32.265,0.36,0.18,0.04,0.40
32.275,0.04,0.37,-0.27,0.46
32.285,0.30,0.50,0.23,0.63
32.295,-0.04,0.17,0.70,0.72
32.305,-0.13,0.28,-0.20,0.36
32.315,-0.10,0.42,-0.66,0.79
32.325,-0.17,0.51,0.25,0.59
32.335,0.15,-0.02,0.22,0.27
32.345,0.13,0.25,-0.61,0.67
32.355,0.03,0.82,-0.19,0.85
32.365,0.16,0.16,0.73,0.77
32.375,0.15,0.02,-0.05,0.16
32.384,0.04,0.92,-0.30,0.97
32.395,-0.25,0.66,0.75,1.03
32.405,0.17,-0.20,0.12,0.29
32.415,-0.31,0.50,-0.62,0.85
32.425,-0.23,0.91,-0.07,0.94
32.435,0.05,-0.23,0.46,0.52
32.445,-0.07,0.35,-0.06,0.36
32.454,-0.25,0.71,-0.62,0.98
32.464,-0.01,0.28,-0.04,0.28
32.475,0.16,0.05,0.64,0.66
32.484,0.20,0.54,0.67,0.88
32.495,0.29,0.09,-0.72,0.78
32.504,0.45,0.29,-1.12,1.24
32.514,0.47,0.75,0.64,1.09
32.524,0.50,0.57,1.52,1.70
32.534,0.46,0.17,-0.15,0.52
32.544,0.23,0.09,-0.95,0.98
32.554,0.27,0.37,-0.56,0.72
32.564,0.15,0.61,0.20,0.66
32.574,0.26,0.41,1.32,1.40
32.584,0.18,-0.03,-0.56,0.59
32.594,-0.09,0.70,-0.75,1.03
32.604,-0.30,0.87,1.23,1.53
32.614,0.11,-0.26,0.01,0.28
32.624,0.05,0.43,-0.80,0.91
32.634,-0.09,1.26,1.11,1.68
32.644,0.15,-0.19,0.13,0.28
32.654,-0.09,0.19,-1.24,1.26
32.664,-0.40,1.00,-0.13,1.09
32.674,-0.29,-0.01,0.19,0.34
32.684,-0.44,0.68,1.10,1.37
32.694,-0.61,0.46,0.08,0.77
32.704,-0.47,-0.01,-1.47,1.55
32.714,-0.20,0.78,-0.01,0.81
32.724,-0.20,0.28,0.98,1.04
32.734,-0.10,0.14,0.09,0.19
32.744,-0.06,0.83,-0.11,0.84
32.754,-0.17,0.06,-0.03,0.18
32.764,0.18,0.03,-0.21,0.28
32.774,-0.00,0.52,-0.22,0.57
32.784,0.03,0.57,0.12,0.58
32.794,0.12,0.38,0.63,0.75
32.804,-0.02,0.39,-0.00,0.39
32.814,-0.14,0.53,-0.44,0.70
32.824,-0.06,0.26,-0.01,0.27
32.834,0.11,0.29,0.36,0.48
32.844,-0.03,0.21,-0.29,0.36
32.854,0.08,0.59,-0.44,0.74
32.864,-0.09,0.69,0.95,1.17
32.874,0.03,-0.12,-0.00,0.12
32.884,0.21,0.12,-1.36,1.38
32.894,0.05,0.73,0.21,0.77
32.904,0.27,0.52,1.11,1.26
32.914,0.57,-0.22,-0.36,0.71
32.924,0.26,0.33,-0.82,0.92
32.934,0.13,0.81,1.03,1.32
32.944,0.23,-0.25,0.27,0.43
32.954,0.31,0.19,-1.30,1.35
32.964,0.09,1.31,0.90,1.59
32.974,-0.07,0.13,1.04,1.06
32.984,0.26,0.02,-0.76,0.81
32.994,-0.28,0.56,-0.64,0.90
33.004,0.02,0.33,-0.90,0.96
33.014,-0.07,0.91,1.02,1.37
33.024,-0.32,0.38,1.97,2.03
33.034,-0.25,-0.02,-1.00,1.03
33.044,-0.31,0.79,-1.28,1.53
33.054,-0.41,0.43,0.51,0.79
33.064,0.08,-0.21,0.82,0.85
33.074,-0.08,0.83,-0.04,0.84
33.084,-0.23,0.52,-0.62,0.84
33.094,0.25,-0.18,-0.39,0.50
33.104,0.10,0.55,1.15,1.27
33.114,-0.15,0.38,0.07,0.41
33.124,0.03,0.47,-1.17,1.26
33.134,-0.11,0.64,0.54,0.84
33.144,-0.15,-0.09,0.03,0.18
33.153,0.22,0.61,-0.17,0.67
33.163,-0.37,0.52,0.38,0.74
33.174,-0.04,0.39,-0.02,0.39
33.183,0.06,0.15,0.10,0.19
33.193,0.01,0.22,-0.25,0.33
33.203,-0.05,0.48,-0.33,0.59
33.213,0.01,0.60,0.46,0.75
33.223,0.06,-0.02,-0.11,0.13
33.233,0.14,0.31,-0.36,0.49
33.243,0.23,0.30,0.19,0.42
33.253,0.32,0.74,0.51,0.95
33.263,0.17,0.47,0.79,0.94
33.273,-0.04,0.17,-0.13,0.21
33.283,-0.36,0.75,-0.12,0.84
33.293,-0.69,0.13,-0.08,0.71
33.303,-0.48,0.04,-1.03,1.14
33.313,-0.48,0.41,-0.05,0.64
33.323,-0.52,0.43,0.43,0.80
33.333,-0.17,0.42,-0.03,0.46
33.343,-0.29,0.77,0.20,0.84
33.353,-0.25,0.24,0.39,0.52
33.363,-0.01,-0.17,-0.57,0.59
33.373,-0.04,1.00,-0.22,1.02
33.383,-0.11,0.23,0.72,0.76
33.393,0.17,-0.02,0.20,0.26
33.403,-0.21,0.56,-0.23,0.64
33.413,-0.22,0.17,-0.78,0.83
33.423,0.12,0.29,-0.00,0.31
33.433,-0.09,0.39,0.90,0.99
33.443,-0.16,0.33,0.01,0.37
33.453,-0.02,0.56,-0.18,0.59
33.463,-0.15,0.06,0.12,0.21
33.473,0.25,0.23,-0.32,0.47
33.483,0.38,0.03,-0.40,0.56
33.493,0.27,0.51,0.25,0.63
33.503,0.41,0.54,0.75,1.01
33.513,0.44,0.23,0.31,0.58
33.523,0.39,0.02,-0.90,0.98
33.533,0.24,0.37,-0.28,0.52
33.543,0.25,0.62,0.93,1.14
33.553,0.26,0.11,-0.01,0.28
33.563,0.40,0.30,-0.60,0.78
33.573,0.10,0.72,0.53,0.90
33.583,0.21,0.42,0.54,0.72
33.593,0.23,-0.17,-0.69,0.75
33.603,0.11,0.24,-0.97,1.00
33.613,-0.07,1.06,1.39,1.75
33.623,-0.07,0.13,1.26,1.27
33.633,0.18,-0.07,-1.36,1.37
33.643,-0.06,0.43,-0.98,1.07
33.653,-0.07,0.71,0.62,0.95
33.663,0.20,-0.25,0.39,0.51
33.673,0.14,0.07,-0.80,0.81
33.683,-0.02,0.90,-0.02,0.90
33.693,-0.18,0.48,1.05,1.17
33.703,0.02,0.40,0.30,0.50
33.713,-0.17,-0.04,-0.43,0.47
33.723,-0.27,0.30,-1.15,1.22
33.733,-0.10,0.51,-0.09,0.53
33.743,-0.16,0.53,1.75,1.84
33.753,-0.09,0.03,-0.13,0.16
33.763,-0.10,0.45,-1.16,1.25
33.773,-0.36,0.55,-0.05,0.66
33.782,0.02,0.27,0.87,0.92
33.793,0.09,0.12,0.54,0.56
33.802,-0.12,0.51,-0.45,0.69
33.813,-0.16,0.60,-0.28,0.68
33.823,-0.03,0.11,-0.12,0.17
33.833,0.11,-0.01,-0.15,0.19
33.843,0.06,0.51,0.08,0.52
33.853,0.30,0.55,0.43,0.76
33.862,0.31,0.26,0.03,0.41
33.873,0.20,0.29,-0.10,0.37
33.882,0.02,0.38,0.23,0.45
33.892,-0.35,0.26,0.31,0.53
33.902,-0.51,-0.03,-0.39,0.65
33.913,-0.32,0.42,-0.55,0.76
33.922,-0.51,0.49,0.07,0.71
33.932,-0.04,0.45,0.90,1.01
33.942,0.02,-0.05,-0.29,0.30
33.952,0.05,0.45,-0.94,1.04
33.962,-0.04,0.69,0.28,0.75
33.972,0.18,0.25,1.03,1.08
33.982,-0.00,-0.11,-0.38,0.39
33.992,-0.15,0.60,-0.55,0.83
34.002,-0.13,0.31,0.10,0.35
34.012,0.12,0.07,0.14,0.20
34.022,0.00,0.14,0.14,0.20
34.032,0.07,0.46,-0.40,0.61
34.042,-0.00,0.56,0.26,0.62
34.052,-0.06,0.13,0.75,0.76
34.062,0.24,0.20,-0.05,0.31
34.072,-0.08,0.22,-0.99,1.02
34.082,-0.01,0.54,-0.17,0.56
34.092,0.16,0.20,1.17,1.20
34.102,0.32,-0.08,-0.01,0.33
34.112,0.04,0.47,-0.71,0.85
34.122,-0.12,0.53,0.15,0.57
34.132,0.10,0.19,0.37,0.42
34.142,0.24,0.01,-0.47,0.53
34.152,0.01,0.71,0.02,0.71
34.162,0.08,0.52,0.17,0.55
34.172,0.12,0.13,0.31,0.36
34.182,-0.16,0.34,0.35,0.51
34.192,-0.26,0.20,-0.29,0.44
34.202,-0.26,0.15,-0.75,0.81
34.212,-0.04,0.31,0.32,0.45
34.222,0.20,0.15,0.26,0.36
34.232,0.10,0.54,-0.26,0.61
34.242,0.07,0.53,0.59,0.80
34.252,-0.01,0.41,0.27,0.49
34.262,0.09,-0.06,-0.32,0.33
34.272,-0.11,0.28,-0.42,0.52
34.282,-0.12,0.30,-0.62,0.70
34.292,0.14,0.52,0.66,0.85
34.302,0.07,0.38,1.09,1.16
34.312,0.12,0.14,-0.05,0.20
34.322,-0.16,0.57,-0.25,0.64
34.332,-0.20,0.24,-0.16,0.35
34.342,0.14,-0.26,-0.68,0.74
34.352,0.11,0.38,-0.11,0.41
34.362,-0.13,0.66,0.88,1.10
34.372,0.07,0.23,0.12,0.27
34.382,-0.06,-0.07,-0.41,0.42
34.392,-0.24,0.40,-0.13,0.48
34.402,-0.16,0.20,0.15,0.30
34.412,0.14,0.14,-0.02,0.20
34.422,-0.24,0.22,0.27,0.43
34.432,0.02,0.36,-0.02,0.36
34.442,-0.12,0.12,-0.71,0.73
34.452,-0.06,0.64,0.40,0.76
34.462,0.58,0.29,1.01,1.20
34.472,0.36,-0.03,-0.65,0.75
34.482,-0.02,0.73,-0.72,1.02
34.492,-0.11,0.46,0.60,0.76
34.502,-0.19,-0.04,-0.14,0.24
34.512,-0.37,-0.16,-0.78,0.88
34.522,-0.67,0.86,0.61,1.25
34.532,-0.98,0.67,1.98,2.31
34.542,-0.91,-0.09,-0.61,1.10
34.552,-0.53,0.21,-1.50,1.61
34.561,-0.58,0.52,0.13,0.79
34.572,-0.12,0.33,0.76,0.84
34.582,0.29,-0.13,-0.04,0.32
34.592,-0.15,0.23,-0.60,0.66
34.601,-0.11,0.23,-0.48,0.54
34.611,0.05,0.43,0.33,0.54
34.622,0.06,0.07,0.76,0.77
34.631,0.20,0.01,-0.07,0.22
34.641,-0.08,0.21,-0.70,0.74
34.651,-0.05,0.57,0.34,0.66
34.661,0.16,0.09,0.61,0.64
34.672,0.17,0.11,-0.24,0.31
34.681,0.31,0.20,-0.46,0.59
34.691,0.38,0.38,-0.29,0.62
34.701,0.72,0.25,0.42,0.87
34.711,0.32,0.51,0.96,1.14
34.721,-0.08,0.36,0.61,0.71
34.731,-0.29,0.07,-1.17,1.21
34.741,-0.81,0.42,-0.27,0.95
34.751,-1.12,0.24,0.02,1.14
34.761,-0.90,0.07,0.15,0.91
34.771,-0.93,-0.04,1.04,1.39
34.781,-1.61,0.55,0.34,1.74
34.791,-1.89,0.16,-0.65,2.01
34.801,-2.10,0.35,-0.51,2.19
34.811,-2.19,0.21,-0.25,2.21
34.821,-2.09,0.23,-0.36,2.14
34.831,-1.91,0.62,0.36,2.04
34.841,-1.69,0.26,0.15,1.72
34.851,-1.61,0.23,-0.39,1.67
34.861,-1.51,0.47,0.18,1.60
34.871,-1.76,-0.03,0.19,1.77
34.881,-1.27,0.06,-0.32,1.31
34.891,-1.40,0.29,-0.09,1.43
34.901,-1.20,0.05,0.21,1.22
34.911,-0.77,-0.07,-0.04,0.78
34.921,-1.12,0.25,-0.13,1.16
34.931,-1.13,0.05,0.29,1.16
34.941,-1.17,-0.12,0.20,1.19
34.951,-1.43,0.16,-0.16,1.45
34.961,-1.64,0.25,-0.14,1.66
34.971,-1.72,0.04,0.14,1.73
34.981,-1.80,0.17,-0.03,1.80
34.991,-1.88,0.27,-0.19,1.91
35.001,-1.87,0.20,-0.02,1.89
35.011,-1.80,0.02,0.10,1.81
35.021,-1.91,0.09,-0.06,1.91
35.031,-1.54,0.14,-0.03,1.54
35.041,-1.33,0.17,0.14,1.35
35.051,-2.74,0.03,0.07,2.74
35.061,-3.08,0.12,-0.30,3.10
35.071,-2.45,-0.05,-0.36,2.48
35.081,-2.81,0.18,-0.41,2.85
35.091,-2.33,-0.07,-0.45,2.38
35.101,-1.20,-0.53,-0.18,1.32
35.111,-0.40,0.09,0.09,0.42
35.121,0.19,0.29,-0.26,0.43
35.131,1.68,0.01,0.18,1.69
35.141,1.64,0.07,0.52,1.72
35.151,1.12,-0.05,0.26,1.15
35.161,1.57,0.18,0.05,1.58
35.171,1.00,0.06,0.02,1.00
35.181,1.53,0.05,-0.13,1.53
35.191,1.90,-0.75,0.26,2.06
35.200,1.49,-0.29,0.34,1.56
35.211,1.35,-0.07,-0.01,1.35
35.221,0.81,0.30,-0.08,0.86
35.231,0.33,0.04,0.21,0.39
35.241,0.24,-0.00,0.05,0.25
35.250,-0.32,-0.04,-0.17,0.36
35.261,-0.47,-0.01,-0.12,0.48
35.270,-0.19,-0.16,-0.00,0.25
35.280,-0.17,-0.24,0.02,0.29
35.290,-0.36,-0.23,0.01,0.43
35.300,-0.34,-0.02,-0.04,0.35
35.310,-0.45,0.03,-0.11,0.47
35.320,-0.45,0.10,-0.05,0.46
35.330,-0.29,0.03,-0.06,0.29
35.340,-0.38,0.10,-0.03,0.40
35.350,-0.37,0.15,-0.12,0.42
35.360,-0.22,-0.05,-0.02,0.22
35.370,-0.22,-0.03,0.02,0.22
35.380,-0.25,-0.11,-0.09,0.29
35.390,-0.22,-0.17,-0.06,0.29
35.400,-0.22,-0.21,0.02,0.30
35.410,-0.14,-0.06,-0.07,0.17
35.420,-0.06,0.01,-0.04,0.08
35.430,-0.02,0.05,0.02,0.06
35.440,0.06,-0.00,0.00,0.06
35.451,0.12,0.04,-0.00,0.13
35.460,0.14,-0.00,0.01,0.14
35.470,0.16,-0.02,0.02,0.17
35.480,0.18,-0.07,-0.02,0.19
35.490,0.23,-0.10,0.01,0.26
35.500,0.25,-0.13,0.04,0.29
35.510,0.23,-0.07,0.01,0.24
35.520,0.20,-0.04,-0.00,0.21
35.530,0.18,-0.01,0.01,0.18
35.540,0.23,-0.00,0.01,0.23
35.550,0.24,0.00,0.01,0.24
35.560,0.21,0.02,0.01,0.21
35.570,0.17,-0.01,-0.02,0.17
35.580,0.13,-0.04,0.00,0.14
35.590,0.12,-0.08,0.01,0.14
35.600,0.07,-0.07,0.01,0.10
35.610,0.02,-0.06,-0.01,0.07
35.620,-0.00,-0.05,-0.01,0.05
35.630,-0.03,-0.05,-0.02,0.06
35.640,-0.08,-0.04,-0.03,0.09
35.650,-0.12,-0.02,-0.04,0.13
35.660,-0.10,0.00,-0.04,0.11
35.670,-0.05,-0.00,-0.03,0.06
35.680,-0.02,-0.01,-0.00,0.02
35.690,0.01,-0.01,-0.02,0.02
35.700,0.05,-0.02,-0.01,0.05
35.710,0.07,-0.05,-0.00,0.09
35.720,0.09,-0.04,0.00,0.10
35.730,0.10,-0.05,-0.01,0.11
35.740,0.13,-0.04,-0.01,0.14
35.750,0.13,-0.03,0.00,0.13
35.760,0.12,-0.03,-0.01,0.13
35.770,0.14,-0.01,-0.00,0.14
35.780,0.12,-0.00,-0.01,0.12
35.790,0.12,-0.02,-0.00,0.12
35.800,0.13,-0.01,0.01,0.13
35.810,0.12,-0.02,-0.01,0.12
35.820,0.16,-0.03,-0.02,0.16
35.830,0.22,-0.05,0.04,0.23
35.840,0.16,-0.03,0.02,0.17
35.850,0.10,-0.02,-0.02,0.11
35.860,0.07,-0.04,-0.01,0.08
35.870,-0.02,-0.07,-0.00,0.07
35.880,-0.04,-0.06,-0.01,0.08
35.890,0.02,-0.02,-0.05,0.06
35.899,-0.09,-0.04,0.01,0.10
35.910,-0.12,0.10,-0.00,0.15
35.920,-0.19,0.04,-0.08,0.21
35.930,-0.31,0.01,-0.02,0.31
35.940,-0.35,-0.06,-0.00,0.36
35.950,-0.36,-0.03,-0.09,0.38
35.960,-0.36,-0.04,-0.07,0.37
35.970,-0.19,-0.06,-0.01,0.20
35.980,-0.08,-0.03,-0.01,0.08
35.990,-0.02,-0.01,-0.01,0.03
35.999,0.04,-0.02,0.02,0.05
36.009,0.02,-0.00,-0.01,0.02
36.019,0.04,0.00,-0.02,0.04
36.030,0.12,-0.02,-0.00,0.12
36.039,0.15,-0.04,0.03,0.16
36.049,0.20,-0.03,0.03,0.20
36.059,0.20,-0.03,-0.01,0.20
36.070,0.15,-0.03,-0.01,0.15
36.079,0.11,-0.05,0.00,0.12
36.089,0.05,-0.05,-0.02,0.07
36.099,0.02,-0.04,-0.03,0.05
36.109,0.01,0.01,-0.01,0.01
36.119,-0.02,0.00,0.00,0.02
36.129,-0.08,0.01,-0.02,0.08
36.139,-0.11,-0.03,-0.04,0.12
36.149,-0.06,-0.00,-0.02,0.06
36.159,-0.07,-0.02,-0.00,0.07
36.169,-0.02,-0.03,-0.01,0.04
36.179,0.04,-0.01,0.00,0.04
36.189,-0.00,-0.02,0.01,0.02
36.199,-0.02,-0.03,-0.01,0.04
36.209,0.00,-0.02,-0.04,0.04
36.219,-0.04,-0.02,-0.03,0.05
36.229,0.02,-0.03,0.02,0.04
36.239,0.06,-0.01,0.01,0.06
36.249,0.06,0.00,-0.02,0.07
36.259,0.07,-0.01,-0.02,0.07
36.269,0.12,-0.02,0.01,0.12
36.279,0.01,-0.02,-0.01,0.03
36.289,0.04,-0.03,-0.02,0.06
36.299,0.06,-0.04,0.02,0.08
36.309,0.00,-0.04,-0.01,0.05
36.319,0.10,-0.03,-0.02,0.11
36.329,0.16,-0.02,0.02,0.16
36.339,0.05,-0.05,0.01,0.07
36.349,0.11,-0.06,-0.01,0.13
36.359,0.05,-0.05,-0.00,0.07
36.369,-0.02,-0.06,0.01,0.06
36.379,0.06,-0.04,-0.02,0.08
36.389,0.06,-0.08,-0.01,0.11
36.399,0.00,-0.06,0.03,0.07
36.409,-0.01,-0.05,0.01,0.05
36.419,-0.07,-0.05,-0.04,0.09
36.429,-0.11,0.02,-0.04,0.11
36.439,-0.04,0.02,-0.03,0.06
36.449,-0.12,-0.02,-0.02,0.13
36.459,-0.17,-0.04,0.03,0.18
36.469,-0.11,-0.03,-0.03,0.12
36.479,-0.17,0.00,-0.06,0.18
36.489,-0.16,-0.02,-0.03,0.16
36.499,-0.10,-0.06,-0.01,0.12
36.509,-0.10,-0.06,-0.03,0.12
36.519,-0.06,-0.03,-0.02,0.07
36.529,-0.03,-0.02,0.01,0.04
36.539,-0.02,-0.03,-0.02,0.04
36.549,0.02,-0.03,-0.01,0.04
36.559,0.04,-0.06,0.01,0.07
36.569,0.10,-0.01,0.01,0.10
36.579,0.13,0.00,-0.01,0.13
36.589,0.11,-0.04,0.04,0.13
36.599,0.09,-0.05,0.00,0.10
36.609,0.05,-0.00,-0.04,0.06
36.619,0.01,-0.02,-0.03,0.04
36.629,-0.02,-0.07,0.05,0.09
36.639,-0.00,-0.04,0.00,0.04
36.649,-0.01,-0.02,-0.04,0.05
36.659,0.01,-0.07,-0.00,0.07
36.669,-0.02,-0.05,0.00,0.05
36.679,0.00,-0.01,-0.01,0.01
36.689,0.00,-0.03,-0.03,0.04
36.699,-0.01,-0.06,0.04,0.07
36.709,0.04,-0.05,-0.00,0.07
36.718,0.00,-0.02,-0.04,0.05
36.728,-0.01,-0.08,0.02,0.09
36.739,-0.01,-0.05,0.01,0.06
36.748,0.00,-0.03,-0.06,0.07
36.758,-0.01,-0.03,-0.01,0.04
36.768,0.01,-0.07,0.02,0.07
36.778,-0.03,-0.03,-0.01,0.05
36.788,-0.02,-0.01,-0.02,0.04
36.798,-0.06,-0.10,-0.03,0.12
36.808,-0.13,-0.07,0.01,0.14
36.818,-0.10,-0.09,-0.03,0.13
36.828,-0.07,0.00,-0.03,0.08
36.838,-0.01,0.03,-0.01,0.04
36.848,0.08,0.06,-0.01,0.10
36.858,0.10,0.06,-0.00,0.12
36.868,0.14,0.03,0.01,0.14
36.878,0.09,0.01,-0.00,0.10
36.888,0.11,-0.03,-0.02,0.11
36.898,0.13,-0.03,0.02,0.14
36.908,0.13,-0.07,-0.00,0.14
36.918,0.13,-0.09,-0.01,0.16
36.928,0.09,-0.13,0.01,0.16
36.938,0.05,-0.11,0.03,0.13
36.948,0.07,-0.12,-0.02,0.14
36.958,-0.06,-0.08,-0.05,0.11
36.968,-0.11,-0.09,-0.01,0.14
36.978,-0.20,-0.09,-0.05,0.22
36.988,-0.26,-0.04,-0.05,0.27
36.998,-0.23,-0.04,-0.04,0.23
37.008,-0.26,-0.03,-0.05,0.27
37.018,-0.22,-0.01,-0.01,0.22
37.028,-0.11,0.07,-0.00,0.13
37.038,-0.05,0.07,-0.06,0.11
37.048,0.00,0.07,-0.03,0.07
37.058,0.09,0.05,0.01,0.10
37.068,0.13,0.05,-0.00,0.14
37.078,0.23,0.01,0.02,0.23
37.088,0.25,-0.06,0.06,0.26
37.098,0.25,-0.08,0.03,0.26
37.108,0.22,-0.06,0.00,0.23
37.118,0.16,-0.08,0.00,0.18
37.128,0.11,-0.10,-0.00,0.14
37.138,0.05,-0.03,-0.02,0.07
37.148,0.01,-0.03,-0.02,0.04
37.158,-0.07,-0.06,-0.03,0.10
37.168,-0.10,-0.03,-0.05,0.12
37.178,-0.16,-0.14,-0.04,0.22
37.188,-0.20,-0.16,-0.01,0.25
37.198,-0.15,-0.16,-0.03,0.22
37.208,-0.15,-0.11,-0.05,0.19
37.218,-0.12,-0.06,-0.03,0.14
37.228,-0.04,-0.05,0.02,0.07
37.238,-0.03,0.02,-0.03,0.05
37.248,0.02,0.03,-0.03,0.05
37.258,0.07,0.04,0.01,0.08
37.268,0.09,-0.05,-0.01,0.10
37.278,0.15,-0.06,0.03,0.17
37.288,0.15,-0.02,0.01,0.15
37.298,0.14,-0.02,-0.02,0.14
37.308,0.13,-0.03,0.01,0.13
37.318,0.10,-0.05,0.02,0.11
37.328,0.09,-0.04,-0.02,0.10
37.338,0.08,-0.07,0.01,0.11
37.348,0.07,-0.12,-0.02,0.14
37.358,0.08,-0.12,0.02,0.14
37.368,0.02,-0.05,-0.00,0.05
37.377,0.01,-0.04,-0.06,0.07
37.388,-0.01,-0.01,-0.03,0.04
37.398,-0.06,-0.03,0.01,0.07
37.408,-0.08,0.01,-0.02,0.08
37.417,-0.09,0.03,-0.06,0.12
37.428,-0.11,-0.02,-0.03,0.12
37.437,-0.12,-0.07,0.02,0.14
37.448,-0.09,0.01,-0.03,0.10
37.457,-0.04,0.07,-0.05,0.10
37.467,-0.01,0.02,0.01,0.02
37.478,0.04,0.00,0.05,0.06
37.487,0.04,0.01,-0.02,0.04
37.497,0.10,0.01,-0.01,0.10
37.508,0.08,0.01,0.01,0.08
37.517,0.09,-0.01,-0.02,0.10
37.527,0.11,-0.07,-0.02,0.13
37.537,0.08,-0.12,0.02,0.14
37.547,0.09,-0.07,0.02,0.11
37.557,0.05,-0.05,-0.04,0.08
37.567,-0.03,-0.04,-0.02,0.05
37.577,-0.07,-0.05,-0.00,0.09
37.587,-0.10,-0.02,-0.03,0.11
37.597,-0.11,0.02,-0.03,0.11
37.607,-0.11,-0.01,-0.02,0.12
37.617,-0.08,0.05,0.01,0.10
37.627,-0.07,0.06,-0.05,0.10
37.637,-0.03,0.06,-0.01,0.06
37.647,-0.01,0.03,0.00,0.03
37.657,0.04,-0.02,-0.01,0.04
37.667,0.07,-0.03,-0.00,0.08
37.677,0.12,-0.03,0.03,0.12
37.687,0.15,-0.03,-0.01,0.16
37.697,0.13,-0.05,0.00,0.13
37.707,0.07,-0.05,-0.00,0.09
37.717,0.06,-0.12,-0.03,0.14
37.727,0.03,-0.09,-0.02,0.10
37.737,0.04,-0.07,-0.02,0.08
37.747,0.05,-0.05,-0.03,0.08
37.757,-0.01,-0.07,-0.00,0.07
37.767,-0.01,-0.04,-0.02,0.05
37.777,-0.01,-0.03,0.00,0.03
37.787,-0.03,-0.06,-0.03,0.07
37.797,-0.01,-0.06,0.00,0.06
37.807,-0.01,-0.03,-0.03,0.04
37.817,-0.01,-0.05,-0.03,0.06
37.827,0.04,-0.04,-0.00,0.05
37.837,0.04,-0.00,-0.01,0.04
37.847,0.06,-0.02,-0.07,0.09
37.857,0.05,-0.04,0.02,0.07
37.867,0.03,-0.07,0.00,0.07
37.877,0.06,-0.04,-0.03,0.07
37.887,0.08,-0.06,-0.01,0.10
37.897,0.09,-0.06,0.01,0.11
37.907,0.08,-0.07,-0.02,0.10
37.917,0.05,-0.06,-0.04,0.09
37.927,0.01,-0.08,-0.01,0.08
37.937,0.03,-0.09,-0.03,0.10
37.947,0.01,-0.11,-0.05,0.12
37.957,0.08,-0.07,0.04,0.11
37.967,0.08,-0.03,0.02,0.09
37.977,0.09,0.08,0.00,0.12
37.987,0.05,0.07,-0.02,0.09
37.997,-0.00,0.02,-0.04,0.04
38.007,-0.01,0.04,0.03,0.05
38.017,-0.03,0.06,0.00,0.07
38.027,-0.03,0.05,-0.03,0.06
38.037,-0.04,0.03,-0.02,0.05
38.047,-0.06,0.02,-0.01,0.07
38.057,-0.04,0.00,-0.03,0.05
38.067,-0.04,0.02,-0.01,0.04
38.077,-0.05,0.03,-0.01,0.06
38.087,0.01,-0.01,0.00,0.02
38.096,-0.03,0.01,0.01,0.03
38.106,-0.02,0.05,0.02,0.06
38.116,-0.02,0.06,-0.02,0.07
38.127,-0.04,0.06,-0.02,0.07
38.136,-0.02,0.02,-0.00,0.03
38.147,-0.02,-0.02,-0.01,0.03
38.156,-0.02,0.03,0.01,0.03
38.166,0.02,0.02,0.02,0.03
38.176,-0.03,0.03,0.00,0.04
38.186,-0.03,0.02,-0.01,0.04
38.196,-0.06,0.02,-0.01,0.06
38.206,-0.06,-0.01,-0.04,0.08
38.216,-0.03,-0.03,-0.02,0.05
38.226,-0.02,-0.00,-0.00,0.02
38.236,0.04,-0.04,-0.01,0.05
38.246,0.07,-0.01,0.01,0.07
38.256,0.05,0.01,0.01,0.05
38.266,0.07,0.01,-0.00,0.08
38.276,0.02,-0.02,-0.01,0.03
38.286,0.02,0.00,-0.01,0.02
38.296,0.08,0.01,0.00,0.08
38.306,0.04,0.02,0.01,0.05
38.316,0.03,-0.03,0.01,0.04
38.326,0.05,-0.02,0.01,0.05
38.336,-0.01,-0.00,-0.03,0.03
38.346,0.02,-0.04,-0.03,0.06
38.356,0.06,-0.02,0.03,0.07
38.366,0.05,0.00,0.00,0.05
38.376,0.09,-0.02,-0.02,0.09
38.386,0.06,-0.04,-0.00,0.07
38.396,0.09,-0.07,0.02,0.11
38.406,0.10,-0.01,0.00,0.10
38.416,0.09,0.01,-0.02,0.09
38.426,0.11,-0.02,0.02,0.11
38.436,0.08,0.00,0.02,0.08
38.446,0.07,0.02,-0.01,0.07
38.456,0.07,0.01,-0.02,0.07
38.466,0.05,0.00,-0.03,0.06
38.476,0.03,-0.07,-0.02,0.08
38.486,0.01,-0.06,0.02,0.07
38.496,0.01,-0.02,0.00,0.02
38.506,-0.03,-0.00,-0.03,0.04
38.516,-0.10,0.01,-0.01,0.10
38.526,-0.14,0.01,-0.03,0.15
38.536,-0.23,0.03,-0.07,0.24
38.546,-0.26,-0.01,-0.04,0.26
38.556,-0.26,0.00,-0.03,0.26
38.566,-0.20,0.02,-0.02,0.20
38.576,-0.17,0.07,0.00,0.18
38.586,-0.17,0.03,-0.01,0.17
38.596,-0.11,-0.01,-0.03,0.12
38.606,-0.10,0.01,-0.04,0.11
38.616,-0.05,0.02,-0.01,0.05
38.626,0.05,-0.00,-0.01,0.05
38.636,0.10,-0.02,0.01,0.10
38.646,0.17,-0.01,0.02,0.18
38.656,0.18,0.02,0.02,0.18
38.666,0.14,0.00,0.01,0.14
38.676,0.06,-0.02,-0.02,0.07
38.686,0.03,-0.04,-0.01,0.05
38.696,-0.05,-0.01,-0.02,0.05
38.706,-0.01,-0.02,-0.01,0.02
38.716,-0.01,-0.00,0.02,0.02
38.726,-0.09,0.01,0.01,0.09
38.736,-0.09,0.01,-0.03,0.09
38.746,-0.13,0.01,-0.04,0.14
38.756,-0.12,0.01,-0.02,0.12
38.766,-0.10,-0.01,-0.05,0.11
38.776,-0.04,-0.02,-0.02,0.05
38.786,-0.01,-0.03,-0.01,0.03
38.796,0.05,-0.02,-0.01,0.06
38.806,0.07,-0.01,-0.02,0.08
38.815,0.09,-0.01,0.03,0.09
38.825,0.07,-0.01,0.01,0.08
38.835,0.04,-0.01,-0.01,0.05
38.845,0.01,-0.00,-0.01,0.01
38.855,-0.03,-0.01,-0.02,0.04
38.865,-0.02,0.00,-0.03,0.03
38.875,-0.00,-0.04,-0.01,0.04
38.885,0.05,-0.04,-0.00,0.06
38.895,0.09,-0.03,-0.01,0.10
38.905,0.08,-0.02,0.01,0.08
38.915,0.10,-0.04,0.02,0.11
38.925,0.07,-0.03,0.00,0.08
38.935,0.01,-0.03,-0.00,0.03
38.945,0.01,-0.02,-0.03,0.04
38.955,-0.00,0.00,-0.02,0.02
38.965,0.02,-0.01,-0.01,0.02
38.975,0.02,-0.03,-0.00,0.04
38.985,0.00,0.01,-0.01,0.01
38.995,-0.06,0.01,-0.01,0.06
39.005,-0.06,-0.02,-0.00,0.06
39.015,-0.05,-0.03,0.00,0.06
39.025,-0.00,0.00,-0.03,0.03
39.035,0.03,-0.01,-0.02,0.04
39.045,0.12,-0.02,0.04,0.13
39.055,0.07,-0.02,0.01,0.08
39.065,0.05,-0.02,-0.02,0.05
39.075,0.02,-0.02,0.00,0.03
39.085,-0.04,-0.01,-0.01,0.04
39.095,-0.01,-0.01,-0.01,0.02
39.105,-0.06,0.01,-0.02,0.06
39.115,-0.06,-0.00,-0.01,0.06
39.125,-0.08,-0.02,-0.03,0.09
39.135,-0.14,-0.01,-0.04,0.15
39.145,-0.15,-0.00,-0.03,0.15
39.155,-0.14,-0.00,-0.03,0.14
39.165,-0.11,0.02,-0.02,0.11
39.175,-0.06,0.02,-0.00,0.06
39.185,-0.06,0.01,-0.01,0.06
39.195,-0.03,-0.02,0.00,0.03
39.205,0.00,-0.02,-0.01,0.02
39.215,0.02,-0.01,-0.02,0.03
39.225,0.03,-0.02,0.00,0.04
39.235,0.08,-0.05,0.00,0.09
39.245,0.09,-0.04,-0.01,0.09
39.255,0.12,-0.03,0.00,0.12
39.265,0.14,-0.02,0.01,0.14
39.275,0.13,-0.05,0.01,0.14
39.285,0.07,-0.02,-0.01,0.07
39.295,0.02,-0.02,-0.00,0.03
39.305,0.00,-0.03,-0.00,0.03
39.315,0.01,-0.01,-0.00,0.01
39.325,0.00,-0.00,-0.02,0.02
39.335,-0.03,-0.02,-0.00,0.04
39.345,-0.01,-0.03,-0.01,0.03
39.355,-0.04,-0.03,-0.01,0.05
39.365,-0.08,-0.01,-0.03,0.08
39.375,-0.08,-0.02,-0.02,0.08
39.385,-0.08,-0.02,-0.03,0.09
39.395,-0.06,-0.01,-0.02,0.07
39.405,-0.01,0.00,-0.01,0.01
39.415,-0.01,-0.01,-0.02,0.03
39.425,0.01,-0.03,-0.02,0.04
39.435,0.02,-0.02,-0.01,0.03
39.445,0.00,-0.01,-0.01,0.01
39.455,0.02,-0.02,-0.01,0.03
39.465,-0.00,-0.03,-0.01,0.03
39.475,0.03,-0.02,-0.01,0.04
39.485,0.06,-0.01,-0.01,0.06
39.494,0.07,-0.01,-0.01,0.07
39.505,0.07,-0.04,-0.01,0.08
39.514,0.05,-0.00,-0.01,0.05
39.525,0.03,-0.02,-0.02,0.04
39.541,0.01,-0.02,-0.02,0.03
39.544,-0.00,-0.02,-0.01,0.02
39.554,-0.00,-0.02,-0.02,0.03
39.564,-0.01,-0.02,-0.02,0.03
39.574,-0.02,-0.02,-0.00,0.03
39.584,-0.01,-0.02,-0.01,0.02
39.594,-0.01,-0.02,-0.03,0.03
39.604,-0.00,0.00,0.00,0.01
39.614,-0.02,-0.01,-0.02,0.03
39.624,0.01,-0.00,-0.01,0.02
39.634,0.02,-0.01,-0.02,0.03
39.644,-0.01,-0.02,0.00,0.03
39.654,0.00,-0.03,-0.01,0.03
39.664,0.03,-0.04,0.01,0.05
39.674,0.03,-0.02,-0.02,0.05
39.684,0.03,-0.01,-0.02,0.04
39.694,0.04,-0.01,-0.00,0.04
39.704,0.02,-0.00,0.00,0.02
39.714,0.01,-0.02,-0.00,0.02
39.724,-0.03,-0.00,-0.02,0.04
39.734,-0.08,-0.01,-0.03,0.09
39.744,-0.13,-0.02,-0.02,0.13
39.754,-0.16,-0.02,-0.03,0.17
39.764,-0.17,-0.01,-0.03,0.18
39.774,-0.17,0.00,-0.01,0.17
39.784,-0.15,0.01,-0.01,0.15
39.794,0.02,0.03,-0.02,0.04
39.804,0.04,0.03,-0.01,0.05
39.814,0.07,-0.05,0.03,0.09
39.824,0.06,-0.06,0.02,0.09
39.834,-0.00,-0.01,-0.04,0.04
39.844,-0.01,-0.05,-0.03,0.06
39.854,-0.05,-0.04,-0.00,0.06
39.864,-0.04,-0.01,-0.02,0.04
39.874,-0.00,0.01,-0.02,0.02
39.884,-0.01,0.00,-0.01,0.01
39.894,0.00,-0.00,-0.00,0.00
39.904,0.06,-0.02,0.00,0.06
39.914,0.10,-0.04,0.00,0.11
39.924,0.15,-0.03,0.01,0.15
39.934,0.12,-0.03,0.00,0.13
39.944,0.11,-0.01,0.01,0.11
39.954,0.08,-0.00,0.01,0.09
39.964,-0.02,-0.02,-0.01,0.03
39.974,-0.06,-0.01,-0.01,0.06
39.984,-0.10,-0.01,-0.02,0.10
39.994,-0.12,0.00,-0.04,0.13
40.004,-0.13,-0.03,-0.01,0.13
40.014,-0.13,-0.02,-0.02,0.13
40.024,-0.09,-0.01,-0.00,0.09
40.034,-0.07,-0.02,-0.02,0.07
40.044,-0.03,-0.02,-0.02,0.04
40.054,-0.03,-0.03,-0.02,0.04
40.064,-0.03,-0.04,-0.02,0.05
40.074,0.04,-0.03,-0.02,0.05
40.084,0.05,-0.04,-0.02,0.06
40.094,0.06,-0.04,-0.00,0.07
40.104,0.17,-0.05,0.01,0.18
40.114,0.28,0.01,0.02,0.28
40.124,0.34,0.01,0.03,0.34
40.134,0.27,-0.04,0.04,0.28
40.144,0.20,-0.04,-0.00,0.20
40.154,0.12,-0.02,-0.02,0.12
40.164,0.05,-0.02,0.00,0.05
40.174,-0.01,-0.03,-0.00,0.03
40.184,-0.06,-0.02,-0.00,0.06
40.194,-0.09,-0.01,0.00,0.09
40.204,-0.14,-0.01,-0.03,0.14
40.214,-0.13,0.02,-0.04,0.14
40.224,-0.17,0.01,-0.04,0.18
40.234,-0.16,0.00,-0.03,0.17
40.243,-0.11,0.03,-0.04,0.12
40.253,-0.09,0.01,-0.02,0.10
40.264,-0.11,-0.02,-0.01,0.11
40.273,-0.08,-0.04,-0.01,0.09
40.283,-0.09,-0.03,-0.03,0.10
40.293,-0.07,-0.01,-0.03,0.08
40.303,-0.05,-0.02,-0.01,0.06
40.313,-0.03,-0.02,-0.01,0.04
40.323,0.01,0.00,-0.01,0.02
40.333,0.02,-0.01,-0.01,0.03
40.343,0.02,-0.01,0.01,0.02
40.353,0.03,-0.02,-0.01,0.03
40.363,0.05,-0.02,-0.01,0.05
40.373,0.06,-0.02,0.01,0.07
40.384,0.07,-0.03,-0.01,0.08
40.393,0.08,-0.03,0.00,0.08
40.403,0.08,-0.01,0.01,0.08
40.413,0.06,-0.01,0.01,0.06
40.423,0.05,-0.02,-0.00,0.05
40.433,0.03,-0.02,-0.01,0.04
40.443,0.01,-0.01,-0.02,0.02
40.453,-0.01,-0.01,-0.01,0.01
40.463,-0.03,-0.01,-0.02,0.04
40.473,-0.04,-0.01,-0.02,0.04
40.483,-0.03,-0.02,-0.02,0.04
40.493,-0.02,-0.02,-0.01,0.03
40.503,0.02,-0.02,-0.01,0.03
40.513,0.03,-0.01,-0.00,0.03
40.523,0.05,-0.03,0.00,0.06
40.533,0.05,-0.02,0.01,0.05
40.543,0.04,-0.02,-0.00,0.04
40.553,0.01,-0.02,-0.01,0.02
40.563,0.01,-0.02,0.00,0.02
40.573,-0.02,-0.01,-0.01,0.02
40.583,-0.02,-0.02,-0.00,0.03
40.593,-0.01,0.00,0.00,0.01
40.603,-0.00,0.00,-0.01,0.01
40.613,0.01,-0.01,-0.01,0.02
40.623,-0.00,-0.01,-0.01,0.01
40.633,0.03,-0.04,-0.00,0.05
40.643,0.03,-0.03,-0.01,0.05
40.653,0.02,-0.02,-0.02,0.04
40.663,0.04,-0.02,-0.01,0.05
40.673,0.03,-0.03,0.01,0.04
40.683,0.03,-0.03,-0.01,0.04
40.693,0.02,-0.01,-0.01,0.02
40.703,0.00,-0.03,-0.01,0.03
40.713,-0.03,-0.02,-0.01,0.04
40.723,-0.05,0.00,-0.03,0.06
40.733,-0.06,0.01,-0.02,0.06
40.743,-0.06,-0.01,-0.02,0.07
40.753,-0.05,-0.03,-0.01,0.06
40.763,-0.01,-0.03,-0.02,0.04
40.773,-0.00,-0.01,-0.02,0.02
40.783,-0.01,-0.01,-0.02,0.02
40.793,0.01,-0.03,-0.01,0.03
40.803,-0.00,-0.01,-0.01,0.02
40.813,0.01,-0.01,-0.01,0.02
40.823,-0.00,-0.01,-0.00,0.01
40.833,-0.02,-0.03,-0.00,0.04
40.843,0.02,-0.04,0.01,0.04
40.853,-0.01,-0.00,-0.00,0.01
40.863,-0.04,-0.01,-0.01,0.04
40.873,0.40,-0.06,0.06,0.41
40.883,0.52,-0.03,0.15,0.54
40.893,-0.16,0.05,0.14,0.22
40.903,-0.41,-0.24,0.23,0.53
40.912,-0.56,-0.35,0.07,0.67
40.923,-0.77,-0.28,-0.06,0.82
40.932,-0.39,-0.06,0.04,0.40
40.942,-0.52,0.12,-0.15,0.55
40.953,-0.51,0.12,-0.02,0.53
40.963,-0.45,0.13,0.07,0.47
40.972,-0.59,0.09,-0.04,0.60
40.983,-0.67,0.06,0.04,0.67
40.993,-0.53,0.07,0.02,0.53
41.002,-0.62,0.07,-0.07,0.63
41.012,-0.93,0.07,-0.14,0.94
41.022,-0.94,-0.05,-0.04,0.94
41.033,-1.20,-0.02,-0.19,1.22
41.042,-1.21,-0.00,-0.21,1.23
41.052,-1.15,0.06,-0.04,1.16
41.062,-1.14,0.18,-0.05,1.16
41.072,-1.08,0.15,-0.11,1.10
41.082,-1.00,0.27,-0.06,1.04
41.092,-0.92,0.21,-0.04,0.95
41.102,-0.80,0.19,-0.10,0.83
41.112,-0.73,0.09,-0.03,0.73
41.122,-0.62,-0.07,-0.05,0.63
41.132,-0.58,-0.11,-0.07,0.59
41.142,-0.58,-0.12,-0.08,0.60
41.152,-0.67,-0.14,-0.03,0.68
41.162,-0.67,-0.15,-0.13,0.69
41.172,-0.61,-0.04,-0.07,0.62
41.182,-0.45,0.06,0.11,0.46
41.192,-0.41,0.04,0.05,0.41
41.202,-0.42,0.03,0.01,0.43
41.212,-0.36,0.14,0.01,0.39
41.222,-0.27,0.14,0.04,0.31
41.232,-0.41,0.06,-0.00,0.42
41.242,-0.46,-0.16,-0.19,0.52
41.252,-0.57,-0.24,0.00,0.61
41.262,-0.57,-0.09,-0.01,0.58
41.272,-0.55,-0.13,-0.17,0.59
41.282,-0.53,0.03,0.07,0.53
41.292,-0.48,0.02,0.04,0.48
41.302,-0.55,0.19,0.03,0.58
41.312,-0.54,0.09,0.20,0.59
41.322,-0.54,-0.01,-0.13,0.56
41.332,-0.42,-0.10,-0.03,0.43
41.342,-0.63,0.00,-0.15,0.65
41.352,-0.71,0.13,0.08,0.72
41.362,-0.61,0.42,0.14,0.75
41.372,-0.71,0.22,-0.11,0.76
41.382,-0.49,0.24,-0.08,0.56
41.392,-0.73,0.03,0.20,0.76
41.402,-0.60,-0.15,-0.12,0.63
41.412,-0.58,0.09,-0.17,0.61
41.422,-0.28,0.27,0.29,0.49
41.432,-0.47,-0.03,-0.33,0.57
41.442,-0.68,-0.06,-0.27,0.74
41.452,-0.54,0.06,0.16,0.56
41.462,-0.74,-0.00,-0.19,0.77
41.472,-0.57,0.35,0.19,0.69
41.482,-0.37,0.32,0.48,0.69
41.492,-0.38,0.09,-0.19,0.43
41.502,-0.41,0.13,0.07,0.44
41.512,-0.35,-0.02,-0.01,0.35
41.522,-0.46,0.01,-0.47,0.66
41.532,-0.43,0.31,0.38,0.65
41.542,-0.50,0.08,0.20,0.54
41.552,-0.81,-0.02,-0.27,0.85
41.562,-0.69,-0.01,-0.07,0.69
41.572,-0.32,-0.03,-0.57,0.65
41.582,-0.46,0.47,-0.24,0.70
41.592,-0.49,0.61,1.35,1.56
41.602,-0.91,-0.12,-0.07,0.92
41.612,-0.66,-0.12,-0.47,0.82
41.622,-0.17,0.31,0.13,0.38
41.632,-0.17,0.53,-0.44,0.71
41.642,-0.37,0.39,0.62,0.82
41.652,-0.74,-0.02,0.21,0.77
41.662,-0.82,-0.33,-0.62,1.08
41.671,-0.39,0.17,-0.28,0.51
41.681,-0.25,0.69,0.26,0.78
41.692,-0.62,0.30,-0.19,0.72
41.702,-0.71,0.40,0.48,0.95
41.711,-0.76,0.09,0.25,0.80
41.722,-0.62,-0.10,-0.42,0.76
41.731,-0.19,0.31,-0.25,0.45
41.741,-0.18,0.76,0.70,1.05
41.751,-0.61,-0.20,-0.20,0.67
41.762,-0.65,-0.18,-0.84,1.07
41.771,-0.34,0.71,0.65,1.02
41.781,-0.52,0.45,0.35,0.77
41.791,-0.95,-0.08,-0.42,1.04
41.801,-0.89,0.24,-0.15,0.94
41.811,-0.65,0.34,0.13,0.75
41.821,-0.66,0.57,-0.13,0.88
41.831,-0.75,0.43,0.18,0.88
41.841,-0.32,0.16,-0.02,0.36
41.851,-0.85,0.19,-0.58,1.05
41.861,-0.23,0.59,0.62,0.89
41.871,-0.61,-0.02,-0.17,0.63
41.881,-0.80,0.18,-0.25,0.85
41.891,-0.55,0.66,0.59,1.04
41.901,-0.66,0.30,-0.39,0.82
41.911,-0.83,0.50,-0.34,1.02
41.921,-0.29,0.64,0.54,0.89
41.931,-0.63,0.31,-1.03,1.24
41.941,-0.26,0.96,0.57,1.14
41.951,-0.10,0.55,0.72,0.91
41.961,-0.45,0.08,-1.00,1.10
41.971,0.13,0.37,0.44,0.59
41.981,0.01,0.79,0.26,0.83
41.991,-0.13,0.19,-0.21,0.31
42.001,-0.17,0.18,-0.26,0.36
42.011,0.03,0.30,-0.32,0.44
42.021,0.21,0.70,0.49,0.88
42.031,0.10,0.44,0.41,0.61
42.041,-0.05,-0.20,-0.31,0.38
42.051,0.21,0.24,-0.50,0.59
42.061,0.62,0.81,0.60,1.18
42.071,0.37,-0.12,-0.13,0.41
42.081,0.13,0.28,-0.34,0.45
42.091,0.64,0.40,0.79,1.09
42.101,0.10,-0.13,-0.75,0.77
42.111,0.45,0.83,1.09,1.44
42.121,0.11,0.20,1.21,1.23
42.131,-0.13,-0.28,-1.25,1.28
42.141,0.30,0.53,-0.83,1.03
42.151,0.34,0.78,0.41,0.95
42.161,-0.00,0.70,0.79,1.06
42.171,-0.41,-0.17,-0.61,0.76
42.181,-0.11,0.52,-0.16,0.56
42.191,0.31,1.26,0.72,1.48
42.201,0.15,0.36,-0.08,0.40
42.211,-0.34,0.02,-0.29,0.45
42.221,-0.03,0.37,0.38,0.53
42.231,0.04,0.37,-0.23,0.43
42.241,0.26,1.10,0.50,1.24
42.251,0.12,0.32,0.47,0.58
42.261,-0.40,-0.26,-1.41,1.49
42.271,0.20,0.87,0.39,0.98
42.281,0.21,0.84,1.10,1.40
42.291,-0.34,-0.44,-1.06,1.20
42.301,0.02,0.15,-0.21,0.26
42.310,0.13,0.86,0.76,1.15
42.321,0.02,0.23,0.12,0.26
42.331,-0.30,-0.14,-0.74,0.81
42.341,0.14,0.61,-0.12,0.63
42.351,0.31,0.75,0.90,1.21
42.361,-0.09,-0.18,-0.33,0.39
42.371,-0.17,0.15,-0.02,0.23
42.380,0.07,0.57,0.57,0.81
42.390,-0.09,0.20,-0.61,0.65
42.401,-0.08,0.34,-0.71,0.79
42.410,0.06,1.02,0.39,1.09
42.420,0.02,0.83,1.02,1.32
42.430,-0.17,0.07,-0.55,0.58
42.440,0.15,0.53,0.18,0.58
42.450,0.16,0.34,0.03,0.38
42.461,-0.06,0.15,-0.63,0.65
42.470,-0.09,0.45,0.13,0.47
42.480,-0.09,0.54,0.35,0.65
42.490,-0.06,0.31,0.36,0.48
42.501,-0.22,-0.35,-1.10,1.18
42.510,0.08,0.60,-0.29,0.67
42.520,0.41,1.04,1.63,1.98
42.530,-0.11,0.37,0.50,0.63
42.540,-0.22,-0.50,-1.01,1.15
42.550,0.02,0.05,-1.24,1.24
42.560,0.29,1.26,0.34,1.34
42.570,0.02,0.97,1.83,2.07
42.580,-0.52,-0.21,-0.07,0.56
42.590,-0.38,-0.01,-0.97,1.05
42.600,0.45,1.28,0.24,1.38
42.610,0.28,0.92,-0.03,0.96
42.620,-0.18,0.13,-0.02,0.22
42.630,-0.53,-0.01,-0.25,0.58
42.640,0.02,0.62,0.29,0.69
42.650,0.08,0.89,0.64,1.10
42.660,-0.09,0.03,0.14,0.17
42.670,-0.23,-0.19,-1.11,1.15
42.680,0.19,0.76,-0.12,0.80
42.690,0.11,0.76,0.84,1.14
42.700,-0.11,-0.18,0.07,0.22
42.710,-0.08,0.20,-0.61,0.65
42.720,0.38,0.92,0.55,1.14
42.730,0.30,0.46,0.11,0.56
42.740,-0.21,0.12,-0.49,0.54
42.750,0.17,0.50,0.08,0.54
42.760,0.07,0.78,-0.08,0.79
42.770,0.11,0.52,0.46,0.71
42.780,-0.07,0.18,0.18,0.27
42.790,-0.09,0.31,-0.33,0.47
42.800,0.31,0.88,0.79,1.22
42.810,0.08,0.15,-0.36,0.40
42.820,-0.16,-0.07,-0.80,0.82
42.830,0.21,0.80,0.74,1.11
42.840,0.16,0.38,0.45,0.61
42.850,-0.13,0.03,-0.51,0.53
42.860,0.04,0.38,-0.36,0.52
42.870,0.16,0.80,0.28,0.87
42.880,-0.07,0.49,0.37,0.62
42.890,-0.26,-0.16,-0.39,0.49
42.900,-0.34,0.44,-0.24,0.61
42.910,0.12,0.99,0.69,1.21
42.920,-0.02,0.73,0.68,1.00
42.930,-0.13,-0.30,-0.75,0.82
42.940,-0.04,0.42,-0.73,0.84
42.950,0.28,1.01,0.85,1.35
42.960,-0.32,0.26,0.02,0.41
42.970,-0.07,0.27,0.11,0.30
42.980,-0.05,0.22,-0.10,0.25
42.990,0.21,0.62,-0.65,0.93
43.000,0.06,0.53,0.79,0.95
43.010,-0.37,-0.21,-0.74,0.85
43.020,-0.18,0.84,0.75,1.14
43.030,0.11,0.47,0.91,1.03
43.040,-0.31,-0.08,-1.21,1.25
43.049,0.21,0.65,-0.17,0.70
43.060,0.07,0.54,0.54,0.77
43.070,-0.07,0.20,0.06,0.22
43.080,0.03,0.60,0.19,0.63
43.090,0.01,0.51,-0.00,0.51
43.099,0.07,0.28,-0.28,0.40
43.109,-0.12,0.47,-0.22,0.53
43.120,-0.15,0.37,-0.44,0.60
43.130,-0.03,0.94,0.82,1.25
43.139,-0.12,0.43,0.72,0.85
43.149,-0.32,-0.20,-0.86,0.94
43.159,-0.12,0.55,-0.31,0.64
43.170,0.05,0.84,0.48,0.97
43.179,-0.14,0.38,0.75,0.85
43.189,-0.23,-0.12,-0.56,0.62
43.200,0.07,0.57,-0.27,0.63
43.209,0.26,0.70,0.50,0.90
43.219,-0.28,0.24,-0.64,0.74
43.229,-0.04,0.42,0.22,0.47
43.239,-0.11,0.64,0.60,0.88
43.249,-0.13,0.59,0.08,0.61
43.259,0.05,0.14,-0.42,0.44
43.269,-0.08,0.44,-0.46,0.65
43.279,-0.04,0.30,0.00,0.30
43.289,-0.15,0.42,-0.32,0.55
43.299,-0.18,0.67,0.25,0.74
43.309,0.03,0.65,0.81,1.03
43.319,-0.26,-0.09,-0.76,0.81
43.329,-0.02,0.62,-0.20,0.65
43.339,0.30,0.81,1.39,1.64
43.349,0.01,0.07,0.21,0.22
43.359,-0.09,-0.14,-1.12,1.14
43.369,0.29,1.08,0.71,1.33
43.379,0.05,0.10,0.80,0.81
43.389,-0.27,-0.24,-1.95,1.98
43.399,-0.02,0.98,-0.07,0.98
43.409,0.10,1.20,1.34,1.80
43.419,-0.47,0.08,-0.93,1.04
43.429,-0.01,0.54,0.29,0.61
43.439,0.21,1.01,1.57,1.88
43.449,0.02,-0.06,-0.28,0.29
43.459,-0.19,-0.08,-1.64,1.65
43.469,0.21,0.91,0.84,1.26
43.479,-0.01,0.40,0.40,0.56
43.489,-0.11,-0.17,-0.72,0.75
43.499,-0.05,0.61,0.26,0.67
43.509,-0.02,0.49,-0.01,0.50
43.519,-0.15,0.31,-0.23,0.42
43.529,-0.21,0.90,0.75,1.19
43.539,-0.04,0.58,0.43,0.73
43.549,-0.13,0.18,-1.02,1.05
43.559,0.26,0.84,0.19,0.90
43.569,0.07,0.97,1.84,2.08
43.579,-0.33,-0.82,-1.56,1.79
43.589,-0.05,0.14,-1.57,1.57
43.599,0.44,1.52,2.04,2.58
43.609,-0.24,-0.03,-0.07,0.25
43.619,-0.41,-0.32,-1.37,1.47
43.629,0.12,1.15,1.48,1.88
43.639,0.02,0.32,0.13,0.35
43.649,-0.26,0.19,-1.36,1.40
43.659,0.12,0.72,1.44,1.62
43.669,-0.27,0.23,-0.50,0.61
43.679,-0.09,0.38,-0.88,0.96
43.689,-0.03,0.83,0.94,1.25
43.699,-0.41,0.39,-0.02,0.57
43.709,-0.18,0.01,-0.80,0.82
43.719,-0.14,0.73,0.42,0.86
43.729,-0.22,0.79,0.70,1.08
43.739,-0.13,0.32,0.03,0.35
43.749,-0.20,0.25,-0.09,0.34
43.759,-0.11,0.31,-0.48,0.58
43.769,0.24,0.88,-0.12,0.92
43.779,0.16,0.39,0.79,0.89
43.789,-0.20,-0.02,-0.46,0.50
43.799,0.23,0.59,0.34,0.72
43.808,0.08,0.37,0.32,0.50
43.819,0.01,0.45,-0.16,0.48
43.828,0.03,0.54,0.47,0.72
43.839,-0.07,0.46,-0.34,0.57
43.848,0.01,0.38,-0.69,0.79
43.858,0.22,0.74,0.62,0.99
43.868,-0.35,0.22,0.16,0.44
43.879,-0.11,0.30,-0.25,0.40
43.888,0.07,0.74,0.49,0.89
43.898,-0.13,0.34,-0.14,0.39
43.908,-0.14,0.31,-0.45,0.56
43.918,-0.03,0.51,0.59,0.78
43.928,-0.21,0.21,-0.23,0.37
43.938,-0.31,-0.16,-1.62,1.66
43.948,-0.07,0.69,0.04,0.70
43.958,-0.16,1.26,2.33,2.66
43.968,-0.23,-0.14,0.22,0.34
43.978,-0.27,0.35,-1.04,1.13
43.988,0.28,0.91,0.10,0.96
43.998,-0.06,0.62,-0.13,0.63
44.008,-0.26,-0.15,-0.46,0.55
44.018,-0.28,0.59,0.18,0.67
44.028,0.08,0.65,0.43,0.78
44.038,-0.02,0.39,0.01,0.39
44.048,-0.04,0.57,0.83,1.01
44.058,-0.05,-0.18,-0.72,0.75
44.068,-0.08,0.83,-0.49,0.97
44.078,0.13,0.70,1.42,1.59
44.088,-0.32,-0.05,-0.77,0.84
44.098,-0.16,0.11,-0.72,0.74
44.108,0.09,1.37,1.47,2.01
44.118,-0.19,-0.13,-0.35,0.42
44.128,-0.23,0.09,-1.19,1.22
44.138,0.02,0.72,0.13,0.74
44.148,-0.13,1.07,0.85,1.37
44.158,-0.05,0.31,0.93,0.98
44.168,-0.14,-0.27,-0.79,0.85
44.178,0.03,0.81,-0.52,0.97
44.188,0.43,0.99,1.24,1.64
44.198,-0.23,-0.32,-0.71,0.81
44.208,-0.38,-0.32,-1.16,1.26
44.218,0.05,1.12,0.71,1.33
44.228,-0.20,0.87,0.50,1.03
44.238,-0.32,0.47,0.47,0.74
44.248,-0.38,-0.08,-0.47,0.61
44.258,-0.30,0.09,-2.02,2.04
44.268,0.11,1.74,1.07,2.04
44.278,0.07,0.79,2.74,2.85
44.288,-0.76,-1.06,-1.61,2.07
44.298,-0.03,0.46,-1.12,1.21
44.308,0.68,1.28,1.04,1.78
44.318,-0.09,0.45,-0.19,0.50
44.328,-0.09,-0.01,0.16,0.19
44.338,-0.01,0.42,1.13,1.20
44.348,-0.00,0.58,-0.55,0.80
44.358,0.22,0.59,-0.07,0.63
44.368,0.12,0.70,0.97,1.20
44.378,-0.24,-0.15,-0.47,0.55
44.388,-0.07,0.20,-1.13,1.15
44.398,0.06,1.02,0.51,1.15
44.408,0.03,0.79,0.92,1.22
44.418,-0.35,-0.08,-0.45,0.57
44.428,-0.16,0.28,-0.05,0.33
44.438,0.08,0.76,0.22,0.80
44.448,0.10,0.08,-0.56,0.57
44.458,-0.10,-0.00,0.06,0.12
44.468,-0.42,0.02,-0.49,0.65
44.478,-0.22,1.41,0.74,1.61
44.488,-0.06,0.71,1.48,1.64
44.498,-0.91,-0.20,-2.05,2.25
44.507,0.01,0.91,0.09,0.91
44.517,0.10,0.89,0.93,1.29
44.527,-0.52,0.03,-1.04,1.16
44.537,-0.19,0.14,0.12,0.26
44.547,-0.36,0.31,0.10,0.48
44.557,-0.11,0.23,-0.67,0.72
44.567,0.39,1.13,1.70,2.08
44.577,-0.12,-0.57,-0.45,0.73
44.587,-0.51,0.32,-1.58,1.70
44.597,0.73,1.28,2.65,3.03
44.607,-0.28,0.26,-0.50,0.63
44.617,-0.24,0.36,-1.03,1.11
44.627,0.12,0.39,0.92,1.01
44.637,-0.47,0.44,-0.86,1.07
44.647,0.11,0.49,-0.15,0.52
44.657,0.14,1.36,2.29,2.67
44.667,-0.35,-0.61,-0.97,1.20
44.678,-0.12,0.08,-2.03,2.04
44.687,0.58,1.78,2.26,2.94
44.697,-0.04,0.10,-0.03,0.11
44.707,-0.30,-0.65,-1.88,2.01
44.717,0.12,0.96,1.30,1.62
44.727,-0.06,0.57,0.74,0.94
44.737,-0.16,-0.02,-1.30,1.31
44.747,-0.09,0.57,0.32,0.66
44.757,-0.14,0.73,1.17,1.38
44.767,-0.16,-0.47,-1.01,1.13
44.777,-0.39,0.33,-0.95,1.08
44.787,0.21,1.42,2.06,2.51
44.797,-0.52,-0.07,-0.39,0.66
44.807,-0.75,-0.16,-1.77,1.93
44.817,0.14,1.49,1.34,2.01
44.827,-0.25,0.65,0.44,0.83
44.837,-0.22,-0.03,-0.34,0.40
44.847,0.04,0.50,0.88,1.01
44.857,0.03,-0.23,-1.32,1.34
44.867,0.19,0.76,-0.65,1.02
44.877,-0.00,0.99,1.42,1.73
44.887,-0.42,-0.13,0.03,0.44
44.897,-0.07,0.19,-0.14,0.25
44.907,0.01,0.71,-0.27,0.76
44.917,0.10,0.51,0.11,0.53
44.927,-0.57,0.09,-0.17,0.60
44.937,-0.37,0.38,-0.03,0.53
44.947,-0.18,0.85,0.82,1.19
44.957,-0.27,-0.11,-0.63,0.69
44.967,-0.36,0.15,-1.33,1.39
44.977,0.28,1.25,1.20,1.76
44.987,-0.36,0.08,0.71,0.80
44.997,-0.61,-0.06,-0.77,0.98
45.007,0.15,0.76,0.69,1.03
45.017,-0.24,0.29,-0.82,0.91
45.027,-0.19,0.82,-0.26,0.88
45.037,-0.20,0.59,1.11,1.27
45.047,-0.56,0.19,-0.30,0.67
45.057,0.21,0.52,0.45,0.72
45.067,0.23,-0.00,-0.70,0.74
45.077,-0.00,0.26,-1.20,1.22
45.087,0.24,1.00,2.39,2.60
45.097,-0.33,-0.24,0.31,0.51
45.107,-0.58,-0.68,-2.29,2.46
45.117,0.52,1.64,1.06,2.02
45.127,-0.04,0.77,0.78,1.09
45.137,-0.75,-0.61,-1.64,1.90
45.147,-0.38,0.79,0.71,1.13
45.157,-0.27,0.58,0.44,0.78
45.166,-0.13,0.11,-1.45,1.46
45.177,0.00,1.12,1.16,1.62
45.187,-0.34,0.58,1.16,1.34
45.197,-0.46,-0.37,-1.19,1.33
45.207,0.32,0.36,-0.37,0.60
45.216,0.01,0.62,0.27,0.68
45.226,-0.09,0.76,0.42,0.87
45.236,-0.13,0.32,0.56,0.66
45.246,-0.49,0.05,-0.61,0.78
45.256,0.04,0.74,-0.18,0.76
45.266,0.11,0.69,0.15,0.71
45.277,-0.10,0.15,-0.19,0.26
45.286,-0.12,-0.01,0.12,0.17
45.296,-0.02,0.54,0.87,1.02
45.306,-0.13,0.34,0.10,0.38
45.316,-0.15,0.37,-0.69,0.80
45.326,-0.10,0.65,0.35,0.74
45.336,-0.40,-0.04,-0.38,0.55
45.346,-0.35,0.31,-0.55,0.72
45.356,-0.13,0.89,1.17,1.47
45.366,-0.41,-0.01,-0.35,0.54
45.376,-0.34,0.27,-0.37,0.57
45.386,-0.08,0.82,0.82,1.16
45.396,-0.13,0.40,-0.31,0.52
45.406,-0.29,0.22,-0.72,0.80
45.416,0.21,0.70,0.97,1.22
45.426,-0.20,0.21,-0.39,0.49
45.436,0.01,0.47,-0.23,0.52
45.446,0.17,0.74,0.41,0.86
45.456,-0.11,0.43,-0.26,0.51
45.466,-0.12,0.06,-0.08,0.16
45.476,-0.01,0.64,0.36,0.73
45.486,-0.08,0.26,0.43,0.51
45.496,-0.18,0.11,-0.36,0.41
45.506,-0.02,0.31,0.02,0.31
45.516,0.00,0.42,-0.14,0.44
45.526,-0.18,0.12,-0.67,0.70
45.536,0.06,0.68,1.10,1.30
45.546,-0.16,0.02,0.33,0.37
45.556,-0.46,0.02,-1.35,1.42
45.566,0.10,1.14,0.88,1.45
45.576,-0.17,0.65,1.25,1.42
45.586,-0.54,-0.59,-1.39,1.60
45.596,-0.17,0.61,-0.38,0.74
45.606,0.11,1.13,1.13,1.60
45.616,-0.43,-0.03,-0.57,0.72
45.626,-0.30,0.09,-0.25,0.41
45.636,-0.09,0.78,0.54,0.95
45.646,-0.14,0.36,-0.50,0.63
45.656,0.09,0.36,0.06,0.38
45.666,-0.16,0.22,0.43,0.51
45.676,-0.03,0.14,-0.23,0.27
45.686,0.06,0.25,-0.55,0.61
45.696,-0.17,0.87,0.71,1.13
45.706,-0.29,0.14,0.47,0.57
45.716,-0.48,-0.16,-1.14,1.25
45.726,0.09,0.98,0.45,1.08
45.736,-0.15,0.52,0.09,0.55
45.746,-0.36,0.07,-0.17,0.40
45.756,-0.36,0.30,0.65,0.81
45.766,-0.24,0.39,-0.32,0.56
45.776,0.20,0.68,-0.05,0.71
45.786,0.04,0.55,0.30,0.62
45.796,-0.37,0.02,0.07,0.37
45.806,-0.22,-0.05,-0.39,0.45
45.816,0.22,0.54,-0.28,0.65
45.826,0.02,0.82,0.49,0.95
45.836,-0.19,-0.04,0.38,0.43
45.846,-0.43,-0.14,-0.52,0.69
45.856,0.14,0.68,0.33,0.77
45.865,0.03,0.51,-0.41,0.66
45.875,-0.10,0.58,0.35,0.69
45.886,-0.40,-0.00,0.24,0.46
45.896,-0.48,0.14,-1.07,1.18
45.906,0.11,0.99,0.76,1.25
45.916,-0.14,0.73,0.23,0.78
45.925,-0.47,-0.16,-0.49,0.70
45.935,-0.25,0.79,0.82,1.17
45.945,-0.21,0.38,0.13,0.46
45.955,-0.19,-0.07,-1.09,1.11
45.965,0.09,0.70,0.67,0.97
45.975,-0.19,0.09,0.07,0.22
45.985,-0.08,-0.03,-0.45,0.45
45.995,0.05,0.65,0.35,0.74
46.005,-0.21,0.38,-0.06,0.44
46.015,-0.31,-0.02,-0.35,0.47
46.025,-0.34,0.38,0.18,0.53
46.035,-0.19,0.65,0.01,0.67
46.045,0.06,0.38,0.13,0.40
46.055,-0.25,0.09,-0.37,0.45
46.065,-0.14,0.58,0.31,0.68
46.075,-0.12,0.46,-0.07,0.48
46.085,-0.14,0.46,0.36,0.60
46.095,-0.26,0.12,0.28,0.40
46.105,-0.22,-0.20,-1.16,1.20
46.115,0.10,1.01,0.67,1.21
46.125,-0.37,0.40,0.22,0.59
46.135,-0.54,0.09,-0.32,0.63
46.145,-0.16,0.66,0.61,0.91
46.155,0.05,0.53,0.29,0.60
46.165,-0.14,0.10,-0.77,0.79
46.175,-0.03,0.41,-0.06,0.41
46.185,-0.04,0.42,0.34,0.54
46.195,-0.16,0.28,-0.06,0.33
46.205,0.06,0.37,0.42,0.57
46.215,-0.05,0.33,-0.18,0.38
46.225,0.01,0.03,-0.52,0.52
46.235,0.10,0.76,0.49,0.91
46.245,-0.13,0.24,0.93,0.97
46.255,-0.39,-0.08,-0.82,0.91
46.265,-0.26,0.36,-0.35,0.57
46.275,-0.31,0.74,-0.06,0.81
46.285,-0.51,0.42,0.19,0.69
46.295,-0.24,-0.16,-0.27,0.40
46.305,-0.29,0.44,-0.08,0.53
46.315,0.07,0.81,0.80,1.14
46.325,-0.21,-0.06,-0.35,0.41
46.335,-0.18,0.22,-0.41,0.49
46.345,0.07,0.57,0.42,0.72
46.355,-0.15,0.22,-0.26,0.37
46.365,-0.11,0.13,-0.02,0.17
46.375,-0.05,0.37,0.35,0.51
46.385,-0.17,0.55,0.60,0.83
46.395,-0.28,0.15,-0.65,0.72
46.405,-0.01,0.35,-0.40,0.53
46.415,0.17,0.77,0.39,0.88
46.425,-0.09,0.25,0.12,0.29
46.435,-0.29,-0.27,-0.46,0.61
46.445,-0.42,0.48,0.13,0.65
46.455,-0.15,0.94,0.91,1.32
46.465,-0.38,0.39,0.01,0.54
46.475,-0.28,0.28,-0.06,0.40
46.485,-0.07,0.26,-0.35,0.44
46.495,-0.36,0.33,-0.71,0.87
46.505,0.27,0.97,1.00,1.42
46.515,-0.42,0.02,0.09,0.43
46.525,-0.26,-0.18,-0.82,0.88
46.535,0.03,0.89,0.32,0.94
46.545,-0.05,0.54,0.89,1.04
46.555,-0.38,-0.37,-0.68,0.86
46.565,-0.27,0.21,-0.69,0.77
46.575,-0.05,0.65,0.74,0.98
46.585,-0.37,0.47,0.39,0.72
46.595,-0.55,-0.13,-0.69,0.89
46.604,-0.21,0.64,-0.24,0.72
46.615,-0.09,0.92,0.80,1.22
46.624,-0.35,0.05,0.08,0.36
46.635,-0.35,0.01,-0.57,0.67
46.644,-0.15,0.45,0.06,0.48
46.654,0.03,0.38,-0.54,0.66
46.664,-0.05,0.65,0.96,1.16
46.674,-0.04,-0.00,1.31,1.31
46.684,-0.45,-0.29,-1.48,1.58
46.694,0.25,0.78,-0.82,1.16
46.704,0.28,1.54,2.49,2.94
46.714,-0.54,-1.13,-0.76,1.47
46.724,-0.60,-0.47,-2.58,2.69
46.734,0.72,1.63,1.50,2.33
46.744,0.29,0.81,0.79,1.17
46.754,-0.24,-0.37,0.16,0.47
46.764,-0.24,-0.63,-0.69,0.96
46.774,-0.16,0.79,-0.54,0.96
46.784,0.33,0.84,0.47,1.02
46.794,-0.38,0.22,-0.18,0.47
46.804,-0.41,-0.06,0.68,0.79
46.814,-0.18,0.29,0.08,0.35
46.824,-0.10,0.30,-0.81,0.87
46.834,-0.28,0.90,0.44,1.03
46.844,-0.37,0.29,0.62,0.78
46.854,-0.42,-0.11,-0.51,0.67
46.864,0.17,0.59,0.06,0.61
46.874,0.09,0.43,0.11,0.45
46.884,-0.24,-0.10,-0.26,0.37
46.894,-0.05,0.49,0.58,0.76
46.904,-0.05,0.44,0.57,0.72
46.914,-0.25,-0.01,-0.61,0.66
46.924,-0.01,0.24,-0.16,0.28
46.934,-0.23,-0.02,-0.39,0.46
46.944,-0.35,0.55,-0.11,0.66
46.954,-0.12,0.86,1.20,1.48
46.964,-0.23,-0.04,-0.34,0.41
46.974,-0.16,-0.05,-1.38,1.39
46.984,0.12,0.80,0.51,0.95
46.994,-0.34,0.35,0.92,1.04
47.004,-0.46,-0.14,-0.44,0.66
47.014,-0.23,0.38,-0.26,0.51
47.024,-0.01,0.83,0.78,1.14
47.034,-0.41,-0.13,-0.86,0.96
47.044,-0.36,0.43,-0.73,0.92
47.054,-0.24,0.62,1.59,1.72
47.064,-0.66,-0.09,-0.23,0.71
47.074,-0.22,0.30,-0.63,0.74
47.084,0.22,0.56,-0.33,0.68
47.094,-0.16,0.59,0.45,0.76
47.104,-0.00,0.16,1.03,1.04
47.114,-0.25,-0.44,-0.76,0.91
47.124,0.28,0.54,-0.69,0.92
47.134,0.45,1.18,1.05,1.64
47.144,-0.14,-0.01,0.19,0.23
47.154,-0.46,-0.57,-0.32,0.80
47.164,0.28,0.35,-0.49,0.66
47.174,0.33,1.25,0.43,1.36
47.184,-0.09,0.07,0.89,0.89
47.194,-0.97,-0.75,-1.42,1.88
47.204,-0.10,0.77,0.40,0.87
47.214,0.13,1.02,0.76,1.28
47.224,-0.44,-0.13,-1.15,1.24
47.234,-0.34,0.28,0.50,0.66
47.244,-0.40,0.38,0.64,0.85
47.254,-0.16,0.35,-0.95,1.03
47.264,0.29,0.65,0.55,0.90
47.274,-0.09,-0.19,-0.27,0.34
47.284,-0.21,0.19,-0.40,0.49
47.294,0.27,0.85,1.22,1.51
47.304,-0.21,-0.02,-0.67,0.71
47.314,-0.04,0.27,-0.33,0.43
47.323,0.21,0.50,0.72,0.90
47.334,-0.18,-0.15,-0.41,0.47
47.343,-0.05,0.19,-0.22,0.30
47.354,-0.19,0.47,0.75,0.91
47.363,-0.64,0.08,-0.03,0.65
47.373,-0.47,-0.02,-0.96,1.07
47.383,-0.25,0.89,0.48,1.05
47.393,-0.35,0.43,0.11,0.57
47.403,-0.21,-0.09,-0.34,0.41
47.413,-0.15,0.40,-0.05,0.43
47.423,-0.09,0.82,0.52,0.97
47.433,0.31,0.17,0.75,0.83
47.443,-0.24,-0.54,-1.26,1.39
47.453,0.24,0.34,-0.51,0.66
47.463,0.17,1.09,1.63,1.97
47.473,-0.39,-0.04,0.34,0.52
47.483,-0.75,-0.48,-1.41,1.67
47.493,0.19,1.23,0.71,1.43
47.503,0.00,0.54,0.36,0.65
47.513,-0.54,-0.25,-1.12,1.27
47.523,0.10,0.54,1.31,1.42
47.533,-0.07,0.03,-0.44,0.44
47.543,0.04,0.33,-0.93,0.99
47.553,0.13,0.66,1.34,1.50
47.563,-0.52,-0.15,-0.59,0.80
47.573,-0.15,0.27,-0.03,0.31
47.583,0.30,0.64,0.82,1.08
47.593,-0.53,-0.21,-0.92,1.08
47.603,0.03,0.28,-0.20,0.35
47.613,-0.23,0.40,0.03,0.46
47.623,-0.39,0.36,0.29,0.60
47.633,-0.18,0.40,0.67,0.80
47.643,-0.07,0.13,-0.18,0.24
47.653,-0.13,0.27,-0.37,0.47
47.663,0.17,0.34,-0.45,0.59
47.673,-0.26,0.19,-0.18,0.37
47.683,-0.00,0.51,0.93,1.06
47.693,-0.03,0.24,0.58,0.63
47.703,-0.24,-0.18,-0.81,0.87
47.713,-0.11,0.44,-0.46,0.64
47.723,0.08,0.55,0.51,0.75
47.733,-0.54,0.05,-0.33,0.64
47.743,-0.32,0.23,0.62,0.74
47.753,-0.25,0.20,-0.11,0.34
47.763,-0.29,0.07,-1.25,1.28
47.773,-0.02,0.93,0.70,1.16
47.783,-0.16,0.40,1.21,1.28
47.793,-0.56,-0.38,-0.83,1.08
47.803,-0.04,0.47,-0.16,0.50
47.813,-0.03,0.81,0.44,0.92
47.823,-0.39,0.04,-1.01,1.08
47.833,-0.20,0.20,-0.05,0.29
47.843,0.07,0.55,1.35,1.46
47.853,-0.12,0.02,-0.29,0.31
47.863,0.17,0.43,0.11,0.47
47.873,0.04,0.24,-0.07,0.26
47.883,0.05,0.46,0.16,0.48
47.893,0.12,0.05,0.06,0.15
47.903,-0.15,0.09,-0.55,0.58
47.913,-0.03,0.21,-0.26,0.33
47.923,-0.07,0.21,-0.26,0.34
47.933,-0.14,0.59,0.96,1.14
47.943,-0.25,-0.03,0.35,0.43
47.953,-0.21,-0.03,-1.45,1.47
47.963,0.14,1.15,0.78,1.40
47.973,-0.04,0.09,0.54,0.54
47.983,-0.50,-0.28,-0.92,1.08
47.993,0.09,0.44,0.57,0.73
48.003,-0.02,0.54,-0.05,0.55
48.012,-0.11,0.16,-0.17,0.26
48.023,-0.23,0.36,0.36,0.56
48.033,-0.18,0.08,-0.19,0.27
48.043,-0.25,0.16,-0.90,0.95
48.052,0.07,0.79,0.66,1.03
48.063,-0.25,-0.02,0.18,0.31
48.072,-0.29,-0.02,-0.36,0.46
48.082,0.39,0.57,0.90,1.13
48.093,0.06,0.38,-0.03,0.38
48.102,-0.18,-0.08,-0.59,0.62
48.112,-0.14,0.15,-0.03,0.21
48.122,-0.19,0.31,-0.07,0.38
48.132,-0.01,0.69,0.43,0.81
48.142,-0.30,0.27,0.13,0.43
48.152,-0.51,0.20,-0.61,0.82
48.162,-0.24,0.36,0.04,0.44
48.172,-0.06,0.53,0.82,0.98
48.182,-0.56,-0.36,-0.26,0.72
48.192,-0.06,0.39,-0.58,0.70
48.202,0.38,0.75,0.83,1.18
48.212,-0.20,-0.08,-0.89,0.91
48.222,-0.08,-0.06,-0.19,0.22
48.232,0.18,0.63,1.03,1.22
48.242,0.11,0.13,-0.18,0.25
48.252,0.14,0.44,-0.46,0.65
48.262,0.14,0.44,0.78,0.90
48.272,-0.43,-0.10,-0.82,0.93
48.282,-0.13,0.24,-0.01,0.28
48.292,-0.14,0.17,0.55,0.60
48.302,-0.48,0.10,-0.45,0.66
48.312,-0.23,0.13,-0.42,0.50
48.322,-0.34,0.68,-0.01,0.76
48.332,-0.18,0.18,0.26,0.37
48.342,-0.30,-0.09,-0.06,0.32
48.352,0.32,0.76,0.89,1.21
48.362,0.12,0.64,0.22,0.68
48.372,0.30,-0.48,-0.80,0.98
48.382,-0.04,0.14,-0.38,0.41
48.392,0.26,0.96,1.40,1.71
48.402,-0.01,0.10,0.61,0.62
48.412,-0.44,-0.33,-1.48,1.57
48.422,-0.02,0.80,0.05,0.80
48.432,0.09,0.46,0.41,0.62
48.442,-0.31,-0.10,-0.12,0.35
48.452,0.08,0.17,0.92,0.94
48.462,-0.25,-0.12,-1.40,1.43
48.472,-0.15,0.45,-0.54,0.72
48.482,0.01,0.85,1.59,1.80
48.492,-0.33,-0.15,0.17,0.40
48.502,0.00,0.01,-0.91,0.91
48.512,0.33,0.98,0.66,1.22
48.522,-0.09,0.27,0.57,0.64
48.532,-0.48,-0.42,-1.44,1.57
48.542,0.13,0.61,0.66,0.91
48.552,-0.12,0.67,0.52,0.86
48.562,-0.39,-0.27,-1.10,1.20
48.572,-0.13,0.50,0.77,0.92
48.582,-0.43,0.19,0.20,0.51
48.592,-0.12,0.19,-0.75,0.79
48.602,0.25,0.77,0.82,1.16
48.612,-0.49,-0.15,-0.31,0.60
48.622,-0.02,-0.02,-0.72,0.72
48.632,0.16,0.97,0.90,1.33
48.642,-0.05,0.34,1.17,1.22
48.652,-0.08,-0.53,-1.05,1.18
48.662,0.05,0.29,-1.36,1.39
48.672,0.14,0.95,0.20,0.98
48.682,0.07,0.28,1.40,1.43
48.692,-0.50,-0.52,0.11,0.73
48.702,-0.05,0.27,-0.80,0.85
48.712,0.35,1.02,0.33,1.13
48.722,-0.14,0.17,0.59,0.63
48.732,-0.93,-0.64,-1.05,1.55
48.742,-0.15,0.43,-0.11,0.47
48.752,-0.00,0.84,0.48,0.97
48.761,-0.12,0.68,0.81,1.07
48.772,-0.23,-0.33,0.26,0.48
48.781,-0.30,-0.43,-1.72,1.79
48.791,0.15,1.10,-0.41,1.18
48.801,0.18,1.08,1.53,1.88
48.812,-0.73,-0.87,0.03,1.13
48.821,-0.56,-0.41,-0.94,1.17
48.832,0.12,0.74,-0.28,0.80
48.841,-0.06,0.74,-0.23,0.77
48.851,-0.49,0.83,1.28,1.60
48.861,-0.29,-0.21,2.05,2.08
48.871,-0.62,-0.64,-2.29,2.46
48.881,0.62,1.03,-1.19,1.69
48.891,0.43,1.20,1.76,2.17
48.901,-0.56,-0.69,-0.32,0.95
48.911,-0.37,-0.25,-0.86,0.97
48.921,0.52,1.27,1.23,1.84
48.931,0.06,0.63,0.41,0.75
48.941,-0.17,-0.17,-1.02,1.05
48.951,0.07,-0.12,-0.37,0.40
48.961,-0.04,0.38,-0.19,0.42
48.971,0.14,-0.12,-0.34,0.39
48.981,-0.54,0.43,0.16,0.70
48.991,-0.28,1.29,1.76,2.20
49.001,-0.12,-0.15,0.52,0.56
49.011,-0.18,-0.68,-2.15,2.26
49.021,0.35,1.19,0.54,1.35
49.031,0.63,-0.01,0.93,1.12
49.041,-0.57,-0.63,-1.42,1.66
49.051,0.34,1.21,1.65,2.07
49.061,0.31,0.39,1.21,1.31
49.071,-0.49,-0.84,-3.03,3.18
49.081,0.52,1.22,0.03,1.33
49.091,0.34,0.85,2.34,2.51
49.101,-0.41,-0.95,-0.91,1.37
49.111,0.07,0.14,-0.59,0.62
49.121,0.31,1.28,1.67,2.13
49.131,-0.21,-0.17,-0.57,0.63
49.141,-0.13,-0.22,-1.27,1.29
49.151,-0.08,0.74,1.00,1.25
49.161,-0.04,0.02,0.03,0.06
49.171,-0.19,-0.22,-1.23,1.26
49.181,-0.06,0.76,0.54,0.93
49.191,-0.43,0.45,0.56,0.84
49.201,-0.13,-0.42,-0.93,1.02
49.211,-0.13,0.64,0.05,0.66
49.221,0.17,0.71,1.37,1.56
49.231,-0.08,-0.45,-0.49,0.67
49.241,-0.27,-0.04,-0.86,0.91
49.251,-0.10,0.80,0.34,0.87
49.261,-0.20,0.58,0.78,0.99
49.271,-0.72,-0.21,-0.83,1.12
49.281,-0.38,0.63,-0.13,0.75
49.291,-0.00,0.17,0.32,0.37
49.301,-0.67,0.06,-0.97,1.18
49.311,-0.04,0.67,0.68,0.96
49.321,0.03,0.65,0.66,0.92
49.331,-0.08,0.20,0.19,0.29
49.341,0.07,-0.03,-0.36,0.37
49.351,0.30,0.39,-0.09,0.50
49.361,0.37,0.22,0.19,0.47
49.371,0.11,-0.06,-0.72,0.73
49.381,0.26,0.66,0.87,1.12
49.391,0.02,0.10,0.26,0.28
49.401,-0.24,0.15,-0.98,1.02
49.411,0.12,0.73,1.09,1.31
49.421,-0.32,-0.13,-0.80,0.87
49.431,-0.11,0.09,-0.68,0.69
49.440,0.17,0.56,1.02,1.18
49.450,-0.25,-0.09,-0.57,0.63
49.460,0.27,0.72,0.78,1.09
49.470,-0.01,0.36,1.14,1.20
49.480,-0.46,-0.67,-1.70,1.89
49.490,0.32,0.71,-0.28,0.82
49.501,0.17,1.04,0.86,1.36
49.510,-0.18,-0.18,-0.13,0.28
49.520,-0.33,-0.25,-0.29,0.51
49.530,-0.15,0.40,-0.34,0.54
49.541,0.07,0.91,0.76,1.19
49.550,-0.11,-0.08,0.27,0.31
49.560,-0.56,-0.36,-1.00,1.21
49.570,0.16,0.95,0.78,1.24
49.580,0.14,0.53,0.42,0.69
49.590,-0.46,-0.21,-0.94,1.07
49.600,0.16,0.66,0.50,0.84
49.610,0.09,0.47,1.22,1.31
49.620,-0.06,-0.60,-1.62,1.73
49.630,0.03,0.62,-0.34,0.70
49.640,0.17,0.46,0.86,0.99
49.650,-0.51,-0.08,-0.32,0.61
49.660,-0.11,0.40,0.34,0.54
49.670,-0.12,0.49,0.36,0.62
49.680,0.02,-0.17,-1.27,1.28
49.690,0.19,0.80,0.78,1.13
49.700,0.16,-0.07,0.79,0.81
49.710,-0.43,-0.22,-1.70,1.77
49.720,0.36,1.02,1.24,1.65
49.730,-0.27,0.17,0.28,0.42
49.740,-0.43,-0.16,-1.61,1.68
49.750,0.26,0.80,0.44,0.95
49.760,-0.07,0.61,1.00,1.17
49.770,0.04,0.07,0.65,0.66
49.780,0.10,-0.33,-0.57,0.67
49.790,-0.14,0.29,-1.15,1.19
49.800,0.26,0.76,0.15,0.82
49.810,-0.02,0.65,1.35,1.50
49.820,-0.60,-0.48,-0.11,0.77
49.830,-0.24,-0.12,-1.60,1.62
49.840,0.38,1.29,0.36,1.39
49.850,-0.19,0.98,1.30,1.64
49.860,-0.53,-1.10,-1.34,1.81
49.870,-0.26,0.06,-1.11,1.14
49.880,0.52,1.47,1.85,2.42
49.890,0.43,0.54,0.52,0.86
49.900,-0.18,-0.42,-0.72,0.86
49.910,-0.00,0.53,0.18,0.56
49.920,0.10,0.26,-0.35,0.45
49.930,-0.14,0.37,-0.60,0.72
49.940,-0.06,0.67,1.07,1.26
49.950,-0.07,0.14,1.10,1.11
49.960,-0.12,0.16,-0.61,0.64
49.970,0.26,0.39,-0.27,0.55
49.980,-0.11,0.26,-0.57,0.63
49.990,-0.14,0.14,0.27,0.34
50.000,-0.20,-0.26,-0.37,0.49
50.010,-0.01,0.80,0.11,0.81
50.020,0.39,1.12,2.38,2.66
50.030,-0.45,-0.85,-0.96,1.36
50.040,-0.18,0.00,-2.14,2.15
50.050,0.77,1.38,1.15,1.95
50.060,-0.26,-0.11,0.38,0.47
50.070,-0.25,-0.53,-0.35,0.68
50.080,0.03,0.50,0.01,0.51
50.090,0.03,0.69,-0.31,0.76
50.100,-0.00,0.23,0.12,0.26
50.110,-0.23,-0.26,0.45,0.57
50.120,-0.22,-0.04,-1.15,1.17
50.130,0.60,0.91,0.13,1.10
50.139,0.04,0.64,1.14,1.30
50.150,-0.21,-0.46,0.11,0.52
50.160,0.14,0.02,-0.87,0.88
50.170,0.41,1.17,0.85,1.50
50.180,0.24,-0.11,0.54,0.60
50.189,-0.66,-0.81,-1.86,2.14
50.199,-0.12,0.97,0.80,1.27
50.209,-0.07,1.02,1.11,1.51
50.219,-0.30,-0.18,-0.96,1.03
50.230,-0.07,0.17,-0.12,0.22
50.239,-0.05,0.37,0.24,0.44
50.250,-0.01,0.04,-0.11,0.12
50.259,0.10,0.32,0.34,0.47
50.269,0.00,0.69,0.96,1.18
50.279,-0.07,-0.45,-0.99,1.09
50.289,-0.11,0.04,-1.73,1.74
50.299,0.31,1.62,2.20,2.75
50.309,-0.17,-0.12,0.82,0.85
50.319,-0.59,-0.99,-2.17,2.46
50.329,0.20,1.17,0.71,1.38
50.339,0.28,0.77,0.91,1.23
50.349,-0.41,-0.24,-1.32,1.40
50.359,-0.04,0.32,0.96,1.01
50.369,-0.12,0.26,0.06,0.29
50.379,0.02,-0.05,-1.27,1.27
50.389,0.05,0.82,0.62,1.03
50.399,-0.17,0.24,0.79,0.84
50.409,-0.29,-0.59,-1.15,1.32
50.419,0.04,0.97,0.26,1.00
50.429,0.31,0.85,1.49,1.74
50.439,-0.14,-0.44,-1.15,1.24
50.449,0.21,0.08,-0.44,0.49
50.459,0.48,0.80,0.90,1.30
50.469,0.32,-0.17,-0.69,0.78
50.479,0.23,0.32,0.10,0.41
50.489,0.01,0.84,1.40,1.63
50.499,-0.05,-0.12,-0.30,0.33
50.509,-0.21,-0.04,-1.12,1.14
50.519,0.23,0.78,0.16,0.83
50.529,-0.26,0.96,0.19,1.02
50.539,-0.50,-0.03,-0.14,0.52
50.549,-0.97,-0.50,-0.54,1.21
50.559,-0.22,0.62,0.54,0.85
50.569,0.48,0.31,0.26,0.63
50.579,-0.09,0.25,-0.53,0.59
50.589,0.35,0.05,1.01,1.07
50.599,-0.03,-0.06,-0.29,0.29
50.609,0.32,0.61,0.31,0.76
50.619,0.41,0.16,-0.04,0.44
50.629,0.16,0.10,-0.74,0.77
50.639,0.24,0.61,0.92,1.13
50.649,0.14,0.14,0.22,0.29
50.659,-0.25,0.10,-0.69,0.75
50.669,0.21,0.36,-0.26,0.49
50.679,0.06,0.84,0.42,0.94
50.689,-0.32,0.26,0.33,0.53
50.699,-0.18,-0.54,-0.59,0.82
50.709,-0.15,0.26,-0.53,0.61
50.719,0.36,0.97,0.90,1.37
50.729,-0.24,0.18,0.15,0.34
50.739,-0.61,-0.30,-1.43,1.58
50.749,-0.13,0.54,0.65,0.86
50.759,0.08,0.75,0.56,0.94
50.769,-0.65,0.14,-0.76,1.01
50.779,-0.54,0.27,-0.17,0.63
50.789,-0.24,0.21,0.87,0.93
50.799,-0.19,-0.00,-0.86,0.88
50.809,0.58,0.82,0.12,1.02
50.819,0.31,0.71,1.42,1.62
50.829,-0.22,-0.60,-1.28,1.43
50.838,-0.30,0.11,-0.52,0.61
50.849,0.24,0.86,1.26,1.54
50.858,-0.11,0.16,-0.35,0.40
50.869,0.31,-0.15,-0.56,0.66
50.878,0.09,0.63,0.32,0.71
50.888,0.55,1.17,1.99,2.37
50.898,-0.13,-0.80,-0.92,1.22
50.909,-0.40,-0.42,-2.22,2.30
50.918,0.49,1.26,1.51,2.03
50.928,-0.03,0.71,0.82,1.08
50.938,-0.86,-0.67,-1.57,1.91
50.948,-0.03,0.25,-0.13,0.28
50.958,-0.13,1.10,0.92,1.44
50.968,-0.03,0.20,-0.39,0.44
50.978,-0.14,0.09,-0.75,0.76
50.988,0.21,0.86,2.25,2.42
50.998,0.09,0.14,0.47,0.50
51.008,0.32,-0.11,-1.52,1.55
51.018,0.03,0.48,-0.65,0.81
51.028,-0.10,0.96,0.93,1.34
51.038,-0.00,-0.22,0.08,0.23
51.048,-0.35,0.12,-0.58,0.69
51.058,0.58,0.50,0.63,0.99
51.068,0.08,0.75,-0.02,0.75
51.078,-0.16,-0.06,-0.16,0.23
51.088,-0.41,0.35,0.15,0.56
51.098,-0.30,0.40,-0.46,0.69
51.108,-0.41,1.07,0.07,1.14
51.118,-0.52,0.33,-0.04,0.62
51.128,-0.94,-0.53,-0.64,1.25
51.138,-0.00,0.37,0.98,1.05
51.148,0.21,0.14,-0.15,0.30
51.158,0.55,0.36,-0.55,0.86
51.168,0.36,0.58,1.18,1.36
51.178,0.01,-0.13,-0.12,0.18
51.188,-0.26,0.33,-0.59,0.72
51.198,0.05,0.96,0.81,1.26
51.208,-0.35,-0.13,-0.75,0.83
51.218,-0.32,0.57,-0.34,0.74
51.228,0.04,0.39,0.43,0.58
51.238,-0.01,-0.34,-0.72,0.80
51.248,0.47,0.50,0.41,0.80
51.258,0.28,0.36,0.47,0.66
51.268,0.12,-0.08,-0.35,0.38
51.278,0.08,0.26,0.31,0.41
51.288,0.21,0.23,-0.61,0.68
51.298,0.09,0.94,0.52,1.08
51.308,0.55,0.36,1.29,1.45
51.318,-0.08,-0.54,-1.45,1.55
51.328,0.35,0.63,-0.13,0.73
51.338,0.66,1.05,1.28,1.78
51.348,-0.02,-0.14,0.03,0.14
51.358,-0.18,-0.52,-1.10,1.23
51.368,0.13,0.74,0.08,0.76
51.378,0.19,0.56,0.29,0.66
51.388,-0.03,0.27,-0.56,0.62
51.398,0.05,0.73,1.31,1.50
51.408,-0.15,-0.28,0.16,0.36
51.418,0.17,-0.20,-1.27,1.29
51.428,0.40,1.14,0.89,1.50
51.438,0.09,0.04,0.38,0.39
51.448,-0.57,-0.46,-1.72,1.87
51.458,0.14,0.96,1.15,1.50
51.468,-0.05,0.69,0.85,1.10
51.478,-0.45,-0.36,-1.59,1.69
51.488,-0.12,0.31,-0.26,0.42
51.498,0.14,0.94,1.23,1.56
51.508,-0.35,0.17,-0.35,0.52
51.518,-0.33,0.11,-0.41,0.54
51.528,-0.26,0.56,0.50,0.79
51.538,-0.04,0.59,0.04,0.59
51.548,-0.13,0.46,0.27,0.55
51.558,-0.07,0.15,0.23,0.28
51.568,-0.19,-0.27,-1.28,1.32
51.578,0.26,0.61,0.13,0.68
51.588,0.01,0.51,1.20,1.31
51.598,-0.52,-0.16,-1.12,1.24
51.607,-0.00,0.61,0.76,0.98
51.617,0.13,0.50,0.81,0.96
51.628,-0.10,0.09,-1.53,1.53
51.637,0.17,0.70,0.19,0.74
51.648,0.06,0.82,0.87,1.20
51.657,-0.39,-0.22,-0.84,0.95
51.667,-0.09,0.46,0.24,0.52
51.677,-0.12,0.40,0.31,0.52
51.688,0.11,0.27,-0.18,0.34
51.697,0.18,0.12,-0.28,0.35
51.707,-0.08,0.34,0.24,0.42
51.717,0.07,0.32,0.42,0.53
51.727,0.14,0.22,-0.70,0.74
51.737,0.16,0.43,-0.41,0.61
51.747,0.23,0.75,0.65,1.02
51.757,0.21,0.30,1.14,1.20
51.767,-0.23,-0.30,-0.76,0.85
51.777,0.30,0.35,-0.98,1.08
51.787,0.41,1.37,1.19,1.86
51.797,-0.11,-0.14,0.72,0.74
51.807,-0.47,-0.59,-1.20,1.42
51.817,0.15,0.72,-0.04,0.73
51.827,0.33,1.17,1.13,1.66
51.837,-0.04,-0.15,-0.48,0.51
51.847,-0.12,0.11,-0.37,0.40
51.857,0.15,0.64,0.49,0.81
51.867,-0.01,0.06,-0.31,0.31
51.877,0.01,0.45,-0.19,0.48
51.887,0.14,0.65,0.47,0.81
51.897,0.09,0.05,0.09,0.14
51.907,-0.16,0.16,-0.32,0.40
51.917,-0.03,0.48,-0.13,0.49
51.927,-0.01,0.40,0.22,0.46
51.937,-0.23,0.07,-0.60,0.65
51.947,0.35,0.67,0.14,0.76
51.957,0.44,0.64,0.64,1.01
51.967,0.04,0.19,-0.47,0.51
51.977,0.10,0.14,-0.39,0.43
51.987,0.34,0.55,0.56,0.86
51.997,0.65,0.20,-0.36,0.77
52.007,0.93,0.27,-0.89,1.31
52.017,1.14,0.30,0.41,1.25
52.027,2.16,0.07,0.91,2.35
52.037,2.67,0.44,0.23,2.71
52.047,2.94,0.30,-0.19,2.96
52.057,3.22,0.24,0.21,3.24
52.067,2.99,0.16,0.45,3.02
52.077,2.56,0.16,0.39,2.59
52.087,1.79,-0.14,0.15,1.80
52.097,0.85,-0.15,-0.31,0.91
52.107,0.27,0.05,-0.36,0.46
52.117,-0.23,0.00,-0.04,0.23
52.127,-0.42,0.04,-0.25,0.49
52.137,-0.08,0.32,-0.08,0.35
52.147,0.31,0.19,0.12,0.38
52.157,0.64,0.29,-0.11,0.71
52.167,1.24,0.20,-0.14,1.27
52.177,1.33,0.27,-0.14,1.36
52.187,1.51,0.19,0.30,1.55
52.197,1.57,0.16,0.19,1.59
52.207,1.45,0.20,-0.15,1.47
52.217,1.64,0.20,0.28,1.68
52.227,1.54,-0.24,0.08,1.56
52.237,1.79,-0.01,-0.27,1.81
52.247,1.97,-0.03,0.08,1.97
52.256,1.93,-0.22,0.16,1.95
52.267,2.07,-0.02,-0.12,2.08
52.276,2.08,0.01,-0.07,2.08
52.286,2.11,-0.02,0.13,2.12
52.296,2.30,-0.03,0.11,2.31
52.306,2.09,0.07,0.00,2.09
52.317,2.20,0.02,0.03,2.20
52.327,2.12,0.03,0.03,2.12
52.337,1.95,-0.01,0.04,1.95
52.347,1.18,0.08,-0.12,1.19
52.356,2.40,-0.38,0.06,2.43
52.367,2.72,0.41,-0.03,2.75
52.376,2.45,0.01,0.16,2.45
52.386,2.04,-0.33,0.42,2.11
52.396,1.57,-0.24,0.49,1.66
52.406,1.26,-0.09,-0.01,1.27
52.416,0.08,-0.42,0.11,0.45
52.426,-0.89,-0.17,0.06,0.91
52.436,-1.18,0.06,-0.45,1.27
52.446,-1.30,0.18,-0.06,1.31
52.456,-1.22,0.38,0.00,1.28
52.466,-1.14,0.16,-0.56,1.27
52.476,-0.90,0.15,-0.13,0.92
52.486,-1.12,0.03,0.00,1.12
52.496,-1.07,-0.14,-0.10,1.08
52.506,-0.96,-0.14,0.02,0.97
52.516,-1.06,-0.15,-0.16,1.09
52.526,-0.79,0.07,-0.19,0.82
52.536,-0.58,0.18,-0.11,0.62
52.546,-0.67,0.27,-0.17,0.74
52.556,-0.49,0.23,-0.12,0.56
52.566,-0.28,0.17,-0.04,0.33
52.576,-0.30,0.08,-0.01,0.32
52.586,-0.27,-0.08,-0.06,0.29
52.596,-0.14,-0.30,0.07,0.34
52.606,-0.12,-0.11,-0.01,0.17
52.616,0.09,-0.17,-0.05,0.20
52.626,0.21,-0.02,0.02,0.21
52.636,0.21,-0.19,-0.00,0.28
52.646,0.48,-0.03,0.19,0.52
52.656,0.72,0.10,0.07,0.73
52.666,0.68,0.01,0.05,0.68
52.676,0.58,-0.02,0.19,0.61
52.686,0.29,0.05,-0.00,0.29
52.696,0.22,-0.08,-0.08,0.25
52.706,0.33,-0.09,-0.03,0.34
52.716,0.43,0.04,-0.05,0.44
52.726,0.60,-0.11,0.16,0.63
52.736,0.45,-0.00,0.16,0.48
52.746,0.24,-0.01,-0.04,0.24
52.756,-0.09,-0.06,-0.02,0.11
52.766,-0.30,-0.05,-0.05,0.31
52.776,-0.18,0.06,-0.08,0.20
52.786,-0.13,0.08,-0.01,0.16
52.796,-0.27,0.01,0.02,0.27
52.806,-0.33,-0.03,-0.05,0.33
52.816,-0.36,-0.03,-0.06,0.37
52.826,-0.42,0.00,-0.07,0.43
52.836,-0.34,-0.05,-0.07,0.35
52.846,-0.22,-0.00,-0.03,0.23
52.856,-0.18,0.01,-0.03,0.19
52.866,-0.13,0.02,-0.02,0.13
52.876,-0.03,0.01,-0.01,0.04
52.886,-0.01,0.02,-0.03,0.04
52.896,0.09,-0.00,-0.00,0.09
52.906,0.17,-0.03,0.03,0.18
52.916,0.17,-0.08,0.04,0.20
52.926,0.23,-0.04,0.01,0.23
52.936,0.23,-0.04,0.02,0.23
52.946,0.12,-0.02,0.01,0.13
52.955,0.12,0.00,0.00,0.12
52.966,0.10,0.00,0.00,0.10
52.976,0.06,-0.01,-0.02,0.06
52.986,0.01,-0.00,0.02,0.02
52.995,-0.03,-0.04,-0.01,0.05
53.005,-0.12,-0.00,-0.02,0.13
53.016,-0.12,-0.03,-0.01,0.12
53.026,-0.13,-0.02,-0.02,0.13
53.035,-0.14,-0.01,-0.01,0.14
53.045,-0.11,0.01,-0.04,0.12
53.055,-0.12,0.00,-0.03,0.12
53.065,-0.11,0.01,-0.03,0.11
53.075,-0.04,-0.00,-0.01,0.04
53.086,-0.02,0.00,-0.01,0.02
53.095,-0.02,-0.03,0.01,0.04
53.105,0.01,-0.02,-0.01,0.03
53.115,0.02,-0.02,-0.02,0.04
53.125,0.02,-0.02,-0.00,0.03
53.135,0.05,-0.02,0.02,0.06
53.145,0.05,0.01,-0.01,0.05
53.155,0.03,-0.01,0.01,0.04
53.165,0.03,-0.03,-0.00,0.04
53.175,0.03,-0.04,0.00,0.05
53.185,-0.01,-0.02,-0.01,0.02
53.195,0.00,-0.03,0.01,0.03
53.205,-0.02,-0.00,-0.02,0.03
53.215,-0.05,-0.01,-0.01,0.05
53.225,-0.04,0.00,-0.02,0.05
53.235,-0.05,-0.01,-0.02,0.06
53.245,-0.08,0.00,-0.02,0.08
53.255,-0.05,-0.00,-0.04,0.06
53.265,-0.05,-0.01,-0.03,0.06
53.275,-0.04,-0.02,-0.02,0.05
53.285,-0.02,-0.03,-0.02,0.04
53.295,-0.00,-0.01,-0.01,0.02
53.305,-0.00,-0.00,-0.02,0.02
53.315,0.03,0.01,-0.02,0.03
53.325,0.03,0.01,0.01,0.03
53.335,0.02,-0.00,0.01,0.02
53.345,0.03,-0.02,-0.01,0.04
53.355,0.01,-0.03,0.00,0.03
53.365,0.02,-0.03,-0.00,0.03
53.375,0.00,-0.01,-0.01,0.02
53.385,-0.04,0.00,-0.01,0.04
53.395,-0.03,0.01,-0.01,0.03
53.405,-0.02,-0.00,-0.00,0.02
53.415,-0.04,-0.02,-0.00,0.04
53.425,-0.05,-0.02,-0.02,0.06
53.435,-0.02,-0.03,-0.01,0.04
53.445,-0.02,-0.04,-0.00,0.05
53.455,-0.03,-0.02,-0.02,0.04
53.465,-0.01,-0.01,-0.02,0.02
53.475,-0.02,-0.02,-0.01,0.03
53.485,-0.03,0.01,-0.01,0.03
53.495,-0.01,0.01,-0.01,0.02
53.505,-0.01,-0.01,-0.01,0.02
53.515,-0.01,-0.05,0.01,0.05
53.525,-0.02,-0.04,0.00,0.04
53.535,-0.02,-0.02,-0.02,0.03
53.545,-0.02,-0.01,-0.01,0.03
53.555,-0.00,0.00,-0.01,0.01
53.565,0.01,0.00,-0.02,0.02
53.575,-0.01,-0.01,-0.01,0.02
53.585,-0.01,-0.01,-0.01,0.02
53.595,-0.02,0.01,-0.01,0.03
53.605,-0.02,-0.03,0.00,0.04
53.615,-0.04,-0.03,-0.00,0.05
53.625,-0.03,-0.01,-0.03,0.04
53.635,-0.05,-0.03,0.00,0.06
53.645,-0.08,0.01,0.01,0.08
53.655,-0.06,0.03,-0.01,0.07
53.665,-0.05,0.06,-0.04,0.09
53.675,-0.08,0.05,-0.03,0.10
53.685,-0.08,-0.00,-0.01,0.08
53.695,-0.05,-0.01,-0.01,0.05
53.705,0.01,-0.01,-0.02,0.02
53.715,0.04,-0.05,0.01,0.07
53.725,0.08,-0.07,0.01,0.11
53.734,0.11,-0.04,0.01,0.12
53.745,0.11,-0.04,0.01,0.12
53.754,0.12,-0.03,0.00,0.12
53.765,0.08,0.02,-0.00,0.08
53.775,0.02,0.03,-0.01,0.04
53.785,-0.01,0.02,-0.02,0.03
53.794,-0.01,-0.01,-0.01,0.02
53.804,-0.07,-0.03,-0.01,0.08
53.814,-0.11,-0.03,-0.02,0.11
53.824,-0.11,-0.04,-0.02,0.12
53.835,-0.12,-0.02,-0.03,0.12
53.844,-0.13,0.00,-0.03,0.13
53.854,-0.08,0.01,-0.02,0.09
53.864,-0.07,0.03,-0.01,0.07
53.874,-0.04,-0.01,-0.00,0.04
53.884,0.00,-0.01,-0.01,0.02
53.894,0.03,-0.02,-0.00,0.04
53.904,0.04,-0.02,0.00,0.05
53.914,0.08,0.02,0.01,0.08
53.924,0.07,-0.01,0.01,0.07
53.934,0.05,-0.01,0.02,0.05
53.944,0.02,-0.01,-0.01,0.03
53.954,-0.01,-0.02,-0.00,0.02
53.964,-0.02,-0.04,0.01,0.04
53.974,-0.01,-0.04,0.01,0.04
53.984,-0.03,-0.01,-0.01,0.04
53.994,-0.03,-0.02,-0.01,0.04
54.004,-0.06,0.02,-0.03,0.07
54.014,-0.07,0.03,-0.03,0.08
54.024,-0.07,0.03,-0.01,0.08
54.034,-0.05,0.01,-0.00,0.05
54.044,-0.06,0.01,-0.02,0.06
54.054,-0.04,-0.02,-0.00,0.04
54.064,-0.04,-0.04,-0.00,0.06
54.074,-0.01,-0.05,0.00,0.05
54.084,0.01,-0.04,-0.00,0.04
54.094,0.01,-0.04,0.00,0.04
54.104,0.01,-0.02,-0.00,0.02
54.114,0.02,0.01,-0.02,0.03
54.124,0.02,0.02,-0.00,0.03
54.134,0.03,0.00,0.01,0.03
54.144,0.00,0.00,-0.02,0.02
54.154,-0.01,-0.01,-0.01,0.02
54.164,-0.05,-0.04,-0.00,0.07
54.174,-0.05,-0.02,-0.01,0.06
54.184,-0.04,0.00,-0.01,0.04
54.194,-0.06,0.00,-0.02,0.06
54.204,-0.04,0.02,-0.01,0.05
54.214,-0.04,0.02,-0.02,0.05
54.224,-0.04,0.00,-0.01,0.04
54.234,-0.03,-0.03,-0.00,0.04
54.244,-0.00,-0.01,-0.01,0.02
54.254,-0.01,-0.03,-0.01,0.03
54.264,-0.02,-0.02,0.00,0.03
54.274,-0.01,-0.01,-0.01,0.02
54.284,0.01,0.00,-0.01,0.01
54.294,-0.00,0.00,-0.01,0.01
54.304,0.00,0.02,-0.01,0.02
54.314,0.02,0.03,0.00,0.03
54.324,0.01,-0.01,0.01,0.01
54.334,0.01,-0.03,0.01,0.03
54.344,0.00,-0.02,-0.01,0.02
54.353,-0.01,-0.02,-0.01,0.03
54.364,-0.00,-0.04,-0.02,0.04
54.374,-0.02,-0.02,-0.00,0.02
54.384,-0.02,-0.01,-0.02,0.03
54.393,-0.03,0.00,-0.01,0.04
54.404,-0.04,0.02,-0.02,0.05
54.413,-0.04,0.00,-0.01,0.04
54.424,-0.03,-0.01,0.00,0.03
54.433,-0.03,-0.02,-0.02,0.04
54.444,-0.01,-0.03,-0.00,0.03
54.453,-0.01,-0.03,0.00,0.03
54.464,-0.02,-0.01,0.00,0.02
54.473,-0.01,-0.00,0.00,0.01
54.483,-0.01,0.01,-0.02,0.02
54.493,-0.03,0.02,-0.00,0.04
54.503,-0.04,0.00,-0.01,0.04
54.513,-0.03,-0.00,-0.00,0.03
54.523,-0.02,-0.03,-0.00,0.03
54.533,-0.02,-0.02,-0.01,0.03
54.543,-0.02,-0.03,-0.01,0.04
54.553,-0.01,-0.04,-0.01,0.04
54.563,-0.02,-0.02,-0.02,0.03
54.573,-0.03,-0.00,-0.03,0.04
54.583,-0.01,0.01,-0.02,0.03
54.593,-0.00,0.00,-0.00,0.00
54.603,0.00,0.01,-0.01,0.01
54.613,-0.00,0.00,-0.02,0.02
54.623,-0.02,-0.03,-0.01,0.03
54.633,-0.02,-0.02,-0.01,0.03
54.643,-0.00,-0.02,-0.02,0.02
54.653,-0.02,-0.00,-0.02,0.03
54.663,-0.02,-0.01,-0.00,0.02
54.673,-0.02,-0.00,-0.02,0.03
54.683,-0.02,0.00,-0.01,0.02
54.693,-0.03,0.00,-0.01,0.03
54.703,-0.03,-0.01,0.01,0.03
54.713,-0.02,-0.03,-0.00,0.03
54.723,-0.02,-0.02,0.00,0.03
54.733,-0.02,0.00,-0.01,0.02
54.743,-0.00,0.01,-0.01,0.01
54.753,-0.00,-0.00,-0.00,0.00
54.763,-0.01,-0.01,-0.01,0.02
54.773,-0.01,-0.02,0.01,0.02
54.783,-0.01,-0.01,-0.00,0.02
54.793,-0.03,-0.01,-0.01,0.03
54.803,-0.03,-0.01,-0.00,0.03
54.813,-0.03,-0.01,-0.01,0.04
54.823,-0.00,-0.01,-0.01,0.02
54.833,-0.02,0.00,-0.00,0.02
54.843,-0.01,0.01,-0.00,0.01
54.853,-0.00,-0.02,0.01,0.02
54.863,-0.03,-0.00,-0.00,0.03
54.873,-0.01,-0.02,0.01,0.02
54.883,-0.00,-0.02,-0.01,0.02
54.893,-0.00,-0.01,-0.01,0.01
54.903,-0.00,-0.00,-0.01,0.01
54.913,-0.03,-0.02,-0.01,0.03
54.923,-0.03,-0.00,-0.00,0.03
54.933,-0.01,0.00,-0.01,0.02
54.943,-0.02,-0.00,0.00,0.02
54.953,-0.02,-0.01,-0.01,0.02
54.963,-0.01,-0.00,0.01,0.02
54.973,-0.01,-0.02,-0.00,0.02
54.983,0.01,-0.04,-0.02,0.04
54.993,-0.02,-0.01,-0.02,0.03
55.003,-0.01,-0.01,-0.01,0.02
55.013,-0.00,0.00,-0.01,0.01
55.023,-0.02,-0.00,-0.01,0.02
55.033,0.00,0.01,-0.01,0.01
55.043,-0.00,-0.00,-0.00,0.01
55.052,-0.01,-0.00,-0.02,0.03
55.063,-0.02,-0.01,-0.01,0.02
55.073,-0.01,-0.02,-0.00,0.02
55.083,-0.02,-0.02,-0.00,0.03
55.093,-0.02,-0.04,-0.01,0.05
55.103,-0.03,-0.01,-0.02,0.03
55.113,-0.01,0.01,-0.01,0.02
55.122,-0.01,0.01,-0.01,0.02
55.132,-0.02,0.01,-0.01,0.03
55.143,0.01,-0.00,-0.01,0.02
55.153,-0.01,0.00,-0.03,0.03
55.162,-0.01,-0.02,-0.01,0.02
55.172,0.00,-0.01,-0.02,0.02
55.182,0.01,-0.00,-0.01,0.02
55.192,0.02,-0.01,-0.01,0.02
55.202,-0.01,-0.01,-0.02,0.02
55.212,-0.02,-0.00,-0.01,0.02
55.222,-0.01,-0.01,-0.00,0.02
55.232,-0.00,-0.01,-0.01,0.01
55.242,-0.01,-0.01,-0.01,0.02
55.252,-0.00,-0.02,-0.01,0.03
55.262,-0.01,-0.01,-0.00,0.02
55.272,-0.00,-0.01,-0.00,0.01
55.282,-0.01,-0.00,-0.02,0.03
55.292,-0.02,-0.01,-0.00,0.02
55.302,-0.02,0.01,-0.02,0.03
55.312,-0.03,-0.02,-0.02,0.04
55.322,-0.03,-0.01,-0.00,0.04
55.332,-0.04,-0.01,-0.01,0.04
55.342,-0.03,-0.01,-0.02,0.04
55.352,-0.04,-0.02,-0.01,0.04
55.362,-0.02,0.00,-0.01,0.02
55.372,-0.01,0.00,-0.01,0.02
55.382,-0.02,0.01,-0.00,0.02
55.392,-0.01,0.01,0.00,0.01
55.402,-0.00,-0.01,-0.00,0.01
55.412,-0.00,-0.01,-0.01,0.01
55.422,0.01,-0.01,-0.01,0.01
55.432,-0.01,-0.01,-0.02,0.03
55.442,-0.02,-0.03,-0.00,0.03
55.452,-0.03,-0.01,-0.01,0.04
55.462,-0.03,-0.01,-0.00,0.03
55.472,-0.01,-0.00,-0.01,0.01
55.482,-0.01,-0.00,-0.01,0.02
55.492,-0.04,0.01,-0.01,0.04
55.502,-0.04,-0.01,-0.01,0.05
55.512,-0.02,0.00,-0.02,0.03
55.522,-0.01,-0.00,-0.01,0.02
55.532,-0.03,-0.01,-0.02,0.04
55.542,-0.01,-0.02,-0.02,0.02
55.552,0.00,0.00,-0.01,0.01
55.562,0.00,0.01,-0.02,0.02
55.572,-0.01,0.01,-0.01,0.02
55.582,-0.00,-0.00,-0.01,0.01
55.592,0.00,-0.02,-0.02,0.03
55.602,-0.02,-0.01,-0.02,0.03
55.612,-0.04,-0.02,-0.01,0.04
55.622,-0.02,-0.02,0.00,0.03
55.632,-0.03,-0.01,-0.02,0.03
55.642,-0.03,0.02,-0.00,0.04
55.652,-0.02,0.01,-0.01,0.03
55.662,-0.01,-0.01,-0.00,0.02
55.672,-0.01,-0.01,-0.02,0.02
55.682,-0.01,-0.02,-0.01,0.03
55.692,-0.02,-0.02,-0.01,0.03
55.702,-0.03,-0.02,-0.01,0.03
55.712,-0.02,-0.01,-0.02,0.03
55.722,-0.01,-0.01,0.00,0.01
55.732,-0.01,-0.00,-0.00,0.01
55.742,-0.01,0.00,-0.02,0.02
55.752,-0.01,-0.01,-0.01,0.02
55.762,-0.01,-0.02,-0.01,0.02
55.772,-0.01,-0.02,-0.01,0.03
55.782,0.00,-0.01,-0.01,0.02
55.792,-0.01,-0.02,-0.01,0.02
55.802,-0.02,-0.02,-0.01,0.02
55.812,-0.01,-0.01,-0.01,0.02
55.821,-0.01,-0.01,-0.01,0.01
55.832,0.01,0.00,-0.01,0.01
55.842,-0.01,-0.01,-0.01,0.01
55.851,-0.03,0.01,-0.00,0.03
55.861,-0.03,-0.00,-0.01,0.04
55.871,-0.03,-0.01,-0.01,0.03
55.881,-0.02,-0.02,0.00,0.02
55.891,-0.02,-0.01,-0.01,0.03
55.901,-0.01,-0.01,-0.02,0.03
55.911,-0.00,-0.01,-0.00,0.01
55.921,0.01,0.01,0.01,0.01
55.931,-0.01,0.00,0.00,0.01
55.941,-0.02,-0.01,-0.00,0.02
55.951,-0.03,0.00,-0.02,0.03
55.961,-0.02,-0.01,-0.01,0.03
55.971,-0.02,-0.00,-0.00,0.02
55.981,-0.01,-0.01,0.01,0.02
55.991,-0.05,0.00,-0.02,0.05
56.001,-0.02,-0.00,0.00,0.02
56.011,-0.01,-0.02,-0.00,0.02
56.021,-0.02,-0.01,0.01,0.03
56.031,-0.02,-0.01,-0.02,0.03
56.041,-0.03,0.00,0.00,0.03
56.051,-0.03,-0.00,0.01,0.03
56.061,-0.01,-0.00,-0.00,0.01
56.071,-0.00,-0.02,-0.03,0.03
56.081,-0.02,0.00,-0.01,0.02
56.091,-0.01,-0.01,-0.02,0.02
56.101,-0.04,-0.02,-0.01,0.05
56.111,-0.03,-0.00,-0.03,0.04
56.121,-0.01,-0.00,-0.01,0.02
56.131,-0.01,-0.01,-0.02,0.03
56.141,-0.00,-0.01,-0.01,0.02
56.151,0.01,-0.01,0.00,0.01
56.161,-0.01,-0.00,0.00,0.01
56.171,-0.01,-0.01,-0.01,0.02
56.181,-0.00,-0.00,-0.01,0.01
56.191,-0.03,-0.02,-0.00,0.03
56.201,-0.01,-0.01,0.00,0.01
56.211,-0.02,-0.01,-0.02,0.03
56.221,0.00,-0.03,-0.03,0.04
56.231,-0.01,-0.02,-0.02,0.03
56.241,-0.02,-0.01,-0.00,0.02
56.251,-0.03,-0.01,-0.02,0.03
56.261,-0.01,0.00,-0.01,0.02
56.271,-0.03,0.00,-0.00,0.03
56.281,-0.02,-0.02,0.00,0.03
56.291,-0.01,-0.01,-0.02,0.03
56.301,-0.02,0.00,-0.00,0.02
56.311,-0.03,-0.01,-0.01,0.03
56.321,-0.02,-0.01,-0.02,0.03
56.331,-0.01,-0.02,-0.01,0.03
56.341,-0.02,-0.02,-0.00,0.03
56.351,-0.03,-0.01,-0.03,0.04
56.361,-0.01,-0.01,-0.01,0.02
56.371,-0.01,-0.01,0.00,0.01
56.381,-0.03,-0.02,-0.01,0.04
56.391,-0.01,-0.01,-0.02,0.02
56.401,-0.01,-0.01,-0.01,0.01
56.411,-0.03,-0.02,-0.02,0.04
56.421,-0.00,-0.01,-0.01,0.01
56.431,0.02,-0.01,-0.02,0.03
56.441,-0.01,-0.01,-0.01,0.02
56.451,-0.00,-0.00,-0.01,0.01
56.461,-0.02,-0.02,-0.01,0.03
56.471,-0.02,-0.01,-0.02,0.03
56.481,-0.00,-0.01,-0.02,0.02
56.491,-0.02,-0.00,-0.01,0.02
56.501,-0.02,-0.01,-0.01,0.03
56.511,-0.01,0.02,-0.01,0.03
56.521,-0.00,-0.01,-0.01,0.02
56.530,-0.02,-0.02,0.00,0.03
56.540,-0.01,-0.01,-0.01,0.02
56.551,-0.01,-0.00,-0.02,0.03
56.561,0.00,-0.01,-0.01,0.01
56.570,-0.02,0.01,-0.03,0.04
56.580,-0.02,0.01,0.00,0.02
56.590,-0.01,0.00,-0.01,0.02
56.601,-0.01,-0.01,-0.01,0.02
56.610,-0.01,-0.00,-0.02,0.02
56.620,-0.01,-0.01,0.00,0.02
56.630,-0.01,-0.01,-0.01,0.02
56.640,-0.02,-0.00,-0.00,0.02
56.650,-0.01,-0.01,-0.01,0.02
56.660,-0.02,-0.00,-0.04,0.04
56.670,-0.03,-0.01,-0.00,0.03
56.680,-0.02,-0.01,-0.01,0.02
56.690,-0.02,-0.01,-0.01,0.02
56.700,-0.02,-0.00,-0.01,0.02
56.710,0.00,-0.01,-0.01,0.01
56.720,-0.01,-0.01,-0.01,0.01
56.730,-0.03,-0.01,-0.01,0.03
56.740,-0.01,0.01,-0.01,0.02
56.750,-0.00,-0.01,-0.00,0.01
56.760,-0.01,-0.02,-0.01,0.03
56.770,-0.02,-0.02,-0.01,0.03
56.780,-0.03,-0.00,-0.02,0.03
56.790,-0.03,-0.01,-0.02,0.04
56.800,-0.01,-0.01,-0.01,0.01
56.810,-0.01,-0.00,-0.02,0.02
56.820,-0.02,-0.01,-0.00,0.02
56.830,-0.01,-0.00,0.00,0.01
56.840,-0.02,-0.01,-0.01,0.03
56.850,-0.01,-0.02,-0.00,0.02
56.860,-0.01,-0.01,-0.01,0.02
56.870,-0.02,-0.00,-0.01,0.02
56.880,-0.01,0.00,-0.01,0.01
56.890,-0.03,-0.01,-0.01,0.03
56.900,-0.02,-0.01,-0.02,0.03
56.910,-0.01,-0.00,-0.02,0.02
56.920,-0.01,-0.01,-0.01,0.02
56.930,-0.03,-0.01,-0.02,0.03
56.940,-0.03,-0.01,-0.01,0.03
56.950,-0.02,-0.00,-0.01,0.02
56.960,0.00,0.00,-0.02,0.02
56.970,-0.02,0.02,-0.01,0.03
56.980,-0.01,0.02,-0.01,0.02
56.990,-0.02,0.00,-0.01,0.02
57.000,-0.01,-0.01,-0.01,0.02
57.010,0.00,-0.01,-0.01,0.02
57.020,0.00,-0.01,-0.01,0.01
57.030,0.01,-0.01,-0.00,0.02
57.040,-0.00,-0.01,-0.00,0.01
57.050,0.00,-0.01,-0.01,0.02
57.060,0.00,-0.00,-0.01,0.01
57.070,-0.02,0.00,-0.01,0.02
57.080,-0.03,0.00,-0.01,0.03
57.090,-0.03,0.00,-0.01,0.03
57.100,-0.02,-0.01,-0.01,0.02
57.110,-0.04,-0.01,-0.02,0.05
57.120,-0.02,-0.01,-0.02,0.03
57.130,-0.01,-0.03,0.01,0.03
57.140,-0.02,-0.02,-0.02,0.03
57.150,-0.04,-0.01,-0.01,0.04
57.160,-0.00,0.00,0.01,0.01
57.170,-0.00,0.01,-0.00,0.01
57.180,-0.01,0.01,0.00,0.01
57.190,-0.01,0.00,-0.00,0.01
57.200,-0.02,-0.01,0.00,0.02
57.210,-0.01,-0.01,-0.00,0.02
57.220,-0.02,-0.02,-0.01,0.04
57.230,-0.02,-0.00,-0.01,0.02
57.240,-0.03,-0.00,-0.01,0.03
57.249,-0.02,0.00,-0.00,0.02
57.260,-0.00,0.01,-0.00,0.01
57.270,-0.01,-0.00,-0.01,0.01
57.279,-0.02,-0.00,-0.01,0.02
57.289,-0.02,-0.01,-0.02,0.03
57.299,-0.03,-0.00,-0.00,0.03
57.309,-0.02,0.01,-0.00,0.02
57.320,-0.03,0.01,-0.01,0.03
57.329,-0.03,-0.00,-0.01,0.03
57.339,-0.01,0.00,-0.01,0.02
57.349,-0.03,-0.01,-0.01,0.03
57.359,-0.01,-0.01,-0.02,0.03
57.369,-0.02,-0.01,-0.01,0.02
57.379,0.00,-0.00,0.00,0.00
57.389,-0.01,-0.01,-0.02,0.02
57.399,-0.02,0.00,-0.01,0.02
57.409,-0.01,-0.01,-0.01,0.02
57.419,-0.01,-0.01,-0.01,0.02
57.429,-0.01,-0.01,-0.01,0.02
57.439,-0.02,-0.02,-0.00,0.03
57.449,-0.03,-0.00,0.00,0.03
57.459,-0.02,0.00,-0.00,0.02
57.469,-0.01,0.00,-0.02,0.02
57.479,-0.02,0.00,-0.02,0.02
57.489,-0.01,-0.02,-0.02,0.02
57.499,-0.02,-0.02,-0.01,0.02
57.509,-0.02,0.00,-0.02,0.03
57.519,-0.02,-0.00,-0.02,0.03
57.529,-0.01,-0.01,-0.00,0.01
57.539,-0.01,-0.01,-0.00,0.01
57.549,-0.01,0.00,-0.02,0.02
57.559,0.01,-0.00,0.00,0.01
57.569,-0.00,-0.01,-0.00,0.01
57.579,0.00,-0.01,-0.01,0.02
57.589,-0.01,-0.02,-0.01,0.03
57.599,-0.00,-0.01,0.00,0.01
57.609,-0.02,-0.01,0.00,0.02
57.619,-0.03,0.00,-0.01,0.03
57.629,-0.02,-0.01,0.00,0.02
57.639,-0.01,0.00,-0.01,0.01
57.649,-0.03,-0.01,0.01,0.03
57.659,-0.02,-0.01,0.00,0.02
57.669,-0.02,-0.01,-0.00,0.02
57.679,-0.00,-0.00,-0.00,0.00
57.689,-0.02,0.02,-0.01,0.03
57.699,-0.00,0.00,-0.01,0.01
57.709,-0.01,-0.01,-0.02,0.03
57.719,-0.00,-0.01,-0.02,0.02
57.729,-0.02,-0.01,-0.01,0.03
57.739,-0.01,-0.01,-0.00,0.02
57.749,-0.01,-0.01,0.00,0.01
57.759,-0.02,-0.01,-0.01,0.02
57.769,-0.02,0.00,0.00,0.02
57.779,-0.02,-0.00,-0.01,0.03
57.789,-0.02,0.01,-0.00,0.02
57.799,-0.02,0.01,-0.01,0.02
57.809,-0.02,-0.01,0.00,0.02
57.819,-0.03,-0.00,0.01,0.03
57.829,-0.03,-0.01,-0.01,0.03
57.839,-0.01,-0.01,-0.00,0.01
57.849,-0.01,-0.01,-0.01,0.02
57.859,-0.01,0.01,-0.01,0.02
57.869,-0.01,-0.00,-0.03,0.04
57.879,0.00,-0.00,-0.03,0.03
57.889,-0.01,0.00,-0.01,0.01
57.899,-0.01,-0.01,-0.00,0.01
57.909,-0.01,-0.01,-0.00,0.02
57.919,-0.02,-0.02,-0.01,0.03
57.929,-0.01,-0.02,0.00,0.02
57.939,-0.00,-0.01,-0.01,0.01
