time,ax,ay,az,atotal
0.000,-0.00,-0.01,-0.01,0.02
0.010,-0.01,-0.03,-0.02,0.04
0.020,-0.01,-0.01,-0.02,0.03
0.030,-0.02,-0.03,-0.03,0.05
0.040,-0.02,-0.03,-0.01,0.04
0.050,-0.03,-0.02,-0.03,0.05
0.060,-0.02,-0.01,-0.02,0.03
0.070,0.00,-0.02,-0.03,0.03
0.080,-0.01,-0.03,-0.01,0.03
0.090,-0.00,-0.04,-0.00,0.04
0.100,-0.00,-0.01,-0.00,0.01
0.110,0.00,-0.01,-0.01,0.02
0.120,-0.01,-0.02,-0.03,0.04
0.130,-0.00,-0.02,-0.02,0.03
0.140,0.01,-0.02,-0.01,0.03
0.150,-0.00,-0.01,-0.01,0.02
0.160,0.01,-0.01,-0.02,0.02
0.170,0.03,-0.00,-0.01,0.03
0.180,0.03,-0.01,-0.02,0.04
0.190,0.02,-0.02,-0.01,0.03
0.200,0.02,-0.02,-0.00,0.03
0.210,0.00,-0.04,-0.03,0.05
0.220,-0.01,-0.02,-0.03,0.04
0.230,-0.03,-0.01,-0.00,0.03
0.240,-0.07,-0.01,-0.01,0.07
0.250,-0.07,-0.02,-0.02,0.08
0.260,-0.06,-0.03,-0.02,0.07
0.270,-0.04,-0.03,-0.01,0.05
0.279,-0.02,-0.02,-0.01,0.03
0.290,0.02,-0.03,-0.01,0.03
0.300,0.04,-0.01,-0.02,0.04
0.310,0.06,-0.02,-0.01,0.06
0.320,0.05,-0.03,0.00,0.06
0.330,0.03,-0.01,-0.01,0.04
0.340,0.02,-0.03,-0.02,0.04
0.350,0.02,-0.03,-0.00,0.03
0.359,-0.01,-0.03,-0.01,0.04
0.370,-0.04,-0.01,-0.02,0.05
0.379,-0.05,-0.03,-0.02,0.06
0.390,-0.05,-0.02,-0.02,0.06
0.399,-0.05,-0.00,-0.03,0.06
0.410,-0.05,-0.02,-0.02,0.06
0.419,-0.02,-0.03,-0.02,0.04
0.429,-0.01,-0.03,-0.02,0.03
0.439,0.01,-0.01,-0.02,0.02
0.449,0.01,-0.02,-0.01,0.03
0.459,-0.00,-0.01,-0.01,0.02
0.469,0.01,-0.04,-0.00,0.04
0.479,-0.01,-0.03,-0.00,0.03
0.489,-0.03,-0.02,-0.01,0.04
0.499,-0.03,-0.02,-0.00,0.04
0.509,-0.01,-0.03,-0.03,0.04
0.519,-0.02,-0.01,-0.02,0.03
0.529,-0.01,-0.01,-0.01,0.02
0.539,-0.02,-0.02,-0.01,0.02
0.549,-0.02,-0.03,-0.03,0.04
0.559,0.00,-0.02,-0.02,0.03
0.569,-0.00,-0.01,-0.02,0.03
0.579,0.00,-0.03,0.01,0.03
0.589,0.01,-0.03,-0.02,0.04
0.599,0.01,-0.03,-0.01,0.03
0.609,-0.00,-0.02,-0.01,0.03
0.619,-0.01,-0.02,0.00,0.03
0.629,-0.05,-0.01,-0.01,0.05
0.639,-0.07,-0.02,-0.02,0.07
0.649,-0.04,-0.00,-0.01,0.05
0.659,-0.06,-0.01,-0.01,0.06
0.669,-0.05,-0.01,-0.02,0.06
0.679,-0.04,-0.01,-0.01,0.04
0.689,-0.04,-0.02,-0.02,0.05
0.699,-0.02,-0.02,-0.02,0.04
0.709,-0.01,-0.02,-0.01,0.03
0.719,0.00,-0.04,-0.01,0.04
0.729,0.00,-0.04,-0.02,0.04
0.739,0.04,-0.02,-0.02,0.05
0.749,0.05,-0.03,-0.02,0.07
0.759,0.06,-0.02,-0.02,0.06
0.769,0.06,-0.00,-0.01,0.06
0.779,0.07,-0.02,-0.01,0.08
0.789,0.06,-0.02,0.00,0.06
0.799,0.05,-0.01,-0.00,0.06
0.809,0.05,-0.04,0.00,0.07
0.819,0.03,-0.03,-0.00,0.05
0.829,0.01,-0.03,0.00,0.03
0.839,-0.02,-0.02,-0.00,0.03
0.849,-0.03,-0.01,-0.01,0.03
0.859,-0.05,-0.02,-0.03,0.06
0.869,-0.06,-0.02,-0.03,0.07
0.879,-0.05,-0.01,-0.02,0.06
0.889,-0.06,-0.02,-0.01,0.06
0.899,-0.06,-0.02,-0.01,0.06
0.909,-0.05,-0.02,-0.02,0.06
0.919,-0.02,-0.03,-0.02,0.04
0.929,-0.01,-0.03,-0.00,0.03
0.939,0.01,-0.04,-0.02,0.05
0.949,0.04,-0.03,-0.03,0.06
0.959,0.05,-0.04,-0.01,0.06
0.969,0.06,-0.03,-0.00,0.07
0.979,0.05,-0.02,0.01,0.05
0.989,0.04,-0.01,-0.00,0.04
0.999,0.01,-0.00,-0.02,0.02
1.009,-0.02,-0.01,-0.01,0.02
1.019,-0.05,-0.02,-0.01,0.06
1.029,-0.05,-0.03,-0.02,0.06
1.039,-0.05,-0.03,-0.01,0.06
1.049,-0.06,-0.03,-0.02,0.07
1.059,-0.04,-0.02,-0.02,0.05
1.069,-0.04,-0.02,-0.02,0.05
1.079,-0.03,-0.04,-0.02,0.05
1.089,-0.01,-0.02,-0.02,0.03
1.099,0.00,-0.02,0.00,0.02
1.109,0.04,-0.02,0.00,0.04
1.118,0.03,-0.02,-0.01,0.04
1.128,0.04,-0.01,-0.02,0.05
1.138,0.03,-0.02,0.00,0.03
1.149,0.03,-0.03,-0.01,0.04
1.158,0.02,-0.03,-0.01,0.04
1.168,0.00,-0.04,-0.01,0.04
1.178,-0.01,-0.03,-0.01,0.04
1.188,-0.03,-0.03,-0.02,0.05
1.198,-0.04,-0.02,-0.02,0.05
1.208,-0.04,-0.01,-0.03,0.05
1.218,-0.03,-0.01,-0.03,0.04
1.228,-0.02,-0.03,-0.02,0.04
1.238,-0.01,-0.01,-0.01,0.02
1.248,-0.00,-0.02,-0.01,0.02
1.258,0.02,-0.02,-0.01,0.03
1.268,0.01,-0.05,-0.01,0.05
1.278,0.00,-0.04,-0.01,0.05
1.288,0.01,-0.05,-0.00,0.05
1.298,0.02,-0.04,-0.01,0.05
1.308,0.01,-0.02,-0.01,0.03
1.318,0.02,-0.01,-0.01,0.03
1.328,0.00,0.02,-0.02,0.03
1.338,-0.03,0.01,-0.02,0.04
1.348,-0.03,-0.02,-0.02,0.04
1.358,-0.03,0.00,-0.01,0.03
1.368,-0.04,-0.02,-0.01,0.04
1.378,-0.03,-0.04,-0.01,0.05
1.388,-0.05,-0.05,-0.02,0.07
1.398,-0.02,-0.05,-0.01,0.05
1.408,-0.00,-0.05,-0.01,0.05
1.418,0.01,-0.03,-0.02,0.04
1.428,0.04,-0.00,-0.01,0.04
1.438,0.04,0.03,-0.02,0.05
1.448,0.04,0.03,-0.03,0.05
1.458,0.02,0.01,-0.00,0.02
1.468,-0.01,-0.02,-0.03,0.04
1.478,-0.02,-0.04,-0.00,0.04
1.488,-0.05,-0.05,-0.00,0.07
1.498,-0.03,-0.08,-0.02,0.09
1.508,-0.02,-0.08,-0.01,0.08
1.518,-0.03,-0.05,-0.02,0.06
1.528,-0.01,-0.03,-0.02,0.04
1.538,-0.00,-0.00,-0.00,0.01
1.548,-0.02,0.02,-0.01,0.03
1.558,0.07,0.02,-0.02,0.07
1.568,0.01,0.08,-0.01,0.08
1.578,-0.02,-0.09,0.01,0.09
1.588,0.04,0.00,-0.03,0.05
1.598,-0.09,-0.11,-0.02,0.14
1.608,0.02,-0.10,-0.01,0.10
1.618,-0.05,-0.09,-0.02,0.11
1.628,0.02,-0.02,-0.00,0.03
1.638,0.04,-0.04,0.01,0.06
1.648,-0.02,0.02,-0.01,0.03
1.658,-0.01,0.02,-0.02,0.03
1.668,-0.02,0.01,-0.01,0.03
1.678,-0.03,-0.03,-0.02,0.05
1.688,0.04,-0.04,0.00,0.06
1.698,0.03,-0.06,0.01,0.07
1.708,-0.01,-0.06,-0.02,0.06
1.718,0.01,-0.06,-0.01,0.06
1.728,-0.05,-0.04,-0.01,0.07
1.738,-0.03,0.01,-0.03,0.05
1.748,-0.04,-0.00,-0.02,0.04
1.757,-0.03,-0.02,-0.01,0.03
1.768,-0.01,-0.03,-0.02,0.03
1.778,0.02,-0.06,-0.03,0.07
1.788,-0.00,-0.03,0.00,0.03
1.797,0.01,-0.04,-0.01,0.04
1.807,0.01,-0.03,-0.02,0.03
1.817,0.00,0.00,-0.02,0.02
1.827,0.01,-0.01,-0.01,0.02
1.837,0.01,-0.03,-0.02,0.03
1.848,-0.02,-0.02,-0.01,0.03
1.857,-0.00,-0.03,-0.02,0.03
1.867,-0.01,-0.05,-0.01,0.05
1.877,0.01,-0.04,-0.01,0.04
1.887,-0.00,-0.02,-0.01,0.02
1.897,-0.04,-0.00,-0.02,0.04
1.907,-0.03,-0.01,-0.02,0.03
1.917,-0.01,-0.03,-0.02,0.04
1.927,-0.02,-0.03,-0.01,0.03
1.937,0.01,-0.05,0.00,0.05
1.947,0.03,-0.03,-0.01,0.05
1.957,0.03,-0.02,-0.01,0.03
1.967,0.02,-0.01,-0.00,0.02
1.977,0.01,-0.01,-0.01,0.02
1.987,0.01,-0.01,-0.02,0.02
1.997,0.03,-0.01,-0.01,0.03
2.007,0.04,-0.04,-0.01,0.06
2.017,0.03,-0.03,-0.01,0.05
2.027,0.02,-0.05,0.01,0.06
2.037,0.01,-0.05,-0.01,0.05
2.047,0.01,-0.04,-0.01,0.04
2.057,0.00,-0.01,-0.01,0.01
2.067,-0.01,0.01,-0.01,0.02
2.077,-0.05,0.00,-0.02,0.05
2.087,-0.09,-0.01,-0.02,0.10
2.097,-0.07,-0.04,-0.03,0.08
2.107,-0.02,-0.05,-0.02,0.06
2.117,-0.01,-0.06,-0.00,0.06
2.127,0.01,-0.04,0.00,0.04
2.137,0.03,-0.03,-0.02,0.05
2.147,0.02,-0.02,-0.02,0.03
2.157,-0.01,-0.01,-0.02,0.02
2.167,-0.00,-0.02,-0.02,0.02
2.177,0.00,-0.03,-0.03,0.04
2.187,0.01,-0.03,-0.02,0.04
2.197,0.02,-0.06,-0.01,0.06
2.207,0.05,-0.06,0.01,0.08
2.217,0.06,-0.04,-0.01,0.07
2.227,0.02,-0.02,-0.02,0.04
2.237,0.00,0.01,-0.00,0.01
2.247,-0.02,0.00,-0.01,0.02
2.257,-0.04,-0.01,-0.02,0.05
2.267,-0.07,-0.03,-0.01,0.07
2.277,-0.06,-0.04,-0.01,0.07
2.287,-0.05,-0.04,-0.02,0.06
2.297,-0.04,-0.03,-0.01,0.05
2.307,-0.04,-0.02,-0.02,0.05
2.317,-0.02,-0.01,-0.01,0.03
2.327,-0.03,-0.02,-0.01,0.03
2.337,-0.02,-0.02,-0.02,0.04
2.347,0.03,-0.03,-0.01,0.04
2.357,0.05,-0.02,-0.01,0.05
2.367,0.05,-0.02,-0.01,0.06
2.377,0.01,-0.04,-0.02,0.04
2.387,-0.01,-0.03,-0.01,0.04
2.397,-0.02,-0.02,-0.02,0.03
2.407,-0.02,-0.03,-0.03,0.04
2.417,-0.02,-0.04,-0.02,0.05
2.427,0.00,-0.03,-0.02,0.04
2.437,-0.00,-0.03,-0.03,0.04
2.447,0.03,-0.02,-0.01,0.04
2.457,0.02,-0.03,-0.02,0.04
2.467,-0.01,-0.03,-0.01,0.03
2.477,0.01,-0.01,0.00,0.02
2.487,0.01,-0.01,-0.01,0.02
2.497,-0.02,-0.01,-0.01,0.03
2.507,-0.03,-0.03,-0.00,0.04
2.517,-0.03,-0.03,-0.02,0.05
2.527,-0.02,-0.05,-0.01,0.05
2.537,-0.01,-0.05,-0.02,0.05
2.546,-0.01,-0.06,-0.01,0.07
2.556,0.01,-0.01,-0.00,0.01
2.567,0.01,-0.01,-0.02,0.03
2.576,-0.01,-0.02,-0.01,0.02
2.587,-0.02,0.00,-0.02,0.03
2.596,-0.03,0.01,-0.01,0.03
2.606,-0.01,-0.03,-0.01,0.03
2.616,-0.01,-0.02,-0.02,0.03
2.626,0.01,-0.05,-0.01,0.05
2.636,0.01,-0.03,-0.02,0.04
2.646,-0.01,-0.03,-0.01,0.03
2.656,-0.02,-0.02,-0.01,0.03
2.666,0.00,-0.03,-0.01,0.03
2.676,0.01,-0.04,-0.00,0.05
2.686,0.04,-0.04,-0.00,0.05
2.696,0.03,-0.03,0.00,0.04
2.706,-0.00,-0.01,0.00,0.01
2.716,-0.02,-0.03,-0.02,0.04
2.726,-0.05,-0.01,-0.01,0.06
2.736,-0.05,-0.01,0.00,0.05
2.746,-0.05,-0.03,-0.02,0.06
2.756,-0.05,-0.04,-0.02,0.07
2.766,-0.02,-0.05,-0.01,0.05
2.776,0.02,-0.05,-0.01,0.05
2.786,0.04,-0.02,0.00,0.05
2.796,0.05,-0.02,-0.01,0.06
2.806,0.06,-0.02,0.00,0.06
2.816,0.04,-0.01,-0.02,0.04
2.826,0.03,-0.02,-0.03,0.05
2.836,0.02,-0.03,-0.02,0.04
2.846,-0.04,-0.04,-0.01,0.06
2.856,-0.03,-0.02,-0.01,0.04
2.866,-0.05,-0.03,-0.00,0.06
2.876,-0.03,-0.04,0.01,0.05
2.886,-0.01,-0.02,-0.01,0.03
2.896,-0.01,-0.02,-0.00,0.02
2.906,0.01,-0.02,-0.02,0.03
2.916,0.00,-0.02,-0.02,0.03
2.926,-0.02,-0.02,-0.02,0.03
2.936,-0.02,-0.01,-0.00,0.02
2.946,-0.01,-0.03,-0.01,0.03
2.956,-0.02,-0.03,-0.04,0.05
2.966,-0.02,-0.04,-0.03,0.05
2.976,-0.02,-0.03,-0.01,0.04
2.986,-0.01,-0.03,-0.01,0.03
2.996,-0.01,-0.02,0.00,0.03
3.006,0.02,-0.02,-0.02,0.03
3.016,0.03,-0.01,-0.01,0.03
3.026,0.02,-0.02,-0.01,0.03
3.036,0.04,-0.03,-0.02,0.05
3.046,0.03,-0.03,-0.02,0.05
3.056,0.01,-0.02,-0.01,0.03
3.066,-0.02,-0.02,-0.01,0.03
3.076,-0.03,-0.03,-0.01,0.04
3.086,-0.05,-0.03,-0.00,0.05
3.096,-0.04,-0.03,-0.03,0.06
3.106,-0.04,-0.05,-0.02,0.06
3.116,-0.04,-0.04,-0.01,0.06
3.126,-0.02,-0.03,-0.03,0.05
3.136,-0.01,-0.02,-0.02,0.03
3.146,0.01,-0.03,-0.01,0.03
3.156,0.01,-0.01,-0.02,0.02
3.166,0.01,-0.01,-0.03,0.03
3.176,0.01,-0.03,-0.01,0.03
3.186,0.02,-0.04,-0.01,0.05
3.196,0.02,-0.03,-0.02,0.04
3.206,0.02,-0.04,-0.00,0.04
3.216,0.02,-0.03,-0.01,0.04
3.226,0.02,-0.02,-0.01,0.03
3.236,0.00,-0.03,0.01,0.03
3.246,-0.00,-0.02,-0.01,0.02
3.255,-0.01,-0.00,-0.02,0.02
3.266,-0.02,-0.01,-0.01,0.03
3.275,-0.01,-0.01,-0.02,0.02
3.286,-0.00,-0.02,-0.02,0.03
3.295,0.02,-0.04,-0.01,0.04
3.306,0.02,-0.04,-0.01,0.04
3.315,0.01,-0.04,-0.01,0.04
3.325,0.00,-0.03,-0.01,0.03
3.335,-0.01,-0.02,-0.02,0.03
3.345,-0.02,-0.02,-0.01,0.03
3.355,-0.02,-0.03,-0.02,0.04
3.365,-0.00,-0.02,-0.02,0.03
3.375,0.01,-0.02,-0.01,0.03
3.385,0.00,-0.04,-0.01,0.04
3.395,-0.01,-0.05,-0.02,0.05
3.405,-0.02,-0.04,-0.01,0.04
3.415,0.00,-0.03,-0.01,0.03
3.425,-0.01,-0.05,-0.01,0.06
3.435,0.01,-0.04,-0.00,0.04
3.445,-0.00,-0.03,-0.01,0.04
3.455,0.01,-0.03,-0.02,0.03
3.465,0.00,-0.02,-0.01,0.02
3.475,0.01,-0.02,-0.01,0.02
3.485,0.02,-0.02,0.00,0.03
3.495,0.02,-0.04,-0.01,0.04
3.505,-0.00,-0.04,-0.01,0.05
3.515,-0.00,-0.03,-0.01,0.04
3.525,-0.01,-0.02,-0.01,0.03
3.535,-0.02,-0.03,-0.02,0.04
3.545,-0.05,-0.03,-0.02,0.07
3.555,-0.03,-0.03,-0.00,0.04
3.565,-0.02,-0.02,-0.01,0.03
3.575,-0.03,-0.01,-0.02,0.03
3.585,0.02,-0.02,-0.01,0.03
3.595,0.03,-0.02,-0.02,0.04
3.605,0.04,-0.04,-0.02,0.06
3.615,0.03,-0.02,-0.02,0.04
3.625,0.03,-0.02,-0.02,0.04
3.635,0.03,-0.03,-0.02,0.04
3.645,-0.00,-0.03,0.00,0.03
3.655,-0.02,-0.02,-0.00,0.03
3.665,-0.04,-0.02,-0.02,0.05
3.675,-0.02,-0.02,-0.02,0.03
3.685,-0.04,-0.01,-0.02,0.05
3.695,-0.01,-0.03,-0.02,0.03
3.705,-0.02,-0.04,-0.00,0.04
3.715,-0.01,-0.03,-0.01,0.03
3.725,0.03,-0.03,-0.01,0.04
3.735,0.03,-0.02,-0.02,0.04
3.745,0.03,-0.02,-0.01,0.03
3.755,0.02,-0.02,-0.02,0.03
3.765,0.02,-0.02,-0.01,0.03
3.775,-0.01,-0.03,-0.02,0.04
3.785,-0.02,-0.01,-0.01,0.03
3.795,-0.03,-0.01,-0.01,0.04
3.805,-0.03,-0.02,-0.01,0.04
3.815,-0.02,-0.04,-0.01,0.05
3.825,0.01,-0.03,-0.00,0.03
3.835,-0.00,-0.04,-0.01,0.04
3.845,-0.00,-0.04,-0.02,0.04
3.855,0.02,-0.02,-0.01,0.03
3.865,0.02,-0.03,-0.00,0.03
3.875,0.02,-0.03,-0.02,0.04
3.885,-0.02,-0.02,-0.02,0.03
3.895,-0.03,-0.03,-0.02,0.04
3.905,-0.03,-0.03,-0.02,0.04
3.915,-0.01,-0.04,-0.02,0.05
3.925,-0.01,-0.04,-0.01,0.04
3.935,0.02,-0.03,-0.00,0.03
3.945,0.01,-0.03,-0.00,0.03
3.954,0.01,-0.03,-0.02,0.04
3.965,0.01,0.00,-0.03,0.03
3.974,-0.01,-0.02,-0.01,0.03
3.984,0.01,-0.02,-0.01,0.02
3.994,-0.01,-0.03,-0.01,0.03
4.005,-0.01,-0.03,-0.00,0.03
4.014,-0.02,-0.04,-0.02,0.05
4.024,-0.02,-0.06,-0.02,0.07
4.034,-0.02,-0.05,-0.03,0.06
4.045,-0.01,-0.04,-0.01,0.04
4.055,0.01,-0.03,-0.00,0.03
4.065,-0.00,-0.02,-0.02,0.03
4.074,0.00,-0.02,-0.01,0.02
4.084,0.01,-0.02,-0.02,0.03
4.094,-0.02,-0.03,-0.02,0.04
4.104,0.00,-0.03,-0.00,0.03
4.114,-0.01,-0.04,-0.00,0.05
4.124,-0.01,-0.03,-0.02,0.04
4.134,-0.00,-0.02,-0.02,0.02
4.144,-0.01,-0.03,-0.02,0.04
4.154,0.01,-0.01,-0.00,0.01
4.164,0.01,-0.04,0.00,0.04
4.174,0.03,-0.04,-0.01,0.05
4.184,0.03,-0.02,0.01,0.03
4.194,-0.01,-0.02,-0.02,0.03
4.204,-0.02,-0.03,-0.01,0.04
4.214,-0.03,-0.02,-0.01,0.04
4.224,-0.04,-0.03,-0.02,0.06
4.234,-0.05,-0.04,-0.03,0.06
4.244,-0.02,-0.02,-0.02,0.03
4.254,-0.03,-0.03,-0.01,0.04
4.264,-0.01,-0.03,-0.01,0.03
4.274,0.01,-0.03,-0.02,0.04
4.284,0.04,-0.04,-0.02,0.05
4.294,0.01,-0.04,-0.01,0.04
4.304,0.00,-0.04,-0.01,0.04
4.314,-0.01,-0.03,-0.01,0.04
4.324,-0.02,-0.03,-0.01,0.04
4.334,-0.03,-0.03,-0.01,0.05
4.344,-0.07,-0.02,-0.01,0.07
4.354,-0.05,-0.02,-0.03,0.06
4.364,-0.03,-0.02,-0.01,0.04
4.374,0.00,-0.00,-0.01,0.01
4.384,0.02,-0.01,-0.02,0.03
4.394,0.06,-0.02,-0.00,0.07
4.404,0.10,-0.03,-0.01,0.10
4.414,0.11,-0.02,-0.01,0.11
4.424,0.09,-0.01,-0.02,0.09
4.434,0.06,-0.03,-0.01,0.07
4.444,0.04,-0.04,-0.01,0.06
4.454,0.03,-0.05,-0.02,0.06
4.464,-0.00,-0.07,-0.00,0.07
4.474,0.01,-0.05,0.01,0.05
4.484,-0.00,-0.02,-0.02,0.03
4.494,-0.02,-0.00,-0.00,0.02
4.504,-0.03,-0.01,-0.01,0.04
4.514,-0.06,-0.01,-0.03,0.07
4.524,-0.06,-0.01,-0.01,0.06
4.534,-0.03,-0.02,-0.02,0.04
4.544,-0.03,-0.03,-0.01,0.04
4.554,-0.04,-0.05,-0.02,0.06
4.564,-0.03,-0.04,-0.02,0.05
4.574,-0.04,-0.04,-0.01,0.06
4.584,-0.04,-0.05,-0.00,0.06
4.594,-0.01,-0.02,-0.01,0.02
4.604,0.00,0.01,-0.00,0.02
4.614,-0.00,-0.01,-0.02,0.02
4.624,0.01,-0.01,-0.02,0.02
4.634,-0.01,-0.04,-0.02,0.05
4.644,-0.00,-0.03,-0.01,0.04
4.654,0.02,-0.04,-0.01,0.05
4.664,0.02,-0.06,-0.00,0.06
4.673,0.00,-0.05,-0.01,0.05
4.684,0.01,-0.02,-0.02,0.03
4.693,-0.01,-0.01,-0.02,0.02
4.704,-0.01,-0.01,-0.01,0.02
4.713,-0.01,-0.02,-0.02,0.03
4.723,-0.01,-0.02,-0.02,0.03
4.733,-0.01,-0.03,-0.02,0.04
4.744,-0.01,-0.03,-0.00,0.03
4.753,-0.02,-0.03,-0.02,0.04
4.764,0.00,-0.02,-0.00,0.02
4.773,0.01,-0.02,0.01,0.03
4.783,-0.02,-0.02,-0.01,0.03
4.793,0.00,-0.03,-0.00,0.03
4.803,-0.02,-0.01,-0.00,0.02
4.813,-0.02,-0.02,-0.02,0.03
4.823,-0.02,-0.03,-0.02,0.04
4.833,-0.02,-0.03,-0.02,0.04
4.843,0.01,-0.04,-0.02,0.04
4.853,0.01,-0.04,-0.01,0.04
4.863,0.01,-0.03,-0.02,0.04
4.873,0.01,-0.03,-0.02,0.03
4.883,0.00,-0.02,-0.01,0.02
4.893,-0.03,-0.02,-0.00,0.04
4.903,-0.00,-0.02,-0.02,0.03
4.913,-0.03,-0.02,-0.02,0.04
4.923,-0.03,-0.04,-0.01,0.05
4.933,-0.03,-0.04,-0.01,0.05
4.943,-0.01,-0.04,-0.00,0.04
4.953,0.01,-0.03,-0.02,0.03
4.963,0.00,-0.02,-0.01,0.02
4.973,0.01,-0.02,-0.01,0.02
4.983,0.02,-0.01,-0.01,0.03
4.993,0.02,-0.02,-0.03,0.04
5.003,0.02,-0.01,-0.02,0.03
5.013,-0.01,-0.03,0.00,0.03
5.023,-0.01,-0.03,-0.02,0.04
5.033,-0.02,-0.04,-0.02,0.05
5.043,0.01,-0.04,-0.01,0.05
5.053,0.02,-0.02,-0.01,0.03
5.063,0.01,-0.03,-0.00,0.04
5.073,-0.00,-0.02,-0.01,0.02
5.083,0.01,-0.01,-0.01,0.02
5.093,0.02,-0.03,-0.03,0.05
5.103,-0.01,-0.03,-0.02,0.04
5.113,-0.01,-0.04,-0.02,0.04
5.123,-0.00,-0.05,-0.00,0.05
5.133,0.00,-0.03,-0.01,0.03
5.143,-0.01,-0.03,-0.01,0.04
5.153,0.00,-0.02,-0.01,0.02
5.163,0.00,-0.03,-0.01,0.03
5.173,0.01,-0.01,-0.01,0.02
5.183,0.02,-0.02,-0.01,0.03
5.193,-0.01,-0.01,-0.00,0.02
5.203,0.00,-0.02,-0.02,0.03
5.213,-0.04,-0.03,-0.03,0.06
5.223,-0.02,-0.02,-0.02,0.03
5.233,-0.05,-0.02,-0.02,0.06
5.243,-0.03,-0.04,-0.02,0.05
5.253,-0.02,-0.02,-0.02,0.03
5.263,-0.01,-0.02,-0.01,0.02
5.273,0.02,-0.02,-0.01,0.03
5.283,0.03,-0.02,-0.02,0.04
5.293,0.05,-0.04,-0.00,0.06
5.303,0.03,-0.04,-0.00,0.05
5.313,0.03,-0.04,-0.02,0.06
5.323,0.03,-0.03,-0.01,0.05
5.333,0.01,-0.03,-0.01,0.03
5.343,0.01,-0.03,-0.00,0.03
5.353,-0.02,-0.02,-0.02,0.03
5.363,-0.02,-0.04,-0.02,0.05
5.372,-0.02,-0.02,-0.02,0.04
5.383,-0.01,-0.04,-0.01,0.04
5.392,0.00,-0.05,-0.01,0.05
5.403,0.01,-0.04,-0.02,0.04
5.412,0.02,-0.05,0.00,0.06
5.423,0.02,-0.05,-0.02,0.05
5.432,0.00,-0.05,-0.02,0.06
5.442,-0.00,-0.03,-0.02,0.04
5.452,-0.00,-0.03,-0.00,0.03
5.462,-0.01,-0.02,-0.02,0.03
5.472,-0.02,-0.00,-0.02,0.03
5.482,-0.02,0.00,-0.02,0.03
5.492,-0.03,-0.00,-0.01,0.03
5.502,-0.03,-0.01,-0.01,0.03
5.512,-0.04,-0.01,0.00,0.04
5.522,-0.05,-0.02,-0.02,0.06
5.532,-0.08,-0.01,-0.00,0.08
5.542,-0.08,-0.01,-0.02,0.08
5.552,-0.06,-0.03,-0.03,0.08
5.562,-0.06,-0.03,-0.01,0.07
5.572,-0.04,-0.03,-0.02,0.06
5.582,0.01,-0.05,-0.01,0.06
5.592,0.06,-0.06,0.00,0.08
5.602,0.13,-0.03,0.01,0.14
5.612,0.15,-0.03,-0.01,0.15
5.622,0.13,-0.04,0.01,0.13
5.632,0.07,-0.03,0.01,0.08
5.642,0.03,-0.02,-0.00,0.04
5.652,0.01,-0.01,0.01,0.02
5.662,-0.03,-0.01,-0.01,0.03
5.672,-0.07,-0.04,-0.03,0.08
5.682,-0.08,-0.06,-0.04,0.10
5.692,-0.07,-0.05,-0.02,0.09
5.702,-0.09,-0.03,-0.03,0.10
5.712,-0.08,-0.02,-0.02,0.08
5.722,-0.05,-0.03,-0.01,0.06
5.732,-0.04,0.02,-0.01,0.04
5.742,-0.06,0.01,-0.01,0.06
5.752,-0.02,-0.01,-0.02,0.03
5.762,-0.01,-0.02,-0.02,0.03
5.772,0.01,-0.04,0.00,0.05
5.782,0.01,-0.05,-0.01,0.05
5.792,0.04,-0.06,-0.01,0.07
5.802,0.02,-0.05,-0.02,0.06
5.812,0.01,-0.04,-0.00,0.04
5.822,0.01,-0.03,-0.01,0.03
5.832,-0.02,-0.02,-0.02,0.04
5.842,-0.04,0.01,-0.03,0.05
5.852,-0.05,-0.01,-0.02,0.05
5.862,-0.08,-0.02,-0.02,0.08
5.872,-0.09,-0.03,-0.01,0.09
5.882,-0.10,-0.07,-0.01,0.12
5.892,-0.08,-0.06,-0.01,0.10
5.902,-0.04,-0.07,-0.01,0.08
5.912,-0.01,-0.03,-0.02,0.04
5.922,0.04,-0.03,-0.01,0.05
5.932,0.11,-0.02,-0.01,0.11
5.942,0.15,0.01,-0.01,0.15
5.952,0.13,0.01,-0.02,0.13
5.962,0.14,-0.01,0.00,0.14
5.972,0.10,-0.02,0.01,0.10
5.982,0.05,-0.04,-0.02,0.07
5.992,-0.01,-0.04,-0.02,0.05
6.002,-0.06,-0.06,-0.01,0.08
6.012,-0.10,-0.05,-0.02,0.12
6.022,-0.10,-0.05,-0.02,0.12
6.032,-0.13,-0.03,-0.01,0.13
6.042,-0.10,-0.00,-0.00,0.10
6.052,-0.06,0.00,-0.02,0.06
6.062,-0.04,0.01,-0.02,0.05
6.072,-0.04,0.00,-0.02,0.04
6.082,-0.06,-0.02,-0.02,0.06
6.091,-0.05,-0.04,-0.02,0.07
6.102,-0.05,-0.06,-0.02,0.08
6.112,-0.04,-0.05,-0.02,0.07
6.122,-0.02,-0.05,-0.02,0.05
6.131,-0.02,-0.05,-0.00,0.05
6.141,-0.01,-0.02,-0.01,0.02
6.151,-0.00,-0.00,-0.03,0.03
6.162,0.04,0.00,-0.01,0.04
6.172,0.06,-0.00,-0.02,0.06
6.181,0.05,-0.02,-0.00,0.06
6.191,0.07,-0.02,-0.00,0.07
6.201,0.06,-0.03,-0.01,0.07
6.211,0.07,-0.06,-0.00,0.09
6.222,0.04,-0.05,-0.01,0.06
6.231,0.03,-0.05,-0.03,0.06
6.241,0.02,-0.04,-0.02,0.05
6.251,0.01,-0.00,-0.02,0.02
6.261,-0.02,-0.01,-0.02,0.03
6.271,-0.03,0.01,-0.00,0.03
6.281,-0.04,-0.02,-0.00,0.04
6.291,-0.02,-0.02,-0.02,0.03
6.301,-0.00,-0.03,-0.02,0.03
6.311,0.01,-0.04,-0.01,0.04
6.321,0.02,-0.05,-0.00,0.06
6.331,0.02,-0.04,-0.02,0.04
6.341,0.00,-0.05,-0.02,0.05
6.351,-0.00,-0.05,0.00,0.05
6.361,0.01,-0.04,-0.01,0.05
6.371,0.00,-0.03,-0.00,0.03
6.381,0.02,0.00,-0.02,0.03
6.391,0.02,-0.01,-0.03,0.04
6.401,-0.01,-0.03,-0.00,0.03
6.411,-0.01,-0.03,-0.02,0.03
6.421,-0.01,-0.03,-0.02,0.04
6.431,-0.02,-0.03,-0.02,0.04
6.441,-0.01,-0.04,-0.01,0.05
6.451,-0.02,-0.03,-0.01,0.04
6.461,-0.01,-0.04,0.00,0.04
6.471,-0.01,-0.04,-0.02,0.05
6.481,0.01,-0.02,-0.03,0.03
6.491,0.01,-0.04,0.00,0.04
6.501,0.03,-0.02,-0.00,0.04
6.511,-0.00,-0.00,-0.01,0.01
6.521,0.01,-0.02,-0.00,0.02
6.531,-0.02,-0.04,-0.03,0.05
6.541,-0.05,-0.02,-0.03,0.06
6.551,-0.03,-0.05,-0.03,0.06
6.561,-0.03,-0.03,-0.00,0.04
6.571,-0.02,-0.03,-0.02,0.04
6.581,-0.01,-0.03,-0.02,0.04
6.591,-0.02,-0.04,-0.01,0.04
6.601,0.00,-0.02,-0.01,0.03
6.611,0.01,-0.03,-0.01,0.03
6.621,0.02,-0.03,-0.02,0.04
6.631,0.01,-0.02,-0.02,0.03
6.641,0.01,-0.02,-0.02,0.03
6.651,0.02,-0.03,-0.00,0.04
6.661,-0.00,-0.04,-0.02,0.04
6.671,-0.02,-0.01,-0.03,0.04
6.681,-0.03,-0.02,-0.01,0.03
6.691,-0.00,-0.03,-0.01,0.03
6.701,-0.00,-0.04,-0.01,0.04
6.711,-0.02,-0.02,-0.01,0.03
6.721,-0.00,-0.04,-0.01,0.04
6.731,-0.02,-0.01,-0.01,0.02
6.741,-0.01,-0.02,-0.03,0.04
6.751,-0.00,-0.04,-0.01,0.04
6.761,-0.00,-0.03,-0.01,0.03
6.771,0.00,-0.02,-0.02,0.03
6.781,-0.02,-0.01,-0.01,0.03
6.791,-0.00,-0.02,-0.01,0.02
6.801,0.02,-0.03,-0.01,0.04
6.811,-0.02,-0.01,-0.04,0.05
6.821,-0.02,-0.01,-0.01,0.03
6.830,-0.01,-0.03,0.01,0.03
6.841,-0.01,-0.01,-0.03,0.04
6.850,-0.02,-0.01,0.00,0.02
6.861,-0.02,-0.03,-0.02,0.04
6.870,-0.00,-0.04,-0.01,0.04
6.881,-0.03,-0.03,-0.00,0.05
6.890,0.00,0.00,-0.03,0.03
6.901,0.01,-0.02,0.00,0.02
6.910,-0.01,-0.01,-0.03,0.03
6.921,-0.02,-0.02,-0.01,0.03
6.930,-0.01,-0.01,-0.01,0.02
6.940,-0.00,-0.05,-0.01,0.05
6.950,0.00,-0.03,-0.00,0.03
6.960,-0.01,-0.02,-0.01,0.03
6.970,-0.01,-0.02,0.00,0.03
6.980,-0.01,-0.02,-0.01,0.03
6.990,-0.02,-0.00,-0.02,0.02
7.000,0.01,-0.03,-0.02,0.03
7.010,-0.04,-0.03,-0.02,0.05
7.020,-0.02,-0.03,-0.02,0.04
7.030,-0.01,-0.02,-0.01,0.02
7.040,-0.03,-0.02,-0.01,0.04
7.050,-0.02,-0.04,0.00,0.04
7.060,-0.02,-0.01,-0.01,0.02
7.070,-0.02,-0.03,-0.01,0.03
7.080,-0.01,-0.02,-0.01,0.03
7.090,-0.02,-0.05,-0.04,0.07
7.100,-0.01,-0.04,-0.01,0.05
7.110,-0.02,-0.03,-0.01,0.04
7.120,-0.01,-0.05,-0.02,0.05
7.130,-0.01,-0.02,0.01,0.03
7.140,0.01,-0.04,-0.01,0.04
7.150,0.02,-0.04,-0.01,0.05
7.160,0.02,-0.03,-0.02,0.04
7.170,0.01,-0.06,-0.02,0.06
7.180,0.02,-0.03,-0.01,0.04
7.190,0.02,-0.04,0.01,0.04
7.200,0.02,-0.04,-0.01,0.04
7.210,0.02,-0.02,-0.02,0.03
7.220,-0.01,-0.03,-0.01,0.03
7.230,0.00,-0.02,-0.01,0.02
7.240,-0.00,-0.01,-0.01,0.01
7.250,-0.02,-0.03,-0.03,0.05
7.260,-0.03,-0.00,-0.01,0.03
7.270,-0.03,0.00,-0.03,0.04
7.280,-0.04,-0.03,-0.01,0.05
7.290,-0.02,-0.03,-0.02,0.04
7.300,-0.04,-0.03,-0.02,0.05
7.310,-0.01,-0.01,-0.01,0.02
7.320,0.03,-0.02,-0.01,0.04
7.330,0.05,-0.03,-0.00,0.06
7.340,0.08,-0.01,-0.00,0.08
7.350,0.09,-0.01,-0.00,0.09
7.360,0.07,-0.01,0.01,0.07
7.370,0.05,-0.00,-0.01,0.05
7.380,0.03,-0.03,-0.01,0.05
7.390,-0.01,-0.04,0.00,0.04
7.400,-0.06,-0.02,-0.03,0.07
7.410,-0.11,-0.03,-0.01,0.11
7.420,-0.15,-0.03,-0.03,0.15
7.430,-0.18,-0.04,-0.04,0.19
7.440,-0.17,-0.03,-0.03,0.17
7.450,-0.11,-0.03,-0.01,0.12
7.460,-0.06,-0.02,-0.03,0.07
7.470,-0.02,-0.03,-0.02,0.04
7.480,0.04,-0.02,-0.02,0.05
7.490,0.04,-0.03,-0.02,0.05
7.500,0.08,-0.05,-0.01,0.10
7.510,0.07,-0.05,0.01,0.08
7.520,0.07,-0.04,-0.00,0.08
7.529,0.07,-0.03,-0.01,0.08
7.540,0.06,-0.04,-0.01,0.07
7.550,0.05,-0.01,0.01,0.06
7.560,0.03,-0.02,-0.00,0.03
7.570,-0.01,-0.01,-0.00,0.02
7.580,-0.02,-0.02,-0.00,0.03
7.589,-0.03,-0.03,-0.02,0.05
7.600,-0.01,-0.03,-0.01,0.03
7.610,-0.00,0.01,-0.02,0.02
7.619,-0.03,0.03,-0.01,0.04
7.629,-0.06,0.01,-0.01,0.06
7.639,-0.06,-0.02,-0.03,0.07
7.649,-0.06,-0.04,-0.04,0.08
7.659,-0.02,-0.12,-0.03,0.12
7.669,0.01,-0.15,0.01,0.15
7.679,0.07,-0.12,0.00,0.14
7.689,0.06,-0.08,-0.00,0.10
7.699,0.04,-0.01,0.01,0.04
7.709,0.03,0.03,-0.01,0.05
7.719,-0.01,0.06,-0.02,0.06
7.729,-0.03,0.09,-0.02,0.10
7.739,0.00,0.08,-0.01,0.08
7.749,-0.01,0.01,-0.00,0.02
7.759,-0.01,-0.06,-0.02,0.06
7.769,-0.02,-0.10,-0.02,0.10
7.779,0.00,-0.13,-0.01,0.13
7.789,-0.01,-0.13,-0.01,0.13
7.799,0.00,-0.09,-0.01,0.09
7.809,0.02,-0.04,-0.00,0.05
7.819,0.02,0.02,-0.00,0.03
7.829,0.02,0.03,-0.01,0.04
7.839,0.01,0.03,-0.01,0.03
7.849,0.01,0.00,-0.01,0.01
7.859,0.02,-0.00,-0.02,0.03
7.869,0.00,-0.04,0.00,0.04
7.879,-0.01,-0.06,-0.01,0.06
7.889,-0.02,-0.07,-0.02,0.07
7.899,-0.03,-0.04,-0.01,0.05
7.909,-0.02,-0.02,-0.02,0.04
7.919,-0.01,-0.03,-0.01,0.04
7.929,0.01,-0.03,-0.01,0.03
7.939,0.02,-0.01,-0.02,0.03
7.949,0.04,-0.03,-0.01,0.05
7.959,0.03,-0.03,-0.01,0.04
7.969,0.03,-0.03,-0.01,0.04
7.979,0.00,-0.02,-0.01,0.02
7.989,-0.03,-0.02,-0.00,0.04
7.999,-0.08,-0.03,-0.02,0.08
8.009,-0.09,-0.02,-0.03,0.09
8.019,-0.12,-0.02,-0.02,0.12
8.029,-0.12,-0.02,-0.02,0.13
8.039,-0.10,-0.03,-0.02,0.11
8.049,-0.06,-0.04,-0.01,0.07
8.059,-0.04,-0.03,-0.02,0.05
8.069,-0.00,-0.03,-0.02,0.04
8.079,0.05,-0.03,-0.01,0.06
8.089,0.08,-0.01,-0.00,0.08
8.099,0.11,0.00,0.02,0.11
8.109,0.10,-0.00,-0.01,0.10
8.119,0.07,-0.03,-0.01,0.07
8.129,0.05,-0.04,-0.01,0.07
8.139,0.06,-0.04,-0.01,0.07
8.149,0.06,-0.03,-0.00,0.07
8.159,0.05,-0.05,-0.01,0.07
8.169,0.04,-0.03,0.01,0.05
8.179,0.04,-0.02,-0.01,0.05
8.189,0.03,-0.02,0.01,0.04
8.199,0.04,-0.03,0.00,0.05
8.209,0.03,-0.01,-0.02,0.03
8.219,0.02,-0.03,0.01,0.03
8.228,0.01,-0.01,-0.01,0.02
8.239,-0.00,-0.03,-0.02,0.04
8.249,-0.05,-0.02,-0.02,0.06
8.259,-0.07,-0.04,-0.01,0.09
8.268,-0.09,-0.01,-0.01,0.09
8.278,-0.09,-0.03,-0.03,0.09
8.288,-0.07,-0.03,-0.02,0.08
8.298,-0.04,-0.03,-0.02,0.05
8.308,-0.02,-0.02,-0.00,0.03
8.319,0.02,-0.01,-0.02,0.03
8.328,0.05,-0.01,-0.02,0.05
8.338,0.07,-0.05,0.02,0.09
8.348,0.08,-0.02,-0.01,0.08
8.358,0.08,-0.04,0.00,0.09
8.368,0.06,-0.03,0.01,0.07
8.378,0.02,-0.05,-0.00,0.06
8.388,-0.02,-0.02,-0.00,0.03
8.398,-0.05,-0.02,-0.03,0.06
8.408,-0.05,-0.01,-0.01,0.06
8.419,-0.04,-0.03,-0.02,0.05
8.428,-0.02,-0.03,-0.02,0.04
8.438,-0.02,-0.01,-0.01,0.03
8.448,-0.05,-0.02,-0.04,0.07
8.458,-0.07,-0.03,-0.01,0.08
8.468,-0.07,-0.03,-0.02,0.08
8.478,-0.09,-0.03,-0.02,0.10
8.488,-0.10,-0.00,-0.02,0.10
8.498,-0.09,-0.03,-0.01,0.09
8.508,-0.04,-0.01,0.00,0.05
8.518,0.13,-0.01,-0.00,0.13
8.528,0.26,-0.03,0.04,0.27
8.538,0.28,-0.02,0.02,0.28
8.548,0.22,-0.02,-0.01,0.22
8.558,0.15,-0.04,0.00,0.15
8.568,0.11,-0.05,-0.01,0.12
8.578,0.03,-0.05,-0.00,0.05
8.588,-0.03,-0.02,-0.00,0.04
8.598,-0.07,-0.01,-0.03,0.08
8.608,-0.12,-0.05,-0.02,0.13
8.618,-0.18,-0.05,-0.00,0.18
8.628,-0.22,0.01,-0.05,0.22
8.638,-0.26,-0.01,-0.05,0.27
8.648,-0.26,-0.01,-0.04,0.26
8.658,-0.19,-0.01,-0.05,0.20
8.668,-0.17,-0.04,-0.01,0.17
8.678,-0.07,-0.06,-0.02,0.09
8.688,-0.04,-0.06,-0.01,0.07
8.698,0.01,-0.07,-0.02,0.07
8.708,0.03,-0.03,-0.01,0.05
8.718,0.11,-0.04,-0.00,0.11
8.728,0.13,-0.02,0.00,0.13
8.738,0.15,-0.02,-0.00,0.15
8.748,0.13,-0.03,0.02,0.14
8.758,0.10,-0.03,0.02,0.10
8.768,0.06,-0.04,0.00,0.07
8.778,0.04,-0.03,-0.01,0.05
8.788,0.02,-0.04,0.00,0.04
8.798,-0.01,-0.04,-0.01,0.04
8.808,-0.06,-0.03,-0.02,0.07
8.818,-0.06,-0.05,-0.02,0.08
8.828,-0.04,-0.03,-0.01,0.05
8.838,-0.06,-0.01,-0.05,0.08
8.848,-0.06,-0.04,-0.02,0.07
8.858,-0.06,-0.03,-0.00,0.07
8.868,-0.06,-0.01,-0.01,0.06
8.878,-0.08,-0.03,-0.01,0.08
8.888,-0.07,-0.03,-0.01,0.08
8.898,-0.05,-0.02,-0.04,0.07
8.908,-0.04,-0.02,-0.02,0.05
8.918,-0.03,-0.03,-0.01,0.05
8.928,-0.01,-0.05,-0.01,0.05
8.938,-0.01,-0.03,-0.02,0.04
8.948,0.03,-0.05,-0.00,0.06
8.958,0.02,-0.03,-0.00,0.04
8.968,0.03,-0.04,-0.01,0.05
8.978,0.03,-0.04,-0.00,0.05
8.987,0.02,-0.03,-0.00,0.03
8.998,-0.01,-0.03,-0.03,0.04
9.007,-0.01,-0.03,-0.02,0.03
9.018,-0.02,-0.04,-0.01,0.05
9.028,-0.03,-0.02,-0.02,0.04
9.037,-0.02,-0.05,-0.02,0.06
9.047,-0.00,-0.05,-0.01,0.05
9.057,-0.01,-0.02,-0.02,0.03
9.067,-0.01,-0.03,-0.00,0.03
9.077,-0.01,-0.05,-0.00,0.05
9.087,-0.01,-0.03,-0.00,0.04
9.097,-0.02,-0.03,-0.02,0.04
9.107,-0.03,-0.03,-0.02,0.05
9.117,-0.04,-0.02,-0.01,0.04
9.127,-0.04,-0.01,-0.01,0.04
9.137,-0.05,-0.01,-0.00,0.05
9.147,-0.08,-0.01,-0.02,0.09
9.157,-0.09,-0.02,-0.01,0.09
9.167,-0.07,-0.04,-0.03,0.09
9.177,-0.08,-0.02,-0.00,0.08
9.187,-0.05,-0.07,-0.02,0.08
9.197,-0.01,-0.07,-0.01,0.07
9.207,0.00,-0.05,0.01,0.05
9.217,0.03,-0.04,-0.02,0.05
9.227,0.06,-0.03,0.01,0.07
9.237,0.09,0.01,0.00,0.09
9.247,0.08,0.01,-0.00,0.08
9.257,0.07,0.03,0.00,0.08
9.267,0.06,-0.01,0.01,0.06
9.277,0.07,-0.01,-0.00,0.07
9.287,0.05,-0.06,-0.00,0.08
9.297,0.05,-0.07,0.01,0.08
9.307,0.02,-0.09,-0.03,0.09
9.317,-0.01,-0.05,-0.00,0.05
9.327,-0.05,-0.05,-0.02,0.07
9.337,-0.06,0.01,-0.00,0.06
9.347,-0.07,0.03,-0.02,0.08
9.357,-0.09,0.02,-0.02,0.09
9.367,-0.06,-0.00,-0.02,0.06
9.377,-0.05,-0.02,-0.02,0.06
9.387,-0.04,-0.05,-0.01,0.07
9.397,-0.01,-0.08,-0.00,0.08
9.407,0.02,-0.08,-0.01,0.08
9.417,0.02,-0.07,-0.00,0.07
9.427,0.04,-0.05,0.02,0.07
9.437,0.06,-0.03,-0.01,0.07
9.447,0.06,0.00,0.00,0.06
9.457,0.07,0.01,-0.01,0.07
9.467,0.06,0.01,-0.01,0.06
9.477,0.05,0.02,0.01,0.05
9.487,0.01,-0.01,0.00,0.02
9.497,-0.01,-0.04,-0.01,0.04
9.507,-0.01,-0.06,-0.02,0.06
9.517,-0.03,-0.07,-0.01,0.08
9.527,-0.04,-0.05,-0.02,0.07
9.537,-0.05,-0.05,-0.03,0.08
9.547,-0.03,-0.02,-0.02,0.04
9.557,-0.05,-0.01,-0.02,0.06
9.567,-0.04,0.00,-0.02,0.05
9.577,-0.01,-0.00,-0.01,0.01
9.587,0.00,0.02,-0.01,0.02
9.597,0.02,-0.03,-0.00,0.03
9.607,0.02,-0.03,-0.01,0.04
9.617,0.02,-0.03,-0.02,0.05
9.627,-0.01,-0.04,-0.01,0.04
9.637,-0.01,-0.04,-0.02,0.04
9.647,0.02,-0.02,0.00,0.03
9.657,0.00,-0.00,-0.01,0.01
9.667,-0.01,-0.01,-0.02,0.02
9.677,-0.03,-0.00,-0.02,0.04
9.687,-0.05,-0.03,-0.02,0.06
9.697,-0.02,-0.06,-0.02,0.06
9.707,-0.04,-0.06,-0.02,0.07
9.717,-0.02,-0.06,-0.01,0.06
9.726,-0.02,-0.07,-0.01,0.07
9.736,-0.00,-0.02,-0.01,0.02
9.746,0.02,-0.02,-0.02,0.03
9.756,0.04,-0.02,-0.01,0.04
9.766,0.04,0.00,-0.00,0.04
9.776,0.04,-0.01,-0.02,0.05
9.786,0.02,-0.02,-0.01,0.03
9.796,0.01,-0.02,-0.01,0.02
9.806,0.01,-0.05,-0.01,0.05
9.816,0.01,-0.04,-0.01,0.04
9.826,-0.01,-0.05,-0.00,0.05
9.836,-0.02,-0.03,-0.01,0.04
9.846,-0.03,-0.02,-0.01,0.04
9.856,-0.04,-0.02,-0.02,0.05
9.866,-0.03,-0.03,-0.00,0.04
9.876,-0.03,-0.02,-0.01,0.04
9.886,-0.03,-0.01,-0.01,0.04
9.896,-0.02,-0.02,-0.01,0.03
9.906,-0.04,-0.02,-0.00,0.05
9.916,-0.04,-0.03,-0.01,0.05
9.926,-0.01,-0.04,0.00,0.04
9.936,-0.00,-0.05,-0.00,0.05
9.946,0.00,-0.05,-0.00,0.05
9.956,0.03,-0.03,-0.01,0.05
9.966,0.01,-0.01,-0.01,0.02
9.976,-0.01,-0.02,-0.00,0.02
9.986,-0.00,-0.01,-0.01,0.02
9.996,-0.02,-0.01,-0.03,0.03
10.006,-0.03,-0.02,-0.01,0.04
10.016,-0.03,-0.03,0.00,0.04
10.026,-0.02,-0.03,-0.01,0.04
10.036,-0.02,-0.05,-0.03,0.06
10.046,0.01,-0.05,-0.00,0.05
10.056,0.01,-0.04,-0.02,0.05
10.066,0.02,-0.04,0.00,0.05
10.076,0.03,-0.04,0.00,0.04
10.086,0.00,-0.01,-0.02,0.02
10.096,0.01,-0.02,-0.01,0.02
10.106,0.03,-0.03,-0.02,0.05
10.116,0.02,-0.02,-0.01,0.03
10.126,0.01,-0.03,0.01,0.04
10.136,0.01,-0.03,-0.02,0.03
10.146,-0.01,-0.02,-0.02,0.03
10.156,-0.02,-0.02,-0.01,0.03
10.166,-0.03,-0.03,-0.02,0.05
10.176,-0.03,-0.03,-0.02,0.05
10.186,-0.02,-0.02,-0.00,0.03
10.196,-0.02,-0.03,-0.02,0.04
10.206,-0.02,-0.04,-0.02,0.05
10.216,-0.02,-0.03,-0.01,0.04
10.226,-0.02,-0.02,-0.01,0.03
10.236,-0.00,-0.02,-0.01,0.02
10.246,0.00,-0.01,-0.01,0.01
10.256,0.01,-0.03,-0.01,0.03
10.266,0.02,-0.03,-0.00,0.04
10.276,-0.01,-0.02,-0.01,0.02
10.286,-0.02,-0.04,-0.01,0.05
10.296,-0.02,-0.05,-0.02,0.06
10.306,-0.00,-0.06,-0.02,0.06
10.316,0.00,-0.03,-0.01,0.04
10.326,-0.00,-0.03,-0.02,0.03
10.336,0.01,-0.02,-0.02,0.03
10.346,0.01,-0.02,-0.01,0.02
10.356,0.01,-0.01,-0.02,0.02
10.366,-0.01,-0.02,-0.02,0.03
10.376,-0.02,-0.03,-0.02,0.04
10.386,-0.03,-0.04,-0.00,0.05
10.396,-0.05,-0.03,-0.01,0.06
10.406,-0.03,-0.06,-0.02,0.07
10.415,-0.03,-0.04,-0.01,0.05
10.426,-0.03,-0.03,-0.01,0.05
10.435,-0.00,-0.03,-0.01,0.03
10.445,-0.03,-0.02,-0.01,0.03
10.456,-0.03,-0.02,-0.02,0.04
10.465,-0.01,-0.04,-0.04,0.05
10.476,-0.00,-0.02,-0.02,0.03
10.486,-0.02,-0.03,0.00,0.04
10.495,0.00,-0.04,-0.01,0.05
10.505,0.01,-0.03,-0.02,0.03
10.515,-0.01,-0.03,-0.01,0.04
10.525,0.00,-0.03,-0.02,0.03
10.535,0.00,-0.05,-0.01,0.05
10.545,-0.01,-0.02,-0.00,0.03
10.555,-0.01,-0.03,-0.02,0.04
10.565,-0.02,-0.04,-0.03,0.05
10.575,-0.00,-0.03,-0.01,0.03
10.585,-0.00,-0.02,-0.01,0.02
10.595,-0.02,-0.02,-0.02,0.03
10.605,0.01,-0.02,0.00,0.03
10.615,0.00,-0.03,-0.02,0.04
10.625,0.02,-0.03,-0.01,0.04
10.635,0.03,-0.04,-0.01,0.05
10.645,0.02,-0.02,-0.01,0.03
10.655,0.02,-0.02,-0.01,0.03
10.665,0.02,-0.04,-0.00,0.04
10.675,0.01,-0.03,-0.01,0.03
10.685,-0.01,-0.02,-0.01,0.02
10.695,-0.01,-0.03,-0.01,0.03
10.705,-0.03,-0.03,-0.01,0.04
10.715,-0.03,-0.02,-0.01,0.04
10.725,-0.02,-0.03,-0.01,0.04
10.735,-0.04,-0.04,-0.01,0.06
10.745,-0.04,-0.04,-0.02,0.06
10.755,-0.01,-0.04,-0.01,0.04
10.765,-0.01,-0.02,0.00,0.03
10.775,-0.01,-0.01,-0.01,0.02
10.785,-0.00,-0.02,-0.02,0.03
10.795,0.00,-0.03,-0.01,0.03
10.805,0.01,-0.02,-0.03,0.03
10.815,0.01,-0.03,-0.02,0.04
10.825,-0.00,-0.03,-0.00,0.03
10.835,-0.02,-0.03,-0.01,0.04
10.845,-0.01,-0.05,-0.02,0.05
10.855,-0.02,-0.04,-0.01,0.04
10.865,-0.03,-0.03,-0.01,0.04
10.875,-0.00,-0.03,-0.01,0.03
10.885,0.01,-0.03,-0.01,0.03
10.895,0.02,-0.03,0.01,0.04
10.905,0.01,-0.04,0.01,0.04
10.915,0.00,-0.04,-0.02,0.04
10.925,0.02,-0.03,-0.02,0.04
10.935,-0.02,-0.03,-0.02,0.04
10.945,-0.03,-0.03,-0.03,0.05
10.955,-0.02,-0.04,-0.02,0.05
10.965,-0.04,-0.04,-0.01,0.06
10.975,-0.00,-0.02,0.00,0.02
10.985,-0.00,-0.04,0.00,0.04
10.995,0.01,-0.03,-0.01,0.03
11.005,-0.01,-0.02,-0.00,0.02
11.015,0.02,-0.03,-0.01,0.04
11.025,0.01,-0.03,-0.01,0.03
11.035,0.00,-0.02,-0.01,0.03
11.045,0.00,-0.02,-0.01,0.03
11.055,-0.01,-0.04,-0.02,0.04
11.065,0.00,-0.03,-0.02,0.04
11.075,0.00,-0.01,-0.01,0.02
11.085,-0.01,-0.02,-0.02,0.03
11.095,-0.01,-0.03,-0.01,0.03
11.104,-0.01,-0.03,-0.03,0.04
11.115,-0.01,-0.04,-0.02,0.05
11.125,-0.02,-0.04,-0.02,0.04
11.135,0.00,-0.04,-0.01,0.04
11.144,-0.01,-0.03,-0.02,0.04
11.155,-0.01,-0.02,-0.02,0.03
11.164,-0.01,-0.03,-0.01,0.04
11.175,-0.01,-0.02,-0.02,0.03
11.185,-0.00,-0.02,-0.02,0.02
11.195,-0.02,-0.03,-0.02,0.04
11.204,-0.03,-0.02,-0.01,0.04
11.215,-0.00,-0.02,-0.02,0.03
11.225,-0.02,-0.03,-0.02,0.04
11.235,0.01,-0.02,-0.01,0.02
11.244,-0.00,-0.05,0.00,0.05
11.254,0.00,-0.03,-0.00,0.03
11.264,-0.00,-0.03,0.01,0.03
11.275,0.01,-0.03,-0.01,0.03
11.284,0.01,-0.03,0.00,0.03
11.294,0.01,-0.02,-0.01,0.02
11.304,-0.01,-0.01,-0.02,0.03
11.314,-0.02,-0.02,-0.01,0.03
11.324,-0.02,-0.02,-0.02,0.03
11.334,-0.01,-0.03,-0.01,0.03
11.344,-0.01,-0.04,-0.01,0.04
11.354,-0.01,-0.04,0.00,0.04
11.364,-0.01,-0.05,-0.01,0.05
11.374,-0.03,-0.01,-0.02,0.04
11.384,-0.01,-0.02,-0.00,0.02
11.394,-0.01,-0.02,-0.02,0.03
11.404,-0.01,-0.01,0.00,0.01
11.414,-0.02,-0.01,-0.00,0.02
11.424,-0.01,-0.04,-0.01,0.04
11.434,-0.01,-0.03,-0.02,0.04
11.444,-0.01,-0.02,-0.01,0.02
11.454,-0.01,-0.03,-0.01,0.03
11.464,-0.02,-0.05,-0.02,0.05
11.474,-0.01,-0.05,-0.02,0.05
11.484,0.01,-0.04,-0.01,0.04
11.494,0.03,-0.02,-0.02,0.04
11.504,0.02,-0.03,-0.01,0.03
11.514,0.02,-0.02,-0.00,0.02
11.524,0.01,-0.04,-0.01,0.04
11.534,0.02,-0.03,-0.02,0.04
11.544,0.00,-0.04,-0.01,0.04
11.554,0.00,-0.04,-0.02,0.04
11.564,-0.01,-0.04,0.01,0.05
11.574,-0.01,-0.05,-0.01,0.05
11.584,-0.01,-0.03,-0.02,0.04
11.594,-0.02,-0.03,-0.01,0.04
11.604,-0.03,-0.02,-0.00,0.03
11.614,-0.02,-0.01,-0.02,0.03
11.624,-0.02,-0.02,-0.02,0.04
11.634,-0.03,-0.02,-0.03,0.04
11.644,-0.01,-0.04,-0.02,0.04
11.654,0.01,-0.04,-0.01,0.04
11.664,-0.01,-0.05,0.00,0.05
11.674,0.01,-0.04,-0.02,0.05
11.684,0.01,-0.03,-0.01,0.03
11.694,-0.00,-0.04,-0.01,0.04
11.704,-0.00,-0.04,-0.01,0.04
11.714,0.00,-0.03,-0.01,0.03
11.724,-0.00,-0.04,0.00,0.04
11.734,-0.00,-0.04,-0.02,0.05
11.744,-0.00,-0.02,-0.01,0.03
11.754,-0.02,-0.03,-0.02,0.04
11.764,-0.01,-0.03,-0.01,0.04
11.774,-0.03,-0.04,-0.02,0.05
11.784,-0.01,-0.02,-0.03,0.04
11.794,-0.01,-0.02,-0.02,0.03
11.804,-0.02,-0.03,-0.02,0.04
11.814,-0.01,-0.03,-0.01,0.04
11.823,-0.01,-0.04,-0.01,0.05
11.834,-0.01,-0.05,-0.01,0.05
11.843,0.02,-0.01,-0.00,0.03
11.854,0.01,-0.02,-0.03,0.04
11.864,0.02,-0.02,-0.01,0.03
11.873,0.01,-0.04,-0.01,0.04
11.883,0.01,-0.02,-0.02,0.03
11.894,0.00,-0.03,-0.00,0.03
11.903,-0.01,-0.03,-0.00,0.03
11.913,-0.01,-0.03,-0.01,0.03
11.923,-0.02,-0.04,-0.01,0.04
11.934,-0.02,-0.04,-0.02,0.05
11.943,-0.04,-0.03,-0.01,0.05
11.953,-0.01,-0.02,-0.01,0.03
11.963,0.00,-0.02,-0.01,0.02
11.973,0.00,-0.02,-0.01,0.02
11.983,-0.01,-0.02,-0.01,0.02
11.993,0.02,-0.03,-0.02,0.04
12.003,0.00,-0.02,-0.02,0.03
12.013,-0.01,-0.03,-0.01,0.04
12.023,0.01,-0.04,-0.01,0.04
12.033,0.01,-0.04,-0.02,0.04
12.043,-0.02,-0.02,-0.00,0.03
12.053,-0.02,-0.03,-0.01,0.04
12.063,-0.02,-0.02,-0.03,0.04
12.073,-0.00,-0.02,-0.02,0.03
12.083,-0.01,-0.02,-0.01,0.03
12.093,0.00,-0.05,0.00,0.05
12.103,-0.01,-0.03,-0.01,0.04
12.113,0.00,-0.04,-0.00,0.04
12.123,0.01,-0.05,-0.02,0.05
12.133,-0.00,-0.04,-0.01,0.04
12.143,-0.01,-0.01,-0.01,0.01
12.153,-0.01,-0.02,-0.01,0.02
12.163,-0.01,-0.02,0.00,0.02
12.173,-0.02,-0.03,-0.01,0.04
12.183,-0.01,-0.02,-0.01,0.02
12.193,0.01,-0.04,-0.02,0.05
12.203,0.00,-0.04,-0.01,0.05
12.213,0.00,-0.02,-0.01,0.03
12.223,-0.00,-0.03,-0.01,0.03
12.233,-0.00,-0.02,-0.01,0.02
12.243,-0.00,-0.02,-0.01,0.03
12.253,0.02,-0.03,-0.01,0.04
12.263,0.02,-0.02,-0.02,0.03
12.273,-0.00,-0.01,-0.02,0.03
12.283,0.01,-0.02,-0.00,0.02
12.293,0.01,-0.02,-0.02,0.03
12.303,-0.01,-0.03,-0.01,0.04
12.313,-0.00,-0.02,-0.01,0.03
12.323,-0.00,-0.03,-0.01,0.03
12.333,-0.01,-0.02,-0.02,0.04
12.343,-0.00,-0.03,-0.01,0.03
12.353,-0.02,-0.02,-0.02,0.03
12.363,-0.02,-0.04,-0.00,0.04
12.373,-0.00,-0.02,0.01,0.02
12.383,-0.01,-0.02,-0.01,0.02
12.393,-0.01,-0.03,-0.01,0.04
12.403,0.00,-0.04,-0.02,0.05
12.413,0.01,-0.02,-0.01,0.03
12.423,0.01,-0.02,-0.02,0.03
12.433,0.01,-0.01,-0.02,0.02
12.443,-0.01,-0.02,-0.02,0.03
12.453,-0.01,-0.03,-0.02,0.04
12.463,-0.03,-0.01,-0.01,0.03
12.473,-0.03,-0.02,-0.01,0.04
12.483,-0.01,-0.04,-0.02,0.04
12.493,-0.00,-0.03,-0.01,0.03
12.503,-0.00,-0.02,-0.00,0.02
12.513,-0.00,-0.03,-0.02,0.03
12.523,0.02,-0.03,-0.02,0.04
12.533,0.01,-0.04,-0.02,0.04
12.543,0.01,-0.03,-0.02,0.04
12.553,0.02,-0.04,-0.02,0.05
12.563,-0.00,-0.04,-0.02,0.05
12.573,-0.00,-0.04,-0.02,0.05
12.583,-0.02,-0.05,-0.01,0.05
12.593,-0.01,-0.03,-0.01,0.03
12.603,0.00,-0.01,-0.00,0.01
12.613,-0.02,-0.02,-0.01,0.03
12.623,-0.00,-0.02,-0.02,0.03
12.633,-0.00,-0.02,-0.01,0.02
12.643,0.01,-0.02,0.00,0.02
12.652,-0.01,-0.02,-0.02,0.03
12.662,-0.02,-0.04,-0.02,0.05
12.672,-0.00,-0.05,-0.01,0.05
12.682,-0.00,-0.05,-0.02,0.05
12.693,0.01,-0.03,0.00,0.03
12.702,0.01,-0.04,-0.01,0.04
12.712,0.01,-0.03,-0.02,0.04
12.722,0.01,-0.01,-0.02,0.03
12.732,0.00,-0.02,-0.02,0.03
12.742,-0.01,-0.02,-0.01,0.02
12.752,0.01,-0.01,-0.00,0.01
12.762,-0.01,-0.02,-0.01,0.03
12.772,-0.02,-0.03,-0.02,0.04
12.782,-0.03,-0.04,-0.01,0.05
12.792,-0.00,-0.04,-0.01,0.04
12.802,-0.03,-0.05,-0.01,0.06
12.812,-0.01,-0.06,-0.01,0.06
12.822,-0.01,-0.05,-0.01,0.05
12.832,0.01,-0.03,-0.01,0.04
12.842,0.01,-0.02,-0.01,0.02
12.852,0.01,-0.01,-0.01,0.02
12.862,0.01,-0.01,-0.02,0.02
12.872,0.02,0.00,-0.02,0.02
12.882,0.00,-0.02,0.00,0.03
12.892,0.00,-0.03,-0.01,0.03
12.902,-0.01,-0.04,-0.01,0.05
12.912,-0.01,-0.05,-0.02,0.06
12.922,-0.03,-0.04,-0.01,0.05
12.932,-0.03,-0.05,-0.01,0.06
12.942,-0.00,-0.03,-0.02,0.04
12.952,-0.02,0.01,-0.00,0.02
12.962,0.00,-0.00,-0.01,0.01
12.972,0.01,0.00,-0.01,0.02
12.982,0.01,-0.01,-0.01,0.01
12.992,-0.00,-0.02,-0.01,0.02
13.002,0.00,-0.03,-0.01,0.03
13.012,-0.02,-0.06,-0.01,0.06
13.022,-0.03,-0.06,-0.02,0.08
13.032,-0.05,-0.06,-0.02,0.08
13.042,-0.05,-0.04,-0.02,0.06
13.052,-0.04,-0.01,-0.02,0.04
13.062,-0.05,-0.00,-0.02,0.05
13.072,-0.04,0.01,-0.03,0.05
13.082,-0.02,-0.01,-0.01,0.02
13.092,0.01,-0.01,-0.02,0.03
13.102,0.01,-0.03,-0.00,0.03
13.112,0.04,-0.04,-0.02,0.06
13.122,0.04,-0.04,-0.02,0.06
13.132,0.03,-0.03,-0.01,0.04
13.142,0.04,-0.03,0.01,0.05
13.152,0.05,-0.03,-0.00,0.06
13.162,0.07,-0.03,-0.01,0.08
13.172,0.05,-0.01,-0.01,0.05
13.182,0.03,-0.01,-0.01,0.04
13.192,0.02,-0.03,-0.02,0.04
13.202,-0.01,-0.03,-0.02,0.04
13.212,-0.05,-0.04,-0.01,0.07
13.222,-0.07,-0.04,-0.01,0.08
13.232,-0.11,-0.03,-0.03,0.12
13.242,-0.10,-0.05,-0.02,0.11
13.252,-0.11,-0.01,-0.03,0.11
13.262,-0.08,0.00,-0.01,0.08
13.272,-0.07,-0.02,-0.01,0.07
13.282,-0.03,-0.02,-0.01,0.04
13.292,-0.03,-0.02,-0.02,0.04
13.302,-0.02,-0.01,-0.00,0.03
13.312,0.02,-0.03,-0.02,0.04
13.321,0.04,-0.03,-0.00,0.05
13.331,0.03,-0.03,0.00,0.04
13.341,0.06,-0.03,-0.02,0.07
13.351,0.04,-0.04,-0.03,0.06
13.361,0.03,-0.04,-0.02,0.05
13.371,0.00,-0.02,-0.02,0.03
13.381,0.03,-0.03,-0.01,0.05
13.391,0.04,-0.04,-0.00,0.06
13.401,0.04,-0.01,-0.01,0.05
13.411,0.04,-0.03,0.01,0.05
13.421,0.04,-0.03,-0.00,0.05
13.431,0.02,-0.02,0.00,0.03
13.441,0.02,-0.02,-0.01,0.03
13.451,-0.01,-0.02,-0.02,0.03
13.461,0.00,-0.01,-0.01,0.01
13.471,-0.01,-0.02,-0.03,0.04
13.481,-0.01,-0.04,-0.01,0.04
13.491,0.00,-0.04,-0.01,0.05
13.501,-0.00,-0.03,-0.01,0.04
13.511,-0.00,-0.03,-0.01,0.03
13.521,0.01,-0.02,-0.02,0.03
13.531,0.00,-0.02,0.00,0.02
13.541,0.01,-0.02,-0.01,0.02
13.551,0.00,-0.03,-0.01,0.03
13.561,0.02,-0.02,-0.01,0.03
13.571,0.01,-0.03,-0.02,0.04
13.581,0.01,-0.02,-0.03,0.04
13.591,-0.02,-0.03,-0.02,0.04
13.601,-0.05,-0.03,-0.02,0.06
13.611,-0.04,-0.03,-0.02,0.05
13.621,-0.05,-0.02,-0.02,0.06
13.631,-0.05,-0.02,-0.03,0.06
13.641,-0.04,-0.03,-0.01,0.05
13.651,-0.02,-0.03,-0.00,0.03
13.661,0.01,-0.02,-0.03,0.03
13.671,0.03,-0.03,-0.02,0.05
13.681,0.05,-0.01,-0.02,0.06
13.691,0.04,-0.04,0.00,0.06
13.701,0.06,-0.03,0.00,0.06
13.711,0.05,-0.02,0.00,0.05
13.721,0.02,-0.03,-0.02,0.04
13.731,-0.02,-0.02,-0.01,0.03
13.741,-0.06,-0.02,-0.03,0.07
13.751,-0.04,-0.03,-0.02,0.05
13.761,-0.00,-0.03,0.00,0.03
13.771,-0.01,-0.03,-0.00,0.04
13.781,-0.02,-0.03,-0.00,0.03
13.791,-0.02,-0.04,-0.02,0.05
13.801,0.01,-0.03,-0.01,0.03
13.811,-0.01,-0.03,-0.02,0.04
13.821,-0.01,-0.03,-0.02,0.04
13.831,-0.01,-0.03,-0.02,0.04
13.841,-0.03,-0.03,-0.02,0.05
13.851,-0.04,-0.03,-0.01,0.05
13.861,-0.03,-0.03,-0.01,0.04
13.871,-0.01,-0.02,-0.02,0.03
13.881,0.02,-0.02,-0.02,0.03
13.891,0.06,-0.02,-0.01,0.06
13.901,0.06,-0.02,-0.00,0.06
13.911,0.06,-0.01,-0.01,0.06
13.921,0.06,-0.03,-0.01,0.07
13.931,0.05,-0.04,-0.01,0.07
13.941,0.04,-0.04,-0.01,0.06
13.951,0.03,-0.04,-0.01,0.05
13.961,-0.00,-0.03,-0.01,0.03
13.971,-0.03,-0.04,-0.02,0.05
13.980,-0.06,-0.03,-0.04,0.07
13.991,-0.07,-0.01,-0.03,0.07
14.000,-0.08,-0.01,-0.02,0.09
14.011,-0.09,-0.02,-0.02,0.09
14.020,-0.10,-0.03,-0.02,0.10
14.031,-0.09,-0.00,-0.01,0.09
14.041,-0.07,-0.02,-0.01,0.07
14.050,-0.04,-0.03,-0.02,0.05
14.060,-0.01,-0.03,-0.02,0.04
14.070,0.01,-0.03,-0.01,0.04
14.080,0.02,-0.04,-0.00,0.04
14.090,0.04,-0.01,-0.01,0.05
14.100,0.05,-0.02,-0.02,0.06
14.110,0.06,-0.02,0.00,0.06
14.120,0.04,-0.01,0.00,0.04
14.130,0.03,-0.02,-0.03,0.04
14.140,0.02,-0.02,-0.02,0.03
14.150,0.01,-0.02,-0.02,0.02
14.160,0.03,-0.02,-0.02,0.04
14.170,0.03,-0.02,-0.01,0.04
14.180,0.03,-0.02,0.01,0.04
14.190,0.02,-0.05,-0.01,0.06
14.200,0.01,-0.02,-0.00,0.03
14.210,-0.00,-0.03,-0.01,0.03
14.220,-0.01,-0.03,-0.02,0.04
14.230,-0.04,-0.01,-0.01,0.05
14.240,-0.06,-0.02,-0.02,0.07
14.250,-0.04,-0.02,-0.03,0.05
14.260,-0.05,-0.01,-0.03,0.06
14.270,-0.06,0.00,-0.01,0.06
14.280,-0.04,-0.02,-0.01,0.05
14.290,-0.01,-0.03,-0.01,0.04
14.300,-0.00,-0.03,0.00,0.03
14.310,0.01,-0.02,-0.01,0.03
14.320,0.03,-0.02,-0.02,0.04
14.330,0.04,-0.03,-0.01,0.05
14.340,0.04,-0.01,-0.00,0.04
14.350,0.04,-0.02,-0.01,0.05
14.360,0.02,-0.02,-0.02,0.04
14.370,-0.01,-0.02,-0.01,0.02
14.380,-0.03,-0.02,0.00,0.03
14.390,-0.04,-0.03,-0.01,0.05
14.400,-0.02,-0.03,-0.01,0.04
14.410,-0.00,-0.03,-0.01,0.03
14.420,-0.03,-0.04,-0.00,0.04
14.430,-0.03,-0.03,-0.01,0.04
14.440,-0.02,-0.02,0.01,0.03
14.450,-0.02,-0.01,-0.01,0.03
14.460,-0.01,-0.01,-0.02,0.02
14.470,-0.01,-0.02,-0.02,0.03
14.480,0.00,-0.02,-0.01,0.03
14.490,0.02,-0.03,-0.01,0.04
14.500,0.01,-0.03,-0.01,0.03
14.510,0.00,-0.04,0.00,0.04
14.520,0.00,-0.04,-0.01,0.04
14.530,0.02,-0.02,-0.01,0.03
14.540,0.01,-0.02,-0.01,0.02
14.550,0.02,-0.02,-0.00,0.03
14.560,0.01,-0.01,-0.01,0.02
14.570,-0.01,-0.02,-0.02,0.03
14.580,-0.01,-0.02,-0.01,0.03
14.590,0.01,-0.03,-0.02,0.03
14.600,-0.01,-0.03,-0.01,0.04
14.610,-0.01,-0.03,-0.00,0.03
14.620,-0.01,-0.03,-0.02,0.04
14.630,-0.02,-0.03,-0.02,0.04
14.640,-0.02,-0.02,-0.01,0.03
14.650,-0.02,-0.04,-0.02,0.04
14.660,-0.01,-0.03,-0.01,0.03
14.670,-0.01,-0.02,-0.02,0.03
14.680,0.01,-0.02,-0.01,0.03
14.690,-0.00,-0.03,-0.01,0.03
14.699,-0.01,-0.02,0.00,0.02
14.710,0.01,-0.02,-0.01,0.02
14.719,0.03,-0.03,-0.01,0.04
14.730,0.03,-0.02,-0.01,0.04
14.740,-0.00,-0.03,-0.00,0.03
14.750,-0.01,-0.03,-0.02,0.03
14.759,0.01,-0.02,-0.01,0.03
14.769,0.00,-0.03,-0.03,0.04
14.779,-0.01,-0.03,-0.02,0.03
14.789,-0.01,-0.03,-0.03,0.04
14.799,-0.04,-0.02,-0.02,0.05
14.809,-0.03,-0.02,0.00,0.04
14.819,-0.02,-0.02,-0.01,0.03
14.829,-0.02,-0.03,-0.03,0.05
14.839,-0.01,-0.03,-0.00,0.03
14.849,-0.00,-0.02,0.00,0.02
14.859,-0.01,-0.01,-0.00,0.01
14.869,-0.00,-0.02,-0.01,0.03
14.879,-0.01,-0.02,-0.02,0.03
14.889,-0.01,-0.02,-0.01,0.03
14.899,0.00,-0.01,-0.02,0.02
14.909,-0.00,-0.01,-0.01,0.02
14.919,-0.01,-0.04,-0.01,0.04
14.929,0.02,-0.02,0.00,0.03
14.939,-0.01,-0.03,-0.01,0.03
14.949,-0.01,-0.03,-0.01,0.03
14.959,-0.00,-0.03,-0.02,0.04
14.969,-0.02,-0.02,-0.01,0.03
14.979,-0.03,-0.02,-0.02,0.04
14.989,-0.02,-0.04,-0.01,0.05
14.999,-0.03,-0.03,-0.01,0.05
15.009,-0.02,-0.00,0.00,0.02
15.019,-0.01,-0.00,-0.02,0.02
15.029,-0.01,-0.00,-0.00,0.01
15.039,0.00,-0.02,-0.02,0.03
15.049,-0.00,-0.02,-0.02,0.03
15.059,0.01,-0.04,-0.02,0.04
15.069,-0.01,-0.04,-0.01,0.04
15.079,-0.01,-0.05,-0.03,0.05
15.089,-0.03,-0.04,-0.02,0.05
15.099,-0.06,-0.03,-0.01,0.06
15.109,-0.07,-0.02,-0.02,0.08
15.119,-0.10,-0.01,-0.04,0.11
15.129,-0.09,-0.00,-0.03,0.10
15.139,-0.09,0.01,-0.04,0.10
15.149,-0.05,-0.01,-0.02,0.05
15.159,-0.03,-0.03,-0.02,0.05
15.169,0.01,-0.03,-0.02,0.03
15.179,0.03,-0.03,-0.02,0.05
15.189,0.05,-0.05,-0.00,0.07
15.199,0.06,-0.03,-0.01,0.07
15.209,0.06,-0.02,-0.00,0.06
15.219,0.08,-0.03,-0.00,0.08
15.229,0.07,-0.04,-0.00,0.08
15.239,0.06,-0.02,-0.01,0.07
15.249,0.07,-0.00,-0.01,0.07
15.259,0.08,-0.03,-0.01,0.09
15.269,0.08,-0.04,0.00,0.09
15.279,0.04,-0.03,-0.01,0.05
15.289,0.03,-0.05,-0.01,0.06
15.299,-0.01,-0.04,-0.01,0.04
15.309,-0.05,-0.02,-0.03,0.06
15.319,-0.04,-0.02,-0.00,0.04
15.329,-0.05,0.01,-0.02,0.06
15.339,-0.06,0.01,-0.02,0.06
15.349,-0.07,-0.01,-0.04,0.08
15.359,-0.07,-0.01,-0.02,0.07
15.369,-0.05,-0.02,-0.02,0.05
15.379,-0.02,-0.04,-0.02,0.05
15.389,0.01,-0.07,-0.01,0.07
15.399,0.01,-0.07,-0.01,0.07
15.409,0.02,-0.04,-0.01,0.05
15.419,0.02,-0.03,-0.02,0.04
15.429,0.05,-0.02,-0.00,0.06
15.438,0.06,0.01,-0.00,0.06
15.449,0.04,0.01,0.00,0.04
15.458,0.02,0.01,-0.01,0.03
15.468,-0.00,-0.03,-0.02,0.04
15.478,-0.02,-0.05,-0.02,0.05
15.489,-0.03,-0.05,-0.02,0.06
15.498,-0.03,-0.05,-0.02,0.06
15.508,-0.03,-0.06,-0.02,0.07
15.518,-0.03,-0.02,-0.02,0.04
15.528,-0.04,-0.01,-0.02,0.05
15.538,-0.04,0.00,-0.04,0.06
15.548,-0.02,0.01,-0.03,0.04
15.558,-0.02,-0.00,-0.00,0.03
15.568,0.00,-0.03,-0.00,0.03
15.578,-0.01,-0.04,-0.02,0.05
15.588,-0.00,-0.04,0.00,0.04
15.598,0.01,-0.05,-0.01,0.06
15.608,0.00,-0.04,-0.01,0.04
15.618,0.02,-0.04,-0.01,0.04
15.628,0.02,-0.01,-0.02,0.03
15.638,0.00,-0.00,-0.01,0.01
15.648,0.00,-0.01,-0.02,0.02
15.658,0.01,-0.02,-0.01,0.02
15.668,-0.00,-0.02,-0.00,0.02
15.678,0.01,-0.04,0.01,0.05
15.688,-0.01,-0.04,0.01,0.04
15.698,-0.01,-0.03,0.00,0.03
15.708,-0.01,-0.04,-0.01,0.05
15.718,-0.00,-0.03,-0.02,0.03
15.728,0.02,-0.02,-0.01,0.03
15.738,0.00,-0.01,-0.02,0.02
15.748,-0.02,0.01,-0.01,0.02
15.758,-0.03,-0.01,-0.01,0.03
15.768,-0.00,-0.03,-0.02,0.03
15.778,-0.02,-0.04,-0.02,0.05
15.788,-0.00,-0.05,-0.03,0.06
15.798,0.03,-0.06,-0.01,0.07
15.808,0.02,-0.04,-0.02,0.05
15.818,0.01,-0.02,-0.01,0.02
15.828,-0.00,0.01,-0.01,0.01
15.838,-0.01,-0.01,-0.01,0.01
15.848,0.01,-0.01,-0.01,0.02
15.858,0.02,-0.01,-0.02,0.03
15.868,0.01,-0.01,-0.01,0.02
15.878,0.01,-0.01,-0.01,0.02
15.888,-0.00,-0.03,-0.01,0.03
15.898,-0.01,-0.04,-0.02,0.04
15.908,-0.01,-0.03,-0.03,0.04
15.918,-0.01,-0.03,-0.03,0.04
15.928,0.00,-0.03,-0.01,0.03
15.938,0.02,-0.03,-0.02,0.04
15.948,0.02,-0.02,-0.02,0.04
15.958,0.02,-0.01,-0.01,0.03
15.968,0.03,0.00,0.00,0.03
15.978,0.00,0.01,-0.02,0.02
15.988,-0.01,-0.03,-0.02,0.03
15.998,-0.02,-0.03,-0.02,0.04
16.008,-0.02,-0.03,-0.01,0.04
16.018,-0.02,-0.04,-0.00,0.04
16.028,-0.02,-0.03,-0.01,0.04
16.038,0.00,-0.02,-0.01,0.02
16.048,-0.00,-0.02,0.00,0.02
16.058,0.01,-0.01,-0.02,0.02
16.068,0.01,-0.01,-0.02,0.02
16.078,0.02,-0.02,-0.01,0.04
16.088,0.01,-0.02,-0.00,0.02
16.098,0.03,-0.02,-0.01,0.04
16.108,0.01,-0.02,0.00,0.02
16.118,0.01,-0.03,0.00,0.03
16.128,-0.01,-0.02,-0.01,0.03
16.138,-0.01,-0.03,-0.03,0.04
16.148,-0.03,-0.01,-0.01,0.04
16.158,-0.02,-0.03,-0.02,0.04
16.167,-0.01,-0.01,-0.02,0.03
16.178,0.00,-0.03,-0.00,0.03
16.187,0.01,-0.04,-0.01,0.04
16.197,0.02,-0.01,-0.01,0.02
16.208,0.03,-0.01,0.00,0.03
16.217,0.02,0.00,-0.02,0.03
16.228,-0.01,-0.00,-0.01,0.02
16.237,-0.01,-0.01,-0.01,0.02
16.247,-0.01,-0.03,-0.02,0.03
16.257,-0.00,-0.04,-0.01,0.04
16.267,0.00,-0.03,-0.01,0.03
16.277,0.01,-0.03,-0.02,0.03
16.287,-0.00,-0.02,-0.01,0.03
16.297,-0.02,-0.02,-0.02,0.03
16.307,-0.02,-0.03,-0.01,0.04
16.317,-0.03,-0.02,-0.02,0.04
16.327,-0.00,-0.02,-0.01,0.03
16.337,-0.03,-0.02,-0.01,0.03
16.347,-0.02,-0.02,-0.01,0.03
16.357,-0.01,-0.02,-0.01,0.02
16.367,-0.00,-0.04,0.00,0.04
16.377,0.03,-0.03,-0.00,0.04
16.387,0.04,-0.03,-0.02,0.05
16.397,0.03,-0.03,0.00,0.04
16.407,0.05,-0.02,-0.01,0.06
16.417,0.04,0.00,-0.00,0.04
16.427,0.02,-0.01,-0.01,0.02
16.437,-0.04,-0.02,-0.03,0.05
16.447,-0.05,-0.01,-0.01,0.05
16.457,-0.06,-0.03,-0.00,0.06
16.467,-0.06,-0.04,-0.01,0.08
16.477,-0.04,-0.03,-0.01,0.05
16.487,0.00,-0.05,-0.01,0.05
16.497,0.01,-0.03,0.00,0.03
16.507,0.03,-0.02,-0.03,0.05
16.517,0.02,-0.02,-0.02,0.04
16.527,0.03,-0.02,-0.02,0.04
16.537,0.01,-0.01,-0.02,0.03
16.547,0.01,0.01,-0.02,0.02
16.557,0.02,-0.01,-0.01,0.03
16.567,-0.00,-0.03,-0.00,0.03
16.577,-0.01,-0.02,-0.02,0.03
16.587,-0.02,-0.03,-0.01,0.04
16.597,-0.00,-0.03,-0.01,0.03
16.607,0.00,-0.02,-0.00,0.03
16.617,0.01,-0.02,-0.01,0.03
16.627,-0.01,-0.02,-0.02,0.03
16.637,-0.00,-0.03,-0.01,0.03
16.647,-0.00,-0.03,-0.02,0.04
16.657,0.00,-0.03,-0.01,0.03
16.667,0.01,-0.02,-0.02,0.03
16.677,0.03,-0.02,-0.01,0.04
16.687,0.04,-0.04,-0.01,0.05
16.697,0.05,-0.04,-0.00,0.06
16.707,0.03,-0.01,-0.01,0.03
16.717,0.07,-0.04,-0.01,0.08
16.727,0.06,0.00,-0.00,0.06
16.737,0.03,-0.01,-0.01,0.03
16.747,-0.01,-0.02,0.00,0.02
16.757,-0.02,-0.02,-0.03,0.04
16.767,-0.07,-0.03,0.00,0.08
16.777,-0.08,-0.03,-0.01,0.08
16.787,-0.09,-0.04,-0.03,0.10
16.797,-0.06,-0.01,-0.01,0.06
16.807,-0.04,-0.02,-0.01,0.04
16.817,0.01,-0.02,-0.02,0.03
16.827,0.04,-0.03,-0.01,0.05
16.837,0.07,-0.01,-0.01,0.07
16.847,0.04,-0.03,-0.00,0.05
16.857,0.02,-0.03,-0.02,0.04
16.867,0.00,-0.02,-0.02,0.03
16.877,-0.01,-0.02,-0.01,0.02
16.887,-0.03,-0.03,-0.02,0.05
16.897,-0.03,-0.01,-0.02,0.04
16.907,-0.00,-0.03,-0.02,0.04
16.916,0.01,-0.05,-0.01,0.06
16.927,0.04,-0.04,-0.02,0.06
16.937,0.05,-0.03,-0.02,0.06
16.946,0.06,-0.00,-0.00,0.06
16.956,0.05,0.00,-0.01,0.05
16.966,0.02,0.01,-0.01,0.02
16.976,-0.00,-0.03,0.00,0.03
16.986,-0.04,-0.04,-0.03,0.06
16.996,-0.06,-0.04,-0.02,0.07
17.006,-0.07,-0.04,-0.03,0.08
17.016,-0.03,-0.04,-0.00,0.05
17.026,-0.01,-0.04,-0.01,0.04
17.036,-0.01,-0.03,-0.02,0.04
17.046,-0.01,-0.00,-0.01,0.02
17.056,-0.02,0.00,-0.01,0.03
17.066,-0.03,0.01,-0.03,0.04
17.076,-0.04,-0.00,-0.01,0.04
17.086,-0.06,-0.02,-0.03,0.07
17.096,-0.02,-0.04,-0.02,0.05
17.106,-0.00,-0.04,-0.02,0.04
17.116,0.02,-0.03,0.00,0.04
17.126,0.07,-0.03,0.00,0.08
17.136,0.07,-0.01,-0.02,0.07
17.146,0.09,-0.00,0.00,0.09
17.156,0.09,-0.02,-0.00,0.09
17.166,0.07,0.01,-0.01,0.07
17.176,0.03,-0.01,-0.00,0.03
17.186,-0.01,-0.03,-0.02,0.04
17.196,-0.01,-0.03,-0.02,0.04
17.206,-0.01,-0.03,-0.01,0.03
17.216,-0.00,-0.03,-0.02,0.03
17.226,-0.01,-0.03,-0.02,0.03
17.236,-0.01,-0.02,-0.03,0.04
17.246,-0.00,-0.01,0.01,0.01
17.256,-0.02,-0.00,0.01,0.02
17.266,-0.02,-0.00,-0.02,0.03
17.276,-0.02,-0.02,-0.02,0.04
17.286,-0.03,-0.02,-0.03,0.05
17.296,-0.05,-0.03,-0.03,0.07
17.306,-0.07,-0.02,-0.02,0.07
17.316,-0.06,-0.02,-0.02,0.07
17.326,-0.07,-0.02,-0.03,0.08
17.336,-0.05,-0.02,-0.01,0.05
17.346,-0.02,-0.02,-0.01,0.03
17.356,-0.00,-0.02,-0.02,0.03
17.366,-0.02,-0.01,-0.02,0.03
17.376,-0.03,-0.03,-0.02,0.04
17.386,0.00,-0.02,-0.00,0.03
17.396,0.01,-0.04,0.00,0.04
17.406,0.03,-0.03,-0.00,0.04
17.416,0.05,-0.02,-0.00,0.05
17.426,0.05,-0.01,-0.01,0.05
17.436,0.03,-0.00,0.00,0.03
17.446,0.02,-0.02,-0.02,0.03
17.456,0.03,-0.02,0.01,0.03
17.466,0.03,-0.02,-0.01,0.04
17.476,0.02,-0.04,-0.02,0.05
17.486,0.00,-0.03,-0.01,0.04
17.496,-0.02,-0.04,-0.01,0.04
17.506,0.01,-0.02,0.00,0.02
17.516,0.04,-0.02,-0.01,0.04
17.526,0.05,-0.02,0.00,0.05
17.535,0.04,-0.02,-0.01,0.05
17.546,0.06,-0.01,-0.01,0.06
17.555,0.04,-0.03,-0.02,0.05
17.566,0.03,-0.01,0.00,0.03
17.576,-0.01,-0.03,-0.01,0.04
17.585,-0.01,-0.02,-0.02,0.03
17.595,-0.02,-0.01,-0.02,0.03
17.606,-0.01,-0.02,-0.01,0.03
17.615,-0.04,-0.02,-0.02,0.04
17.626,-0.02,-0.01,-0.01,0.03
17.635,-0.02,-0.02,-0.01,0.03
17.645,0.01,-0.02,-0.02,0.03
17.656,0.02,-0.00,-0.01,0.02
17.665,0.04,-0.01,-0.01,0.04
17.675,0.04,-0.01,-0.02,0.05
17.686,0.05,-0.02,-0.02,0.05
17.695,0.04,-0.01,-0.00,0.04
17.706,0.03,-0.03,-0.01,0.05
17.715,0.02,-0.02,-0.01,0.03
17.725,-0.01,-0.03,0.00,0.03
17.735,-0.02,-0.03,-0.00,0.03
17.745,-0.02,-0.03,-0.01,0.03
17.755,-0.03,-0.02,-0.01,0.03
17.765,-0.05,-0.00,-0.05,0.07
17.775,-0.04,-0.01,-0.02,0.04
17.785,-0.03,-0.02,-0.01,0.04
17.795,-0.02,-0.02,-0.03,0.04
17.805,-0.02,-0.02,-0.02,0.03
17.815,-0.01,-0.02,-0.02,0.03
17.825,-0.03,-0.03,-0.01,0.04
17.835,0.01,-0.02,-0.00,0.02
17.845,0.00,-0.03,-0.02,0.03
17.855,-0.01,-0.02,-0.02,0.03
17.865,-0.01,-0.02,-0.03,0.04
17.875,-0.03,-0.02,-0.02,0.04
17.885,-0.02,-0.01,-0.00,0.02
17.895,-0.01,-0.02,-0.00,0.02
17.905,0.00,-0.01,-0.01,0.02
17.915,0.04,-0.01,-0.01,0.04
17.925,0.03,-0.02,-0.01,0.04
17.935,0.03,-0.03,-0.01,0.05
17.945,0.04,-0.01,-0.03,0.05
17.955,0.00,-0.02,-0.01,0.03
17.965,-0.01,-0.01,-0.01,0.02
17.975,-0.04,0.00,-0.01,0.04
17.985,-0.06,-0.01,-0.01,0.06
17.995,-0.05,-0.02,-0.01,0.06
18.005,-0.04,0.00,-0.04,0.06
18.015,-0.01,-0.02,0.02,0.03
18.025,0.01,-0.02,0.01,0.03
18.035,0.05,-0.02,-0.02,0.06
18.045,0.06,-0.03,-0.01,0.07
18.055,0.05,-0.02,-0.01,0.06
18.065,0.03,-0.02,-0.01,0.04
18.075,0.01,-0.02,-0.01,0.02
18.085,-0.01,-0.03,-0.01,0.04
18.095,-0.03,-0.02,-0.03,0.05
18.105,-0.04,-0.02,-0.02,0.05
18.115,-0.04,-0.02,-0.01,0.04
18.125,-0.03,-0.01,-0.02,0.04
18.135,-0.02,-0.02,-0.04,0.05
18.145,-0.00,-0.02,-0.01,0.02
18.155,-0.00,-0.03,-0.02,0.03
18.165,0.03,-0.02,-0.02,0.04
18.175,0.03,-0.02,-0.00,0.04
18.185,0.03,-0.02,-0.01,0.04
18.195,0.02,-0.01,-0.01,0.02
18.205,0.01,-0.03,-0.01,0.04
18.215,-0.01,-0.02,-0.01,0.03
18.225,-0.00,-0.02,-0.03,0.04
18.235,0.00,-0.02,-0.02,0.03
18.245,-0.00,-0.01,-0.01,0.01
18.255,0.00,-0.02,-0.01,0.02
18.265,-0.01,-0.02,0.00,0.03
18.275,-0.01,-0.02,-0.00,0.02
18.285,0.01,-0.01,-0.02,0.03
18.294,0.02,-0.02,-0.01,0.03
18.305,0.04,-0.02,-0.00,0.05
18.314,0.02,-0.02,0.00,0.03
18.325,0.03,-0.03,-0.02,0.04
18.335,0.03,-0.03,-0.00,0.04
18.345,0.02,-0.02,-0.01,0.03
18.354,0.01,-0.01,0.01,0.02
18.365,-0.01,-0.02,0.00,0.03
18.375,0.01,-0.01,-0.01,0.02
18.384,0.01,-0.02,-0.00,0.02
18.394,0.02,-0.02,-0.02,0.03
18.405,0.00,-0.01,-0.02,0.02
18.414,-0.02,-0.00,-0.00,0.02
18.424,-0.01,-0.03,-0.02,0.04
18.434,-0.04,-0.02,-0.00,0.04
18.444,-0.05,-0.02,-0.01,0.05
18.454,-0.04,-0.04,-0.02,0.06
18.464,-0.05,-0.03,-0.01,0.06
18.474,-0.04,-0.01,-0.02,0.05
18.484,-0.02,-0.01,-0.01,0.03
18.494,0.05,-0.03,0.01,0.06
18.504,0.06,-0.01,-0.01,0.06
18.514,0.06,0.00,-0.01,0.06
18.524,0.08,-0.01,0.00,0.08
18.534,0.08,-0.01,0.00,0.08
18.544,0.05,-0.03,-0.02,0.06
18.554,0.01,-0.03,-0.02,0.04
18.564,-0.00,-0.01,0.00,0.01
18.574,-0.01,-0.02,-0.00,0.02
18.584,-0.03,-0.02,-0.01,0.04
18.594,-0.01,-0.02,-0.00,0.02
18.604,0.00,-0.00,-0.01,0.01
18.614,0.02,-0.02,-0.01,0.03
18.624,0.02,-0.01,-0.00,0.02
18.634,0.03,-0.01,-0.00,0.03
18.644,0.02,-0.02,-0.01,0.03
18.654,0.02,-0.02,-0.01,0.03
18.664,0.01,-0.03,-0.01,0.03
18.674,-0.02,-0.02,-0.00,0.03
18.684,-0.01,-0.01,-0.01,0.02
18.694,-0.03,-0.01,-0.02,0.04
18.704,-0.02,-0.02,-0.01,0.03
18.714,-0.02,-0.02,-0.01,0.03
18.724,-0.01,-0.01,-0.01,0.02
18.734,-0.00,-0.02,-0.00,0.02
18.744,-0.01,-0.02,-0.01,0.03
18.754,0.03,-0.02,-0.00,0.04
18.764,0.03,-0.01,-0.00,0.03
18.774,0.02,-0.02,-0.01,0.03
18.784,0.01,-0.02,-0.01,0.02
18.794,0.02,-0.01,-0.01,0.02
18.804,0.01,-0.01,-0.01,0.02
18.814,0.00,-0.02,-0.01,0.02
18.824,0.00,-0.02,0.00,0.02
18.834,0.02,-0.01,-0.01,0.03
18.844,0.02,-0.01,-0.01,0.02
18.854,0.03,-0.02,-0.01,0.03
18.864,0.02,-0.02,-0.01,0.03
18.874,0.03,-0.01,-0.02,0.04
18.884,0.02,-0.02,-0.01,0.03
18.894,0.01,-0.02,-0.02,0.03
18.904,0.00,-0.02,-0.02,0.03
18.914,0.01,-0.00,-0.01,0.01
18.924,0.01,-0.02,-0.01,0.02
18.934,0.01,-0.02,-0.02,0.03
18.944,0.00,-0.01,-0.00,0.01
18.954,0.01,-0.02,-0.03,0.03
18.964,-0.01,-0.04,-0.01,0.05
18.974,-0.02,-0.01,0.00,0.02
18.983,-0.01,-0.02,-0.01,0.02
18.993,0.01,-0.02,-0.01,0.02
19.004,-0.01,-0.01,-0.01,0.02
19.013,-0.01,-0.01,-0.01,0.02
19.024,-0.01,-0.01,-0.01,0.02
19.034,0.00,-0.02,-0.02,0.03
19.043,-0.02,-0.01,-0.02,0.03
19.053,-0.02,-0.02,-0.01,0.03
19.063,-0.00,-0.02,-0.01,0.02
19.073,-0.03,-0.03,-0.00,0.04
19.083,-0.03,-0.03,-0.01,0.04
19.093,-0.03,-0.00,-0.02,0.04
19.103,-0.02,-0.01,-0.01,0.02
19.113,0.00,-0.02,-0.01,0.02
19.123,0.02,-0.02,-0.02,0.04
19.133,0.02,-0.02,0.00,0.03
19.143,0.03,-0.02,-0.00,0.04
19.153,0.06,-0.01,-0.01,0.07
19.163,0.06,-0.01,-0.01,0.07
19.173,0.05,-0.02,-0.01,0.06
19.183,0.03,-0.03,-0.01,0.04
19.193,0.01,-0.03,-0.02,0.04
19.203,-0.00,-0.02,-0.02,0.03
19.213,-0.02,-0.03,-0.02,0.04
19.223,-0.00,-0.02,-0.00,0.02
19.233,-0.04,-0.02,-0.02,0.05
19.243,-0.02,-0.02,-0.02,0.03
19.253,-0.02,-0.01,-0.02,0.03
19.263,-0.03,-0.00,-0.02,0.03
19.273,-0.02,-0.01,-0.00,0.02
19.283,-0.01,-0.01,-0.02,0.02
19.293,-0.03,-0.02,-0.02,0.04
19.303,-0.02,-0.01,-0.01,0.03
19.313,-0.00,-0.03,-0.01,0.03
19.323,-0.01,-0.03,-0.02,0.03
19.333,-0.01,-0.00,-0.02,0.02
19.343,0.01,-0.02,-0.01,0.03
19.353,0.02,-0.01,-0.02,0.03
19.363,0.04,-0.01,-0.02,0.05
19.373,0.04,-0.02,-0.01,0.04
19.383,0.05,-0.02,-0.01,0.06
19.393,0.03,-0.02,-0.01,0.04
19.403,0.04,-0.02,-0.02,0.04
19.413,0.05,-0.02,-0.02,0.05
19.423,0.01,-0.02,-0.01,0.02
19.433,0.01,-0.00,-0.01,0.01
19.443,-0.00,-0.00,-0.00,0.01
19.453,-0.02,-0.02,-0.01,0.03
19.463,-0.03,0.00,-0.02,0.04
19.473,-0.05,-0.01,-0.02,0.06
19.483,-0.07,-0.01,-0.02,0.07
19.493,-0.06,-0.02,-0.02,0.07
19.503,-0.07,-0.02,-0.03,0.08
19.513,-0.04,-0.02,-0.01,0.05
19.523,-0.01,-0.01,-0.01,0.02
19.533,0.03,-0.03,-0.02,0.05
19.543,0.06,-0.02,-0.01,0.06
19.553,0.07,-0.02,-0.01,0.07
19.563,0.09,-0.03,-0.00,0.09
19.573,0.10,-0.01,0.00,0.10
19.583,0.09,-0.02,-0.00,0.09
19.593,0.05,-0.02,-0.03,0.07
19.603,0.03,-0.03,-0.02,0.05
19.613,0.01,-0.04,-0.00,0.04
19.623,0.00,-0.04,-0.01,0.05
19.633,-0.02,-0.03,-0.01,0.04
19.643,-0.01,-0.02,-0.02,0.03
19.653,-0.01,-0.02,-0.01,0.03
19.663,-0.04,-0.01,-0.01,0.04
19.673,-0.03,0.00,-0.03,0.04
19.683,0.00,0.00,-0.03,0.03
19.693,-0.01,-0.02,-0.02,0.03
19.703,-0.01,-0.01,-0.00,0.01
19.713,-0.03,-0.04,-0.02,0.06
19.723,-0.05,-0.03,-0.01,0.06
19.732,-0.02,-0.02,-0.02,0.04
19.743,-0.01,-0.01,-0.00,0.01
19.753,0.02,-0.02,-0.01,0.03
19.763,0.04,-0.00,-0.01,0.04
19.772,0.05,0.01,-0.01,0.05
19.783,0.04,-0.01,0.00,0.04
19.792,0.05,-0.00,-0.02,0.05
19.802,0.02,-0.01,-0.01,0.03
19.812,-0.00,-0.02,-0.01,0.02
19.822,-0.03,-0.02,-0.03,0.04
19.832,-0.04,-0.01,-0.01,0.05
19.843,-0.03,-0.03,0.01,0.05
19.852,-0.04,-0.03,-0.02,0.05
19.862,-0.02,-0.00,-0.01,0.02
19.872,-0.00,-0.01,-0.02,0.02
19.882,-0.02,-0.02,-0.02,0.03
19.892,-0.07,-0.01,-0.01,0.07
19.902,-0.42,-0.06,-0.11,0.43
19.912,-0.10,-0.03,-0.14,0.18
19.922,-0.00,-0.07,-0.19,0.21
19.932,0.46,-0.11,0.03,0.48
19.942,0.86,0.01,0.01,0.86
19.952,1.00,-0.02,0.11,1.01
19.962,0.99,0.09,0.18,1.01
19.972,1.07,0.20,-0.11,1.09
19.982,1.22,-0.13,0.08,1.23
19.992,1.12,-0.31,0.24,1.18
20.002,0.82,-0.05,-0.04,0.82
20.012,0.68,-0.06,-0.10,0.69
20.022,0.70,-0.13,0.04,0.71
20.032,0.52,-0.08,0.03,0.52
20.042,0.57,0.24,-0.07,0.62
20.052,0.53,0.11,-0.08,0.55
20.062,0.63,-0.22,0.13,0.68
20.072,0.64,-0.03,-0.01,0.64
20.082,0.49,-0.15,-0.21,0.56
20.092,0.77,-0.40,0.05,0.87
20.102,0.65,-0.27,0.10,0.72
20.112,0.64,-0.15,-0.17,0.68
20.122,0.65,-0.12,-0.04,0.67
20.132,0.60,-0.07,0.08,0.61
20.142,0.54,0.07,-0.08,0.55
20.152,0.38,0.19,-0.03,0.43
20.162,0.35,0.01,-0.06,0.36
20.172,0.37,0.07,-0.05,0.38
20.182,0.36,0.09,0.03,0.37
20.192,0.47,-0.05,-0.06,0.48
20.202,0.67,-0.04,0.10,0.68
20.212,0.56,-0.18,0.04,0.59
20.222,0.76,-0.23,-0.20,0.82
20.232,0.44,0.01,0.15,0.47
20.242,0.61,-0.19,-0.01,0.64
20.252,0.53,0.01,-0.12,0.55
20.262,0.49,0.14,-0.03,0.52
20.272,0.71,-0.10,-0.22,0.75
20.282,0.56,0.08,0.06,0.57
20.292,0.67,0.05,0.19,0.70
20.302,0.63,-0.06,-0.12,0.65
20.312,0.54,0.03,0.07,0.55
20.322,0.60,0.03,0.17,0.62
20.332,0.51,-0.04,-0.05,0.52
20.342,0.48,0.03,-0.08,0.48
20.352,0.62,-0.03,-0.14,0.64
20.362,0.61,-0.05,0.00,0.62
20.372,0.73,-0.06,0.12,0.75
20.382,0.69,0.03,0.09,0.70
20.392,0.66,0.06,-0.01,0.66
20.402,0.67,0.12,0.04,0.68
20.412,0.48,0.00,0.02,0.48
20.422,0.65,-0.01,-0.15,0.67
20.432,0.72,-0.06,-0.13,0.73
20.442,0.60,-0.02,-0.18,0.63
20.451,0.62,0.18,0.22,0.68
20.461,0.55,-0.02,0.21,0.58
20.472,0.46,-0.10,-0.17,0.50
20.481,0.33,0.10,-0.18,0.39
20.492,0.40,0.21,-0.02,0.45
20.501,0.52,0.09,0.32,0.62
20.511,0.47,0.04,0.12,0.49
20.521,0.52,0.11,-0.28,0.60
20.531,0.64,-0.01,-0.12,0.66
20.542,0.71,-0.07,0.07,0.71
20.551,0.62,0.02,-0.08,0.62
20.561,0.48,0.16,0.09,0.52
20.571,0.71,-0.08,0.01,0.71
20.581,0.60,0.08,0.04,0.61
20.591,0.42,0.20,0.02,0.47
20.601,0.57,0.00,-0.35,0.66
20.611,0.35,0.26,0.05,0.44
20.621,0.50,0.08,0.25,0.57
20.631,0.43,-0.01,-0.06,0.44
20.641,0.42,0.08,-0.08,0.44
20.651,0.53,0.26,-0.01,0.59
20.661,0.57,0.00,0.24,0.62
20.671,0.67,0.04,-0.13,0.68
20.681,0.55,-0.03,-0.13,0.56
20.691,0.45,0.29,-0.13,0.55
20.701,0.59,0.16,0.31,0.69
20.711,0.74,-0.01,-0.32,0.80
20.721,0.83,0.38,0.07,0.92
20.731,0.42,0.16,0.58,0.73
20.741,0.63,0.27,-0.17,0.70
20.751,0.47,-0.20,-0.36,0.63
20.761,0.63,0.33,-0.03,0.71
20.771,0.46,-0.12,-0.18,0.50
20.781,0.74,0.28,0.04,0.79
20.791,0.69,0.04,0.06,0.70
20.801,0.73,0.61,0.21,0.98
20.811,0.60,0.10,0.23,0.65
20.821,0.64,0.30,-0.11,0.71
20.831,0.37,0.30,0.31,0.57
20.841,0.67,0.18,0.03,0.70
20.851,0.34,0.32,-0.03,0.47
20.861,0.53,0.17,0.04,0.56
20.871,0.44,0.04,-0.58,0.73
20.881,0.48,0.22,-0.00,0.53
20.891,0.62,0.39,0.63,0.96
20.901,0.68,-0.21,0.14,0.73
20.911,0.65,0.13,-0.88,1.10
20.921,0.45,0.27,-0.74,0.91
20.931,0.84,1.35,1.71,2.33
20.941,0.79,-0.30,0.76,1.14
20.951,0.95,-0.45,-1.70,2.00
20.961,0.23,1.17,0.30,1.23
20.971,0.08,0.80,1.08,1.35
20.981,0.85,-0.01,-0.58,1.03
20.991,-0.04,-0.25,-0.81,0.85
21.001,0.09,1.05,0.41,1.13
21.011,-0.17,0.37,0.55,0.69
21.021,0.09,0.17,0.42,0.46
21.031,0.01,-0.34,-0.13,0.36
21.041,-0.21,0.38,-0.56,0.71
21.051,-0.35,0.85,0.37,0.99
21.061,-0.43,-0.00,0.23,0.49
21.071,0.05,0.14,-0.85,0.86
21.081,-0.30,0.02,-1.05,1.09
21.091,-0.17,0.84,0.42,0.95
21.101,-0.16,0.17,0.51,0.56
21.111,-0.15,0.95,0.36,1.03
21.121,-0.34,0.36,1.30,1.39
21.131,-0.19,-0.40,-1.45,1.52
21.141,-0.30,0.63,-0.99,1.21
21.150,-0.41,0.65,1.58,1.76
21.161,0.08,-0.23,-0.47,0.53
21.171,0.03,0.18,-1.22,1.24
21.180,-0.30,1.24,1.47,1.95
21.190,0.04,-0.23,0.67,0.71
21.200,0.27,-0.29,-1.79,1.83
21.211,-0.17,0.92,0.28,0.97
21.221,0.31,0.63,1.31,1.48
21.231,0.20,-0.45,-0.61,0.79
21.240,0.03,0.57,-0.16,0.59
21.250,0.06,0.50,0.16,0.53
21.261,0.29,0.12,0.32,0.44
21.270,0.44,0.31,0.31,0.62
21.280,0.29,0.21,-0.67,0.76
21.290,0.22,0.54,-0.11,0.59
21.300,0.36,0.07,-0.04,0.37
21.310,0.18,0.03,-0.03,0.19
21.320,0.19,0.44,-0.37,0.60
21.330,0.07,0.52,0.35,0.63
21.340,-0.03,0.45,0.70,0.84
21.350,-0.08,0.25,0.64,0.70
21.360,-0.26,0.15,-0.41,0.51
21.370,-0.21,0.26,-0.98,1.04
21.380,0.02,0.52,-0.03,0.52
21.390,-0.16,0.43,0.33,0.56
21.400,0.07,0.36,0.22,0.43
21.410,0.02,0.25,0.20,0.32
21.421,-0.01,0.27,-0.27,0.38
21.430,0.10,0.37,-0.46,0.60
21.440,0.06,0.15,-0.07,0.18
21.450,0.03,0.60,0.58,0.83
21.460,-0.17,0.49,0.66,0.84
21.470,-0.00,-0.17,-0.53,0.56
21.480,-0.16,0.42,-0.96,1.06
21.490,0.03,0.82,1.12,1.39
21.500,-0.09,-0.24,0.36,0.44
21.510,0.04,0.52,-0.47,0.71
21.520,-0.31,0.38,0.42,0.64
21.530,-0.04,0.03,-1.19,1.19
21.540,0.08,0.55,0.35,0.66
21.550,-0.09,0.42,0.83,0.94
21.560,0.23,0.30,0.16,0.41
21.570,-0.04,0.26,-0.50,0.56
21.580,0.03,0.61,-0.46,0.76
21.590,0.04,-0.32,0.25,0.40
21.600,0.10,0.22,-0.08,0.25
21.610,-0.09,0.62,0.52,0.81
21.620,-0.08,0.08,0.03,0.11
21.630,0.11,-0.03,-0.89,0.89
21.640,-0.02,0.73,-0.22,0.77
21.650,0.01,0.88,1.56,1.80
21.660,0.02,-0.14,0.74,0.75
21.670,0.01,-0.22,-2.27,2.28
21.680,-0.10,1.18,-0.70,1.38
21.690,-0.19,0.37,2.97,3.00
21.700,0.12,-1.19,-0.85,1.47
21.710,0.30,0.70,-2.07,2.20
21.720,-0.30,1.72,1.85,2.54
21.730,0.04,-0.47,0.87,0.99
21.740,0.45,-0.58,-1.68,1.83
21.750,-0.16,1.33,0.24,1.37
21.760,-0.09,0.45,0.82,0.94
21.770,0.31,0.01,-0.34,0.45
21.780,-0.09,0.11,-0.20,0.24
21.790,-0.10,1.10,-0.35,1.16
21.800,-0.12,0.45,1.28,1.36
21.809,-0.44,-0.70,-0.04,0.83
21.820,-0.22,0.37,-1.63,1.69
21.830,-0.14,0.66,-0.33,0.75
21.840,0.07,0.40,1.44,1.49
21.850,0.31,-0.49,0.52,0.77
21.860,0.15,0.54,-1.17,1.29
21.870,-0.03,1.24,0.41,1.31
21.880,0.22,-0.03,0.90,0.93
21.889,0.04,-0.35,-0.36,0.51
21.900,0.04,0.83,-0.65,1.05
21.909,-0.25,0.54,-0.03,0.60
21.920,0.24,0.25,0.83,0.90
21.929,-0.29,-0.33,0.08,0.45
21.939,0.11,0.83,-0.67,1.07
21.949,-0.14,0.11,-0.53,0.56
21.959,0.20,0.35,0.71,0.82
21.970,0.28,0.19,0.83,0.89
21.979,-0.13,0.00,-1.20,1.20
21.989,0.59,1.29,0.24,1.44
21.999,-0.19,-0.21,1.11,1.14
22.009,0.25,-0.18,-1.05,1.10
22.019,-0.26,0.84,0.28,0.92
22.029,-0.41,-0.05,-0.51,0.66
22.039,0.24,0.41,-0.47,0.67
22.049,-0.03,0.84,2.12,2.28
22.059,-0.20,-0.20,0.07,0.29
22.069,0.08,-0.13,-2.42,2.43
22.079,-0.23,1.37,0.60,1.51
22.089,-0.16,-0.31,1.28,1.33
22.099,0.33,-0.46,-0.64,0.85
22.109,-0.49,1.23,0.21,1.34
22.119,-0.48,0.43,0.20,0.67
22.129,0.16,-0.52,-0.60,0.81
22.139,-0.45,0.73,0.14,0.87
22.149,-0.34,0.53,0.33,0.71
22.159,0.16,-0.48,-0.91,1.04
22.169,-0.06,0.56,-0.42,0.70
22.179,-0.03,0.95,1.61,1.88
22.189,0.37,-0.65,0.26,0.79
22.199,0.02,0.21,-1.82,1.84
22.209,0.03,1.19,0.37,1.25
22.219,0.27,-0.29,0.66,0.77
22.229,0.22,0.18,0.42,0.51
22.239,-0.00,0.41,0.29,0.50
22.249,0.05,0.10,-2.13,2.13
22.259,0.13,0.51,-0.01,0.53
22.269,-0.04,0.18,1.65,1.66
22.279,0.39,0.05,-0.31,0.50
22.289,-0.18,0.64,0.04,0.66
22.299,-0.12,0.77,0.69,1.04
22.309,0.26,-0.51,-0.02,0.57
22.319,-0.03,0.35,-0.69,0.77
22.329,-0.22,0.53,-0.71,0.91
22.339,0.13,0.59,0.52,0.80
22.349,-0.05,-0.02,1.03,1.03
22.359,-0.23,-0.37,-1.68,1.74
22.369,-0.00,1.62,-0.54,1.71
22.379,-0.37,0.17,2.72,2.75
22.389,0.00,-0.56,0.68,0.88
22.399,-0.26,0.10,-1.77,1.79
22.409,-0.31,0.67,-1.55,1.72
22.419,0.18,0.65,0.86,1.09
22.429,0.50,-0.31,2.25,2.33
22.439,-0.14,0.26,-0.77,0.82
22.449,-0.22,0.55,-1.67,1.77
22.459,-0.26,0.88,0.27,0.96
22.469,-0.03,-0.27,1.64,1.66
22.479,0.22,-0.30,-0.96,1.03
22.489,-0.08,0.65,-1.21,1.38
22.499,-0.27,1.00,1.18,1.57
22.509,0.41,-0.35,0.58,0.79
22.519,0.77,0.08,0.25,0.81
22.529,-0.10,0.39,-0.35,0.53
22.539,0.21,0.16,-1.86,1.88
22.549,0.30,0.21,0.38,0.52
22.559,0.02,0.10,1.74,1.75
22.568,0.08,0.36,-0.01,0.37
22.579,-0.17,0.43,-1.34,1.41
22.589,-0.30,0.57,-0.07,0.65
22.599,-0.04,-0.23,1.02,1.05
22.609,0.19,0.08,-0.05,0.22
22.619,-0.01,0.52,-1.03,1.16
22.629,0.18,0.78,0.27,0.84
22.639,0.01,-0.00,1.03,1.03
22.649,-0.07,0.01,-0.20,0.22
22.658,-0.26,0.44,-1.45,1.54
22.668,0.09,0.80,0.52,0.96
22.678,-0.18,-0.07,1.68,1.69
22.688,0.30,0.08,0.04,0.31
22.699,-0.23,0.69,-1.17,1.38
22.708,-0.29,0.35,-0.24,0.52
22.718,0.01,-0.04,0.37,0.37
22.728,0.06,0.44,1.19,1.27
22.738,-0.16,0.18,-0.69,0.73
22.748,-0.12,0.30,-1.58,1.62
22.758,-0.05,0.56,0.84,1.02
22.768,-0.19,0.08,1.29,1.31
22.778,0.10,0.24,-0.08,0.27
22.788,-0.24,0.52,-0.83,1.01
22.798,0.07,0.39,-0.14,0.42
22.808,0.17,-0.47,-0.33,0.60
22.818,0.20,0.72,0.04,0.75
22.828,-0.35,0.49,0.38,0.71
22.838,0.24,-0.01,0.43,0.49
22.848,-0.13,0.14,-0.65,0.68
22.858,-0.08,0.73,-0.00,0.73
22.868,-0.04,0.13,0.07,0.16
22.878,0.06,-0.16,-0.34,0.38
22.888,-0.01,0.71,0.48,0.86
22.898,0.05,0.19,0.46,0.50
22.908,0.16,0.33,0.19,0.42
22.918,-0.26,0.30,0.34,0.52
22.928,-0.02,0.20,-0.34,0.39
22.938,-0.14,0.03,-1.27,1.28
22.948,0.16,0.36,-0.01,0.40
22.958,0.15,0.21,0.09,0.27
22.968,0.04,0.31,0.72,0.78
22.978,-0.18,0.60,0.96,1.15
22.988,-0.32,-0.19,0.29,0.47
22.998,-0.30,0.33,-0.55,0.71
23.008,-0.38,-0.20,-1.20,1.28
23.018,-0.36,0.48,-0.44,0.75
23.028,0.31,0.78,1.38,1.61
23.038,-0.19,-0.39,0.28,0.52
23.048,0.07,0.61,-1.13,1.29
23.058,0.31,0.81,-0.27,0.91
23.068,0.14,0.19,0.85,0.89
23.078,0.73,-0.25,0.40,0.86
23.088,-0.06,0.87,-0.26,0.91
23.098,-0.09,0.39,-0.05,0.40
23.108,0.26,0.36,0.04,0.44
23.118,0.10,-0.43,0.31,0.54
23.128,-0.22,0.28,-0.47,0.59
23.138,-0.15,0.44,-0.25,0.53
23.148,-0.20,0.38,0.70,0.83
23.158,-0.06,0.21,0.90,0.93
23.168,-0.08,0.12,-0.67,0.68
23.178,0.01,0.76,-0.97,1.23
23.188,-0.11,-0.13,0.43,0.46
23.198,0.03,0.18,0.14,0.23
23.208,-0.11,0.89,0.54,1.05
23.218,-0.29,0.18,0.26,0.43
23.228,0.19,0.20,-0.29,0.40
23.238,-0.05,0.38,-0.41,0.56
23.248,-0.04,0.18,0.03,0.19
23.258,0.14,-0.07,-0.15,0.21
23.268,0.08,0.67,0.50,0.84
23.278,-0.10,0.51,0.48,0.71
23.288,0.16,0.03,-0.47,0.50
23.298,-0.43,0.52,0.22,0.71
23.308,-0.50,0.21,0.13,0.56
23.318,-0.14,0.15,-0.10,0.23
23.328,-0.48,0.49,0.37,0.78
23.338,-0.23,0.61,0.81,1.04
23.348,-0.02,-0.30,-0.40,0.50
23.358,-0.04,-0.30,-2.52,2.54
23.367,-0.04,0.25,-2.13,2.14
23.377,0.31,1.17,1.97,2.31
23.388,0.27,-0.35,3.20,3.23
23.398,0.21,-0.12,-0.98,1.01
23.407,-0.03,0.64,-2.06,2.16
23.418,-0.27,0.15,-0.52,0.60
23.427,0.54,-0.39,0.42,0.79
23.437,-0.09,0.34,1.86,1.89
23.447,-0.05,0.59,0.10,0.60
23.457,-0.05,-0.12,-1.97,1.98
23.467,0.07,0.34,-0.49,0.60
23.477,0.02,0.62,0.86,1.06
23.487,-0.05,1.35,2.80,3.11
23.497,-0.48,-0.70,0.20,0.87
23.507,-0.22,0.06,-3.70,3.71
23.517,-0.11,1.03,-1.08,1.49
23.527,-0.07,0.48,3.37,3.40
23.537,0.71,-0.77,0.99,1.44
23.547,-0.25,0.73,-1.27,1.49
23.557,-0.18,0.90,-0.65,1.12
23.567,0.15,-0.19,-0.28,0.37
23.577,0.38,-0.26,0.74,0.87
23.587,-0.19,0.81,0.52,0.98
23.597,0.13,0.23,-1.10,1.13
23.607,-0.30,0.60,0.39,0.78
23.617,-0.27,-0.02,1.48,1.50
23.627,0.17,-0.34,-1.26,1.31
23.637,0.22,1.43,-0.68,1.60
23.647,-0.03,0.29,1.31,1.34
23.657,0.40,-0.89,-0.51,1.10
23.667,-0.22,0.94,-0.62,1.15
23.677,-0.26,0.91,0.38,1.02
23.687,-0.10,-0.71,-0.12,0.73
23.697,-0.14,0.88,0.89,1.26
23.707,-0.25,0.24,-0.22,0.41
23.717,0.29,-0.35,-1.36,1.44
23.727,-0.01,1.28,0.83,1.53
23.737,-0.48,-0.62,0.71,1.06
23.747,0.13,0.09,-1.10,1.11
23.757,0.08,1.23,0.00,1.23
23.767,-0.18,-0.41,0.76,0.88
23.777,0.48,0.78,1.53,1.78
23.787,-1.11,1.11,0.64,1.69
23.797,-0.82,0.46,0.58,1.11
23.807,-1.16,-0.07,0.90,1.47
23.817,-0.66,-0.35,-0.46,0.88
23.827,-0.67,-0.46,-3.22,3.32
23.837,0.34,-1.24,-5.13,5.29
23.847,0.52,-1.51,-6.10,6.30
23.857,0.98,4.23,2.21,4.88
23.867,1.11,1.46,17.05,17.14
23.877,0.76,-4.11,-6.40,7.64
23.887,0.73,1.65,-7.31,7.53
23.897,-0.42,4.97,5.79,7.64
23.907,-0.19,-1.28,2.20,2.55
23.917,1.24,-4.47,-4.10,6.19
23.927,0.29,2.37,0.45,2.43
23.937,-0.34,2.35,2.62,3.54
23.947,-0.27,-0.57,-1.79,1.90
23.957,0.15,-0.78,-0.34,0.87
23.967,-0.78,1.65,1.93,2.66
23.977,-1.06,-0.36,-1.55,1.91
23.986,-0.14,0.36,-1.56,1.61
23.997,-0.61,1.16,1.60,2.06
24.007,0.15,-0.67,0.72,1.00
24.017,0.15,0.36,-1.20,1.26
24.026,-0.02,1.15,0.06,1.16
24.037,0.27,-0.27,0.64,0.74
24.046,0.22,-0.33,0.43,0.59
24.056,-0.32,0.76,-0.32,0.89
24.066,-0.49,0.35,-0.64,0.88
24.076,-0.10,-0.05,0.47,0.49
24.086,-0.41,0.19,0.34,0.56
24.096,-0.26,0.47,-0.80,0.96
24.106,0.14,0.34,-0.16,0.40
24.116,-0.01,0.16,0.59,0.61
24.126,-0.08,0.31,-0.44,0.54
24.136,0.13,1.17,1.01,1.55
24.146,-0.10,-0.40,0.88,0.98
24.156,-0.04,-0.29,-1.43,1.46
24.166,-0.15,1.11,-0.70,1.32
24.176,0.11,0.10,1.08,1.09
24.186,0.16,-0.68,0.30,0.76
24.196,-0.35,0.85,-0.68,1.15
24.206,0.11,0.55,-0.13,0.58
24.216,0.02,-0.10,0.54,0.55
24.226,-0.18,0.46,1.07,1.18
24.236,-0.48,0.09,-1.02,1.13
24.246,-0.26,0.73,-0.24,0.81
24.256,-0.31,-0.20,0.50,0.62
24.266,-0.29,-0.13,-0.39,0.50
24.276,0.23,0.97,-0.16,1.01
24.286,0.04,-0.16,-0.49,0.52
24.296,0.41,0.59,0.54,0.90
24.306,0.13,0.82,1.64,1.84
24.316,-0.31,-0.48,-0.32,0.65
24.326,-0.26,0.51,-1.31,1.43
24.336,-0.68,0.41,-0.46,0.92
24.346,0.05,-0.18,0.70,0.72
24.356,0.10,0.07,0.05,0.13
24.366,-0.21,0.73,-0.61,0.97
24.376,0.26,0.33,0.50,0.65
24.386,0.38,-0.49,0.50,0.80
24.396,-0.33,0.26,-1.22,1.29
24.406,0.15,1.54,1.06,1.88
24.416,-0.13,-0.86,0.56,1.04
24.426,-0.47,-0.33,-1.91,1.99
24.436,-0.16,2.25,0.58,2.32
24.446,-0.32,-0.38,1.81,1.88
24.456,-0.15,-1.14,-1.04,1.55
24.466,-0.05,1.76,-1.36,2.22
24.476,-0.07,0.84,1.37,1.61
24.486,0.52,-1.38,-0.16,1.48
24.496,-0.15,0.70,-0.46,0.85
24.506,-0.12,1.56,1.05,1.88
24.516,-0.34,-0.84,0.38,0.98
24.526,0.08,-0.23,-1.10,1.12
24.536,-0.44,1.56,0.17,1.63
24.546,-0.17,-0.47,-0.06,0.50
24.556,0.49,0.00,0.55,0.74
24.566,-0.21,0.63,0.13,0.68
24.576,0.10,0.23,-0.65,0.70
24.586,0.30,0.34,0.19,0.49
24.596,-0.31,0.42,0.65,0.83
24.606,-0.02,0.18,0.04,0.19
24.616,-0.06,0.34,0.16,0.38
24.626,-0.77,0.10,-0.81,1.12
24.636,-0.25,0.53,0.08,0.59
24.646,-0.19,-0.16,0.01,0.25
24.656,-0.01,0.41,-0.28,0.50
24.666,0.04,0.70,0.82,1.08
24.676,0.20,-0.34,-0.43,0.58
24.686,0.24,0.49,-0.28,0.61
24.696,-0.22,0.71,0.97,1.22
24.706,0.25,-0.57,-0.18,0.65
24.715,-0.09,0.60,-0.61,0.86
24.725,-0.09,0.64,-0.13,0.66
24.736,0.16,-0.30,0.11,0.36
24.746,-0.21,0.43,0.02,0.48
24.756,-0.37,0.40,-0.23,0.59
24.766,-0.04,-0.00,0.09,0.10
24.775,-0.09,0.33,0.54,0.64
24.785,-0.37,0.28,-0.12,0.48
24.795,-0.07,0.48,0.22,0.53
24.806,-0.21,0.23,0.46,0.55
24.815,-0.37,0.42,0.34,0.65
24.825,-0.14,0.24,-0.74,0.79
24.835,-0.25,0.37,-1.04,1.13
24.845,-0.08,0.68,0.86,1.10
24.855,0.05,0.02,0.71,0.71
24.865,-0.09,0.23,-0.66,0.71
24.875,0.03,0.61,-0.65,0.89
24.885,0.05,0.06,1.14,1.15
24.895,0.05,-0.41,0.37,0.55
24.905,-0.13,0.44,-1.42,1.49
24.915,-0.11,1.01,0.17,1.03
24.925,-0.02,-0.00,1.77,1.77
24.935,-0.09,-0.51,-0.21,0.56
24.945,-0.14,0.96,-1.80,2.04
24.955,0.02,0.72,0.01,0.72
24.965,0.38,-0.54,1.14,1.31
24.975,-0.18,0.28,-0.02,0.34
24.985,0.00,1.22,-0.34,1.27
24.995,-0.04,-0.12,0.14,0.19
25.005,-0.10,-0.27,0.19,0.34
25.015,-0.19,0.67,-0.84,1.10
25.025,-0.27,0.94,0.21,1.00
25.035,-0.31,-0.02,1.71,1.74
25.045,-0.59,-0.45,-1.31,1.51
25.055,-0.31,1.15,-1.21,1.69
25.065,-0.29,0.50,1.78,1.87
25.075,-0.14,-1.14,0.20,1.17
25.085,-0.08,1.19,-1.53,1.94
25.095,-0.10,0.97,0.23,1.00
25.105,0.33,-0.58,1.12,1.30
25.115,0.17,-0.19,-0.27,0.37
25.125,-0.24,1.21,-0.71,1.42
25.135,-0.10,0.20,0.14,0.26
25.145,0.10,-0.22,0.67,0.72
25.155,-0.48,0.50,-0.17,0.71
25.165,-0.11,0.59,-0.49,0.78
25.175,-0.03,-0.00,0.22,0.23
25.185,-0.15,0.43,0.94,1.05
25.195,-0.13,0.14,-0.56,0.59
25.205,-0.07,0.27,-1.31,1.34
25.215,-0.10,0.67,0.69,0.97
25.225,0.16,0.16,1.04,1.07
25.235,-0.03,0.21,-0.38,0.44
25.245,-0.14,0.82,-0.82,1.17
25.255,-0.03,0.03,0.91,0.91
25.265,-0.19,-0.26,0.74,0.81
25.275,-0.40,0.50,-0.92,1.12
25.285,-0.24,0.72,-0.77,1.08
25.295,-0.00,-0.20,0.43,0.47
25.305,-0.06,0.26,0.68,0.73
25.315,-0.25,0.46,-0.54,0.76
25.325,0.08,0.53,0.07,0.54
25.335,-0.18,0.01,0.56,0.59
25.345,-0.11,0.02,-0.67,0.68
25.355,0.05,0.57,-0.82,1.00
25.365,-0.11,0.40,0.79,0.90
25.375,0.01,-0.15,0.76,0.77
25.385,-0.23,0.61,-0.54,0.85
25.395,-0.15,0.49,-0.30,0.59
25.405,-0.01,0.02,0.51,0.51
25.415,-0.15,0.32,0.41,0.54
25.425,-0.29,0.62,-0.64,0.94
25.435,-0.26,0.48,0.07,0.55
25.445,-0.18,0.00,0.43,0.46
25.455,-0.34,0.41,-0.21,0.57
25.464,-0.19,0.23,-0.66,0.73
25.475,-0.04,0.33,-0.11,0.35
25.484,-0.29,0.59,1.49,1.62
25.495,-0.07,-0.27,-0.22,0.36
25.505,-0.18,0.38,-1.55,1.61
25.515,0.04,0.88,0.67,1.11
25.524,0.16,-0.28,0.92,0.98
25.534,0.10,0.52,-0.08,0.54
25.544,-0.10,0.76,-0.71,1.05
25.554,0.06,0.22,0.10,0.25
25.564,0.07,-0.20,0.60,0.63
25.574,-0.35,0.46,-0.38,0.70
25.584,-0.16,0.21,-0.56,0.62
25.594,-0.20,0.17,0.36,0.45
25.604,-0.12,0.56,1.02,1.17
25.614,-0.17,0.03,-0.73,0.75
25.624,-0.02,0.63,-0.54,0.83
25.634,0.03,0.14,0.04,0.15
25.644,-0.08,0.07,-0.05,0.12
25.654,0.03,0.82,0.42,0.93
25.664,-0.21,0.09,0.33,0.40
25.674,-0.27,0.09,-0.22,0.36
25.684,-0.20,0.71,-0.11,0.75
25.694,-0.18,0.32,0.28,0.46
25.704,-0.08,0.14,-0.03,0.17
25.714,0.03,0.43,-0.79,0.90
25.724,-0.03,0.78,0.89,1.18
25.734,0.08,-0.24,0.86,0.90
25.744,-0.08,0.24,-0.58,0.64
25.754,-0.28,0.89,-0.65,1.14
25.764,-0.17,0.07,0.34,0.38
25.774,-0.09,-0.15,0.07,0.19
25.784,-0.21,0.92,-0.38,1.01
25.794,-0.17,0.39,-0.02,0.42
25.804,-0.03,-0.02,0.82,0.82
25.814,-0.29,0.47,0.27,0.61
25.824,-0.42,0.30,-0.78,0.93
25.834,-0.19,0.27,-0.44,0.55
25.844,-0.19,0.44,0.75,0.89
25.854,-0.09,0.10,0.07,0.15
25.864,-0.01,0.51,-0.85,0.99
25.874,-0.20,1.23,1.14,1.69
25.884,-0.06,-0.56,0.36,0.67
25.894,-0.11,0.21,-0.97,1.00
25.904,-0.21,0.60,-0.51,0.82
25.914,-0.11,-0.48,0.17,0.52
25.924,0.34,0.41,0.61,0.81
25.934,-0.07,0.54,0.22,0.59
25.944,0.08,0.64,-0.02,0.65
25.954,0.11,0.18,0.27,0.35
25.964,-0.21,0.18,-0.38,0.47
25.974,-0.12,0.59,-0.41,0.73
25.984,-0.23,0.37,0.20,0.48
25.994,-0.18,0.42,0.73,0.86
26.004,-0.27,0.32,-0.07,0.42
26.014,-0.26,0.12,-1.00,1.04
26.024,-0.15,0.58,-0.40,0.72
26.034,-0.10,0.40,1.09,1.16
26.044,0.06,-0.10,0.56,0.57
26.054,-0.14,0.15,-1.33,1.34
26.064,-0.12,0.73,-0.77,1.06
26.074,-0.00,0.63,2.21,2.30
26.084,-0.09,-0.58,0.52,0.79
26.094,-0.36,0.63,-2.04,2.16
26.104,-0.16,1.21,0.26,1.25
26.114,0.04,-0.86,0.54,1.01
26.124,0.03,0.36,-0.47,0.59
26.134,-0.35,1.44,0.28,1.51
26.144,-0.09,0.06,0.78,0.79
26.154,-0.04,-0.59,-0.27,0.65
26.164,-0.42,1.12,-0.74,1.41
26.174,-0.12,0.59,0.45,0.75
26.183,-0.06,-0.44,0.65,0.79
26.194,-0.29,0.68,-0.26,0.78
26.203,-0.46,0.85,-0.69,1.19
26.214,0.14,-0.21,0.08,0.26
26.224,-0.06,-0.25,-0.52,0.58
26.233,-0.10,1.42,0.77,1.61
26.243,-0.04,-0.12,0.87,0.88
26.254,-0.10,-0.39,-0.98,1.06
26.263,-0.27,1.39,-0.53,1.51
26.273,-0.18,0.28,0.78,0.85
26.283,0.12,-0.17,1.17,1.19
26.293,-0.30,0.50,-0.67,0.89
26.303,-0.08,0.55,-1.67,1.76
26.313,0.05,0.48,1.01,1.12
26.323,0.18,-0.28,1.13,1.18
26.333,-0.32,0.56,-0.81,1.03
26.343,-0.18,1.08,-0.25,1.12
26.353,-0.20,-0.37,0.59,0.73
26.363,-0.20,-0.24,-0.43,0.53
26.373,-0.18,1.34,-0.25,1.38
26.383,-0.23,0.30,0.60,0.71
26.393,-0.03,-0.34,0.06,0.34
26.403,-0.20,0.76,-0.41,0.89
26.413,-0.28,0.84,0.29,0.93
26.423,-0.15,-0.55,0.13,0.58
26.433,-0.01,0.37,-0.72,0.81
26.443,-0.26,1.33,0.52,1.45
26.453,-0.03,-0.17,1.06,1.07
26.463,-0.08,-0.16,-0.82,0.84
26.473,-0.25,1.04,-0.99,1.46
26.483,-0.04,0.56,1.11,1.24
26.493,-0.04,-0.60,1.05,1.21
26.503,-0.32,0.44,-1.43,1.53
26.513,-0.29,1.06,-0.96,1.46
26.523,-0.09,0.38,1.88,1.92
26.533,-0.03,-0.70,0.20,0.73
26.543,-0.23,1.04,-1.60,1.92
26.553,-0.22,1.08,0.63,1.27
26.563,0.18,-0.77,0.61,0.99
26.573,0.00,0.47,-0.01,0.47
26.583,-0.48,1.15,-0.23,1.27
26.593,-0.01,-0.01,-0.12,0.12
26.603,-0.08,-0.19,0.43,0.48
26.613,-0.21,0.87,-0.11,0.90
26.623,-0.23,0.63,0.05,0.67
26.633,-0.00,-0.32,-0.36,0.48
26.643,-0.13,0.68,0.07,0.69
26.653,-0.16,0.56,0.35,0.68
26.663,-0.01,-0.14,-0.41,0.43
26.673,-0.04,0.36,-0.41,0.54
26.683,-0.08,0.95,0.81,1.25
26.693,0.07,-0.16,0.87,0.89
26.703,-0.01,-0.14,-1.18,1.19
26.713,-0.10,1.19,-0.68,1.37
26.723,-0.07,0.58,1.68,1.78
26.733,-0.17,-0.72,0.26,0.78
26.743,-0.33,1.01,-0.83,1.35
26.753,-0.41,0.66,-0.86,1.15
26.763,-0.11,-0.18,-0.10,0.23
26.773,0.02,0.73,1.52,1.68
26.783,-0.31,0.40,0.11,0.52
26.793,-0.03,0.06,-1.38,1.39
26.803,-0.08,0.86,0.06,0.87
26.813,-0.15,0.20,1.35,1.37
26.823,0.08,-0.16,-0.37,0.41
26.833,-0.23,0.83,-1.05,1.36
26.843,-0.16,0.60,0.48,0.78
26.853,-0.02,-0.22,0.94,0.96
26.863,-0.04,0.17,-0.72,0.74
26.873,-0.34,0.80,-1.16,1.45
26.883,0.05,0.64,1.54,1.67
26.893,-0.04,-0.62,0.54,0.82
26.903,-0.14,0.53,-1.95,2.02
26.912,-0.03,1.44,0.02,1.44
26.922,-0.06,-0.50,1.20,1.30
26.933,0.05,0.06,-0.47,0.48
26.942,-0.11,1.18,-0.26,1.21
26.953,-0.24,0.23,0.57,0.66
26.962,-0.02,-0.23,0.01,0.23
26.973,-0.20,0.88,-0.46,1.01
26.982,-0.10,0.71,0.35,0.80
26.992,-0.04,-0.36,0.63,0.73
27.002,-0.11,0.05,-1.19,1.20
27.012,-0.27,1.58,0.19,1.61
27.022,-0.16,-0.05,1.65,1.66
27.032,-0.17,-0.44,-0.69,0.84
27.042,-0.38,1.61,-0.07,1.65
27.052,-0.20,-0.17,-0.24,0.36
27.062,-0.21,-0.09,-0.75,0.78
27.072,-0.13,1.30,1.37,1.90
27.082,-0.17,0.09,0.61,0.64
27.093,-0.15,-0.21,-1.28,1.31
27.102,-0.09,1.22,-0.62,1.37
27.112,-0.42,0.48,1.42,1.56
27.122,0.19,-0.69,-0.02,0.71
27.132,-0.16,0.94,-1.23,1.55
27.142,-0.08,0.98,0.32,1.04
27.152,0.27,-0.68,0.19,0.75
27.162,-0.04,0.43,-0.16,0.46
27.172,-0.26,1.00,-0.28,1.07
27.182,-0.06,0.10,0.54,0.56
27.192,-0.14,0.26,0.93,0.98
27.202,-0.34,0.27,-1.19,1.26
27.212,-0.17,0.99,0.13,1.01
27.222,-0.21,-0.30,0.70,0.78
27.232,-0.11,0.22,-0.78,0.81
27.242,-0.04,1.10,-0.18,1.11
27.252,-0.16,0.57,1.52,1.63
27.262,0.02,-0.70,-0.15,0.72
27.272,-0.03,1.04,-1.78,2.06
27.282,-0.02,1.28,1.21,1.76
27.292,0.09,-0.62,0.73,0.97
27.302,0.02,0.37,-0.65,0.75
27.312,-0.30,1.25,0.09,1.29
27.322,-0.26,-0.36,-0.51,0.67
27.332,-0.06,0.44,0.20,0.49
27.342,-0.52,0.69,0.80,1.18
27.352,-0.26,-0.03,-0.95,0.98
27.362,-0.15,0.69,-0.39,0.81
27.372,-0.34,0.55,0.71,0.96
27.382,0.10,0.09,-0.01,0.14
27.392,0.04,0.62,-0.29,0.68
27.402,-0.36,0.42,0.02,0.55
27.412,0.18,0.07,0.32,0.37
27.422,-0.05,0.35,0.29,0.45
27.432,-0.30,0.48,-0.33,0.66
27.442,0.09,0.48,0.18,0.52
27.452,-0.30,0.20,-0.07,0.36
27.462,-0.23,0.41,-0.51,0.69
27.472,-0.10,0.78,0.00,0.78
27.482,-0.13,0.18,0.66,0.70
27.492,-0.20,0.12,0.14,0.27
27.502,-0.18,0.36,-1.28,1.35
27.512,-0.16,1.14,0.10,1.16
27.522,-0.06,0.25,2.54,2.55
27.532,-0.16,-0.46,-0.60,0.77
27.542,-0.19,1.17,-1.43,1.85
27.552,-0.23,0.61,0.16,0.67
27.562,0.26,-0.46,0.59,0.79
27.572,0.03,0.80,0.35,0.87
27.582,-0.22,0.63,-0.66,0.94
27.592,0.14,-0.22,-0.78,0.82
27.602,-0.14,1.00,1.43,1.75
27.612,-0.20,0.35,1.15,1.22
27.622,-0.12,-0.26,-1.56,1.58
27.632,-0.19,1.00,-1.11,1.51
27.641,-0.11,0.60,1.47,1.59
27.652,0.05,-0.49,1.04,1.16
27.661,0.03,0.51,-1.31,1.41
27.672,-0.40,0.91,-1.22,1.57
27.681,0.12,0.40,1.06,1.14
27.691,0.25,-0.39,0.83,0.95
27.701,-0.14,0.77,-0.92,1.21
27.711,-0.05,1.14,0.07,1.14
27.721,0.12,-0.07,1.10,1.11
27.732,-0.14,-0.18,-0.42,0.48
27.741,-0.17,1.04,-0.83,1.35
27.751,-0.10,0.55,0.63,0.84
27.761,0.01,-0.41,-0.06,0.42
27.771,0.04,1.01,-0.43,1.10
27.781,-0.32,0.97,0.70,1.24
27.791,-0.04,-0.30,0.23,0.38
27.801,-0.19,0.32,-0.54,0.66
27.811,-0.31,0.91,-0.30,1.01
27.821,0.08,-0.24,-0.44,0.50
27.831,-0.14,0.75,0.23,0.79
27.841,-0.10,1.33,2.59,2.91
27.851,-0.40,-0.79,-1.02,1.35
27.861,0.06,0.77,-2.17,2.30
27.871,-0.41,1.09,1.21,1.68
27.881,-0.01,-0.55,0.94,1.09
27.891,0.00,0.19,-1.07,1.08
27.901,-0.38,1.56,0.20,1.62
27.911,-0.06,-0.05,0.55,0.55
27.921,0.18,-0.45,-0.43,0.65
27.931,-0.17,1.26,-0.47,1.35
27.941,-0.08,0.44,0.51,0.68
27.951,0.16,-0.31,0.06,0.35
27.961,-0.16,0.74,0.07,0.76
27.971,-0.17,0.94,0.30,1.00
27.981,-0.02,-0.40,-0.76,0.86
27.991,-0.11,0.84,-0.08,0.85
28.001,-0.27,1.04,1.45,1.81
28.011,-0.28,-0.24,0.04,0.37
28.021,-0.15,0.49,-1.39,1.49
28.031,-0.26,0.62,-0.59,0.89
28.041,0.14,0.40,0.47,0.63
28.051,0.03,0.68,2.05,2.16
28.061,-0.29,-0.07,-0.69,0.75
28.071,-0.06,0.39,-2.30,2.33
28.081,-0.08,0.85,0.68,1.09
28.091,-0.05,-0.19,1.16,1.18
28.101,0.14,0.70,0.23,0.75
28.111,-0.35,0.84,-0.18,0.93
28.121,-0.21,0.12,-0.29,0.38
28.131,-0.09,0.21,-0.05,0.23
28.141,-0.32,0.31,-0.34,0.56
28.151,-0.06,0.42,-0.31,0.53
28.161,-0.07,0.35,0.87,0.95
28.171,-0.07,0.34,0.48,0.59
28.181,-0.09,0.35,-1.02,1.08
28.191,-0.02,0.56,-0.44,0.71
28.201,0.06,0.35,0.90,0.96
28.211,0.06,0.20,0.24,0.32
28.221,0.23,0.08,-0.67,0.71
28.231,-0.04,0.95,0.11,0.96
28.241,-0.13,0.27,1.23,1.27
28.251,0.09,-0.10,-0.11,0.17
28.260,-0.33,0.51,-1.00,1.17
28.271,-0.15,0.76,-0.08,0.77
28.281,0.09,0.15,0.41,0.45
28.291,-0.04,0.60,0.09,0.61
28.301,-0.10,0.89,-0.36,0.97
28.310,0.21,0.53,0.55,0.79
28.321,0.00,-0.20,-0.00,0.20
28.331,0.13,0.36,-1.32,1.38
28.341,0.17,1.04,0.24,1.08
28.351,0.08,-0.02,1.59,1.60
28.360,0.10,-0.05,-0.76,0.77
28.371,-0.11,1.42,-0.71,1.58
28.380,-0.18,0.50,1.35,1.45
28.390,-0.04,-0.75,0.06,0.75
28.400,-0.43,1.17,-0.83,1.50
28.410,-0.80,0.69,0.06,1.06
28.420,-0.20,-0.43,0.41,0.63
28.430,-0.28,0.81,0.32,0.92
28.440,-0.45,0.38,-0.80,1.00
28.450,0.36,0.49,-0.40,0.73
28.460,0.00,0.63,1.05,1.23
28.470,-0.30,0.81,1.23,1.50
28.480,-0.28,-0.01,-0.31,0.42
28.490,-0.48,0.30,-1.41,1.52
28.500,-0.35,0.78,0.29,0.90
28.510,-0.04,-0.12,0.71,0.72
28.520,-0.29,0.75,0.66,1.04
28.530,-0.44,0.75,0.22,0.90
28.540,-0.20,-0.12,-1.39,1.41
28.550,0.04,0.67,-0.27,0.72
28.560,0.17,0.78,0.93,1.23
28.570,0.31,0.28,1.23,1.30
28.580,0.01,-0.11,-1.03,1.03
28.590,-0.02,0.60,-1.51,1.62
28.600,-0.15,0.51,0.60,0.81
28.610,0.29,0.18,1.28,1.32
28.620,-0.07,-0.29,-0.77,0.82
28.630,0.14,0.86,-1.28,1.55
28.640,-0.03,0.94,1.36,1.65
28.650,0.20,-0.03,1.44,1.45
28.660,0.32,-0.64,-2.39,2.49
28.670,0.02,1.62,-0.50,1.69
28.680,-0.11,0.85,2.31,2.46
28.690,0.22,-0.46,-0.63,0.81
28.700,0.12,0.50,-0.70,0.87
28.710,-0.50,1.08,0.39,1.25
28.720,0.03,0.24,0.55,0.60
28.730,-0.01,-0.15,-0.20,0.25
28.740,-0.35,0.56,-0.61,0.90
28.750,0.03,0.74,0.02,0.74
28.760,-0.01,-0.34,-0.61,0.70
28.770,-0.15,1.23,1.04,1.61
28.780,0.02,0.43,1.09,1.18
28.790,-0.19,-0.43,-1.62,1.69
28.800,-0.09,0.91,-1.14,1.46
28.810,0.08,0.91,0.89,1.28
28.820,0.20,0.15,2.31,2.32
28.830,-0.27,0.08,-0.04,0.28
28.840,-0.50,0.40,-2.61,2.68
28.850,-0.15,0.80,-0.68,1.06
28.860,0.06,0.62,2.84,2.90
28.870,-0.02,-0.33,0.91,0.96
28.880,-0.17,0.72,-1.92,2.06
28.890,-0.13,1.23,-0.48,1.33
28.900,0.13,-0.40,0.84,0.94
28.910,0.34,-0.25,-0.44,0.61
28.920,-0.18,1.41,0.35,1.47
28.930,-0.23,0.63,0.20,0.70
28.940,0.39,-0.14,-0.61,0.74
28.950,0.00,0.50,0.07,0.51
28.960,0.11,1.07,1.29,1.67
28.970,-0.08,-0.18,-0.09,0.22
28.979,-0.40,-0.08,-1.57,1.62
28.990,-0.15,1.55,0.47,1.63
29.000,-0.18,-0.05,1.43,1.44
29.010,-0.11,-0.26,-0.84,0.89
29.020,-0.29,1.70,-0.53,1.80
29.030,-0.15,0.44,1.31,1.39
29.040,0.06,-0.93,-0.79,1.23
29.049,0.09,1.27,-1.06,1.66
29.060,-0.34,1.25,1.72,2.15
29.070,0.08,-0.98,-0.52,1.12
29.079,0.20,0.35,-1.72,1.77
29.090,-0.27,1.92,1.90,2.71
29.099,-0.11,-0.58,0.91,1.08
29.109,0.15,-0.42,-2.02,2.07
29.119,-0.49,2.12,0.88,2.35
29.129,-0.27,-0.40,0.30,0.56
29.139,0.33,0.03,-0.82,0.88
29.149,-0.26,0.98,0.90,1.35
29.159,0.58,0.35,-0.20,0.71
29.169,0.39,-0.12,-0.38,0.56
29.179,-0.54,0.49,-0.33,0.80
29.189,-0.21,0.96,-0.12,0.99
29.199,-0.23,0.77,1.65,1.83
29.209,-0.42,-0.42,-0.14,0.61
29.219,-0.12,0.79,-1.35,1.57
29.229,-0.13,0.97,0.49,1.10
29.239,0.01,-0.37,0.74,0.83
29.249,0.20,0.60,-0.42,0.76
29.259,-0.37,1.08,0.39,1.21
29.269,-0.13,-0.08,-0.14,0.21
29.279,0.29,-0.07,-0.53,0.61
29.289,-0.17,0.55,0.33,0.66
29.299,0.15,0.50,-0.18,0.55
29.309,0.40,0.49,0.26,0.68
29.319,0.09,0.38,0.72,0.82
29.329,0.07,0.37,-0.31,0.49
29.339,0.01,0.49,-0.06,0.49
29.349,-0.34,0.23,-0.03,0.41
29.359,0.31,0.54,-0.16,0.64
29.369,0.11,0.61,0.40,0.74
29.379,-0.01,0.45,0.16,0.48
29.389,0.09,0.35,-0.47,0.59
29.399,-0.03,0.54,0.03,0.54
29.409,-0.11,0.22,-0.02,0.24
29.419,-0.15,0.46,0.26,0.55
29.429,-0.12,0.45,0.23,0.51
29.439,-0.30,0.41,-0.13,0.52
29.449,-0.12,0.42,-0.16,0.47
29.459,-0.03,0.52,-0.15,0.55
29.469,-0.19,0.30,0.32,0.48
29.479,0.08,0.42,-0.40,0.59
29.489,-0.28,0.66,0.41,0.82
29.499,-0.05,0.44,0.50,0.67
29.509,-0.04,-0.08,-0.68,0.68
29.519,-0.16,0.93,0.27,0.98
29.529,-0.28,0.44,0.35,0.63
29.539,-0.04,0.12,-0.23,0.26
29.549,-0.15,0.47,-0.12,0.51
29.559,-0.27,0.68,0.60,0.94
29.569,0.09,-0.02,-0.45,0.46
29.579,0.08,0.35,-0.74,0.82
29.589,0.02,0.98,1.22,1.56
29.599,-0.02,-0.05,-0.04,0.06
29.609,0.29,0.16,-1.37,1.41
29.619,-0.00,0.99,1.29,1.63
29.629,0.10,0.11,0.48,0.51
29.639,0.35,0.15,-1.21,1.27
29.649,-0.17,0.70,0.02,0.72
29.659,0.15,0.81,0.87,1.20
29.669,0.25,-0.10,0.09,0.29
29.679,0.08,0.41,-0.33,0.53
29.689,-0.10,0.43,-0.41,0.61
29.699,0.20,0.31,-0.39,0.54
29.709,0.03,0.64,0.92,1.12
29.719,0.19,0.60,1.01,1.19
29.729,-0.06,0.31,-0.60,0.67
29.739,-0.15,0.29,-0.64,0.72
29.749,-0.11,0.44,-0.30,0.55
29.758,-0.04,0.52,1.37,1.47
29.769,-0.11,0.17,0.20,0.29
29.779,-0.11,0.46,-1.50,1.57
29.788,-0.12,0.63,-0.36,0.74
29.798,0.14,0.07,0.62,0.64
29.809,0.16,0.09,-0.37,0.41
29.819,0.01,1.18,0.71,1.38
29.828,-0.27,0.64,1.49,1.64
29.838,0.09,-0.39,-0.87,0.96
29.848,-0.10,0.24,-1.62,1.64
29.858,-0.21,1.09,0.09,1.11
29.868,-0.01,0.49,1.79,1.86
29.878,0.09,-0.08,-0.09,0.15
29.888,-0.11,0.60,-1.39,1.52
29.898,-0.31,1.08,0.09,1.13
29.909,-0.05,-0.03,1.35,1.35
29.918,-0.04,-0.21,-0.59,0.63
29.928,-0.28,0.72,-0.95,1.23
29.938,-0.23,0.92,0.75,1.21
29.948,0.04,-0.26,-0.06,0.27
29.958,0.27,0.31,-0.69,0.80
29.968,-0.08,0.89,0.57,1.06
29.978,0.04,0.40,0.15,0.43
29.988,0.26,0.12,-0.64,0.70
29.998,0.06,0.68,0.78,1.04
30.008,-0.09,0.41,0.58,0.71
30.018,0.11,0.12,-0.73,0.75
30.028,-0.09,0.36,-0.32,0.49
30.038,-0.06,0.85,0.81,1.18
30.048,0.14,0.19,0.47,0.52
30.058,-0.03,0.15,-0.54,0.56
30.068,0.05,0.52,-0.87,1.02
30.078,0.09,0.63,0.26,0.69
30.088,0.15,0.36,1.26,1.31
30.098,0.16,0.02,-0.22,0.28
30.108,-0.08,0.70,-0.98,1.21
30.118,-0.25,0.74,0.68,1.03
30.128,0.11,-0.07,0.05,0.14
30.138,0.19,0.17,-0.59,0.65
30.148,-0.07,0.84,0.21,0.87
30.158,-0.18,0.44,0.44,0.65
30.168,0.10,0.01,-0.18,0.20
30.178,-0.25,0.14,-0.53,0.60
30.188,0.04,1.05,0.17,1.07
30.198,-0.06,0.46,0.73,0.86
30.208,0.05,0.45,0.20,0.50
30.218,0.09,0.39,-0.32,0.51
30.228,-0.05,0.30,-0.57,0.65
30.238,-0.06,0.21,0.36,0.42
30.248,0.01,0.35,0.91,0.97
30.258,0.02,0.22,-0.50,0.54
30.268,0.07,0.67,-0.86,1.09
30.278,-0.03,0.87,0.92,1.27
30.288,0.05,-0.23,0.36,0.43
30.298,0.17,0.30,-0.99,1.05
30.308,-0.26,0.79,0.02,0.83
30.318,-0.15,0.78,1.05,1.32
30.328,0.09,0.07,0.21,0.24
30.338,-0.21,0.12,-0.87,0.91
30.348,-0.09,1.25,0.04,1.25
30.358,-0.26,0.08,0.84,0.89
30.368,0.14,-0.13,-0.50,0.53
30.378,0.03,0.51,-0.10,0.52
30.388,-0.24,0.70,0.24,0.78
30.398,0.25,0.39,-0.25,0.53
30.408,0.23,-0.04,-0.06,0.24
30.418,0.16,0.55,-0.01,0.57
30.428,0.11,0.49,0.06,0.50
30.438,0.07,0.59,0.71,0.92
30.448,0.06,-0.12,-0.49,0.51
30.458,0.10,0.68,-0.35,0.77
30.467,-0.37,0.61,0.84,1.10
30.477,0.05,-0.01,-0.07,0.09
30.488,0.03,0.37,-0.66,0.76
30.497,-0.21,0.85,0.57,1.04
30.507,0.05,0.70,0.75,1.02
30.518,0.16,-0.17,-0.21,0.31
30.527,0.01,0.28,-0.92,0.96
30.537,0.08,0.74,-0.27,0.79
30.548,-0.05,0.65,0.96,1.16
30.557,0.12,0.09,0.34,0.37
30.568,0.16,0.03,-0.65,0.67
30.577,-0.26,0.91,0.25,0.98
30.587,-0.24,0.42,0.60,0.77
30.597,0.12,-0.02,-0.90,0.91
30.607,-0.03,0.44,-0.23,0.50
30.617,-0.32,0.80,1.18,1.46
30.627,0.03,0.05,-0.47,0.48
30.637,0.12,0.27,-0.72,0.78
30.647,-0.14,0.64,0.93,1.14
30.657,0.00,0.26,0.19,0.32
30.667,0.10,0.24,-0.74,0.79
30.677,-0.15,0.53,0.27,0.62
30.687,-0.03,0.29,0.08,0.30
30.697,-0.06,0.24,-0.45,0.51
30.707,-0.26,0.43,0.07,0.51
30.717,0.01,0.20,-0.12,0.24
30.727,-0.07,0.35,-0.03,0.36
30.737,-0.18,0.61,0.55,0.84
30.747,0.07,0.24,0.09,0.27
30.757,0.01,0.27,-0.45,0.52
30.767,-0.09,0.50,0.11,0.52
30.777,0.08,0.47,0.19,0.51
30.787,0.25,0.28,-0.01,0.38
30.797,0.12,0.35,0.26,0.46
30.807,0.10,0.35,-0.36,0.51
30.817,0.17,0.29,-0.36,0.49
30.827,0.15,0.65,0.24,0.71
30.837,0.33,0.31,0.30,0.54
30.847,0.22,0.05,-0.38,0.44
30.857,0.04,0.62,0.24,0.67
30.867,0.06,0.43,0.43,0.61
30.877,0.09,0.10,-0.24,0.28
30.887,-0.10,0.76,0.04,0.77
30.897,-0.10,0.40,0.32,0.52
30.907,0.11,-0.00,-1.00,1.01
30.917,-0.03,0.63,0.16,0.65
30.927,0.07,0.47,0.68,0.83
30.937,0.58,-0.27,-0.61,0.88
30.947,0.32,0.77,-0.11,0.84
30.957,0.00,1.13,1.44,1.83
30.967,0.27,0.03,0.38,0.47
30.977,-0.13,0.20,-0.77,0.81
30.987,-0.68,0.72,0.18,1.00
30.997,-0.90,0.78,-0.18,1.20
31.007,-0.96,0.05,-0.30,1.01
31.017,-0.73,-0.16,0.58,0.95
31.027,-1.41,0.74,0.49,1.67
31.037,-1.79,0.72,-0.61,2.02
31.047,-2.30,0.39,-0.47,2.38
31.057,-2.21,0.47,0.40,2.29
31.067,-2.52,0.32,0.16,2.54
31.077,-2.48,0.28,-0.47,2.54
31.087,-1.94,0.80,-0.12,2.10
31.097,-2.02,0.13,-0.00,2.02
31.107,-1.54,0.12,-0.22,1.56
31.117,-1.20,0.56,-0.30,1.35
31.127,-1.47,0.40,0.47,1.60
31.137,-1.07,0.05,0.27,1.11
31.147,-1.10,0.41,-0.03,1.17
31.156,-1.26,0.26,0.04,1.29
31.167,-0.99,-0.10,-0.27,1.03
31.177,-1.30,0.21,0.05,1.31
31.187,-1.50,0.28,0.13,1.53
31.197,-1.58,0.03,-0.09,1.59
31.206,-1.70,0.44,0.04,1.75
31.217,-1.75,0.29,0.17,1.78
31.226,-1.83,0.09,-0.17,1.84
31.236,-1.82,0.31,-0.08,1.85
31.246,-1.82,0.20,-0.08,1.83
31.256,-1.74,0.15,-0.07,1.75
31.267,-1.74,0.15,-0.05,1.74
31.276,-1.75,0.16,-0.00,1.76
31.286,-1.77,0.19,0.06,1.78
31.296,-1.82,0.15,-0.06,1.83
31.306,-1.75,0.13,0.01,1.76
31.316,-1.88,0.09,0.01,1.88
31.326,-1.83,0.09,-0.07,1.84
31.336,-0.93,0.19,0.11,0.96
31.346,-2.28,0.13,0.08,2.29
31.356,-3.11,0.28,-0.19,3.12
31.366,-2.50,-0.05,-0.30,2.52
31.376,-2.48,0.10,-0.29,2.50
31.386,-2.79,0.16,-0.51,2.84
31.396,-1.54,-0.48,-0.30,1.64
31.406,-0.33,0.18,0.09,0.38
31.416,0.18,0.16,-0.24,0.34
31.426,1.33,0.22,0.12,1.35
31.436,1.56,-0.00,0.45,1.62
31.446,0.83,-0.06,0.23,0.87
31.456,1.48,0.18,0.08,1.50
31.466,1.37,-0.01,0.14,1.38
31.476,1.29,0.28,-0.12,1.33
31.486,1.86,-0.46,0.12,1.92
31.496,1.78,-0.29,0.44,1.86
31.506,1.47,-0.11,0.10,1.47
31.516,1.20,0.13,0.01,1.21
31.526,0.56,0.13,0.10,0.58
31.536,0.34,0.16,0.06,0.38
31.546,0.14,0.26,-0.04,0.30
31.556,-0.28,0.07,-0.10,0.30
31.566,-0.20,-0.10,0.03,0.22
31.576,-0.17,-0.28,0.01,0.33
31.586,-0.49,-0.26,-0.02,0.55
31.596,-0.58,-0.02,-0.11,0.59
31.606,-0.56,-0.01,-0.16,0.58
31.616,-0.69,-0.03,-0.10,0.70
31.626,-0.85,-0.04,0.01,0.85
31.636,-0.73,0.33,-0.15,0.81
31.646,-0.71,0.24,-0.20,0.77
31.656,-0.61,0.09,0.03,0.62
31.666,-0.39,0.09,-0.03,0.40
31.676,-0.24,0.04,-0.13,0.27
31.686,-0.14,-0.15,0.05,0.21
31.696,0.10,-0.16,0.06,0.20
31.706,0.26,-0.04,-0.02,0.26
31.716,0.29,0.01,0.03,0.29
31.726,0.45,-0.01,0.07,0.46
31.736,0.48,0.07,0.04,0.48
31.746,0.38,0.13,0.01,0.41
31.756,0.44,0.12,0.04,0.46
31.766,0.40,0.00,0.06,0.41
31.776,0.29,-0.02,0.03,0.29
31.786,0.24,-0.04,0.02,0.24
31.796,0.12,-0.07,0.03,0.14
31.806,0.03,-0.07,-0.01,0.07
31.816,-0.06,-0.02,-0.02,0.06
31.826,-0.17,0.01,-0.04,0.17
31.836,-0.23,0.02,-0.03,0.24
31.846,-0.25,0.08,-0.03,0.26
31.856,-0.27,0.08,-0.07,0.29
31.866,-0.28,0.05,-0.03,0.29
31.875,-0.25,0.03,-0.04,0.26
31.886,-0.17,-0.00,-0.03,0.18
31.895,-0.08,-0.04,-0.01,0.09
31.906,-0.03,-0.02,-0.01,0.04
31.916,0.03,0.00,-0.01,0.04
31.926,0.08,0.02,0.01,0.09
31.935,0.14,0.05,0.01,0.15
31.945,0.15,0.05,0.00,0.16
31.955,0.15,0.04,0.00,0.16
31.966,0.15,0.03,0.00,0.15
31.975,0.14,0.01,-0.00,0.14
31.985,0.11,-0.02,-0.02,0.11
31.995,0.05,-0.02,-0.00,0.05
32.005,0.04,-0.00,-0.01,0.04
32.015,-0.02,0.01,-0.01,0.02
32.025,-0.04,0.02,-0.00,0.05
32.035,-0.09,0.05,-0.02,0.10
32.045,-0.10,0.03,-0.02,0.10
32.055,-0.11,0.04,-0.02,0.12
32.065,-0.09,0.02,-0.01,0.10
32.075,-0.06,0.01,-0.01,0.06
32.085,-0.04,-0.00,0.00,0.04
32.095,-0.03,0.01,-0.02,0.04
32.105,0.02,0.01,-0.01,0.02
32.115,0.04,0.03,-0.01,0.05
32.125,0.06,0.03,-0.00,0.07
32.135,0.09,0.03,-0.00,0.10
32.145,0.09,0.02,-0.01,0.10
32.155,0.07,0.01,-0.01,0.07
32.165,0.05,0.01,-0.01,0.06
32.175,0.03,0.01,0.00,0.03
32.185,0.01,0.01,-0.01,0.01
32.195,0.00,0.04,-0.02,0.04
32.205,-0.02,0.03,-0.01,0.03
32.215,-0.04,0.03,-0.02,0.05
32.225,-0.05,0.03,-0.03,0.07
32.235,-0.06,0.04,-0.02,0.08
32.245,-0.04,0.01,-0.01,0.04
32.255,-0.05,0.01,0.00,0.05
32.265,-0.02,0.01,-0.00,0.02
32.275,-0.01,0.02,0.00,0.02
32.285,0.00,-0.01,0.00,0.01
32.295,0.04,0.00,-0.01,0.04
32.305,0.03,0.02,-0.01,0.04
32.315,0.03,0.02,-0.00,0.04
32.325,0.03,0.01,-0.00,0.03
32.335,0.03,0.02,-0.01,0.04
32.345,0.04,0.01,-0.02,0.04
32.355,0.01,0.01,-0.00,0.01
32.365,0.01,0.02,-0.02,0.03
32.375,0.00,0.01,-0.01,0.01
32.385,0.00,0.01,-0.01,0.02
32.395,0.02,-0.00,-0.02,0.03
32.405,0.01,-0.01,-0.01,0.01
32.415,-0.00,0.01,-0.00,0.01
32.425,-0.00,0.03,-0.02,0.03
32.435,-0.02,0.03,-0.01,0.04
32.445,0.01,0.02,-0.02,0.03
32.455,0.04,0.02,-0.01,0.05
32.465,0.02,-0.01,-0.01,0.02
32.475,0.04,0.02,-0.01,0.05
32.485,0.06,0.01,-0.02,0.06
32.495,0.02,-0.00,-0.00,0.02
32.505,0.02,0.03,-0.02,0.04
32.515,0.01,0.02,-0.00,0.02
32.525,0.01,0.01,-0.01,0.01
32.535,-0.01,0.01,-0.03,0.04
32.545,-0.02,0.03,-0.01,0.03
32.555,-0.02,-0.02,0.01,0.03
32.565,-0.02,0.03,-0.03,0.04
32.575,-0.02,0.03,-0.03,0.05
32.585,-0.04,0.01,0.00,0.04
32.595,-0.05,0.01,-0.01,0.05
32.605,-0.02,0.03,-0.03,0.05
32.614,-0.01,0.01,-0.00,0.02
32.625,-0.00,0.01,-0.02,0.02
32.634,0.02,0.01,-0.01,0.03
32.644,0.04,-0.01,0.03,0.05
32.654,0.06,0.01,0.00,0.06
32.664,0.05,0.01,-0.01,0.05
32.675,0.05,0.00,-0.01,0.05
32.684,0.05,0.01,-0.01,0.05
32.694,0.02,0.03,-0.01,0.04
32.704,0.00,0.01,0.00,0.01
32.714,0.01,0.01,-0.01,0.02
32.724,-0.02,0.02,-0.02,0.04
32.734,-0.05,0.01,-0.01,0.06
32.744,-0.05,0.03,-0.02,0.06
32.754,-0.03,0.01,-0.01,0.03
32.764,-0.04,0.02,-0.01,0.05
32.774,-0.02,0.03,-0.03,0.05
32.784,-0.03,0.03,-0.03,0.05
32.794,-0.01,0.01,-0.01,0.02
32.804,0.01,0.01,-0.01,0.02
32.814,0.04,-0.01,0.01,0.04
32.824,0.06,-0.01,0.00,0.06
32.834,0.07,0.01,0.01,0.08
32.844,0.05,0.03,0.01,0.06
32.854,0.06,0.03,0.00,0.06
32.864,0.03,0.04,-0.02,0.06
32.874,0.01,0.02,-0.02,0.03
32.884,0.01,0.01,-0.00,0.01
32.894,-0.00,0.01,-0.02,0.02
32.904,-0.02,0.00,-0.01,0.02
32.914,-0.01,0.00,-0.02,0.02
32.924,-0.05,0.01,-0.03,0.06
32.934,-0.04,0.02,-0.02,0.05
32.944,-0.05,0.03,-0.01,0.06
32.954,-0.02,0.03,-0.01,0.04
32.964,0.01,0.01,-0.02,0.03
32.974,0.01,0.00,-0.02,0.02
32.984,0.01,0.01,-0.00,0.01
32.994,0.03,0.01,-0.01,0.03
33.004,0.02,0.00,0.00,0.02
33.014,0.04,0.02,-0.00,0.05
33.024,0.04,0.02,-0.00,0.05
33.034,0.02,0.02,-0.01,0.03
33.044,0.02,0.01,0.00,0.02
33.054,0.01,0.01,0.00,0.01
33.064,-0.01,0.01,-0.02,0.02
33.074,-0.01,0.01,-0.01,0.01
33.084,-0.02,0.01,-0.02,0.03
33.094,-0.04,0.02,-0.00,0.04
33.104,-0.04,0.00,-0.01,0.04
33.114,-0.05,0.01,-0.01,0.05
33.124,-0.01,0.01,-0.00,0.02
33.134,-0.01,-0.00,0.01,0.01
33.144,0.01,0.01,-0.01,0.02
33.154,0.00,0.02,-0.00,0.02
33.164,0.03,0.03,0.00,0.04
33.174,0.02,0.02,0.01,0.03
33.184,0.03,0.04,-0.02,0.05
33.194,0.04,0.01,0.00,0.04
33.204,0.03,-0.00,-0.01,0.03
33.214,0.02,0.02,-0.01,0.03
33.224,0.01,0.03,-0.01,0.03
33.234,-0.01,0.02,-0.02,0.03
33.244,-0.01,0.01,-0.02,0.03
33.254,-0.02,0.02,-0.01,0.03
33.264,-0.03,0.03,-0.01,0.04
33.274,-0.02,0.02,-0.01,0.03
33.284,-0.01,0.02,-0.01,0.02
33.294,-0.01,0.01,-0.02,0.02
33.304,-0.00,0.01,-0.01,0.01
33.314,0.01,0.02,-0.01,0.02
33.324,0.03,0.01,-0.00,0.03
33.333,0.03,0.01,-0.00,0.03
33.344,0.02,0.02,0.01,0.03
33.353,0.02,0.05,-0.00,0.05
33.364,0.00,0.05,0.01,0.05
33.373,-0.00,0.03,-0.02,0.03
33.384,-0.00,0.01,-0.01,0.01
33.393,0.01,0.02,-0.02,0.02
33.403,0.01,0.01,0.01,0.02
33.413,-0.00,0.01,-0.02,0.02
33.423,-0.02,0.02,-0.01,0.03
33.433,-0.02,0.00,-0.01,0.03
33.443,-0.01,0.02,-0.01,0.03
33.453,0.01,0.03,-0.02,0.03
33.464,0.01,0.01,-0.00,0.02
33.473,0.01,0.01,-0.00,0.01
33.483,0.02,0.01,0.00,0.02
33.493,0.02,0.01,0.00,0.03
33.503,0.00,-0.00,0.01,0.01
33.513,-0.00,-0.01,-0.01,0.02
33.523,0.01,0.01,-0.00,0.01
33.533,0.01,0.02,-0.00,0.02
33.543,0.02,0.01,-0.00,0.02
33.553,0.00,0.01,-0.00,0.01
33.563,-0.02,0.01,-0.01,0.02
33.573,0.01,0.01,-0.01,0.01
33.583,0.01,0.02,-0.01,0.02
33.593,0.01,0.01,-0.01,0.02
33.603,0.00,-0.00,-0.01,0.01
33.613,-0.01,0.01,-0.02,0.02
33.623,-0.02,0.02,-0.03,0.04
33.633,-0.00,0.00,-0.00,0.01
33.643,0.01,0.01,-0.02,0.02
33.653,0.02,0.01,-0.01,0.02
33.663,0.00,0.01,0.00,0.01
33.673,-0.00,0.00,-0.02,0.02
33.683,-0.00,0.02,-0.01,0.03
33.693,0.00,0.02,-0.01,0.03
33.703,0.00,0.01,-0.02,0.02
33.713,0.02,0.01,-0.00,0.02
33.723,-0.01,-0.01,-0.01,0.02
33.733,0.00,0.01,-0.02,0.02
33.743,-0.01,0.01,-0.00,0.01
33.753,0.00,-0.01,-0.01,0.01
33.763,0.01,0.02,-0.01,0.02
33.773,0.02,0.01,0.00,0.02
33.783,0.03,0.01,-0.02,0.03
33.793,0.02,0.01,-0.01,0.02
33.803,0.00,0.01,-0.00,0.01
33.813,0.01,0.03,-0.00,0.03
33.823,-0.00,0.03,0.00,0.03
33.833,-0.01,0.02,-0.01,0.02
33.843,-0.00,-0.00,0.00,0.01
33.853,-0.00,0.00,-0.01,0.01
33.863,0.02,0.01,-0.01,0.02
33.873,0.01,0.01,-0.00,0.02
33.883,-0.00,0.00,-0.01,0.01
33.893,0.00,0.01,-0.01,0.02
33.903,0.02,0.02,-0.01,0.03
33.913,0.02,0.02,-0.01,0.03
33.923,0.01,0.01,-0.01,0.02
33.933,0.01,0.02,-0.02,0.03
33.943,0.02,0.01,-0.02,0.03
33.953,0.01,0.01,-0.01,0.02
33.963,-0.01,0.01,-0.00,0.02
33.973,-0.01,0.01,0.00,0.02
33.983,0.00,0.01,-0.01,0.02
33.993,0.01,0.02,-0.02,0.03
34.003,0.01,0.01,-0.01,0.02
34.012,0.00,0.01,-0.02,0.02
34.023,-0.00,-0.00,-0.02,0.02
34.033,0.00,0.01,0.00,0.01
34.043,0.01,0.02,-0.00,0.02
34.052,0.01,-0.00,-0.00,0.02
34.062,-0.01,0.02,-0.01,0.03
34.072,0.00,0.02,-0.01,0.02
34.083,0.02,0.00,-0.01,0.02
34.092,0.02,0.02,-0.00,0.03
34.102,0.01,0.02,-0.01,0.02
34.112,0.01,0.03,-0.01,0.03
34.122,0.01,0.01,-0.01,0.02
34.132,-0.01,0.02,-0.01,0.03
34.142,0.00,0.02,-0.02,0.03
34.152,0.02,0.02,-0.01,0.03
34.163,-0.01,0.03,-0.01,0.03
34.172,-0.00,0.01,-0.01,0.02
34.182,-0.01,-0.00,-0.01,0.02
34.192,-0.01,0.01,-0.01,0.02
34.202,-0.01,0.00,-0.02,0.02
34.212,-0.00,-0.00,-0.02,0.02
34.222,-0.02,0.00,-0.00,0.02
34.232,-0.01,0.01,-0.02,0.02
34.242,0.00,0.01,-0.01,0.01
34.252,0.03,0.02,-0.01,0.03
34.262,0.04,0.02,-0.01,0.05
34.272,0.03,0.01,-0.02,0.04
34.282,0.02,0.00,-0.01,0.02
34.292,0.03,0.01,-0.01,0.03
34.302,0.02,0.01,-0.02,0.03
34.312,-0.00,0.02,-0.01,0.02
34.322,0.00,0.00,-0.02,0.02
34.332,-0.01,0.01,-0.02,0.02
34.342,-0.02,0.00,-0.01,0.02
34.352,-0.03,0.01,-0.00,0.03
34.362,-0.03,0.01,-0.01,0.03
34.372,-0.01,0.02,-0.01,0.02
34.382,-0.01,0.01,-0.00,0.02
34.392,0.02,0.01,-0.00,0.02
34.402,0.02,-0.01,-0.01,0.03
34.412,0.03,0.01,-0.02,0.04
34.422,0.03,0.01,-0.01,0.03
34.432,0.02,0.00,-0.01,0.03
34.442,0.02,0.01,-0.01,0.02
34.452,-0.01,0.01,-0.01,0.02
34.462,-0.01,0.01,0.01,0.02
34.472,0.01,0.01,-0.01,0.02
34.482,-0.01,0.01,-0.02,0.02
34.492,-0.00,-0.00,-0.01,0.01
34.502,-0.00,0.01,-0.02,0.02
34.512,-0.01,0.01,-0.02,0.02
34.522,0.00,0.02,-0.01,0.02
34.532,0.01,0.01,-0.01,0.02
34.542,0.02,0.02,-0.02,0.03
34.552,0.02,0.02,-0.01,0.03
34.562,0.00,-0.00,-0.01,0.01
34.572,0.00,0.01,0.00,0.01
34.582,0.01,0.02,-0.01,0.02
34.592,-0.00,0.01,-0.02,0.02
34.602,-0.00,0.02,-0.01,0.02
34.612,0.00,-0.01,-0.01,0.02
34.622,-0.01,-0.00,-0.01,0.01
34.632,0.01,0.01,-0.01,0.02
34.642,0.01,0.01,-0.00,0.01
34.652,0.00,0.01,0.00,0.01
34.662,0.01,0.01,-0.01,0.02
34.672,0.01,0.02,-0.01,0.02
34.682,0.01,0.01,-0.00,0.02
34.692,0.01,0.02,-0.00,0.02
34.702,0.04,0.01,-0.01,0.04
34.712,0.03,0.00,-0.02,0.03
34.722,-0.00,0.01,-0.02,0.02
34.732,-0.00,0.01,0.01,0.01
34.742,0.00,0.03,-0.00,0.03
34.752,0.00,-0.00,-0.00,0.00
34.762,-0.01,0.01,-0.02,0.02
34.771,-0.00,0.03,-0.00,0.03
34.781,-0.01,0.02,-0.02,0.03
34.791,0.01,0.00,-0.00,0.01
34.801,-0.01,0.02,0.00,0.02
34.811,0.01,0.01,-0.01,0.01
34.821,0.00,-0.01,-0.00,0.01
34.831,0.01,-0.01,0.00,0.01
34.841,-0.01,0.01,-0.01,0.02
34.851,-0.01,0.02,-0.01,0.03
34.861,-0.01,0.03,-0.01,0.03
34.871,-0.01,0.01,-0.02,0.03
34.881,-0.01,0.01,-0.02,0.02
34.891,0.01,0.01,-0.01,0.02
34.901,0.02,0.01,-0.02,0.03
34.911,-0.01,0.00,-0.01,0.01
34.921,0.01,0.01,-0.00,0.02
34.931,0.01,0.01,-0.01,0.02
34.941,0.02,0.02,-0.00,0.02
34.951,0.01,0.00,-0.01,0.02
34.961,-0.00,0.01,-0.01,0.02
34.971,-0.00,0.01,-0.01,0.02
34.981,0.00,0.01,-0.01,0.01
34.991,0.01,0.02,-0.02,0.02
35.001,-0.00,0.01,-0.00,0.01
35.011,-0.01,0.01,0.00,0.02
35.021,-0.00,-0.01,-0.00,0.01
35.031,0.01,0.02,-0.00,0.02
35.041,-0.01,0.02,-0.01,0.02
35.051,-0.00,0.02,-0.02,0.02
35.061,0.01,0.02,-0.02,0.03
35.071,-0.00,0.02,-0.01,0.02
35.081,0.03,-0.01,-0.00,0.03
35.091,-0.00,-0.01,-0.02,0.02
35.101,-0.00,0.01,-0.01,0.02
35.111,0.01,0.01,-0.01,0.01
35.121,0.02,0.00,0.00,0.02
35.131,0.00,0.01,-0.01,0.01
35.141,0.01,0.02,-0.01,0.02
35.151,-0.01,0.02,-0.01,0.02
35.161,-0.01,0.01,-0.01,0.02
35.171,-0.00,0.02,-0.00,0.02
35.181,-0.00,0.01,-0.02,0.02
35.191,0.02,0.01,-0.01,0.03
35.201,0.02,-0.00,-0.02,0.02
35.211,0.02,0.00,-0.01,0.02
35.221,-0.00,0.01,0.00,0.01
35.231,0.00,-0.00,-0.03,0.03
35.241,0.01,0.01,-0.01,0.02
35.251,-0.00,0.01,-0.01,0.01
35.261,-0.00,0.01,-0.01,0.01
35.271,-0.00,0.00,-0.02,0.02
35.281,0.01,0.00,-0.02,0.02
35.291,0.01,0.01,-0.02,0.03
35.301,-0.00,0.00,-0.02,0.02
35.311,0.00,0.02,-0.02,0.02
35.321,-0.01,0.01,-0.01,0.02
35.331,0.01,0.02,-0.01,0.02
35.341,-0.01,0.00,-0.00,0.01
35.351,0.00,0.01,-0.00,0.01
35.361,-0.00,0.01,-0.00,0.01
35.371,-0.00,0.00,-0.01,0.01
35.381,-0.01,0.01,-0.02,0.02
35.391,0.01,0.01,-0.01,0.01
35.401,-0.01,0.01,-0.01,0.01
35.411,-0.01,0.02,-0.01,0.03
35.421,-0.00,0.01,-0.00,0.01
35.431,-0.01,0.00,-0.01,0.01
35.441,-0.01,0.00,-0.01,0.01
35.451,0.00,0.02,-0.01,0.02
35.461,0.00,0.02,0.00,0.02
35.471,0.02,0.02,-0.01,0.03
35.481,0.01,0.01,-0.01,0.02
35.490,0.01,0.01,-0.01,0.02
35.501,0.01,0.01,-0.02,0.02
35.510,0.01,0.02,-0.02,0.03
35.521,-0.00,0.02,-0.01,0.02
35.530,-0.00,-0.00,-0.01,0.01
35.540,0.01,0.01,-0.01,0.01
35.550,0.00,0.01,-0.02,0.02
35.561,-0.02,0.02,-0.01,0.03
35.570,0.00,0.01,-0.01,0.02
35.580,0.00,0.02,-0.00,0.02
35.590,-0.00,0.01,-0.00,0.01
35.600,0.00,0.00,-0.00,0.01
35.610,0.00,0.01,-0.01,0.02
35.620,-0.00,0.00,-0.02,0.02
35.630,-0.01,0.01,0.00,0.01
35.640,0.01,0.02,-0.02,0.02
35.650,0.00,0.02,-0.02,0.03
35.660,0.01,0.02,-0.01,0.02
35.670,0.01,0.00,-0.02,0.03
35.680,0.00,-0.00,-0.02,0.02
35.690,0.01,0.01,-0.01,0.02
35.700,0.02,0.00,-0.01,0.02
35.710,0.02,-0.01,0.00,0.03
35.720,0.03,0.00,0.00,0.03
35.730,0.00,0.01,-0.01,0.02
35.740,-0.01,-0.00,-0.03,0.03
35.750,-0.01,0.01,-0.01,0.02
35.760,0.02,0.00,-0.02,0.03
35.770,0.02,0.01,-0.02,0.03
35.780,0.00,0.02,-0.02,0.02
35.790,-0.01,0.01,-0.01,0.02
35.800,-0.01,-0.01,-0.01,0.02
35.810,-0.01,-0.00,-0.02,0.02
35.820,0.02,0.02,0.01,0.03
35.830,0.00,0.02,-0.02,0.03
35.840,0.00,0.01,-0.02,0.02
35.850,0.01,0.01,-0.01,0.02
35.860,-0.00,0.02,-0.01,0.02
35.870,-0.01,0.00,-0.01,0.02
35.880,0.00,0.01,-0.01,0.01
35.890,0.02,0.01,-0.01,0.02
35.900,0.02,0.00,-0.02,0.03
35.910,0.01,-0.01,-0.02,0.02
35.920,-0.01,0.00,-0.01,0.02
35.930,-0.01,0.01,-0.01,0.02
35.940,0.02,0.01,-0.02,0.02
35.950,-0.01,-0.01,-0.01,0.02
35.960,0.01,-0.00,-0.01,0.01
35.970,0.00,0.00,0.00,0.01
35.980,0.01,-0.01,-0.01,0.01
35.990,-0.00,0.00,0.01,0.01
36.000,0.02,0.02,-0.00,0.02
36.010,0.01,0.01,-0.01,0.02
36.020,0.00,0.02,-0.00,0.02
36.030,0.01,-0.01,-0.01,0.01
36.040,0.01,0.01,-0.00,0.02
36.050,0.00,0.00,0.00,0.01
36.060,-0.01,-0.00,-0.00,0.01
36.070,0.00,0.01,-0.02,0.02
36.080,-0.02,-0.00,-0.03,0.04
36.090,-0.01,-0.00,-0.02,0.02
36.100,0.00,0.01,-0.01,0.02
36.110,0.02,0.01,-0.02,0.03
36.119,0.00,-0.00,-0.00,0.01
36.130,0.01,0.00,0.01,0.01
36.140,0.00,0.02,0.00,0.02
36.149,0.01,0.01,-0.01,0.01
36.160,0.01,0.01,-0.03,0.03
36.170,0.01,0.01,-0.03,0.03
36.180,0.01,0.00,-0.02,0.02
36.189,-0.03,0.01,-0.03,0.04
36.200,-0.01,0.01,-0.02,0.03
36.210,-0.02,0.02,0.00,0.03
36.219,-0.01,0.01,-0.01,0.02
36.230,0.01,0.01,-0.01,0.02
36.240,-0.01,0.01,-0.00,0.01
36.249,0.01,-0.01,-0.02,0.02
